ISO-10303-21;
HEADER;
FILE_DESCRIPTION (( 'STEP AP214' ),
    '1' );
FILE_NAME ('SKHCBJ.STEP',
    '2024-07-09T11:53:40',
    ( '' ),
    ( '' ),
    'SwSTEP 2.0',
    'SolidWorks 2024',
    '' );
FILE_SCHEMA (( 'AUTOMOTIVE_DESIGN' ));
ENDSEC;

DATA;
#1 = DIRECTION ( 'NONE',  ( 0.000000000000000000, 1.000000000000000000, 0.000000000000000000 ) ) ;
#2 =( LENGTH_UNIT ( ) NAMED_UNIT ( * ) SI_UNIT ( .MILLI., .METRE. ) );
#3 = DIRECTION ( 'NONE',  ( -0.2436941190233374854, 0.9698521414903611415, -8.854084554972242021E-15 ) ) ;
#4 = COLOUR_RGB ( '',1.000000000000000000, 1.000000000000000000, 1.000000000000000000 ) ;
#5 = ADVANCED_FACE ( 'NONE', ( #8121 ), #5017, .T. ) ;
#6 = AXIS2_PLACEMENT_3D ( 'NONE', #1075, #330, #6631 ) ;
#7 =( NAMED_UNIT ( * ) SI_UNIT ( $, .STERADIAN. ) SOLID_ANGLE_UNIT ( ) );
#8 = STYLED_ITEM ( 'NONE', ( #625 ), #76 ) ;
#9 = ORIENTED_EDGE ( 'NONE', *, *, #8997, .T. ) ;
#10 = CARTESIAN_POINT ( 'NONE',  ( 4.399999999999999467, 3.500000000000000000, 0.4000000000000000222 ) ) ;
#11 = SURFACE_STYLE_FILL_AREA ( #4652 ) ;
#12 = DIRECTION ( 'NONE',  ( -0.000000000000000000, -0.000000000000000000, -1.000000000000000000 ) ) ;
#13 = STYLED_ITEM ( 'NONE', ( #1652 ), #8727 ) ;
#14 = EDGE_CURVE ( 'NONE', #1784, #9313, #5272, .T. ) ;
#15 = FILL_AREA_STYLE_COLOUR ( '', #3626 ) ;
#16 = ORIENTED_EDGE ( 'NONE', *, *, #7797, .T. ) ;
#17 = ORIENTED_EDGE ( 'NONE', *, *, #10237, .F. ) ;
#18 = ORIENTED_EDGE ( 'NONE', *, *, #3928, .F. ) ;
#19 = AXIS2_PLACEMENT_3D ( 'NONE', #9267, #8486, #7547 ) ;
#20 = CARTESIAN_POINT ( 'NONE',  ( 1.899999999999999911, -1.500000000000000000, 5.500000000000000000 ) ) ;
#21 = DIRECTION ( 'NONE',  ( 1.000000000000000000, -1.224646799147351482E-16, -3.006455034846201265E-16 ) ) ;
#22 = CARTESIAN_POINT ( 'NONE',  ( 4.340453319508783103, -4.055358197899692207, 3.598694560489958061 ) ) ;
#23 = FILL_AREA_STYLE_COLOUR ( '', #9743 ) ;
#24 = ORIENTED_EDGE ( 'NONE', *, *, #918, .F. ) ;
#25 = CIRCLE ( 'NONE', #6739, 0.3000000000000241918 ) ;
#26 = SURFACE_STYLE_FILL_AREA ( #8030 ) ;
#27 = ORIENTED_EDGE ( 'NONE', *, *, #6005, .F. ) ;
#28 = DIRECTION ( 'NONE',  ( 1.655013885906414568E-14, 7.106684625222797983E-17, 1.000000000000000000 ) ) ;
#29 = ORIENTED_EDGE ( 'NONE', *, *, #5807, .F. ) ;
#30 = DIRECTION ( 'NONE',  ( 1.000000000000000000, 2.891205793297226643E-15, 0.000000000000000000 ) ) ;
#31 = PLANE ( 'NONE',  #9403 ) ;
#32 = DIRECTION ( 'NONE',  ( 1.000000000000000000, -6.505213034912502012E-15, -2.847837706395028429E-13 ) ) ;
#33 = DIRECTION ( 'NONE',  ( 1.000000000000000000, -0.000000000000000000, 0.000000000000000000 ) ) ;
#34 = CIRCLE ( 'NONE', #9232, 0.3000000000000007661 ) ;
#35 = CARTESIAN_POINT ( 'NONE',  ( 5.293171745301159525, -1.667491690536891280, 3.600000000150506807 ) ) ;
#36 = STYLED_ITEM ( 'NONE', ( #8625 ), #4284 ) ;
#37 = AXIS2_PLACEMENT_3D ( 'NONE', #2969, #8642, #7033 ) ;
#38 = TOROIDAL_SURFACE ( 'NONE', #1726, 0.5645751311065700939, 0.3999999999999963030 ) ;
#39 = PRESENTATION_STYLE_ASSIGNMENT (( #932 ) ) ;
#40 = SURFACE_STYLE_FILL_AREA ( #3436 ) ;
#41 = EDGE_LOOP ( 'NONE', ( #1512, #2959, #8801, #7528, #8146, #2389, #9173, #3325, #6310 ) ) ;
#42 = SURFACE_SIDE_STYLE ('',( #10350 ) ) ;
#43 = DIRECTION ( 'NONE',  ( 1.000000000000000000, -0.000000000000000000, 0.000000000000000000 ) ) ;
#44 = PRESENTATION_LAYER_ASSIGNMENT (  '', '', ( #4092 ) ) ;
#45 = FILL_AREA_STYLE_COLOUR ( '', #5728 ) ;
#46 = VERTEX_POINT ( 'NONE', #6734 ) ;
#47 = CYLINDRICAL_SURFACE ( 'NONE', #2353, 0.3499999999999996447 ) ;
#48 = CARTESIAN_POINT ( 'NONE',  ( -6.287205726393079175, 1.999999999999999112, -2.830212172457901687 ) ) ;
#49 = COLOUR_RGB ( '',1.000000000000000000, 1.000000000000000000, 1.000000000000000000 ) ;
#50 = ORIENTED_EDGE ( 'NONE', *, *, #6701, .T. ) ;
#51 = CARTESIAN_POINT ( 'NONE',  ( -6.420179204657451955, -2.937096592108938253, -3.202181546672994372 ) ) ;
#52 = ADVANCED_FACE ( 'NONE', ( #8440 ), #2033, .T. ) ;
#53 = CARTESIAN_POINT ( 'NONE',  ( 2.365384615384637179, -5.676923076923070077, 3.499999999999999556 ) ) ;
#54 = ADVANCED_FACE ( 'NONE', ( #9847 ), #4404, .F. ) ;
#55 = PRESENTATION_LAYER_ASSIGNMENT (  '', '', ( #900 ) ) ;
#56 = CIRCLE ( 'NONE', #8744, 0.3999999999999604428 ) ;
#57 = CARTESIAN_POINT ( 'NONE',  ( 6.650000000000000355, -6.704630743366731593, -2.094532406675943648 ) ) ;
#58 = CARTESIAN_POINT ( 'NONE',  ( -5.950000000000000178, 3.000000000000000000, 0.8000000000000000444 ) ) ;
#59 = SURFACE_SIDE_STYLE ('',( #688 ) ) ;
#60 = EDGE_CURVE ( 'NONE', #5891, #8925, #7604, .T. ) ;
#61 = DIRECTION ( 'NONE',  ( 0.000000000000000000, 0.000000000000000000, -1.000000000000000000 ) ) ;
#62 =( NAMED_UNIT ( * ) PLANE_ANGLE_UNIT ( ) SI_UNIT ( $, .RADIAN. ) );
#63 = ORIENTED_EDGE ( 'NONE', *, *, #814, .T. ) ;
#64 = SURFACE_SIDE_STYLE ('',( #9841 ) ) ;
#65 = MECHANICAL_DESIGN_GEOMETRIC_PRESENTATION_REPRESENTATION (  '', ( #9100 ), #2770 ) ;
#66 =( NAMED_UNIT ( * ) SI_UNIT ( $, .STERADIAN. ) SOLID_ANGLE_UNIT ( ) );
#67 = AXIS2_PLACEMENT_3D ( 'NONE', #4055, #5599, #8770 ) ;
#68 =( GEOMETRIC_REPRESENTATION_CONTEXT ( 3 ) GLOBAL_UNCERTAINTY_ASSIGNED_CONTEXT ( ( #6671 ) ) GLOBAL_UNIT_ASSIGNED_CONTEXT ( ( #5478, #2387, #5681 ) ) REPRESENTATION_CONTEXT ( 'NONE', 'WORKASPACE' ) );
#69 =( LENGTH_UNIT ( ) NAMED_UNIT ( * ) SI_UNIT ( .MILLI., .METRE. ) );
#70 = DIRECTION ( 'NONE',  ( -1.000000000000000000, 0.000000000000000000, 0.000000000000000000 ) ) ;
#71 = ORIENTED_EDGE ( 'NONE', *, *, #1598, .F. ) ;
#72 =( LENGTH_UNIT ( ) NAMED_UNIT ( * ) SI_UNIT ( .MILLI., .METRE. ) );
#73 = ORIENTED_EDGE ( 'NONE', *, *, #8922, .F. ) ;
#74 = CYLINDRICAL_SURFACE ( 'NONE', #9965, 0.8000000000000003775 ) ;
#75 = FACE_OUTER_BOUND ( 'NONE', #7078, .T. ) ;
#76 = ADVANCED_FACE ( 'NONE', ( #6138 ), #6976, .T. ) ;
#77 = CARTESIAN_POINT ( 'NONE',  ( -6.000000000000000888, -3.499999999999999556, 0.4000000000000000222 ) ) ;
#78 = EDGE_CURVE ( 'NONE', #636, #7620, #2216, .T. ) ;
#79 = CARTESIAN_POINT ( 'NONE',  ( -5.819112848942275207, 1.462164714140041344, 3.200000000000166267 ) ) ;
#80 = AXIS2_PLACEMENT_3D ( 'NONE', #7781, #9454, #3849 ) ;
#81 = VERTEX_POINT ( 'NONE', #9419 ) ;
#82 = CARTESIAN_POINT ( 'NONE',  ( -1.899999999999999911, 1.500000000000000000, 5.500000000000000000 ) ) ;
#83 = ORIENTED_EDGE ( 'NONE', *, *, #9091, .T. ) ;
#84 = SURFACE_STYLE_USAGE ( .BOTH. , #5811 ) ;
#85 = CYLINDRICAL_SURFACE ( 'NONE', #1961, 0.2999999999999999334 ) ;
#86 = CIRCLE ( 'NONE', #3972, 6.149999999999988809 ) ;
#87 = ADVANCED_FACE ( 'NONE', ( #7798 ), #527, .T. ) ;
#88 = VECTOR ( 'NONE', #2565, 1000.000000000000000 ) ;
#89 = FILL_AREA_STYLE ('',( #1518 ) ) ;
#90 = SURFACE_STYLE_USAGE ( .BOTH. , #879 ) ;
#91 = AXIS2_PLACEMENT_3D ( 'NONE', #4360, #1811, #9803 ) ;
#92 = SURFACE_STYLE_USAGE ( .BOTH. , #7270 ) ;
#93 = CIRCLE ( 'NONE', #10119, 0.3499999999999996447 ) ;
#94 = EDGE_CURVE ( 'NONE', #4512, #8600, #1113, .T. ) ;
#95 = DIRECTION ( 'NONE',  ( 4.900241895855846023E-16, 4.900241895855865745E-16, 1.000000000000000000 ) ) ;
#96 = ORIENTED_EDGE ( 'NONE', *, *, #8458, .F. ) ;
#97 = DIRECTION ( 'NONE',  ( 3.082282563894075765E-31, 1.027427521298013869E-31, -1.000000000000000000 ) ) ;
#98 = DIRECTION ( 'NONE',  ( 1.000000000000000000, 0.000000000000000000, -3.491483361109382461E-15 ) ) ;
#99 = AXIS2_PLACEMENT_3D ( 'NONE', #3768, #3006, #2068 ) ;
#100 = DIRECTION ( 'NONE',  ( 0.000000000000000000, -1.000000000000000000, 0.000000000000000000 ) ) ;
#101 = CARTESIAN_POINT ( 'NONE',  ( 6.349999999999997868, 2.000000000000000000, -0.6874509908007693237 ) ) ;
#102 = VERTEX_POINT ( 'NONE', #6777 ) ;
#103 = FILL_AREA_STYLE_COLOUR ( '', #1187 ) ;
#104 = DIRECTION ( 'NONE',  ( -0.000000000000000000, -1.000000000000000000, -0.000000000000000000 ) ) ;
#105 = COLOUR_RGB ( '',0.7529411764705882248, 0.7529411764705882248, 0.7529411764705882248 ) ;
#106 = ORIENTED_EDGE ( 'NONE', *, *, #2129, .F. ) ;
#107 = LINE ( 'NONE', #8103, #3873 ) ;
#108 = PRESENTATION_STYLE_ASSIGNMENT (( #5773 ) ) ;
#109 = VECTOR ( 'NONE', #2809, 1000.000000000000000 ) ;
#110 = CARTESIAN_POINT ( 'NONE',  ( -5.435424868893547590, 1.891518204694830674, 3.600000000000001421 ) ) ;
#111 = VECTOR ( 'NONE', #4077, 1000.000000000000000 ) ;
#112 = DIRECTION ( 'NONE',  ( 0.000000000000000000, -1.000000000000000000, 0.000000000000000000 ) ) ;
#113 = SURFACE_STYLE_FILL_AREA ( #6453 ) ;
#114 = COLOUR_RGB ( '',0.7529411764705882248, 0.7529411764705882248, 0.7529411764705882248 ) ;
#115 = CARTESIAN_POINT ( 'NONE',  ( -5.800000000000000711, 5.000000000000000000, 3.299999999999999822 ) ) ;
#116 = DIRECTION ( 'NONE',  ( 1.000000000000000000, 0.000000000000000000, 0.000000000000000000 ) ) ;
#117 = CARTESIAN_POINT ( 'NONE',  ( 4.399999999999999467, 5.000000000000000000, 0.000000000000000000 ) ) ;
#118 = DIRECTION ( 'NONE',  ( 0.000000000000000000, 0.000000000000000000, -1.000000000000000000 ) ) ;
#119 = DIRECTION ( 'NONE',  ( 2.329522366345713132E-31, 1.000000000000000000, 6.672013369141566696E-17 ) ) ;
#120 = DIRECTION ( 'NONE',  ( 0.4722150451494424583, 0.000000000000000000, 0.8814833810881007592 ) ) ;
#121 = EDGE_LOOP ( 'NONE', ( #2292, #7716, #2595, #1362 ) ) ;
#122 = CARTESIAN_POINT ( 'NONE',  ( -5.254546389628786507, -1.415838065489410269, 3.599999999929503147 ) ) ;
#123 = EDGE_LOOP ( 'NONE', ( #10071, #4864, #9598, #7128 ) ) ;
#124 = DIRECTION ( 'NONE',  ( -0.000000000000000000, 0.000000000000000000, -1.000000000000000000 ) ) ;
#125 = ORIENTED_EDGE ( 'NONE', *, *, #6291, .F. ) ;
#126 = SURFACE_SIDE_STYLE ('',( #2457 ) ) ;
#127 = CARTESIAN_POINT ( 'NONE',  ( -6.300000000000000711, 0.000000000000000000, -0.6874509908007695458 ) ) ;
#128 = DIRECTION ( 'NONE',  ( -0.000000000000000000, -0.000000000000000000, 1.000000000000000000 ) ) ;
#129 = VERTEX_POINT ( 'NONE', #269 ) ;
#130 = ORIENTED_EDGE ( 'NONE', *, *, #5676, .F. ) ;
#131 = CARTESIAN_POINT ( 'NONE',  ( -1.874236523213598904, -5.499999999999994671, 3.594571474898178298 ) ) ;
#132 = EDGE_CURVE ( 'NONE', #9324, #1021, #8036, .T. ) ;
#133 = AXIS2_PLACEMENT_3D ( 'NONE', #7907, #8462, #3979 ) ;
#134 = CARTESIAN_POINT ( 'NONE',  ( 5.000000000000001776, 5.000000000000002665, 0.2000000000000000944 ) ) ;
#135 = DIRECTION ( 'NONE',  ( -0.000000000000000000, 1.000000000000000000, -0.000000000000000000 ) ) ;
#136 = ADVANCED_FACE ( 'NONE', ( #3445, #9996 ), #5937, .T. ) ;
#137 = DIRECTION ( 'NONE',  ( 4.900241895855846023E-16, 4.900241895855865745E-16, 1.000000000000000000 ) ) ;
#138 = SURFACE_SIDE_STYLE ('',( #7991 ) ) ;
#139 = ORIENTED_EDGE ( 'NONE', *, *, #1161, .T. ) ;
#140 = DIRECTION ( 'NONE',  ( -0.000000000000000000, -1.000000000000000000, -0.000000000000000000 ) ) ;
#141 = CIRCLE ( 'NONE', #5551, 0.4000000000000457634 ) ;
#142 = DIRECTION ( 'NONE',  ( -3.491483361109382461E-15, 0.000000000000000000, -1.000000000000000000 ) ) ;
#143 = LINE ( 'NONE', #8050, #877 ) ;
#144 = ORIENTED_EDGE ( 'NONE', *, *, #5788, .F. ) ;
#145 = CARTESIAN_POINT ( 'NONE',  ( -1.600000000000716405, 1.899999999999999467, 7.000000000000048850 ) ) ;
#146 =( LENGTH_UNIT ( ) NAMED_UNIT ( * ) SI_UNIT ( .MILLI., .METRE. ) );
#147 = AXIS2_PLACEMENT_3D ( 'NONE', #3687, #6848, #5917 ) ;
#148 = VERTEX_POINT ( 'NONE', #8269 ) ;
#149 = DIRECTION ( 'NONE',  ( -2.168404344971018482E-16, -4.701977403289191086E-32, 1.000000000000000000 ) ) ;
#150 =( NAMED_UNIT ( * ) SI_UNIT ( $, .STERADIAN. ) SOLID_ANGLE_UNIT ( ) );
#151 = PRESENTATION_LAYER_ASSIGNMENT (  '', '', ( #2008 ) ) ;
#152 = CIRCLE ( 'NONE', #5867, 5.885424868893536221 ) ;
#153 = PRESENTATION_LAYER_ASSIGNMENT (  '', '', ( #1842 ) ) ;
#154 = PRESENTATION_STYLE_ASSIGNMENT (( #6450 ) ) ;
#155 = AXIS2_PLACEMENT_3D ( 'NONE', #7948, #2997, #4584 ) ;
#156 = SURFACE_STYLE_FILL_AREA ( #5003 ) ;
#157 = PRESENTATION_STYLE_ASSIGNMENT (( #6556 ) ) ;
#158 = FILL_AREA_STYLE_COLOUR ( '', #2467 ) ;
#159 = FILL_AREA_STYLE ('',( #3225 ) ) ;
#160 = AXIS2_PLACEMENT_3D ( 'NONE', #6027, #9112, #5345 ) ;
#161 = AXIS2_PLACEMENT_3D ( 'NONE', #9135, #7414, #9755 ) ;
#162 = ORIENTED_EDGE ( 'NONE', *, *, #7679, .T. ) ;
#163 = SURFACE_STYLE_USAGE ( .BOTH. , #5678 ) ;
#164 = DIRECTION ( 'NONE',  ( 0.000000000000000000, -0.2078790956190664230, -0.9781545284895424297 ) ) ;
#165 = UNCERTAINTY_MEASURE_WITH_UNIT (LENGTH_MEASURE( 1.000000000000000082E-05 ), #8720, 'distance_accuracy_value', 'NONE');
#166 =( GEOMETRIC_REPRESENTATION_CONTEXT ( 3 ) GLOBAL_UNCERTAINTY_ASSIGNED_CONTEXT ( ( #2727 ) ) GLOBAL_UNIT_ASSIGNED_CONTEXT ( ( #8987, #5718, #8895 ) ) REPRESENTATION_CONTEXT ( 'NONE', 'WORKASPACE' ) );
#167 = DIRECTION ( 'NONE',  ( -0.000000000000000000, 0.000000000000000000, 1.000000000000000000 ) ) ;
#168 = CARTESIAN_POINT ( 'NONE',  ( 3.371299571744508082E-14, -2.168404344971008474E-15, 3.600000000000011191 ) ) ;
#169 = AXIS2_PLACEMENT_3D ( 'NONE', #9606, #135, #1041 ) ;
#170 = MECHANICAL_DESIGN_GEOMETRIC_PRESENTATION_REPRESENTATION (  '', ( #6341 ), #5360 ) ;
#171 = ORIENTED_EDGE ( 'NONE', *, *, #4583, .F. ) ;
#172 = CARTESIAN_POINT ( 'NONE',  ( -3.600000000000000089, 5.000000000000000000, 3.500000000000000000 ) ) ;
#173 = ORIENTED_EDGE ( 'NONE', *, *, #9316, .T. ) ;
#174 = PRESENTATION_STYLE_ASSIGNMENT (( #9694 ) ) ;
#175 = ORIENTED_EDGE ( 'NONE', *, *, #2075, .F. ) ;
#176 = STYLED_ITEM ( 'NONE', ( #5815 ), #5501 ) ;
#177 =( NAMED_UNIT ( * ) SI_UNIT ( $, .STERADIAN. ) SOLID_ANGLE_UNIT ( ) );
#178 = ADVANCED_FACE ( 'NONE', ( #9781 ), #9496, .T. ) ;
#179 = STYLED_ITEM ( 'NONE', ( #331 ), #8896 ) ;
#180 = SURFACE_STYLE_FILL_AREA ( #5805 ) ;
#181 = EDGE_CURVE ( 'NONE', #6842, #9229, #920, .T. ) ;
#182 = COLOUR_RGB ( '',1.000000000000000000, 1.000000000000000000, 1.000000000000000000 ) ;
#183 = CARTESIAN_POINT ( 'NONE',  ( -5.400000000000006573, -1.891518204694832006, 3.499999999999995559 ) ) ;
#184 = EDGE_CURVE ( 'NONE', #2626, #8177, #2371, .T. ) ;
#185 = STYLED_ITEM ( 'NONE', ( #5893 ), #7057 ) ;
#186 = ORIENTED_EDGE ( 'NONE', *, *, #7602, .T. ) ;
#187 = VERTEX_POINT ( 'NONE', #10291 ) ;
#188 = DIRECTION ( 'NONE',  ( 1.000000000000000000, 0.000000000000000000, 0.000000000000000000 ) ) ;
#189 = CARTESIAN_POINT ( 'NONE',  ( -6.349999999999996092, -2.000000000000000000, -0.6874509908007693237 ) ) ;
#190 = FACE_OUTER_BOUND ( 'NONE', #9077, .T. ) ;
#191 =( NAMED_UNIT ( * ) SI_UNIT ( $, .STERADIAN. ) SOLID_ANGLE_UNIT ( ) );
#192 = AXIS2_PLACEMENT_3D ( 'NONE', #5642, #8813, #1660 ) ;
#193 =( GEOMETRIC_REPRESENTATION_CONTEXT ( 3 ) GLOBAL_UNCERTAINTY_ASSIGNED_CONTEXT ( ( #8623 ) ) GLOBAL_UNIT_ASSIGNED_CONTEXT ( ( #8772, #3253, #1666 ) ) REPRESENTATION_CONTEXT ( 'NONE', 'WORKASPACE' ) );
#194 = CARTESIAN_POINT ( 'NONE',  ( 5.256322365872996727, -1.519920266160024624, 3.599999494599995131 ) ) ;
#195 = ADVANCED_FACE ( 'NONE', ( #873 ), #756, .T. ) ;
#196 = UNCERTAINTY_MEASURE_WITH_UNIT (LENGTH_MEASURE( 1.000000000000000082E-05 ), #4357, 'distance_accuracy_value', 'NONE');
#197 = CARTESIAN_POINT ( 'NONE',  ( 6.000000000000000000, 3.000000000000000000, 0.1999999999999998168 ) ) ;
#198 = ORIENTED_EDGE ( 'NONE', *, *, #2839, .F. ) ;
#199 =( GEOMETRIC_REPRESENTATION_CONTEXT ( 3 ) GLOBAL_UNCERTAINTY_ASSIGNED_CONTEXT ( ( #8464 ) ) GLOBAL_UNIT_ASSIGNED_CONTEXT ( ( #4363, #2072, #8446 ) ) REPRESENTATION_CONTEXT ( 'NONE', 'WORKASPACE' ) );
#200 = CYLINDRICAL_SURFACE ( 'NONE', #2908, 0.2999999999999999334 ) ;
#201 =( NAMED_UNIT ( * ) PLANE_ANGLE_UNIT ( ) SI_UNIT ( $, .RADIAN. ) );
#202 = FACE_OUTER_BOUND ( 'NONE', #3209, .T. ) ;
#203 = AXIS2_PLACEMENT_3D ( 'NONE', #5139, #8314, #8415 ) ;
#204 = DIRECTION ( 'NONE',  ( 1.000000000000000000, -2.337764517610564151E-30, -2.840858515597182442E-13 ) ) ;
#205 = ORIENTED_EDGE ( 'NONE', *, *, #642, .T. ) ;
#206 = EDGE_CURVE ( 'NONE', #1833, #2592, #1869, .T. ) ;
#207 = ORIENTED_EDGE ( 'NONE', *, *, #8397, .T. ) ;
#208 =( NAMED_UNIT ( * ) PLANE_ANGLE_UNIT ( ) SI_UNIT ( $, .RADIAN. ) );
#209 = ADVANCED_FACE ( 'NONE', ( #7208 ), #8868, .T. ) ;
#210 = COLOUR_RGB ( '',0.7529411764705882248, 0.7529411764705882248, 0.7529411764705882248 ) ;
#211 = DIRECTION ( 'NONE',  ( -3.699452192357325623E-15, 2.990377384838787564E-14, -1.000000000000000000 ) ) ;
#212 = PRESENTATION_LAYER_ASSIGNMENT (  '', '', ( #1057 ) ) ;
#213 = PRESENTATION_LAYER_ASSIGNMENT (  '', '', ( #2223 ) ) ;
#214 = PRESENTATION_STYLE_ASSIGNMENT (( #6822 ) ) ;
#215 = ADVANCED_FACE ( 'NONE', ( #6748 ), #7792, .T. ) ;
#216 =( NAMED_UNIT ( * ) SI_UNIT ( $, .STERADIAN. ) SOLID_ANGLE_UNIT ( ) );
#217 =( LENGTH_UNIT ( ) NAMED_UNIT ( * ) SI_UNIT ( .MILLI., .METRE. ) );
#218 = CIRCLE ( 'NONE', #718, 0.8000000000000003775 ) ;
#219 = SURFACE_SIDE_STYLE ('',( #6673 ) ) ;
#220 = FACE_OUTER_BOUND ( 'NONE', #9791, .T. ) ;
#221 = DIRECTION ( 'NONE',  ( 0.000000000000000000, 0.000000000000000000, 1.000000000000000000 ) ) ;
#222 = ORIENTED_EDGE ( 'NONE', *, *, #8333, .F. ) ;
#223 = CYLINDRICAL_SURFACE ( 'NONE', #5183, 0.1999999999999996503 ) ;
#224 = DIRECTION ( 'NONE',  ( -0.000000000000000000, -0.000000000000000000, -1.000000000000000000 ) ) ;
#225 = EDGE_LOOP ( 'NONE', ( #3921, #1427, #4935, #2543 ) ) ;
#226 = ADVANCED_FACE ( 'NONE', ( #2776 ), #1195, .T. ) ;
#227 = DIRECTION ( 'NONE',  ( -0.2543991645254525813, 0.6105579948610756480, 0.7499999999999829026 ) ) ;
#228 = AXIS2_PLACEMENT_3D ( 'NONE', #3298, #869, #1556 ) ;
#229 = SURFACE_STYLE_FILL_AREA ( #1127 ) ;
#230 = PRESENTATION_STYLE_ASSIGNMENT (( #4192 ) ) ;
#231 = ORIENTED_EDGE ( 'NONE', *, *, #556, .F. ) ;
#232 = EDGE_CURVE ( 'NONE', #6986, #5418, #9969, .T. ) ;
#233 = SURFACE_STYLE_FILL_AREA ( #5166 ) ;
#234 = ORIENTED_EDGE ( 'NONE', *, *, #3369, .F. ) ;
#235 = UNCERTAINTY_MEASURE_WITH_UNIT (LENGTH_MEASURE( 1.000000000000000082E-05 ), #6659, 'distance_accuracy_value', 'NONE');
#236 = CARTESIAN_POINT ( 'NONE',  ( 1.891518204694822680, 5.400000000000007461, 3.500000000000003109 ) ) ;
#237 = FILL_AREA_STYLE_COLOUR ( '', #1886 ) ;
#238 = AXIS2_PLACEMENT_3D ( 'NONE', #8171, #7703, #5960 ) ;
#239 = COLOUR_RGB ( '',1.000000000000000000, 1.000000000000000000, 1.000000000000000000 ) ;
#240 = SURFACE_STYLE_USAGE ( .BOTH. , #8173 ) ;
#241 = DIRECTION ( 'NONE',  ( -0.000000000000000000, 0.000000000000000000, 1.000000000000000000 ) ) ;
#242 =( GEOMETRIC_REPRESENTATION_CONTEXT ( 3 ) GLOBAL_UNCERTAINTY_ASSIGNED_CONTEXT ( ( #2270 ) ) GLOBAL_UNIT_ASSIGNED_CONTEXT ( ( #6271, #9442, #8557 ) ) REPRESENTATION_CONTEXT ( 'NONE', 'WORKASPACE' ) );
#243 = ORIENTED_EDGE ( 'NONE', *, *, #8265, .F. ) ;
#244 = LINE ( 'NONE', #9139, #8930 ) ;
#245 = VERTEX_POINT ( 'NONE', #4368 ) ;
#246 = FILL_AREA_STYLE ('',( #9029 ) ) ;
#247 = EDGE_CURVE ( 'NONE', #7252, #6444, #1762, .T. ) ;
#248 = DIRECTION ( 'NONE',  ( -0.000000000000000000, -0.000000000000000000, 1.000000000000000000 ) ) ;
#249 = EDGE_CURVE ( 'NONE', #282, #8771, #6973, .T. ) ;
#250 = DIRECTION ( 'NONE',  ( -1.000000000000000000, -0.000000000000000000, -0.000000000000000000 ) ) ;
#251 = CARTESIAN_POINT ( 'NONE',  ( -5.519112848942166138, 1.462164714140028909, 3.499999999999999112 ) ) ;
#252 =( NAMED_UNIT ( * ) PLANE_ANGLE_UNIT ( ) SI_UNIT ( $, .RADIAN. ) );
#253 = UNCERTAINTY_MEASURE_WITH_UNIT (LENGTH_MEASURE( 1.000000000000000082E-05 ), #10340, 'distance_accuracy_value', 'NONE');
#254 = DIRECTION ( 'NONE',  ( 0.000000000000000000, -2.797941090285171111E-16, 1.000000000000000000 ) ) ;
#255 = ORIENTED_EDGE ( 'NONE', *, *, #4108, .T. ) ;
#256 = CARTESIAN_POINT ( 'NONE',  ( -1.462164714140016031, -5.819112848942094018, 3.500000000000001776 ) ) ;
#257 = ORIENTED_EDGE ( 'NONE', *, *, #9402, .T. ) ;
#258 =( GEOMETRIC_REPRESENTATION_CONTEXT ( 3 ) GLOBAL_UNCERTAINTY_ASSIGNED_CONTEXT ( ( #7801 ) ) GLOBAL_UNIT_ASSIGNED_CONTEXT ( ( #1334, #7697, #1971 ) ) REPRESENTATION_CONTEXT ( 'NONE', 'WORKASPACE' ) );
#259 = CARTESIAN_POINT ( 'NONE',  ( 3.950000000000000178, 4.837354856632045057E-16, 3.299999999999999378 ) ) ;
#260 = DIRECTION ( 'NONE',  ( 2.840858515597182442E-13, -3.514479582739302792E-14, 1.000000000000000000 ) ) ;
#261 = EDGE_LOOP ( 'NONE', ( #5110, #933, #9300, #7768 ) ) ;
#262 = SURFACE_STYLE_FILL_AREA ( #5050 ) ;
#263 = ADVANCED_FACE ( 'NONE', ( #5026 ), #8175, .T. ) ;
#264 = SURFACE_STYLE_FILL_AREA ( #9158 ) ;
#265 = CARTESIAN_POINT ( 'NONE',  ( -6.650000000000000355, -1.999999999999998224, -2.094532406675943648 ) ) ;
#266 = AXIS2_PLACEMENT_3D ( 'NONE', #5058, #2053, #1325 ) ;
#267 = CARTESIAN_POINT ( 'NONE',  ( 1.599999999997189004, -1.899999999999999467, 6.999999999999999112 ) ) ;
#268 = DIRECTION ( 'NONE',  ( 0.4961328535521684624, 0.000000000000000000, 0.8682466191274127443 ) ) ;
#269 = CARTESIAN_POINT ( 'NONE',  ( 0.4999999999999988343, 4.500000000000002665, -1.499999999999998890 ) ) ;
#270 = VECTOR ( 'NONE', #8901, 1000.000000000000000 ) ;
#271 = DIRECTION ( 'NONE',  ( -0.000000000000000000, 2.861215661182131111E-16, -1.000000000000000000 ) ) ;
#272 =( GEOMETRIC_REPRESENTATION_CONTEXT ( 3 ) GLOBAL_UNCERTAINTY_ASSIGNED_CONTEXT ( ( #3547 ) ) GLOBAL_UNIT_ASSIGNED_CONTEXT ( ( #8281, #9900, #5850 ) ) REPRESENTATION_CONTEXT ( 'NONE', 'WORKASPACE' ) );
#273 = LINE ( 'NONE', #2643, #4824 ) ;
#274 = AXIS2_PLACEMENT_3D ( 'NONE', #3296, #8810, #1814 ) ;
#275 = COLOUR_RGB ( '',0.7529411764705882248, 0.7529411764705882248, 0.7529411764705882248 ) ;
#276 = PLANE ( 'NONE',  #1305 ) ;
#277 = CARTESIAN_POINT ( 'NONE',  ( -6.300000004164958867, 3.000000000000000000, 0.7999999999999997113 ) ) ;
#278 = LINE ( 'NONE', #2534, #2762 ) ;
#279 = ORIENTED_EDGE ( 'NONE', *, *, #60, .T. ) ;
#280 = FILL_AREA_STYLE ('',( #6626 ) ) ;
#281 = UNCERTAINTY_MEASURE_WITH_UNIT (LENGTH_MEASURE( 1.000000000000000082E-05 ), #7633, 'distance_accuracy_value', 'NONE');
#282 = VERTEX_POINT ( 'NONE', #10161 ) ;
#283 = DIRECTION ( 'NONE',  ( 0.000000000000000000, 0.000000000000000000, 1.000000000000000000 ) ) ;
#284 = MECHANICAL_DESIGN_GEOMETRIC_PRESENTATION_REPRESENTATION (  '', ( #6648 ), #5134 ) ;
#285 = COLOUR_RGB ( '',0.7529411764705882248, 0.7529411764705882248, 0.7529411764705882248 ) ;
#286 = VERTEX_POINT ( 'NONE', #1345 ) ;
#287 = ORIENTED_EDGE ( 'NONE', *, *, #8875, .F. ) ;
#288 = DIRECTION ( 'NONE',  ( 0.4722150451494444012, 0.000000000000000000, 0.8814833810880996490 ) ) ;
#289 = ORIENTED_EDGE ( 'NONE', *, *, #10223, .F. ) ;
#290 = STYLED_ITEM ( 'NONE', ( #7336 ), #4013 ) ;
#291 = SURFACE_STYLE_FILL_AREA ( #9018 ) ;
#292 = DIRECTION ( 'NONE',  ( -4.360010616433263753E-11, 0.6614378277661419059, 0.7500000000000049960 ) ) ;
#293 = DIRECTION ( 'NONE',  ( -4.410331739183748418E-33, -1.000000000000000000, -6.012910069692402531E-16 ) ) ;
#294 = AXIS2_PLACEMENT_3D ( 'NONE', #1436, #10110, #2968 ) ;
#295 = CYLINDRICAL_SURFACE ( 'NONE', #1572, 0.05000000000000056483 ) ;
#296 = EDGE_CURVE ( 'NONE', #5236, #9804, #4503, .T. ) ;
#297 =( NAMED_UNIT ( * ) SI_UNIT ( $, .STERADIAN. ) SOLID_ANGLE_UNIT ( ) );
#298 = CIRCLE ( 'NONE', #8809, 0.4500000000000001221 ) ;
#299 = ORIENTED_EDGE ( 'NONE', *, *, #3322, .T. ) ;
#300 = CARTESIAN_POINT ( 'NONE',  ( -5.435424868893536043, 1.891518204694816241, 3.200000000000000622 ) ) ;
#301 = ORIENTED_EDGE ( 'NONE', *, *, #1750, .F. ) ;
#302 = FACE_OUTER_BOUND ( 'NONE', #9356, .T. ) ;
#303 = SURFACE_SIDE_STYLE ('',( #9924 ) ) ;
#304 = UNCERTAINTY_MEASURE_WITH_UNIT (LENGTH_MEASURE( 1.000000000000000082E-05 ), #4033, 'distance_accuracy_value', 'NONE');
#305 =( NAMED_UNIT ( * ) SI_UNIT ( $, .STERADIAN. ) SOLID_ANGLE_UNIT ( ) );
#306 = ORIENTED_EDGE ( 'NONE', *, *, #9474, .F. ) ;
#307 = SURFACE_SIDE_STYLE ('',( #3639 ) ) ;
#308 = VERTEX_POINT ( 'NONE', #2229 ) ;
#309 = PRESENTATION_STYLE_ASSIGNMENT (( #5927 ) ) ;
#310 = DIRECTION ( 'NONE',  ( 0.000000000000000000, 1.000000000000000000, -0.000000000000000000 ) ) ;
#311 =( NAMED_UNIT ( * ) SI_UNIT ( $, .STERADIAN. ) SOLID_ANGLE_UNIT ( ) );
#312 =( NAMED_UNIT ( * ) PLANE_ANGLE_UNIT ( ) SI_UNIT ( $, .RADIAN. ) );
#313 = SURFACE_SIDE_STYLE ('',( #264 ) ) ;
#314 = ORIENTED_EDGE ( 'NONE', *, *, #6288, .F. ) ;
#315 =( GEOMETRIC_REPRESENTATION_CONTEXT ( 3 ) GLOBAL_UNCERTAINTY_ASSIGNED_CONTEXT ( ( #5517 ) ) GLOBAL_UNIT_ASSIGNED_CONTEXT ( ( #1852, #6676, #7448 ) ) REPRESENTATION_CONTEXT ( 'NONE', 'WORKASPACE' ) );
#316 = DIRECTION ( 'NONE',  ( -1.000000000000000000, 0.000000000000000000, -0.000000000000000000 ) ) ;
#317 = PLANE ( 'NONE',  #8278 ) ;
#318 =( LENGTH_UNIT ( ) NAMED_UNIT ( * ) SI_UNIT ( .MILLI., .METRE. ) );
#319 = FILL_AREA_STYLE_COLOUR ( '', #7452 ) ;
#320 = DIRECTION ( 'NONE',  ( 0.000000000000000000, -1.000000000000000000, 0.000000000000000000 ) ) ;
#321 = FILL_AREA_STYLE_COLOUR ( '', #5145 ) ;
#322 = SURFACE_STYLE_USAGE ( .BOTH. , #1121 ) ;
#323 = ORIENTED_EDGE ( 'NONE', *, *, #6279, .T. ) ;
#324 = CARTESIAN_POINT ( 'NONE',  ( 5.950000000000000178, 3.000000000000000000, 0.7999999958350421103 ) ) ;
#325 = MECHANICAL_DESIGN_GEOMETRIC_PRESENTATION_REPRESENTATION (  '', ( #2008 ), #9671 ) ;
#326 = ORIENTED_EDGE ( 'NONE', *, *, #3370, .F. ) ;
#327 = COLOUR_RGB ( '',0.7529411764705882248, 0.7529411764705882248, 0.7529411764705882248 ) ;
#328 = VECTOR ( 'NONE', #3796, 1000.000000000000000 ) ;
#329 = AXIS2_PLACEMENT_3D ( 'NONE', #3788, #3941, #3081 ) ;
#330 = DIRECTION ( 'NONE',  ( 0.000000000000000000, 0.000000000000000000, -1.000000000000000000 ) ) ;
#331 = PRESENTATION_STYLE_ASSIGNMENT (( #5018 ) ) ;
#332 = ORIENTED_EDGE ( 'NONE', *, *, #2582, .F. ) ;
#333 =( LENGTH_UNIT ( ) NAMED_UNIT ( * ) SI_UNIT ( .MILLI., .METRE. ) );
#334 = ORIENTED_EDGE ( 'NONE', *, *, #7372, .F. ) ;
#335 = VECTOR ( 'NONE', #624, 1000.000000000000000 ) ;
#336 =( GEOMETRIC_REPRESENTATION_CONTEXT ( 3 ) GLOBAL_UNCERTAINTY_ASSIGNED_CONTEXT ( ( #9038 ) ) GLOBAL_UNIT_ASSIGNED_CONTEXT ( ( #5617, #3055, #2209 ) ) REPRESENTATION_CONTEXT ( 'NONE', 'WORKASPACE' ) );
#337 = STYLED_ITEM ( 'NONE', ( #6490 ), #1323 ) ;
#338 =( NAMED_UNIT ( * ) PLANE_ANGLE_UNIT ( ) SI_UNIT ( $, .RADIAN. ) );
#339 = DIRECTION ( 'NONE',  ( -0.1179568432022832097, 0.9713257602420872772, 0.2064278339562842790 ) ) ;
#340 = VECTOR ( 'NONE', #7282, 1000.000000000000227 ) ;
#341 =( NAMED_UNIT ( * ) PLANE_ANGLE_UNIT ( ) SI_UNIT ( $, .RADIAN. ) );
#342 = ADVANCED_FACE ( 'NONE', ( #2133 ), #9983, .T. ) ;
#343 = DIRECTION ( 'NONE',  ( -0.000000000000000000, -0.000000000000000000, 1.000000000000000000 ) ) ;
#344 = VECTOR ( 'NONE', #613, 1000.000000000000000 ) ;
#345 = UNCERTAINTY_MEASURE_WITH_UNIT (LENGTH_MEASURE( 1.000000000000000082E-05 ), #8091, 'distance_accuracy_value', 'NONE');
#346 = AXIS2_PLACEMENT_3D ( 'NONE', #5933, #5381, #3842 ) ;
#347 = CARTESIAN_POINT ( 'NONE',  ( 6.000000000000000000, 4.999999999999997335, 3.500000000000000000 ) ) ;
#348 = VECTOR ( 'NONE', #6278, 1000.000000000000000 ) ;
#349 = ORIENTED_EDGE ( 'NONE', *, *, #4858, .F. ) ;
#350 =( LENGTH_UNIT ( ) NAMED_UNIT ( * ) SI_UNIT ( .MILLI., .METRE. ) );
#351 = ORIENTED_EDGE ( 'NONE', *, *, #1287, .T. ) ;
#352 = FILL_AREA_STYLE_COLOUR ( '', #3743 ) ;
#353 = VECTOR ( 'NONE', #10087, 1000.000000000000114 ) ;
#354 = FILL_AREA_STYLE ('',( #8350 ) ) ;
#355 = SURFACE_SIDE_STYLE ('',( #3577 ) ) ;
#356 = MECHANICAL_DESIGN_GEOMETRIC_PRESENTATION_REPRESENTATION (  '', ( #6879 ), #8692 ) ;
#357 = UNCERTAINTY_MEASURE_WITH_UNIT (LENGTH_MEASURE( 1.000000000000000082E-05 ), #5755, 'distance_accuracy_value', 'NONE');
#358 = EDGE_CURVE ( 'NONE', #245, #8529, #9321, .T. ) ;
#359 =( GEOMETRIC_REPRESENTATION_CONTEXT ( 3 ) GLOBAL_UNCERTAINTY_ASSIGNED_CONTEXT ( ( #1938 ) ) GLOBAL_UNIT_ASSIGNED_CONTEXT ( ( #5730, #8277, #1070 ) ) REPRESENTATION_CONTEXT ( 'NONE', 'WORKASPACE' ) );
#360 = ADVANCED_FACE ( 'NONE', ( #6101 ), #6476, .T. ) ;
#361 = DIRECTION ( 'NONE',  ( -1.000000000000000000, -2.710505431213761578E-16, -0.000000000000000000 ) ) ;
#362 = EDGE_LOOP ( 'NONE', ( #3356, #8677, #3885, #8468, #2683, #4500, #9005, #408 ) ) ;
#363 = SURFACE_STYLE_FILL_AREA ( #8414 ) ;
#364 =( GEOMETRIC_REPRESENTATION_CONTEXT ( 3 ) GLOBAL_UNCERTAINTY_ASSIGNED_CONTEXT ( ( #9712 ) ) GLOBAL_UNIT_ASSIGNED_CONTEXT ( ( #2806, #6617, #5886 ) ) REPRESENTATION_CONTEXT ( 'NONE', 'WORKASPACE' ) );
#365 = ORIENTED_EDGE ( 'NONE', *, *, #9224, .T. ) ;
#366 = DIRECTION ( 'NONE',  ( 0.000000000000000000, 0.000000000000000000, 1.000000000000000000 ) ) ;
#367 = DIRECTION ( 'NONE',  ( 0.000000000000000000, 0.000000000000000000, 1.000000000000000000 ) ) ;
#368 = EDGE_CURVE ( 'NONE', #3435, #7209, #1245, .T. ) ;
#369 = SURFACE_SIDE_STYLE ('',( #4333 ) ) ;
#370 = VECTOR ( 'NONE', #2593, 1000.000000000000114 ) ;
#371 = SURFACE_SIDE_STYLE ('',( #1892 ) ) ;
#372 =( LENGTH_UNIT ( ) NAMED_UNIT ( * ) SI_UNIT ( .MILLI., .METRE. ) );
#373 = EDGE_LOOP ( 'NONE', ( #4672, #7859, #3419, #5125 ) ) ;
#374 = DIRECTION ( 'NONE',  ( -3.491483361109382461E-15, 0.000000000000000000, -1.000000000000000000 ) ) ;
#375 = CARTESIAN_POINT ( 'NONE',  ( -6.159705218919227399, -2.937096592108938697, -3.053341690607342951 ) ) ;
#376 = VECTOR ( 'NONE', #4152, 1000.000000000000114 ) ;
#377 =( LENGTH_UNIT ( ) NAMED_UNIT ( * ) SI_UNIT ( .MILLI., .METRE. ) );
#378 = PRESENTATION_LAYER_ASSIGNMENT (  '', '', ( #8393 ) ) ;
#379 = CARTESIAN_POINT ( 'NONE',  ( -1.600000000000000311, -1.599999999999998312, 6.999999999999996447 ) ) ;
#380 = DIRECTION ( 'NONE',  ( -1.222978688985946960E-15, -1.000000000000000000, -0.000000000000000000 ) ) ;
#381 = SURFACE_STYLE_FILL_AREA ( #3451 ) ;
#382 = EDGE_CURVE ( 'NONE', #9715, #8179, #1597, .T. ) ;
#383 = DIRECTION ( 'NONE',  ( 1.053031360026544826E-16, 1.000000000000000000, 0.000000000000000000 ) ) ;
#384 = MECHANICAL_DESIGN_GEOMETRIC_PRESENTATION_REPRESENTATION (  '', ( #9389 ), #7402 ) ;
#385 = CARTESIAN_POINT ( 'NONE',  ( 6.000000000000000000, 1.999999999999999556, 1.146410165690350924 ) ) ;
#386 = UNCERTAINTY_MEASURE_WITH_UNIT (LENGTH_MEASURE( 1.000000000000000082E-05 ), #2518, 'distance_accuracy_value', 'NONE');
#387 = ORIENTED_EDGE ( 'NONE', *, *, #2690, .T. ) ;
#388 = CARTESIAN_POINT ( 'NONE',  ( -1.462164714140032684, 5.819112848942159744, 3.200000000000009504 ) ) ;
#389 = CIRCLE ( 'NONE', #2748, 5.175000000000000711 ) ;
#390 = PRODUCT ( 'SKHCBJ', 'SKHCBJ', '', ( #2898 ) ) ;
#391 = STYLED_ITEM ( 'NONE', ( #4380 ), #4461 ) ;
#392 = AXIS2_PLACEMENT_3D ( 'NONE', #2329, #3063, #1543 ) ;
#393 = ADVANCED_FACE ( 'NONE', ( #3068 ), #2444, .F. ) ;
#394 = SURFACE_STYLE_USAGE ( .BOTH. , #4497 ) ;
#395 =( NAMED_UNIT ( * ) SI_UNIT ( $, .STERADIAN. ) SOLID_ANGLE_UNIT ( ) );
#396 = ORIENTED_EDGE ( 'NONE', *, *, #1953, .F. ) ;
#397 = EDGE_LOOP ( 'NONE', ( #5021, #2515, #2208, #3814 ) ) ;
#398 = PRESENTATION_LAYER_ASSIGNMENT (  '', '', ( #4932 ) ) ;
#399 = DIRECTION ( 'NONE',  ( 0.000000000000000000, -1.000000000000000000, -5.923446015530559415E-16 ) ) ;
#400 = SURFACE_STYLE_USAGE ( .BOTH. , #10010 ) ;
#401 =( NAMED_UNIT ( * ) SI_UNIT ( $, .STERADIAN. ) SOLID_ANGLE_UNIT ( ) );
#402 = DIRECTION ( 'NONE',  ( 1.053031360026544826E-16, 1.000000000000000000, 0.000000000000000000 ) ) ;
#403 = AXIS2_PLACEMENT_3D ( 'NONE', #3078, #5076, #6465 ) ;
#404 = EDGE_CURVE ( 'NONE', #1336, #3482, #5437, .T. ) ;
#405 = CARTESIAN_POINT ( 'NONE',  ( -6.649999999999999467, 2.000000000000000000, -2.094532406675940983 ) ) ;
#406 = AXIS2_PLACEMENT_3D ( 'NONE', #1621, #8037, #4884 ) ;
#407 = ORIENTED_EDGE ( 'NONE', *, *, #10187, .F. ) ;
#408 = ORIENTED_EDGE ( 'NONE', *, *, #1194, .T. ) ;
#409 = PRESENTATION_LAYER_ASSIGNMENT (  '', '', ( #6772 ) ) ;
#410 = EDGE_CURVE ( 'NONE', #8196, #286, #4617, .T. ) ;
#411 = AXIS2_PLACEMENT_3D ( 'NONE', #3889, #1658, #4096 ) ;
#412 = EDGE_CURVE ( 'NONE', #6658, #4177, #4036, .T. ) ;
#413 = CARTESIAN_POINT ( 'NONE',  ( 3.975217565217817661, 4.526465001667448362, 3.577896733784646788 ) ) ;
#414 = UNCERTAINTY_MEASURE_WITH_UNIT (LENGTH_MEASURE( 1.000000000000000082E-05 ), #1357, 'distance_accuracy_value', 'NONE');
#415 = VERTEX_POINT ( 'NONE', #1548 ) ;
#416 = EDGE_LOOP ( 'NONE', ( #7921, #8534, #8018, #9870 ) ) ;
#417 = PRESENTATION_LAYER_ASSIGNMENT (  '', '', ( #8085 ) ) ;
#418 = CARTESIAN_POINT ( 'NONE',  ( -6.000000000000000000, -5.000000000000000000, 0.4000000000000000222 ) ) ;
#419 = ADVANCED_FACE ( 'NONE', ( #8854 ), #9481, .F. ) ;
#420 = CARTESIAN_POINT ( 'NONE',  ( -7.000000000000000888, -2.999999999999999112, -2.094532406675943648 ) ) ;
#421 = DIRECTION ( 'NONE',  ( 1.000000000000000000, 0.000000000000000000, 0.000000000000000000 ) ) ;
#422 = CYLINDRICAL_SURFACE ( 'NONE', #1899, 0.2999999999999999334 ) ;
#423 = CARTESIAN_POINT ( 'NONE',  ( -6.420179204657451955, -2.062903407891059526, -3.202181546672993040 ) ) ;
#424 = ADVANCED_FACE ( 'NONE', ( #4191 ), #4807, .T. ) ;
#425 = AXIS2_PLACEMENT_3D ( 'NONE', #7134, #7849, #3114 ) ;
#426 = STYLED_ITEM ( 'NONE', ( #7008 ), #2149 ) ;
#427 = CARTESIAN_POINT ( 'NONE',  ( 6.547679712131309060, -2.000000000000000000, -2.979052028523547335 ) ) ;
#428 = ORIENTED_EDGE ( 'NONE', *, *, #4432, .T. ) ;
#429 = CARTESIAN_POINT ( 'NONE',  ( -5.799999999999998046, -5.000000000000000888, 0.1999999999999971245 ) ) ;
#430 = LINE ( 'NONE', #2853, #4967 ) ;
#431 = FILL_AREA_STYLE ('',( #8574 ) ) ;
#432 = CARTESIAN_POINT ( 'NONE',  ( -1.866168552841708239, -5.424745029542269670, 3.600000000000003197 ) ) ;
#433 = DIRECTION ( 'NONE',  ( -3.006455034846200772E-16, 6.012910069692402531E-16, -1.000000000000000000 ) ) ;
#434 = DIRECTION ( 'NONE',  ( -0.000000000000000000, -0.000000000000000000, 1.000000000000000000 ) ) ;
#435 = CIRCLE ( 'NONE', #8450, 0.04999999999999969746 ) ;
#436 = SURFACE_SIDE_STYLE ('',( #7692 ) ) ;
#437 = EDGE_LOOP ( 'NONE', ( #4548, #83, #2495, #6377 ) ) ;
#438 = DIRECTION ( 'NONE',  ( -1.000000000000000000, -8.881784197001249365E-16, -1.974482005176862342E-15 ) ) ;
#439 = CYLINDRICAL_SURFACE ( 'NONE', #2925, 0.4500000000000001221 ) ;
#440 = CARTESIAN_POINT ( 'NONE',  ( -3.949999999999999734, 4.750000000000000000, 3.200000000000000178 ) ) ;
#441 = AXIS2_PLACEMENT_3D ( 'NONE', #9045, #3486, #2628 ) ;
#442 = CARTESIAN_POINT ( 'NONE',  ( 0.000000000000000000, 6.000000000000000000, 0.2000000000000000944 ) ) ;
#443 = ORIENTED_EDGE ( 'NONE', *, *, #8130, .F. ) ;
#444 = ORIENTED_EDGE ( 'NONE', *, *, #2078, .F. ) ;
#445 = CARTESIAN_POINT ( 'NONE',  ( -4.999999999999998224, -6.000000000000000000, 0.2000000000000000944 ) ) ;
#446 = FACE_OUTER_BOUND ( 'NONE', #6764, .T. ) ;
#447 = CARTESIAN_POINT ( 'NONE',  ( -6.305925830945592558, -1.999999999999999112, -0.7110617430582414356 ) ) ;
#448 = COLOUR_RGB ( '',0.7529411764705882248, 0.7529411764705882248, 0.7529411764705882248 ) ;
#449 = CARTESIAN_POINT ( 'NONE',  ( 6.650000000000000355, -2.000000000000000000, -2.094532406675943648 ) ) ;
#450 = MECHANICAL_DESIGN_GEOMETRIC_PRESENTATION_REPRESENTATION (  '', ( #5969 ), #5630 ) ;
#451 = PRESENTATION_STYLE_ASSIGNMENT (( #2079 ) ) ;
#452 = PRESENTATION_LAYER_ASSIGNMENT (  '', '', ( #290 ) ) ;
#453 = ORIENTED_EDGE ( 'NONE', *, *, #1925, .T. ) ;
#454 = FILL_AREA_STYLE ('',( #7618 ) ) ;
#455 = ORIENTED_EDGE ( 'NONE', *, *, #10301, .T. ) ;
#456 = CARTESIAN_POINT ( 'NONE',  ( 1.600000000000000089, -1.599999999999999867, 7.299999999999998934 ) ) ;
#457 = STYLED_ITEM ( 'NONE', ( #8641 ), #9946 ) ;
#458 =( NAMED_UNIT ( * ) SI_UNIT ( $, .STERADIAN. ) SOLID_ANGLE_UNIT ( ) );
#459 = CARTESIAN_POINT ( 'NONE',  ( 5.950000000000000178, -3.000000000000000000, 0.8000000000000000444 ) ) ;
#460 = STYLED_ITEM ( 'NONE', ( #833 ), #10099 ) ;
#461 = ORIENTED_EDGE ( 'NONE', *, *, #7476, .T. ) ;
#462 = DIRECTION ( 'NONE',  ( -1.000000000000000000, 0.000000000000000000, -0.000000000000000000 ) ) ;
#463 = FILL_AREA_STYLE ('',( #2042 ) ) ;
#464 = EDGE_CURVE ( 'NONE', #9591, #6157, #7206, .T. ) ;
#465 = DIRECTION ( 'NONE',  ( -1.000000000000000000, 6.962119691642298751E-46, -7.403395523308712764E-16 ) ) ;
#466 = VERTEX_POINT ( 'NONE', #5067 ) ;
#467 = ORIENTED_EDGE ( 'NONE', *, *, #5521, .F. ) ;
#468 = CARTESIAN_POINT ( 'NONE',  ( -2.166916829160916310E-16, 1.706111319364985103E-15, 3.600000000000002309 ) ) ;
#469 = SURFACE_STYLE_USAGE ( .BOTH. , #5262 ) ;
#470 = CARTESIAN_POINT ( 'NONE',  ( -1.816055864116156382, -5.528542459917630048, 3.585041640414896147 ) ) ;
#471 = DIRECTION ( 'NONE',  ( 0.4722150451494404599, 0.000000000000000000, 0.8814833810881018694 ) ) ;
#472 = DIRECTION ( 'NONE',  ( -1.000000000000000000, 0.000000000000000000, 0.000000000000000000 ) ) ;
#473 = PRESENTATION_LAYER_ASSIGNMENT (  '', '', ( #7159 ) ) ;
#474 = ORIENTED_EDGE ( 'NONE', *, *, #6881, .T. ) ;
#475 = CARTESIAN_POINT ( 'NONE',  ( 4.999999999999992895, -5.800000000000000711, 3.299999999999999822 ) ) ;
#476 = PLANE ( 'NONE',  #3771 ) ;
#477 = SURFACE_STYLE_USAGE ( .BOTH. , #8386 ) ;
#478 = CARTESIAN_POINT ( 'NONE',  ( -3.035766082959412415E-15, -9.540979117872439019E-15, 3.199999999999996181 ) ) ;
#479 = ORIENTED_EDGE ( 'NONE', *, *, #4560, .T. ) ;
#480 = VERTEX_POINT ( 'NONE', #2597 ) ;
#481 = CARTESIAN_POINT ( 'NONE',  ( 6.305925830945591670, -6.704630743366731593, -0.7110617430582412135 ) ) ;
#482 = CYLINDRICAL_SURFACE ( 'NONE', #3914, 0.4000000000000001887 ) ;
#483 = VECTOR ( 'NONE', #167, 1000.000000000000000 ) ;
#484 = DIRECTION ( 'NONE',  ( -0.000000000000000000, -1.000000000000000000, -0.000000000000000000 ) ) ;
#485 = VECTOR ( 'NONE', #6758, 1000.000000000000000 ) ;
#486 = CARTESIAN_POINT ( 'NONE',  ( 4.750000000000000000, 4.750000000000000000, 3.200000000000000178 ) ) ;
#487 =( NAMED_UNIT ( * ) PLANE_ANGLE_UNIT ( ) SI_UNIT ( $, .RADIAN. ) );
#488 = AXIS2_PLACEMENT_3D ( 'NONE', #3329, #840, #7284 ) ;
#489 = COLOUR_RGB ( '',0.7529411764705882248, 0.7529411764705882248, 0.7529411764705882248 ) ;
#490 = VERTEX_POINT ( 'NONE', #5789 ) ;
#491 =( LENGTH_UNIT ( ) NAMED_UNIT ( * ) SI_UNIT ( .MILLI., .METRE. ) );
#492 = ORIENTED_EDGE ( 'NONE', *, *, #9032, .T. ) ;
#493 =( NAMED_UNIT ( * ) SI_UNIT ( $, .STERADIAN. ) SOLID_ANGLE_UNIT ( ) );
#494 = EDGE_CURVE ( 'NONE', #10177, #6736, #1970, .T. ) ;
#495 = UNCERTAINTY_MEASURE_WITH_UNIT (LENGTH_MEASURE( 1.000000000000000082E-05 ), #5352, 'distance_accuracy_value', 'NONE');
#496 = DIRECTION ( 'NONE',  ( 0.4961328535521689620, 0.000000000000000000, 0.8682466191274125222 ) ) ;
#497 = FILL_AREA_STYLE_COLOUR ( '', #10155 ) ;
#498 = EDGE_CURVE ( 'NONE', #3746, #5739, #3561, .T. ) ;
#499 =( GEOMETRIC_REPRESENTATION_CONTEXT ( 3 ) GLOBAL_UNCERTAINTY_ASSIGNED_CONTEXT ( ( #6345 ) ) GLOBAL_UNIT_ASSIGNED_CONTEXT ( ( #7733, #1318, #2946 ) ) REPRESENTATION_CONTEXT ( 'NONE', 'WORKASPACE' ) );
#500 = UNCERTAINTY_MEASURE_WITH_UNIT (LENGTH_MEASURE( 1.000000000000000082E-05 ), #5326, 'distance_accuracy_value', 'NONE');
#501 = EDGE_CURVE ( 'NONE', #6048, #7283, #9866, .T. ) ;
#502 = PRESENTATION_LAYER_ASSIGNMENT (  '', '', ( #5543 ) ) ;
#503 = EDGE_LOOP ( 'NONE', ( #9379, #7664, #6352, #3803 ) ) ;
#504 = CARTESIAN_POINT ( 'NONE',  ( 5.000000000000000000, -5.800000000000000711, 0.000000000000000000 ) ) ;
#505 = CIRCLE ( 'NONE', #169, 0.05000000000000056483 ) ;
#506 = CARTESIAN_POINT ( 'NONE',  ( -6.000000000000000000, -5.000000000000000000, 0.4000000000000001887 ) ) ;
#507 = DIRECTION ( 'NONE',  ( 0.2543991645254667366, -0.6105579948610551089, 0.7499999999999950040 ) ) ;
#508 = CARTESIAN_POINT ( 'NONE',  ( 6.953886316694598335, 6.704630743366732482, -2.268178905419200309 ) ) ;
#509 = EDGE_CURVE ( 'NONE', #3837, #3554, #4966, .T. ) ;
#510 = AXIS2_PLACEMENT_3D ( 'NONE', #3882, #7095, #8758 ) ;
#511 = FILL_AREA_STYLE_COLOUR ( '', #2183 ) ;
#512 = DIRECTION ( 'NONE',  ( 0.000000000000000000, 1.000000000000000000, 0.000000000000000000 ) ) ;
#513 = VERTEX_POINT ( 'NONE', #8162 ) ;
#514 = VERTEX_POINT ( 'NONE', #5163 ) ;
#515 = CIRCLE ( 'NONE', #7862, 0.1999999999999996503 ) ;
#516 = DIRECTION ( 'NONE',  ( -0.4722150451494399603, 0.000000000000000000, 0.8814833810881020915 ) ) ;
#517 = FACE_OUTER_BOUND ( 'NONE', #3932, .T. ) ;
#518 = FACE_OUTER_BOUND ( 'NONE', #7607, .T. ) ;
#519 = FACE_OUTER_BOUND ( 'NONE', #3539, .T. ) ;
#520 = EDGE_CURVE ( 'NONE', #10008, #1525, #6681, .T. ) ;
#521 = CARTESIAN_POINT ( 'NONE',  ( -6.650000000000001243, -6.704630743366730705, -2.094532406675943648 ) ) ;
#522 = FILL_AREA_STYLE ('',( #6877 ) ) ;
#523 = ORIENTED_EDGE ( 'NONE', *, *, #3541, .T. ) ;
#524 = LINE ( 'NONE', #7081, #8002 ) ;
#525 = AXIS2_PLACEMENT_3D ( 'NONE', #5119, #8289, #5904 ) ;
#526 = CARTESIAN_POINT ( 'NONE',  ( 5.950000000000000178, 1.999999999999999556, 0.8000000000000000444 ) ) ;
#527 = CYLINDRICAL_SURFACE ( 'NONE', #3568, 0.3500000041649586890 ) ;
#528 = DIRECTION ( 'NONE',  ( -1.000000000000000000, 2.168404344971010446E-15, 0.000000000000000000 ) ) ;
#529 = SURFACE_STYLE_USAGE ( .BOTH. , #7802 ) ;
#530 = ORIENTED_EDGE ( 'NONE', *, *, #4137, .T. ) ;
#531 = PRESENTATION_LAYER_ASSIGNMENT (  '', '', ( #5241 ) ) ;
#532 =( NAMED_UNIT ( * ) PLANE_ANGLE_UNIT ( ) SI_UNIT ( $, .RADIAN. ) );
#533 =( NAMED_UNIT ( * ) SI_UNIT ( $, .STERADIAN. ) SOLID_ANGLE_UNIT ( ) );
#534 = CARTESIAN_POINT ( 'NONE',  ( 1.324581074942552616, -5.271558449006347402, 3.199999999999954436 ) ) ;
#535 = PRESENTATION_LAYER_ASSIGNMENT (  '', '', ( #1559 ) ) ;
#536 = MECHANICAL_DESIGN_GEOMETRIC_PRESENTATION_REPRESENTATION (  '', ( #3922 ), #4751 ) ;
#537 = EDGE_CURVE ( 'NONE', #9997, #9691, #2539, .T. ) ;
#538 = COLOUR_RGB ( '',0.7529411764705882248, 0.7529411764705882248, 0.7529411764705882248 ) ;
#539 = VERTEX_POINT ( 'NONE', #6505 ) ;
#540 = MECHANICAL_DESIGN_GEOMETRIC_PRESENTATION_REPRESENTATION (  '', ( #8556 ), #7729 ) ;
#541 = CARTESIAN_POINT ( 'NONE',  ( 6.650000000000000355, -6.704630743366731593, -2.094532406675943648 ) ) ;
#542 = ORIENTED_EDGE ( 'NONE', *, *, #6114, .F. ) ;
#543 = PRESENTATION_STYLE_ASSIGNMENT (( #4609 ) ) ;
#544 = CARTESIAN_POINT ( 'NONE',  ( 6.299999999999998046, 6.704630743366732482, -0.6874509908007693237 ) ) ;
#545 = VECTOR ( 'NONE', #6577, 1000.000000000000000 ) ;
#546 = STYLED_ITEM ( 'NONE', ( #7317 ), #6519 ) ;
#547 =( NAMED_UNIT ( * ) PLANE_ANGLE_UNIT ( ) SI_UNIT ( $, .RADIAN. ) );
#548 = DIRECTION ( 'NONE',  ( 1.000000000000000000, 0.000000000000000000, 0.000000000000000000 ) ) ;
#549 = PRESENTATION_STYLE_ASSIGNMENT (( #3031 ) ) ;
#550 = ORIENTED_EDGE ( 'NONE', *, *, #78, .F. ) ;
#551 = CARTESIAN_POINT ( 'NONE',  ( 4.400000000000000355, -3.500000000000000000, 0.4000000000000000222 ) ) ;
#552 = STYLED_ITEM ( 'NONE', ( #10103 ), #571 ) ;
#553 = COLOUR_RGB ( '',1.000000000000000000, 1.000000000000000000, 1.000000000000000000 ) ;
#554 = SURFACE_STYLE_FILL_AREA ( #605 ) ;
#555 = ORIENTED_EDGE ( 'NONE', *, *, #4426, .F. ) ;
#556 = EDGE_CURVE ( 'NONE', #8587, #2664, #6245, .T. ) ;
#557 = DIRECTION ( 'NONE',  ( 0.000000000000000000, 0.000000000000000000, -1.000000000000000000 ) ) ;
#558 = CARTESIAN_POINT ( 'NONE',  ( 6.547679712131308172, -3.000000000000000000, -2.979052028523551332 ) ) ;
#559 = SURFACE_STYLE_FILL_AREA ( #1366 ) ;
#560 = SURFACE_STYLE_USAGE ( .BOTH. , #2194 ) ;
#561 = SURFACE_STYLE_USAGE ( .BOTH. , #7731 ) ;
#562 = CIRCLE ( 'NONE', #4114, 0.5645751311063869071 ) ;
#563 = CARTESIAN_POINT ( 'NONE',  ( -1.600000000000001865, -5.500000000000000000, 3.536043781389899721 ) ) ;
#564 = COLOUR_RGB ( '',0.2980392156862745057, 0.2980392156862745057, 0.2980392156862745057 ) ;
#565 = LINE ( 'NONE', #2256, #1271 ) ;
#566 = ORIENTED_EDGE ( 'NONE', *, *, #10284, .F. ) ;
#567 = ORIENTED_EDGE ( 'NONE', *, *, #6454, .F. ) ;
#568 = CYLINDRICAL_SURFACE ( 'NONE', #1050, 0.4500000000000001221 ) ;
#569 = SURFACE_SIDE_STYLE ('',( #1527 ) ) ;
#570 = SURFACE_STYLE_USAGE ( .BOTH. , #9358 ) ;
#571 = ADVANCED_FACE ( 'NONE', ( #9846 ), #10244, .F. ) ;
#572 = CARTESIAN_POINT ( 'NONE',  ( -1.866767626700331917, -5.424160244377742579, 3.600000000000003197 ) ) ;
#573 = CARTESIAN_POINT ( 'NONE',  ( -5.528157206495061260, -1.389056478433014163, 3.499999999999959588 ) ) ;
#574 = CARTESIAN_POINT ( 'NONE',  ( -5.000000000000000000, -5.800000000000000711, 0.1999999999999971245 ) ) ;
#575 = ORIENTED_EDGE ( 'NONE', *, *, #3498, .T. ) ;
#576 = AXIS2_PLACEMENT_3D ( 'NONE', #3599, #3649, #10245 ) ;
#577 = DIRECTION ( 'NONE',  ( 0.000000000000000000, -1.000000000000000000, 0.000000000000000000 ) ) ;
#578 =( NAMED_UNIT ( * ) SI_UNIT ( $, .STERADIAN. ) SOLID_ANGLE_UNIT ( ) );
#579 = FACE_OUTER_BOUND ( 'NONE', #6831, .T. ) ;
#580 = UNCERTAINTY_MEASURE_WITH_UNIT (LENGTH_MEASURE( 1.000000000000000082E-05 ), #5500, 'distance_accuracy_value', 'NONE');
#581 = ORIENTED_EDGE ( 'NONE', *, *, #9765, .T. ) ;
#582 = FACE_OUTER_BOUND ( 'NONE', #9663, .T. ) ;
#583 = AXIS2_PLACEMENT_3D ( 'NONE', #9944, #5835, #1844 ) ;
#584 = SURFACE_STYLE_USAGE ( .BOTH. , #4648 ) ;
#585 = CARTESIAN_POINT ( 'NONE',  ( -5.435424868893540484, -1.599999999999999867, 3.199999999999999734 ) ) ;
#586 = DIRECTION ( 'NONE',  ( 0.000000000000000000, -1.000000000000000000, 0.000000000000000000 ) ) ;
#587 = AXIS2_PLACEMENT_3D ( 'NONE', #702, #1398, #3884 ) ;
#588 = CARTESIAN_POINT ( 'NONE',  ( 6.953886316694596559, -2.000000000000000000, -2.268178905419202973 ) ) ;
#589 = AXIS2_PLACEMENT_3D ( 'NONE', #8258, #8471, #1101 ) ;
#590 = SURFACE_SIDE_STYLE ('',( #6839 ) ) ;
#591 = VERTEX_POINT ( 'NONE', #9223 ) ;
#592 = ORIENTED_EDGE ( 'NONE', *, *, #8239, .F. ) ;
#593 = DIRECTION ( 'NONE',  ( 0.000000000000000000, -1.000000000000000000, 0.000000000000000000 ) ) ;
#594 = ORIENTED_EDGE ( 'NONE', *, *, #1459, .T. ) ;
#595 = DIRECTION ( 'NONE',  ( -0.6105579948610928565, -0.2543991645254286005, 0.7499999999999770184 ) ) ;
#596 = SURFACE_STYLE_USAGE ( .BOTH. , #2679 ) ;
#597 = CIRCLE ( 'NONE', #2962, 0.2999999999999894973 ) ;
#598 =( GEOMETRIC_REPRESENTATION_CONTEXT ( 3 ) GLOBAL_UNCERTAINTY_ASSIGNED_CONTEXT ( ( #7498 ) ) GLOBAL_UNIT_ASSIGNED_CONTEXT ( ( #1716, #8929, #4880 ) ) REPRESENTATION_CONTEXT ( 'NONE', 'WORKASPACE' ) );
#599 =( LENGTH_UNIT ( ) NAMED_UNIT ( * ) SI_UNIT ( .MILLI., .METRE. ) );
#600 = EDGE_CURVE ( 'NONE', #3728, #7209, #3256, .T. ) ;
#601 = EDGE_LOOP ( 'NONE', ( #7753, #2951, #1942, #4140 ) ) ;
#602 = VECTOR ( 'NONE', #1277, 1000.000000000000000 ) ;
#603 = PRESENTATION_LAYER_ASSIGNMENT (  '', '', ( #457 ) ) ;
#604 = B_SPLINE_CURVE_WITH_KNOTS ( 'NONE', 3,
 ( #7918, #8603, #2394, #1554, #6947, #3936, #7046, #5484, #6314, #10224 ),
 .UNSPECIFIED., .F., .F.,
 ( 4, 2, 2, 2, 4 ),
 ( 1.939479807224432123E-18, 0.0003028344262384890921, 0.0006056688524769762326, 0.0009085032787154634273, 0.001211337704953950514 ),
 .UNSPECIFIED. ) ;
#605 = FILL_AREA_STYLE ('',( #7774 ) ) ;
#606 = ORIENTED_EDGE ( 'NONE', *, *, #4679, .T. ) ;
#607 = DIRECTION ( 'NONE',  ( 0.4961328535521698502, -5.296893862580012650E-16, 0.8682466191274119671 ) ) ;
#608 =( GEOMETRIC_REPRESENTATION_CONTEXT ( 3 ) GLOBAL_UNCERTAINTY_ASSIGNED_CONTEXT ( ( #8142 ) ) GLOBAL_UNIT_ASSIGNED_CONTEXT ( ( #1444, #2173, #8500 ) ) REPRESENTATION_CONTEXT ( 'NONE', 'WORKASPACE' ) );
#609 = DIRECTION ( 'NONE',  ( -1.000000000000000000, 0.000000000000000000, 0.000000000000000000 ) ) ;
#610 = DIRECTION ( 'NONE',  ( 7.658862341165961560E-12, -1.000000000000000000, -5.446308913118784637E-12 ) ) ;
#611 = DIRECTION ( 'NONE',  ( 0.000000000000000000, 0.000000000000000000, -1.000000000000000000 ) ) ;
#612 = TOROIDAL_SURFACE ( 'NONE', #9149, 0.03542486889363447022, 0.3999999999999947486 ) ;
#613 = DIRECTION ( 'NONE',  ( -0.000000000000000000, -1.000000000000000000, -0.000000000000000000 ) ) ;
#614 =( GEOMETRIC_REPRESENTATION_CONTEXT ( 3 ) GLOBAL_UNCERTAINTY_ASSIGNED_CONTEXT ( ( #7489 ) ) GLOBAL_UNIT_ASSIGNED_CONTEXT ( ( #3878, #487, #7040 ) ) REPRESENTATION_CONTEXT ( 'NONE', 'WORKASPACE' ) );
#615 = CARTESIAN_POINT ( 'NONE',  ( -1.599999999999998979, 5.000000000000000000, 3.500000000000000000 ) ) ;
#616 = VECTOR ( 'NONE', #9878, 1000.000000000000227 ) ;
#617 = ORIENTED_EDGE ( 'NONE', *, *, #7006, .F. ) ;
#618 =( LENGTH_UNIT ( ) NAMED_UNIT ( * ) SI_UNIT ( .MILLI., .METRE. ) );
#619 = CARTESIAN_POINT ( 'NONE',  ( 5.950000000000000178, 3.000000000000000000, 0.8000000000000000444 ) ) ;
#620 = DIRECTION ( 'NONE',  ( -0.000000000000000000, -0.000000000000000000, 1.000000000000000000 ) ) ;
#621 = DIRECTION ( 'NONE',  ( -1.000000000000000000, 8.673617379884087537E-15, 0.000000000000000000 ) ) ;
#622 = EDGE_CURVE ( 'NONE', #9691, #8668, #6917, .T. ) ;
#623 = ORIENTED_EDGE ( 'NONE', *, *, #5833, .F. ) ;
#624 = DIRECTION ( 'NONE',  ( 0.000000000000000000, 1.000000000000000000, 0.000000000000000000 ) ) ;
#625 = PRESENTATION_STYLE_ASSIGNMENT (( #5363 ) ) ;
#626 = LINE ( 'NONE', #3919, #2942 ) ;
#627 = PRESENTATION_STYLE_ASSIGNMENT (( #529 ) ) ;
#628 = ORIENTED_EDGE ( 'NONE', *, *, #2082, .F. ) ;
#629 = CIRCLE ( 'NONE', #6494, 0.2999999999999999334 ) ;
#630 = FILL_AREA_STYLE ('',( #45 ) ) ;
#631 = DIRECTION ( 'NONE',  ( -0.4722150451494399603, 0.000000000000000000, -0.8814833810881020915 ) ) ;
#632 =( NAMED_UNIT ( * ) SI_UNIT ( $, .STERADIAN. ) SOLID_ANGLE_UNIT ( ) );
#633 = COLOUR_RGB ( '',0.6470588235294117974, 0.6196078431372549211, 0.5882352941176470784 ) ;
#634 = SURFACE_SIDE_STYLE ('',( #7757 ) ) ;
#635 = ADVANCED_FACE ( 'NONE', ( #9367 ), #439, .T. ) ;
#636 = VERTEX_POINT ( 'NONE', #6042 ) ;
#637 = ORIENTED_EDGE ( 'NONE', *, *, #6100, .T. ) ;
#638 = ORIENTED_EDGE ( 'NONE', *, *, #3966, .F. ) ;
#639 = DIRECTION ( 'NONE',  ( -1.000000000000000000, 1.222978688985946960E-15, -0.000000000000000000 ) ) ;
#640 = CARTESIAN_POINT ( 'NONE',  ( 5.204170427930421283E-15, -3.469446951953614189E-15, 3.600000000000001865 ) ) ;
#641 = VECTOR ( 'NONE', #5605, 1000.000000000000000 ) ;
#642 = EDGE_CURVE ( 'NONE', #4741, #9478, #3665, .T. ) ;
#643 = SURFACE_SIDE_STYLE ('',( #4870 ) ) ;
#644 = EDGE_CURVE ( 'NONE', #9160, #1861, #2869, .T. ) ;
#645 = FILL_AREA_STYLE ('',( #2087 ) ) ;
#646 = VERTEX_POINT ( 'NONE', #4496 ) ;
#647 = FILL_AREA_STYLE_COLOUR ( '', #8518 ) ;
#648 = TOROIDAL_SURFACE ( 'NONE', #6020, 0.03542486889352503693, 0.4000000000000114020 ) ;
#649 = AXIS2_PLACEMENT_3D ( 'NONE', #6179, #6088, #2816 ) ;
#650 = AXIS2_PLACEMENT_3D ( 'NONE', #265, #4287, #1054 ) ;
#651 = STYLED_ITEM ( 'NONE', ( #3491 ), #1431 ) ;
#652 = PRESENTATION_LAYER_ASSIGNMENT (  '', '', ( #8349 ) ) ;
#653 = DIRECTION ( 'NONE',  ( 0.8814833810881018694, -0.000000000000000000, 0.4722150451494406820 ) ) ;
#654 = VERTEX_POINT ( 'NONE', #7651 ) ;
#655 = SURFACE_STYLE_FILL_AREA ( #764 ) ;
#656 = PRESENTATION_LAYER_ASSIGNMENT (  '', '', ( #7362 ) ) ;
#657 = PRESENTATION_LAYER_ASSIGNMENT (  '', '', ( #1515 ) ) ;
#658 = COLOUR_RGB ( '',1.000000000000000000, 1.000000000000000000, 1.000000000000000000 ) ;
#659 = CARTESIAN_POINT ( 'NONE',  ( 3.950000000000000178, 4.837354856632045057E-16, 4.299999999999999822 ) ) ;
#660 = FACE_OUTER_BOUND ( 'NONE', #5226, .T. ) ;
#661 = PLANE ( 'NONE',  #2356 ) ;
#662 = ADVANCED_FACE ( 'NONE', ( #7694 ), #476, .F. ) ;
#663 = EDGE_CURVE ( 'NONE', #5739, #4304, #5660, .T. ) ;
#664 = LINE ( 'NONE', #6164, #6716 ) ;
#665 = STYLED_ITEM ( 'NONE', ( #1625 ), #8550 ) ;
#666 = PRESENTATION_LAYER_ASSIGNMENT (  '', '', ( #2850 ) ) ;
#667 = LINE ( 'NONE', #9508, #88 ) ;
#668 = DIRECTION ( 'NONE',  ( 4.900241895855788831E-16, 4.900241895855782914E-16, 1.000000000000000000 ) ) ;
#669 = CIRCLE ( 'NONE', #5217, 0.04999999999999969746 ) ;
#670 = EDGE_CURVE ( 'NONE', #1525, #6802, #884, .T. ) ;
#671 = ORIENTED_EDGE ( 'NONE', *, *, #8997, .F. ) ;
#672 = UNCERTAINTY_MEASURE_WITH_UNIT (LENGTH_MEASURE( 1.000000000000000082E-05 ), #3306, 'distance_accuracy_value', 'NONE');
#673 = DIRECTION ( 'NONE',  ( -0.000000000000000000, 0.000000000000000000, 1.000000000000000000 ) ) ;
#674 = LINE ( 'NONE', #7837, #4313 ) ;
#675 = ORIENTED_EDGE ( 'NONE', *, *, #9813, .T. ) ;
#676 = CARTESIAN_POINT ( 'NONE',  ( 6.000000000000000000, -3.000000000000000000, 3.500000000000000000 ) ) ;
#677 = CIRCLE ( 'NONE', #1593, 3.950000000000000178 ) ;
#678 = ORIENTED_EDGE ( 'NONE', *, *, #1312, .T. ) ;
#679 = SURFACE_STYLE_USAGE ( .BOTH. , #1534 ) ;
#680 = UNCERTAINTY_MEASURE_WITH_UNIT (LENGTH_MEASURE( 1.000000000000000082E-05 ), #10166, 'distance_accuracy_value', 'NONE');
#681 = MECHANICAL_DESIGN_GEOMETRIC_PRESENTATION_REPRESENTATION (  '', ( #8867 ), #3208 ) ;
#682 = DIRECTION ( 'NONE',  ( -0.7155891509246106175, -0.6985214149036484965, 2.769524078809247341E-15 ) ) ;
#683 = SURFACE_STYLE_FILL_AREA ( #6482 ) ;
#684 = CARTESIAN_POINT ( 'NONE',  ( -5.435424868893540484, 1.599999999999999867, 3.199999999999999734 ) ) ;
#685 = EDGE_CURVE ( 'NONE', #3193, #5490, #4941, .T. ) ;
#686 = FACE_OUTER_BOUND ( 'NONE', #397, .T. ) ;
#687 = UNCERTAINTY_MEASURE_WITH_UNIT (LENGTH_MEASURE( 1.000000000000000082E-05 ), #7104, 'distance_accuracy_value', 'NONE');
#688 = SURFACE_STYLE_FILL_AREA ( #7959 ) ;
#689 = ADVANCED_FACE ( 'NONE', ( #4990 ), #7027, .F. ) ;
#690 = EDGE_LOOP ( 'NONE', ( #10057, #834, #3153, #4596 ) ) ;
#691 = FILL_AREA_STYLE ('',( #6982 ) ) ;
#692 = DIRECTION ( 'NONE',  ( -0.4961328535521695726, 0.000000000000000000, -0.8682466191274121892 ) ) ;
#693 = TOROIDAL_SURFACE ( 'NONE', #872, 0.5645751311064567401, 0.3999999999999918066 ) ;
#694 = CARTESIAN_POINT ( 'NONE',  ( -1.599999999999998312, -5.518708542087233937, 3.524954807373628096 ) ) ;
#695 = AXIS2_PLACEMENT_3D ( 'NONE', #3897, #7721, #5386 ) ;
#696 = DIRECTION ( 'NONE',  ( 1.222978688985946960E-15, 1.000000000000000000, -0.000000000000000000 ) ) ;
#697 = EDGE_CURVE ( 'NONE', #7366, #4589, #1960, .T. ) ;
#698 = DIRECTION ( 'NONE',  ( -1.000000000000000000, 0.000000000000000000, 0.000000000000000000 ) ) ;
#699 = CIRCLE ( 'NONE', #6221, 0.3999999999999948597 ) ;
#700 = ORIENTED_EDGE ( 'NONE', *, *, #8233, .T. ) ;
#701 = ORIENTED_EDGE ( 'NONE', *, *, #8404, .F. ) ;
#702 = CARTESIAN_POINT ( 'NONE',  ( -4.999999999999996447, 4.999999999999993783, 0.1999999999999957090 ) ) ;
#703 = VERTEX_POINT ( 'NONE', #197 ) ;
#704 = CARTESIAN_POINT ( 'NONE',  ( 5.989526014261780773, -2.499999999999999556, -3.351160143934352131 ) ) ;
#705 = CARTESIAN_POINT ( 'NONE',  ( 5.432699878978640484, 2.263624949574464917, 3.199999999999994404 ) ) ;
#706 = CARTESIAN_POINT ( 'NONE',  ( 3.954825758595141849, -4.627038061433180971, 3.555911659346359333 ) ) ;
#707 = EDGE_CURVE ( 'NONE', #9388, #5548, #8459, .T. ) ;
#708 = CARTESIAN_POINT ( 'NONE',  ( 5.424745029542295427, -1.866168552841665385, 3.200000000000041034 ) ) ;
#709 = VERTEX_POINT ( 'NONE', #3059 ) ;
#710 = FACE_OUTER_BOUND ( 'NONE', #6773, .T. ) ;
#711 =( GEOMETRIC_REPRESENTATION_CONTEXT ( 3 ) GLOBAL_UNCERTAINTY_ASSIGNED_CONTEXT ( ( #5918 ) ) GLOBAL_UNIT_ASSIGNED_CONTEXT ( ( #2193, #2943, #9252 ) ) REPRESENTATION_CONTEXT ( 'NONE', 'WORKASPACE' ) );
#712 = CIRCLE ( 'NONE', #5252, 0.3000000000000753730 ) ;
#713 = ADVANCED_FACE ( 'NONE', ( #9417 ), #74, .F. ) ;
#714 = CARTESIAN_POINT ( 'NONE',  ( -6.420179204657450178, 2.937096592108938253, -3.202181546672994372 ) ) ;
#715 = ORIENTED_EDGE ( 'NONE', *, *, #4339, .T. ) ;
#716 = ADVANCED_FACE ( 'NONE', ( #3411 ), #3350, .T. ) ;
#717 = DIRECTION ( 'NONE',  ( -1.000000000000000000, 0.000000000000000000, 0.000000000000000000 ) ) ;
#718 = AXIS2_PLACEMENT_3D ( 'NONE', #2476, #6649, #7887 ) ;
#719 = CARTESIAN_POINT ( 'NONE',  ( 8.699114223423614415E-16, -4.924999999999996270, 3.599999999999999645 ) ) ;
#720 = AXIS2_PLACEMENT_3D ( 'NONE', #2994, #7786, #6285 ) ;
#721 = DIRECTION ( 'NONE',  ( -1.000000000000000000, 0.000000000000000000, 0.000000000000000000 ) ) ;
#722 = SURFACE_STYLE_USAGE ( .BOTH. , #2355 ) ;
#723 = AXIS2_PLACEMENT_3D ( 'NONE', #2823, #2170, #2771 ) ;
#724 =( NAMED_UNIT ( * ) PLANE_ANGLE_UNIT ( ) SI_UNIT ( $, .RADIAN. ) );
#725 = PRESENTATION_STYLE_ASSIGNMENT (( #5452 ) ) ;
#726 = ORIENTED_EDGE ( 'NONE', *, *, #5515, .T. ) ;
#727 = FACE_OUTER_BOUND ( 'NONE', #3421, .T. ) ;
#728 = CARTESIAN_POINT ( 'NONE',  ( -6.000000000000000000, 0.000000000000000000, 0.1999999999999997613 ) ) ;
#729 = VECTOR ( 'NONE', #10013, 1000.000000000000000 ) ;
#730 =( NAMED_UNIT ( * ) PLANE_ANGLE_UNIT ( ) SI_UNIT ( $, .RADIAN. ) );
#731 = ORIENTED_EDGE ( 'NONE', *, *, #4365, .T. ) ;
#732 = CARTESIAN_POINT ( 'NONE',  ( -1.600000000000000311, -1.599999999999999423, 6.999999999999997335 ) ) ;
#733 = VERTEX_POINT ( 'NONE', #3238 ) ;
#734 = LINE ( 'NONE', #8630, #6022 ) ;
#735 = EDGE_CURVE ( 'NONE', #778, #6338, #5133, .T. ) ;
#736 =( GEOMETRIC_REPRESENTATION_CONTEXT ( 3 ) GLOBAL_UNCERTAINTY_ASSIGNED_CONTEXT ( ( #5846 ) ) GLOBAL_UNIT_ASSIGNED_CONTEXT ( ( #2846, #2040, #9108 ) ) REPRESENTATION_CONTEXT ( 'NONE', 'WORKASPACE' ) );
#737 = CARTESIAN_POINT ( 'NONE',  ( -1.882139088377118963, -5.434070547098159842, 3.600000000000001421 ) ) ;
#738 = AXIS2_PLACEMENT_3D ( 'NONE', #6851, #8611, #8467 ) ;
#739 = LINE ( 'NONE', #5578, #270 ) ;
#740 = ORIENTED_EDGE ( 'NONE', *, *, #3189, .T. ) ;
#741 = SURFACE_STYLE_USAGE ( .BOTH. , #7140 ) ;
#742 = DIRECTION ( 'NONE',  ( 0.000000000000000000, 0.000000000000000000, -1.000000000000000000 ) ) ;
#743 = STYLED_ITEM ( 'NONE', ( #3060 ), #9071 ) ;
#744 = ORIENTED_EDGE ( 'NONE', *, *, #5942, .F. ) ;
#745 = MECHANICAL_DESIGN_GEOMETRIC_PRESENTATION_REPRESENTATION (  '', ( #2998 ), #2272 ) ;
#746 = CYLINDRICAL_SURFACE ( 'NONE', #3040, 0.8000000000000003775 ) ;
#747 = VERTEX_POINT ( 'NONE', #9638 ) ;
#748 = DIRECTION ( 'NONE',  ( 0.000000000000000000, 0.000000000000000000, -1.000000000000000000 ) ) ;
#749 = ORIENTED_EDGE ( 'NONE', *, *, #4685, .F. ) ;
#750 = DIRECTION ( 'NONE',  ( -1.000000000000000000, -1.084202172485503842E-15, -2.168404344971007685E-15 ) ) ;
#751 = DIRECTION ( 'NONE',  ( -1.000000000000000000, 0.000000000000000000, 0.000000000000000000 ) ) ;
#752 = STYLED_ITEM ( 'NONE', ( #174 ), #3653 ) ;
#753 = CARTESIAN_POINT ( 'NONE',  ( -5.435424868893545813, 1.756407519426517183E-14, 3.600000000000000533 ) ) ;
#754 = ORIENTED_EDGE ( 'NONE', *, *, #1178, .F. ) ;
#755 =( GEOMETRIC_REPRESENTATION_CONTEXT ( 3 ) GLOBAL_UNCERTAINTY_ASSIGNED_CONTEXT ( ( #8217 ) ) GLOBAL_UNIT_ASSIGNED_CONTEXT ( ( #4734, #3908, #8670 ) ) REPRESENTATION_CONTEXT ( 'NONE', 'WORKASPACE' ) );
#756 = CYLINDRICAL_SURFACE ( 'NONE', #1369, 3.950000000000000178 ) ;
#757 = STYLED_ITEM ( 'NONE', ( #4455 ), #3804 ) ;
#758 = ORIENTED_EDGE ( 'NONE', *, *, #5492, .T. ) ;
#759 = SURFACE_STYLE_USAGE ( .BOTH. , #7925 ) ;
#760 = VERTEX_POINT ( 'NONE', #6639 ) ;
#761 = CARTESIAN_POINT ( 'NONE',  ( -1.789074795565647635, -5.500000000000000000, 3.585218434151942191 ) ) ;
#762 = AXIS2_PLACEMENT_3D ( 'NONE', #3433, #6599, #5820 ) ;
#763 = VECTOR ( 'NONE', #9660, 1000.000000000000000 ) ;
#764 = FILL_AREA_STYLE ('',( #7157 ) ) ;
#765 = CARTESIAN_POINT ( 'NONE',  ( -6.000000000000000000, 5.000000000000000000, 0.4000000000000000777 ) ) ;
#766 = CIRCLE ( 'NONE', #3990, 0.3999999999999939715 ) ;
#767 = CIRCLE ( 'NONE', #8295, 0.4000000000000444311 ) ;
#768 = PLANE ( 'NONE',  #7690 ) ;
#769 = COLOUR_RGB ( '',0.7529411764705882248, 0.7529411764705882248, 0.7529411764705882248 ) ;
#770 = EDGE_CURVE ( 'NONE', #1617, #7499, #6119, .T. ) ;
#771 = DIRECTION ( 'NONE',  ( 2.710505431213761578E-16, 1.000000000000000000, -0.000000000000000000 ) ) ;
#772 = ORIENTED_EDGE ( 'NONE', *, *, #78, .T. ) ;
#773 = SURFACE_STYLE_USAGE ( .BOTH. , #42 ) ;
#774 = CARTESIAN_POINT ( 'NONE',  ( -5.271558449006361613, 1.324581074942562831, 3.600000000000001421 ) ) ;
#775 = UNCERTAINTY_MEASURE_WITH_UNIT (LENGTH_MEASURE( 1.000000000000000082E-05 ), #9664, 'distance_accuracy_value', 'NONE');
#776 = AXIS2_PLACEMENT_3D ( 'NONE', #8272, #4348, #4960 ) ;
#777 = SURFACE_STYLE_FILL_AREA ( #7945 ) ;
#778 = VERTEX_POINT ( 'NONE', #5688 ) ;
#779 = LINE ( 'NONE', #2956, #7358 ) ;
#780 = EDGE_CURVE ( 'NONE', #9027, #5191, #1023, .T. ) ;
#781 = ORIENTED_EDGE ( 'NONE', *, *, #5948, .F. ) ;
#782 =( NAMED_UNIT ( * ) SI_UNIT ( $, .STERADIAN. ) SOLID_ANGLE_UNIT ( ) );
#783 = CARTESIAN_POINT ( 'NONE',  ( -6.953886316694594782, 6.704630743366732482, -2.268178905419199864 ) ) ;
#784 = CIRCLE ( 'NONE', #7482, 0.7999999999999994893 ) ;
#785 = SURFACE_SIDE_STYLE ('',( #4799 ) ) ;
#786 = PRESENTATION_STYLE_ASSIGNMENT (( #8745 ) ) ;
#787 = CYLINDRICAL_SURFACE ( 'NONE', #6439, 0.3499999999999996447 ) ;
#788 =( NAMED_UNIT ( * ) PLANE_ANGLE_UNIT ( ) SI_UNIT ( $, .RADIAN. ) );
#789 =( NAMED_UNIT ( * ) SI_UNIT ( $, .STERADIAN. ) SOLID_ANGLE_UNIT ( ) );
#790 =( NAMED_UNIT ( * ) PLANE_ANGLE_UNIT ( ) SI_UNIT ( $, .RADIAN. ) );
#791 = FILL_AREA_STYLE ('',( #8592 ) ) ;
#792 = LINE ( 'NONE', #4034, #1662 ) ;
#793 = FILL_AREA_STYLE_COLOUR ( '', #1537 ) ;
#794 = CARTESIAN_POINT ( 'NONE',  ( -6.000000000000000000, -3.499999999999999556, 0.4000000000000000222 ) ) ;
#795 = DIRECTION ( 'NONE',  ( -1.000000000000000000, -3.552713678800500535E-15, -1.974482005176861553E-15 ) ) ;
#796 = STYLED_ITEM ( 'NONE', ( #8184 ), #1645 ) ;
#797 = VERTEX_POINT ( 'NONE', #20 ) ;
#798 = CARTESIAN_POINT ( 'NONE',  ( -1.389056478433031927, -5.528157206495055931, 3.500000000000002665 ) ) ;
#799 = EDGE_LOOP ( 'NONE', ( #7331, #5428, #6878, #6695 ) ) ;
#800 = ORIENTED_EDGE ( 'NONE', *, *, #3029, .F. ) ;
#801 = DIRECTION ( 'NONE',  ( 0.000000000000000000, 0.000000000000000000, -1.000000000000000000 ) ) ;
#802 = DIRECTION ( 'NONE',  ( 0.000000000000000000, 0.000000000000000000, -1.000000000000000000 ) ) ;
#803 = DIRECTION ( 'NONE',  ( 0.000000000000000000, 0.000000000000000000, -1.000000000000000000 ) ) ;
#804 = ORIENTED_EDGE ( 'NONE', *, *, #6724, .T. ) ;
#805 = CIRCLE ( 'NONE', #8826, 5.125000000000000888 ) ;
#806 = SURFACE_STYLE_FILL_AREA ( #1710 ) ;
#807 = DIRECTION ( 'NONE',  ( 0.000000000000000000, 0.000000000000000000, -1.000000000000000000 ) ) ;
#808 = ORIENTED_EDGE ( 'NONE', *, *, #3958, .F. ) ;
#809 = FILL_AREA_STYLE ('',( #6376 ) ) ;
#810 = ORIENTED_EDGE ( 'NONE', *, *, #4424, .T. ) ;
#811 = EDGE_CURVE ( 'NONE', #733, #7981, #597, .T. ) ;
#812 = SURFACE_STYLE_FILL_AREA ( #4007 ) ;
#813 = FACE_OUTER_BOUND ( 'NONE', #2631, .T. ) ;
#814 = EDGE_CURVE ( 'NONE', #2116, #3216, #9697, .T. ) ;
#815 = CARTESIAN_POINT ( 'NONE',  ( -1.990145515832347715E-14, -5.435424868893583117, 3.600000000000001421 ) ) ;
#816 = CARTESIAN_POINT ( 'NONE',  ( -0.9999999999941167061, 1.224646799140150168E-16, 7.300000000043382897 ) ) ;
#817 = DIRECTION ( 'NONE',  ( -0.000000000000000000, -0.000000000000000000, 1.000000000000000000 ) ) ;
#818 = EDGE_CURVE ( 'NONE', #7748, #7253, #9806, .T. ) ;
#819 = VECTOR ( 'NONE', #10117, 1000.000000000000000 ) ;
#820 = VECTOR ( 'NONE', #2415, 1000.000000000000000 ) ;
#821 = CARTESIAN_POINT ( 'NONE',  ( 5.254382943963743280, -1.495430820120102089, 3.599999573604477643 ) ) ;
#822 = EDGE_CURVE ( 'NONE', #8587, #9591, #10130, .T. ) ;
#823 = SURFACE_SIDE_STYLE ('',( #8043 ) ) ;
#824 =( LENGTH_UNIT ( ) NAMED_UNIT ( * ) SI_UNIT ( .MILLI., .METRE. ) );
#825 = VECTOR ( 'NONE', #1912, 1000.000000000000227 ) ;
#826 = ORIENTED_EDGE ( 'NONE', *, *, #6099, .T. ) ;
#827 = CIRCLE ( 'NONE', #650, 0.04999999999999969746 ) ;
#828 =( GEOMETRIC_REPRESENTATION_CONTEXT ( 3 ) GLOBAL_UNCERTAINTY_ASSIGNED_CONTEXT ( ( #9569 ) ) GLOBAL_UNIT_ASSIGNED_CONTEXT ( ( #7061, #1412, #10037 ) ) REPRESENTATION_CONTEXT ( 'NONE', 'WORKASPACE' ) );
#829 = FILL_AREA_STYLE ('',( #1630 ) ) ;
#830 = DIRECTION ( 'NONE',  ( -0.000000000000000000, -0.000000000000000000, 1.000000000000000000 ) ) ;
#831 = DIRECTION ( 'NONE',  ( 0.000000000000000000, -0.000000000000000000, -1.000000000000000000 ) ) ;
#832 = TOROIDAL_SURFACE ( 'NONE', #6700, 0.5645751311064571842, 0.4000000000000021316 ) ;
#833 = PRESENTATION_STYLE_ASSIGNMENT (( #6386 ) ) ;
#834 = ORIENTED_EDGE ( 'NONE', *, *, #1141, .T. ) ;
#835 = DIRECTION ( 'NONE',  ( -3.491483361109382461E-15, 0.000000000000000000, 1.000000000000000000 ) ) ;
#836 = CARTESIAN_POINT ( 'NONE',  ( 6.287205726393079175, -2.000000000000000000, -2.830212172457902575 ) ) ;
#837 = ADVANCED_FACE ( 'NONE', ( #7457 ), #3513, .T. ) ;
#838 = UNCERTAINTY_MEASURE_WITH_UNIT (LENGTH_MEASURE( 1.000000000000000082E-05 ), #6322, 'distance_accuracy_value', 'NONE');
#839 = VERTEX_POINT ( 'NONE', #445 ) ;
#840 = DIRECTION ( 'NONE',  ( -7.923280924792983127E-14, 1.000000000000000000, 1.316680726146703124E-27 ) ) ;
#841 = CIRCLE ( 'NONE', #6028, 0.4000000000000313860 ) ;
#842 = CARTESIAN_POINT ( 'NONE',  ( 4.750000000000000000, -4.750000000000000000, 3.200000000000000178 ) ) ;
#843 =( GEOMETRIC_REPRESENTATION_CONTEXT ( 3 ) GLOBAL_UNCERTAINTY_ASSIGNED_CONTEXT ( ( #687 ) ) GLOBAL_UNIT_ASSIGNED_CONTEXT ( ( #7104, #3246, #8078 ) ) REPRESENTATION_CONTEXT ( 'NONE', 'WORKASPACE' ) );
#844 =( GEOMETRIC_REPRESENTATION_CONTEXT ( 3 ) GLOBAL_UNCERTAINTY_ASSIGNED_CONTEXT ( ( #6905 ) ) GLOBAL_UNIT_ASSIGNED_CONTEXT ( ( #1317, #3591, #6666 ) ) REPRESENTATION_CONTEXT ( 'NONE', 'WORKASPACE' ) );
#845 = CARTESIAN_POINT ( 'NONE',  ( -5.435424868894858541, -2.250000000000666578, 3.599999999999999201 ) ) ;
#846 = EDGE_CURVE ( 'NONE', #5052, #10149, #7295, .T. ) ;
#847 =( LENGTH_UNIT ( ) NAMED_UNIT ( * ) SI_UNIT ( .MILLI., .METRE. ) );
#848 = CARTESIAN_POINT ( 'NONE',  ( 6.420179204657451955, 2.937096592108938697, -3.202181546672993484 ) ) ;
#849 = ADVANCED_FACE ( 'NONE', ( #9909 ), #3670, .F. ) ;
#850 = MECHANICAL_DESIGN_GEOMETRIC_PRESENTATION_REPRESENTATION (  '', ( #4229 ), #1521 ) ;
#851 = DIRECTION ( 'NONE',  ( -1.000000000000000000, 0.000000000000000000, 0.000000000000000000 ) ) ;
#852 = DIRECTION ( 'NONE',  ( -1.000000000000000000, 0.000000000000000000, 0.000000000000000000 ) ) ;
#853 = SURFACE_STYLE_FILL_AREA ( #3452 ) ;
#854 = AXIS2_PLACEMENT_3D ( 'NONE', #10152, #3003, #7028 ) ;
#855 = ORIENTED_EDGE ( 'NONE', *, *, #10104, .T. ) ;
#856 = DIRECTION ( 'NONE',  ( 0.6614378277661682182, 4.797377772813641592E-11, 0.7499999999999819034 ) ) ;
#857 = DIRECTION ( 'NONE',  ( -1.256337252201736110E-14, -5.292964219878090180E-15, -1.000000000000000000 ) ) ;
#858 = LINE ( 'NONE', #7909, #4523 ) ;
#859 = FILL_AREA_STYLE ('',( #15 ) ) ;
#860 = VECTOR ( 'NONE', #9834, 1000.000000000000000 ) ;
#861 = ORIENTED_EDGE ( 'NONE', *, *, #9199, .T. ) ;
#862 = SURFACE_STYLE_FILL_AREA ( #8857 ) ;
#863 = ORIENTED_EDGE ( 'NONE', *, *, #7929, .F. ) ;
#864 = SURFACE_SIDE_STYLE ('',( #4971 ) ) ;
#865 = ORIENTED_EDGE ( 'NONE', *, *, #3966, .T. ) ;
#866 = MECHANICAL_DESIGN_GEOMETRIC_PRESENTATION_REPRESENTATION (  '', ( #185 ), #10205 ) ;
#867 = DIRECTION ( 'NONE',  ( -0.3846153846153689826, 0.9230769230769296785, 4.884433375352896685E-14 ) ) ;
#868 = AXIS2_PLACEMENT_3D ( 'NONE', #4620, #8613, #7927 ) ;
#869 = DIRECTION ( 'NONE',  ( -0.8682466191274125222, 9.142909181781886702E-17, -0.4961328535521688510 ) ) ;
#870 = CARTESIAN_POINT ( 'NONE',  ( -2.166916829160916310E-16, 1.734723475976807094E-15, 3.500000000000000000 ) ) ;
#871 = EDGE_CURVE ( 'NONE', #187, #1713, #3923, .T. ) ;
#872 = AXIS2_PLACEMENT_3D ( 'NONE', #2395, #8604, #3887 ) ;
#873 = FACE_OUTER_BOUND ( 'NONE', #5901, .T. ) ;
#874 = ORIENTED_EDGE ( 'NONE', *, *, #5833, .T. ) ;
#875 = ORIENTED_EDGE ( 'NONE', *, *, #7797, .F. ) ;
#876 = SURFACE_STYLE_USAGE ( .BOTH. , #6475 ) ;
#877 = VECTOR ( 'NONE', #8643, 1000.000000000000000 ) ;
#878 = SURFACE_STYLE_FILL_AREA ( #5558 ) ;
#879 = SURFACE_SIDE_STYLE ('',( #4785 ) ) ;
#880 = TOROIDAL_SURFACE ( 'NONE', #4754, 0.03542486889353702734, 0.4000000000000016875 ) ;
#881 = DIRECTION ( 'NONE',  ( -0.4961328535521692396, 0.000000000000000000, -0.8682466191274121892 ) ) ;
#882 = MECHANICAL_DESIGN_GEOMETRIC_PRESENTATION_REPRESENTATION (  '', ( #6229 ), #1566 ) ;
#883 = AXIS2_PLACEMENT_3D ( 'NONE', #2126, #7755, #3975 ) ;
#884 = LINE ( 'NONE', #4686, #5096 ) ;
#885 = FILL_AREA_STYLE ('',( #3206 ) ) ;
#886 = PLANE ( 'NONE',  #3065 ) ;
#887 = EDGE_LOOP ( 'NONE', ( #2553, #8970, #5072, #2175 ) ) ;
#888 = CYLINDRICAL_SURFACE ( 'NONE', #10062, 0.2999999999999999334 ) ;
#889 = PLANE ( 'NONE',  #4636 ) ;
#890 = AXIS2_PLACEMENT_3D ( 'NONE', #429, #6824, #8324 ) ;
#891 = DIRECTION ( 'NONE',  ( -0.000000000000000000, 1.000000000000000000, -0.000000000000000000 ) ) ;
#892 = ORIENTED_EDGE ( 'NONE', *, *, #976, .F. ) ;
#893 = FACE_OUTER_BOUND ( 'NONE', #5571, .T. ) ;
#894 = DIRECTION ( 'NONE',  ( -0.8682466191274139655, 0.000000000000000000, -0.4961328535521663530 ) ) ;
#895 = TOROIDAL_SURFACE ( 'NONE', #5921, 5.435424868893655059, 0.4000000000000445421 ) ;
#896 = STYLED_ITEM ( 'NONE', ( #5641 ), #6644 ) ;
#897 = ORIENTED_EDGE ( 'NONE', *, *, #2129, .T. ) ;
#898 =( NAMED_UNIT ( * ) PLANE_ANGLE_UNIT ( ) SI_UNIT ( $, .RADIAN. ) );
#899 = MECHANICAL_DESIGN_GEOMETRIC_PRESENTATION_REPRESENTATION (  '', ( #6077 ), #1569 ) ;
#900 = STYLED_ITEM ( 'NONE', ( #1978 ), #4770 ) ;
#901 = AXIS2_PLACEMENT_3D ( 'NONE', #8497, #2025, #2074 ) ;
#902 = SURFACE_SIDE_STYLE ('',( #4135 ) ) ;
#903 = FILL_AREA_STYLE ('',( #7442 ) ) ;
#904 = CARTESIAN_POINT ( 'NONE',  ( -5.799999999999999822, -5.000000000000000888, -5.285485590866834116E-16 ) ) ;
#905 = AXIS2_PLACEMENT_3D ( 'NONE', #9248, #2091, #2984 ) ;
#906 = CARTESIAN_POINT ( 'NONE',  ( 5.000000000000000000, -5.000000000000001776, 0.000000000000000000 ) ) ;
#907 = FACE_OUTER_BOUND ( 'NONE', #2369, .T. ) ;
#908 = DIRECTION ( 'NONE',  ( 1.053031360026544826E-16, 1.000000000000000000, 0.000000000000000000 ) ) ;
#909 =( NAMED_UNIT ( * ) PLANE_ANGLE_UNIT ( ) SI_UNIT ( $, .RADIAN. ) );
#910 = VECTOR ( 'NONE', #7564, 1000.000000000000000 ) ;
#911 = ORIENTED_EDGE ( 'NONE', *, *, #9506, .F. ) ;
#912 = CARTESIAN_POINT ( 'NONE',  ( -6.000000000000000000, -3.499999999999999556, 0.4000000000000000222 ) ) ;
#913 = EDGE_LOOP ( 'NONE', ( #1975, #986, #3437, #10068, #3959, #7153 ) ) ;
#914 = SURFACE_STYLE_USAGE ( .BOTH. , #3348 ) ;
#915 = ORIENTED_EDGE ( 'NONE', *, *, #4410, .T. ) ;
#916 =( NAMED_UNIT ( * ) SI_UNIT ( $, .STERADIAN. ) SOLID_ANGLE_UNIT ( ) );
#917 = DIRECTION ( 'NONE',  ( -1.000000000000000000, 0.000000000000000000, 0.000000000000000000 ) ) ;
#918 = EDGE_CURVE ( 'NONE', #1233, #2730, #1897, .T. ) ;
#919 = AXIS2_PLACEMENT_3D ( 'NONE', #3222, #10208, #4850 ) ;
#920 = LINE ( 'NONE', #4876, #10041 ) ;
#921 = CIRCLE ( 'NONE', #4623, 0.4000000000000001887 ) ;
#922 = VERTEX_POINT ( 'NONE', #7853 ) ;
#923 = EDGE_LOOP ( 'NONE', ( #1765, #6365, #3530, #7198 ) ) ;
#924 = DIRECTION ( 'NONE',  ( -0.000000000000000000, 0.000000000000000000, 1.000000000000000000 ) ) ;
#925 =( NAMED_UNIT ( * ) PLANE_ANGLE_UNIT ( ) SI_UNIT ( $, .RADIAN. ) );
#926 = STYLED_ITEM ( 'NONE', ( #8144 ), #2366 ) ;
#927 = DIRECTION ( 'NONE',  ( 0.000000000000000000, 0.000000000000000000, -1.000000000000000000 ) ) ;
#928 = CIRCLE ( 'NONE', #2283, 0.05000000000000056483 ) ;
#929 = CARTESIAN_POINT ( 'NONE',  ( 0.000000000000000000, -4.500000000000003553, -1.199999999999998845 ) ) ;
#930 = UNCERTAINTY_MEASURE_WITH_UNIT (LENGTH_MEASURE( 1.000000000000000082E-05 ), #3866, 'distance_accuracy_value', 'NONE');
#931 = COLOUR_RGB ( '',1.000000000000000000, 1.000000000000000000, 1.000000000000000000 ) ;
#932 = SURFACE_STYLE_USAGE ( .BOTH. , #3373 ) ;
#933 = ORIENTED_EDGE ( 'NONE', *, *, #4365, .F. ) ;
#934 = LINE ( 'NONE', #4838, #7718 ) ;
#935 = PRESENTATION_STYLE_ASSIGNMENT (( #8984 ) ) ;
#936 =( NAMED_UNIT ( * ) PLANE_ANGLE_UNIT ( ) SI_UNIT ( $, .RADIAN. ) );
#937 = ORIENTED_EDGE ( 'NONE', *, *, #8647, .T. ) ;
#938 = SURFACE_STYLE_FILL_AREA ( #4950 ) ;
#939 = LINE ( 'NONE', #1052, #7016 ) ;
#940 = VECTOR ( 'NONE', #3465, 1000.000000000000000 ) ;
#941 = ORIENTED_EDGE ( 'NONE', *, *, #822, .T. ) ;
#942 = DIRECTION ( 'NONE',  ( -1.000000000000000000, 0.000000000000000000, 0.000000000000000000 ) ) ;
#943 = DIRECTION ( 'NONE',  ( -3.491483361109382461E-15, 0.000000000000000000, -1.000000000000000000 ) ) ;
#944 = STYLED_ITEM ( 'NONE', ( #3450 ), #9994 ) ;
#945 =( NAMED_UNIT ( * ) PLANE_ANGLE_UNIT ( ) SI_UNIT ( $, .RADIAN. ) );
#946 =( LENGTH_UNIT ( ) NAMED_UNIT ( * ) SI_UNIT ( .MILLI., .METRE. ) );
#947 = DIRECTION ( 'NONE',  ( 3.676520815446689885E-11, -1.000000000000000000, 6.451974704059920040E-14 ) ) ;
#948 = EDGE_CURVE ( 'NONE', #6986, #5236, #6096, .T. ) ;
#949 = VECTOR ( 'NONE', #8969, 1000.000000000000000 ) ;
#950 = FACE_OUTER_BOUND ( 'NONE', #4437, .T. ) ;
#951 = LINE ( 'NONE', #7243, #5744 ) ;
#952 = CARTESIAN_POINT ( 'NONE',  ( 1.600000000000000089, 1.599999999999784484, 7.299999999999998934 ) ) ;
#953 = VERTEX_POINT ( 'NONE', #10268 ) ;
#954 = LINE ( 'NONE', #7395, #7989 ) ;
#955 = FILL_AREA_STYLE ('',( #4352 ) ) ;
#956 = EDGE_CURVE ( 'NONE', #6569, #8193, #10212, .T. ) ;
#957 = AXIS2_PLACEMENT_3D ( 'NONE', #6927, #2954, #7744 ) ;
#958 = DIRECTION ( 'NONE',  ( -0.000000000000000000, -0.000000000000000000, 1.000000000000000000 ) ) ;
#959 =( NAMED_UNIT ( * ) SI_UNIT ( $, .STERADIAN. ) SOLID_ANGLE_UNIT ( ) );
#960 = VECTOR ( 'NONE', #8595, 1000.000000000000000 ) ;
#961 = SURFACE_SIDE_STYLE ('',( #8960 ) ) ;
#962 = CARTESIAN_POINT ( 'NONE',  ( -5.260272862240311653, -1.369513166178319974, 3.600000000000003197 ) ) ;
#963 = ORIENTED_EDGE ( 'NONE', *, *, #5719, .T. ) ;
#964 = ORIENTED_EDGE ( 'NONE', *, *, #3636, .T. ) ;
#965 = AXIS2_PLACEMENT_3D ( 'NONE', #3588, #2145, #5928 ) ;
#966 = UNCERTAINTY_MEASURE_WITH_UNIT (LENGTH_MEASURE( 1.000000000000000082E-05 ), #2475, 'distance_accuracy_value', 'NONE');
#967 =( LENGTH_UNIT ( ) NAMED_UNIT ( * ) SI_UNIT ( .MILLI., .METRE. ) );
#968 = CARTESIAN_POINT ( 'NONE',  ( 1.891518204694832228, -5.435424868894161321, 3.600000000000001421 ) ) ;
#969 = CARTESIAN_POINT ( 'NONE',  ( 0.000000000000000000, 0.000000000000000000, 4.299999999999999822 ) ) ;
#970 =( NAMED_UNIT ( * ) PLANE_ANGLE_UNIT ( ) SI_UNIT ( $, .RADIAN. ) );
#971 = FILL_AREA_STYLE_COLOUR ( '', #114 ) ;
#972 = ORIENTED_EDGE ( 'NONE', *, *, #9053, .F. ) ;
#973 = CARTESIAN_POINT ( 'NONE',  ( 1.599999999996750910, -1.899999999999999689, 7.299999999999998934 ) ) ;
#974 = VERTEX_POINT ( 'NONE', #7702 ) ;
#975 = CARTESIAN_POINT ( 'NONE',  ( 6.000000000000000000, 3.000000000000000000, 1.146410165690350924 ) ) ;
#976 = EDGE_CURVE ( 'NONE', #3956, #7426, #5323, .T. ) ;
#977 = ADVANCED_FACE ( 'NONE', ( #8494 ), #1387, .F. ) ;
#978 = AXIS2_PLACEMENT_3D ( 'NONE', #8140, #980, #5129 ) ;
#979 = CARTESIAN_POINT ( 'NONE',  ( -6.041480816619167804, -6.704630743366730705, -0.8527262566030734403 ) ) ;
#980 = DIRECTION ( 'NONE',  ( 0.000000000000000000, -1.000000000000000000, 0.000000000000000000 ) ) ;
#981 = FILL_AREA_STYLE ('',( #6434 ) ) ;
#982 = ADVANCED_FACE ( 'NONE', ( #3011 ), #2279, .T. ) ;
#983 = CARTESIAN_POINT ( 'NONE',  ( -7.000000000000000000, -1.999999999999999112, -2.094532406675943648 ) ) ;
#984 = CARTESIAN_POINT ( 'NONE',  ( 2.428612866367529932E-14, -1.734723475976807094E-14, 3.199999999999978417 ) ) ;
#985 = DIRECTION ( 'NONE',  ( 2.035455951740312752E-30, 1.000000000000000000, -1.256337252201566032E-14 ) ) ;
#986 = ORIENTED_EDGE ( 'NONE', *, *, #5658, .T. ) ;
#987 = CARTESIAN_POINT ( 'NONE',  ( 0.8000000000000001554, 4.500000000000002665, -1.199999999999998401 ) ) ;
#988 = AXIS2_PLACEMENT_3D ( 'NONE', #9427, #283, #6729 ) ;
#989 = EDGE_CURVE ( 'NONE', #7903, #2967, #4138, .T. ) ;
#990 = ORIENTED_EDGE ( 'NONE', *, *, #4441, .F. ) ;
#991 = PLANE ( 'NONE',  #2686 ) ;
#992 = LINE ( 'NONE', #1638, #3876 ) ;
#993 = CIRCLE ( 'NONE', #3359, 0.2999999999999903855 ) ;
#994 = ORIENTED_EDGE ( 'NONE', *, *, #4078, .T. ) ;
#995 = SURFACE_STYLE_USAGE ( .BOTH. , #8989 ) ;
#996 = DIRECTION ( 'NONE',  ( 1.000000000000000000, 0.000000000000000000, 0.000000000000000000 ) ) ;
#997 = EDGE_CURVE ( 'NONE', #2788, #9842, #951, .T. ) ;
#998 = VECTOR ( 'NONE', #3913, 1000.000000000000000 ) ;
#999 = AXIS2_PLACEMENT_3D ( 'NONE', #2147, #5445, #6163 ) ;
#1000 = DIRECTION ( 'NONE',  ( 1.000000000000000000, 0.000000000000000000, -3.491483361109382461E-15 ) ) ;
#1001 = AXIS2_PLACEMENT_3D ( 'NONE', #3607, #383, #5212 ) ;
#1002 = DIRECTION ( 'NONE',  ( 2.728398293323198625E-13, 5.456796586804488383E-14, -1.000000000000000000 ) ) ;
#1003 = CARTESIAN_POINT ( 'NONE',  ( -6.649999999999999467, 3.000000000000000000, -2.094532406675940983 ) ) ;
#1004 = CARTESIAN_POINT ( 'NONE',  ( 6.159705218919231839, -2.062903407891059970, -3.053341690607345615 ) ) ;
#1005 = CIRCLE ( 'NONE', #6521, 0.5645751311064567401 ) ;
#1006 = ORIENTED_EDGE ( 'NONE', *, *, #8395, .F. ) ;
#1007 = COLOUR_RGB ( '',1.000000000000000000, 1.000000000000000000, 1.000000000000000000 ) ;
#1008 = DIRECTION ( 'NONE',  ( 0.4961328535521685734, 5.296893862580032372E-16, -0.8682466191274127443 ) ) ;
#1009 = UNCERTAINTY_MEASURE_WITH_UNIT (LENGTH_MEASURE( 1.000000000000000082E-05 ), #9735, 'distance_accuracy_value', 'NONE');
#1010 = ORIENTED_EDGE ( 'NONE', *, *, #8678, .T. ) ;
#1011 = VECTOR ( 'NONE', #2148, 1000.000000000000114 ) ;
#1012 = CARTESIAN_POINT ( 'NONE',  ( -6.650000000000001243, -2.999999999999999112, -2.094532406675943648 ) ) ;
#1013 = EDGE_CURVE ( 'NONE', #2393, #7841, #6782, .T. ) ;
#1014 = ADVANCED_FACE ( 'NONE', ( #3280 ), #10235, .F. ) ;
#1015 = CIRCLE ( 'NONE', #5702, 0.7999999999999994893 ) ;
#1016 = CIRCLE ( 'NONE', #6692, 0.05000000000000056483 ) ;
#1017 = VERTEX_POINT ( 'NONE', #5781 ) ;
#1018 = SURFACE_STYLE_FILL_AREA ( #5736 ) ;
#1019 = ORIENTED_EDGE ( 'NONE', *, *, #780, .F. ) ;
#1020 =( LENGTH_UNIT ( ) NAMED_UNIT ( * ) SI_UNIT ( .MILLI., .METRE. ) );
#1021 = VERTEX_POINT ( 'NONE', #9529 ) ;
#1022 = COLOUR_RGB ( '',1.000000000000000000, 1.000000000000000000, 1.000000000000000000 ) ;
#1023 = LINE ( 'NONE', #9592, #10127 ) ;
#1024 = DIRECTION ( 'NONE',  ( -0.000000000000000000, -0.000000000000000000, 1.000000000000000000 ) ) ;
#1025 = FILL_AREA_STYLE_COLOUR ( '', #1401 ) ;
#1026 = PRESENTATION_STYLE_ASSIGNMENT (( #240 ) ) ;
#1027 = CYLINDRICAL_SURFACE ( 'NONE', #161, 0.05000000000000056483 ) ;
#1028 = ADVANCED_FACE ( 'NONE', ( #9736 ), #4236, .T. ) ;
#1029 = AXIS2_PLACEMENT_3D ( 'NONE', #7105, #2404, #3355 ) ;
#1030 = FILL_AREA_STYLE_COLOUR ( '', #285 ) ;
#1031 = COLOUR_RGB ( '',1.000000000000000000, 1.000000000000000000, 1.000000000000000000 ) ;
#1032 = ORIENTED_EDGE ( 'NONE', *, *, #670, .T. ) ;
#1033 = LINE ( 'NONE', #1198, #910 ) ;
#1034 = ORIENTED_EDGE ( 'NONE', *, *, #5046, .F. ) ;
#1035 = DIRECTION ( 'NONE',  ( -1.000000000000000000, 0.000000000000000000, 0.000000000000000000 ) ) ;
#1036 = EDGE_CURVE ( 'NONE', #1917, #9067, #8001, .T. ) ;
#1037 = CARTESIAN_POINT ( 'NONE',  ( 5.800000000000000711, -3.500000000000000000, 0.000000000000000000 ) ) ;
#1038 = DIRECTION ( 'NONE',  ( 0.4722150451494406265, 0.000000000000000000, 0.8814833810881017584 ) ) ;
#1039 = FACE_OUTER_BOUND ( 'NONE', #5030, .T. ) ;
#1040 = STYLED_ITEM ( 'NONE', ( #3946 ), #3389 ) ;
#1041 = DIRECTION ( 'NONE',  ( 3.469446951953575061E-14, 0.000000000000000000, -1.000000000000000000 ) ) ;
#1042 = EDGE_CURVE ( 'NONE', #8522, #2524, #1849, .T. ) ;
#1043 =( LENGTH_UNIT ( ) NAMED_UNIT ( * ) SI_UNIT ( .MILLI., .METRE. ) );
#1044 = ORIENTED_EDGE ( 'NONE', *, *, #770, .F. ) ;
#1045 = SURFACE_STYLE_USAGE ( .BOTH. , #138 ) ;
#1046 = EDGE_LOOP ( 'NONE', ( #3883, #1808 ) ) ;
#1047 = DIRECTION ( 'NONE',  ( 0.000000000000000000, 0.000000000000000000, 1.000000000000000000 ) ) ;
#1048 = LINE ( 'NONE', #259, #9913 ) ;
#1049 = CARTESIAN_POINT ( 'NONE',  ( -4.399999999999998579, 5.000000000000000000, 0.000000000000000000 ) ) ;
#1050 = AXIS2_PLACEMENT_3D ( 'NONE', #8572, #7884, #10195 ) ;
#1051 = ORIENTED_EDGE ( 'NONE', *, *, #10284, .T. ) ;
#1052 = CARTESIAN_POINT ( 'NONE',  ( -6.287205726393076510, -2.999999999999999112, -2.830212172457907016 ) ) ;
#1053 = ORIENTED_EDGE ( 'NONE', *, *, #6728, .F. ) ;
#1054 = DIRECTION ( 'NONE',  ( -1.000000000000000000, 0.000000000000000000, 0.000000000000000000 ) ) ;
#1055 = VECTOR ( 'NONE', #1437, 1000.000000000000000 ) ;
#1056 = FILL_AREA_STYLE_COLOUR ( '', #8846 ) ;
#1057 = STYLED_ITEM ( 'NONE', ( #5443 ), #6308 ) ;
#1058 = CIRCLE ( 'NONE', #3248, 0.1999999999999996503 ) ;
#1059 = LINE ( 'NONE', #8323, #7932 ) ;
#1060 =( NAMED_UNIT ( * ) PLANE_ANGLE_UNIT ( ) SI_UNIT ( $, .RADIAN. ) );
#1061 = PRESENTATION_STYLE_ASSIGNMENT (( #5940 ) ) ;
#1062 = FILL_AREA_STYLE ('',( #8210 ) ) ;
#1063 = CARTESIAN_POINT ( 'NONE',  ( -2.263624949574430278, -5.432699878978661800, 3.600000000000000977 ) ) ;
#1064 = AXIS2_PLACEMENT_3D ( 'NONE', #4786, #7938, #3152 ) ;
#1065 = CARTESIAN_POINT ( 'NONE',  ( -1.891518204694826899, 5.400000000000009237, 3.600000000000000533 ) ) ;
#1066 = EDGE_CURVE ( 'NONE', #6569, #8529, #5159, .T. ) ;
#1067 = DIRECTION ( 'NONE',  ( 0.4819066211576397141, 0.2377525341402866310, -0.8433503074015558099 ) ) ;
#1068 = ORIENTED_EDGE ( 'NONE', *, *, #6889, .F. ) ;
#1069 =( GEOMETRIC_REPRESENTATION_CONTEXT ( 3 ) GLOBAL_UNCERTAINTY_ASSIGNED_CONTEXT ( ( #9888 ) ) GLOBAL_UNIT_ASSIGNED_CONTEXT ( ( #3817, #6934, #3002 ) ) REPRESENTATION_CONTEXT ( 'NONE', 'WORKASPACE' ) );
#1070 =( NAMED_UNIT ( * ) SI_UNIT ( $, .STERADIAN. ) SOLID_ANGLE_UNIT ( ) );
#1071 = VERTEX_POINT ( 'NONE', #6037 ) ;
#1072 = LINE ( 'NONE', #6565, #2174 ) ;
#1073 =( GEOMETRIC_REPRESENTATION_CONTEXT ( 3 ) GLOBAL_UNCERTAINTY_ASSIGNED_CONTEXT ( ( #6901 ) ) GLOBAL_UNIT_ASSIGNED_CONTEXT ( ( #8127, #7357, #177 ) ) REPRESENTATION_CONTEXT ( 'NONE', 'WORKASPACE' ) );
#1074 =( GEOMETRIC_REPRESENTATION_CONTEXT ( 3 ) GLOBAL_UNCERTAINTY_ASSIGNED_CONTEXT ( ( #3526 ) ) GLOBAL_UNIT_ASSIGNED_CONTEXT ( ( #9754, #341, #4312 ) ) REPRESENTATION_CONTEXT ( 'NONE', 'WORKASPACE' ) );
#1075 = CARTESIAN_POINT ( 'NONE',  ( 3.773023560249555430E-14, -2.471980953266950110E-13, 3.200000000000028155 ) ) ;
#1076 = VERTEX_POINT ( 'NONE', #6723 ) ;
#1077 = ORIENTED_EDGE ( 'NONE', *, *, #5032, .T. ) ;
#1078 = CARTESIAN_POINT ( 'NONE',  ( 6.349999999999997868, 3.000000000000000000, -0.6874509908007693237 ) ) ;
#1079 = EDGE_LOOP ( 'NONE', ( #7882, #7151, #4708, #2406 ) ) ;
#1080 = CARTESIAN_POINT ( 'NONE',  ( 5.268489988713472627, 1.586863701382546399, 3.599999997733140500 ) ) ;
#1081 = CARTESIAN_POINT ( 'NONE',  ( -5.819112848942190830, 1.462164714140030686, 3.500000000000084821 ) ) ;
#1082 = MECHANICAL_DESIGN_GEOMETRIC_PRESENTATION_REPRESENTATION (  '', ( #1406 ), #2083 ) ;
#1083 = CARTESIAN_POINT ( 'NONE',  ( 7.947500464712013685E-16, 8.673617379884035472E-16, 3.349999999999985878 ) ) ;
#1084 = MECHANICAL_DESIGN_GEOMETRIC_PRESENTATION_REPRESENTATION (  '', ( #2426 ), #9256 ) ;
#1085 = PRESENTATION_LAYER_ASSIGNMENT (  '', '', ( #6095 ) ) ;
#1086 = SURFACE_SIDE_STYLE ('',( #1928 ) ) ;
#1087 = VERTEX_POINT ( 'NONE', #8273 ) ;
#1088 = CYLINDRICAL_SURFACE ( 'NONE', #9934, 0.2999999999999999334 ) ;
#1089 = ORIENTED_EDGE ( 'NONE', *, *, #494, .T. ) ;
#1090 = DIRECTION ( 'NONE',  ( 0.000000000000000000, 0.000000000000000000, 1.000000000000000000 ) ) ;
#1091 = FACE_OUTER_BOUND ( 'NONE', #1445, .T. ) ;
#1092 = CARTESIAN_POINT ( 'NONE',  ( 6.159705218919231839, 2.062903407891060414, -3.053341690607345615 ) ) ;
#1093 = FILL_AREA_STYLE_COLOUR ( '', #5752 ) ;
#1094 = CYLINDRICAL_SURFACE ( 'NONE', #1824, 1.000000000000000000 ) ;
#1095 = DIRECTION ( 'NONE',  ( 0.000000000000000000, 0.000000000000000000, -1.000000000000000000 ) ) ;
#1096 = AXIS2_PLACEMENT_3D ( 'NONE', #5318, #8532, #8490 ) ;
#1097 = UNCERTAINTY_MEASURE_WITH_UNIT (LENGTH_MEASURE( 1.000000000000000082E-05 ), #8580, 'distance_accuracy_value', 'NONE');
#1098 = ORIENTED_EDGE ( 'NONE', *, *, #5232, .T. ) ;
#1099 = ORIENTED_EDGE ( 'NONE', *, *, #5221, .F. ) ;
#1100 =( LENGTH_UNIT ( ) NAMED_UNIT ( * ) SI_UNIT ( .MILLI., .METRE. ) );
#1101 = DIRECTION ( 'NONE',  ( 0.000000000000000000, -0.2078790956190632588, -0.9781545284895430958 ) ) ;
#1102 = CIRCLE ( 'NONE', #6953, 0.4000000000000004108 ) ;
#1103 = SURFACE_STYLE_FILL_AREA ( #3438 ) ;
#1104 = ORIENTED_EDGE ( 'NONE', *, *, #9643, .T. ) ;
#1105 = CARTESIAN_POINT ( 'NONE',  ( -6.349999999999996980, -6.704630743366730705, -0.6874509908007693237 ) ) ;
#1106 = PRESENTATION_STYLE_ASSIGNMENT (( #8366 ) ) ;
#1107 = COLOUR_RGB ( '',0.7529411764705882248, 0.7529411764705882248, 0.7529411764705882248 ) ;
#1108 = ORIENTED_EDGE ( 'NONE', *, *, #3576, .F. ) ;
#1109 = LINE ( 'NONE', #1952, #9024 ) ;
#1110 = CIRCLE ( 'NONE', #4978, 0.7999999999999977129 ) ;
#1111 = SURFACE_STYLE_FILL_AREA ( #9622 ) ;
#1112 = EDGE_CURVE ( 'NONE', #6573, #9646, #7181, .T. ) ;
#1113 = LINE ( 'NONE', #3496, #860 ) ;
#1114 = AXIS2_PLACEMENT_3D ( 'NONE', #1335, #6936, #9228 ) ;
#1116 = AXIS2_PLACEMENT_3D ( 'NONE', #8120, #1179, #3342 ) ;
#1115 = CARTESIAN_POINT ( 'NONE',  ( 6.349999999999996092, -6.704630743366731593, -0.6874509908007693237 ) ) ;
#1117 = DIRECTION ( 'NONE',  ( 0.000000000000000000, 1.000000000000000000, 0.000000000000000000 ) ) ;
#1118 = MECHANICAL_DESIGN_GEOMETRIC_PRESENTATION_REPRESENTATION (  '', ( #4808 ), #4643 ) ;
#1119 = EDGE_CURVE ( 'NONE', #8148, #3237, #7596, .T. ) ;
#1120 = SURFACE_SIDE_STYLE ('',( #7494 ) ) ;
#1121 = SURFACE_SIDE_STYLE ('',( #381 ) ) ;
#1122 = ORIENTED_EDGE ( 'NONE', *, *, #7669, .T. ) ;
#1123 = UNCERTAINTY_MEASURE_WITH_UNIT (LENGTH_MEASURE( 1.000000000000000082E-05 ), #2191, 'distance_accuracy_value', 'NONE');
#1124 = ORIENTED_EDGE ( 'NONE', *, *, #6908, .T. ) ;
#1125 = CIRCLE ( 'NONE', #6966, 0.8000000000000003775 ) ;
#1126 = TOROIDAL_SURFACE ( 'NONE', #7789, 0.03542486889361438906, 0.3999999999999982458 ) ;
#1127 = FILL_AREA_STYLE ('',( #5733 ) ) ;
#1128 = AXIS2_PLACEMENT_3D ( 'NONE', #3470, #6645, #5746 ) ;
#1129 =( NAMED_UNIT ( * ) SI_UNIT ( $, .STERADIAN. ) SOLID_ANGLE_UNIT ( ) );
#1130 =( NAMED_UNIT ( * ) PLANE_ANGLE_UNIT ( ) SI_UNIT ( $, .RADIAN. ) );
#1131 = VERTEX_POINT ( 'NONE', #7495 ) ;
#1132 = EDGE_LOOP ( 'NONE', ( #3700, #5012, #492, #8102 ) ) ;
#1133 =( NAMED_UNIT ( * ) SI_UNIT ( $, .STERADIAN. ) SOLID_ANGLE_UNIT ( ) );
#1134 = CARTESIAN_POINT ( 'NONE',  ( 0.000000000000000000, -6.000000000000000000, 0.2000000000000001221 ) ) ;
#1135 = COLOUR_RGB ( '',0.7529411764705882248, 0.7529411764705882248, 0.7529411764705882248 ) ;
#1136 = EDGE_CURVE ( 'NONE', #187, #6986, #6691, .T. ) ;
#1137 = SURFACE_SIDE_STYLE ('',( #1709 ) ) ;
#1138 = EDGE_CURVE ( 'NONE', #3971, #6427, #7007, .T. ) ;
#1139 = DIRECTION ( 'NONE',  ( 2.168404344971021884E-15, -3.657375328517790370E-12, -1.000000000000000000 ) ) ;
#1140 = CARTESIAN_POINT ( 'NONE',  ( 6.693412330956371115, -6.704630743366731593, -2.119339049353551552 ) ) ;
#1141 = EDGE_CURVE ( 'NONE', #8980, #10163, #4520, .T. ) ;
#1142 = VERTEX_POINT ( 'NONE', #277 ) ;
#1143 = LINE ( 'NONE', #4983, #4955 ) ;
#1144 = ORIENTED_EDGE ( 'NONE', *, *, #8372, .F. ) ;
#1145 = SURFACE_STYLE_FILL_AREA ( #3520 ) ;
#1146 = DIRECTION ( 'NONE',  ( 0.000000000000000000, 1.000000000000000000, 0.000000000000000000 ) ) ;
#1147 = DIRECTION ( 'NONE',  ( 4.336808689967532456E-16, 4.336808689967532456E-16, 1.000000000000000000 ) ) ;
#1148 = UNCERTAINTY_MEASURE_WITH_UNIT (LENGTH_MEASURE( 1.000000000000000082E-05 ), #372, 'distance_accuracy_value', 'NONE');
#1149 = CARTESIAN_POINT ( 'NONE',  ( 6.000000000000000000, -3.499999999999999556, 0.4000000000000000222 ) ) ;
#1150 = VERTEX_POINT ( 'NONE', #8327 ) ;
#1151 = ADVANCED_FACE ( 'NONE', ( #220 ), #1506, .T. ) ;
#1152 = VECTOR ( 'NONE', #8723, 1000.000000000000000 ) ;
#1153 = ORIENTED_EDGE ( 'NONE', *, *, #2859, .F. ) ;
#1154 =( LENGTH_UNIT ( ) NAMED_UNIT ( * ) SI_UNIT ( .MILLI., .METRE. ) );
#1155 = FILL_AREA_STYLE ('',( #7480 ) ) ;
#1156 = FACE_OUTER_BOUND ( 'NONE', #7045, .T. ) ;
#1157 =( NAMED_UNIT ( * ) PLANE_ANGLE_UNIT ( ) SI_UNIT ( $, .RADIAN. ) );
#1158 = FACE_OUTER_BOUND ( 'NONE', #9421, .T. ) ;
#1159 = VERTEX_POINT ( 'NONE', #2858 ) ;
#1160 = MECHANICAL_DESIGN_GEOMETRIC_PRESENTATION_REPRESENTATION (  '', ( #3522 ), #315 ) ;
#1161 = EDGE_CURVE ( 'NONE', #286, #703, #6674, .T. ) ;
#1162 = LINE ( 'NONE', #4290, #6794 ) ;
#1163 = DIRECTION ( 'NONE',  ( -0.8682466191274124112, -0.000000000000000000, 0.4961328535521690730 ) ) ;
#1164 = FILL_AREA_STYLE_COLOUR ( '', #2232 ) ;
#1165 =( NAMED_UNIT ( * ) SI_UNIT ( $, .STERADIAN. ) SOLID_ANGLE_UNIT ( ) );
#1166 = DIRECTION ( 'NONE',  ( 4.336808689942028583E-16, 9.403954806578348233E-32, -1.000000000000000000 ) ) ;
#1167 = PRESENTATION_LAYER_ASSIGNMENT (  '', '', ( #1672 ) ) ;
#1168 = EDGE_CURVE ( 'NONE', #5988, #1380, #10341, .T. ) ;
#1169 = CARTESIAN_POINT ( 'NONE',  ( -1.891518204694829564, -5.543789693198333701, 3.585041640414893482 ) ) ;
#1170 = CARTESIAN_POINT ( 'NONE',  ( -4.999999999999997335, 5.800000000000000711, 0.2000000000000000944 ) ) ;
#1171 = DIRECTION ( 'NONE',  ( -2.401704991764843666E-30, 1.000000000000000000, 2.512674504403129539E-14 ) ) ;
#1172 =( GEOMETRIC_REPRESENTATION_CONTEXT ( 3 ) GLOBAL_UNCERTAINTY_ASSIGNED_CONTEXT ( ( #5176 ) ) GLOBAL_UNIT_ASSIGNED_CONTEXT ( ( #8949, #790, #5625 ) ) REPRESENTATION_CONTEXT ( 'NONE', 'WORKASPACE' ) );
#1173 = VERTEX_POINT ( 'NONE', #5841 ) ;
#1174 = CIRCLE ( 'NONE', #3534, 0.3999999999999963030 ) ;
#1175 = DIRECTION ( 'NONE',  ( -0.000000000000000000, -0.000000000000000000, 1.000000000000000000 ) ) ;
#1176 = AXIS2_PLACEMENT_3D ( 'NONE', #8877, #4938, #5498 ) ;
#1177 = AXIS2_PLACEMENT_3D ( 'NONE', #8628, #1786, #6389 ) ;
#1178 = EDGE_CURVE ( 'NONE', #3178, #1966, #2005, .T. ) ;
#1179 = DIRECTION ( 'NONE',  ( 0.000000000000000000, -1.000000000000000000, 0.000000000000000000 ) ) ;
#1180 = EDGE_CURVE ( 'NONE', #8063, #9381, #8484, .T. ) ;
#1181 =( NAMED_UNIT ( * ) PLANE_ANGLE_UNIT ( ) SI_UNIT ( $, .RADIAN. ) );
#1182 =( NAMED_UNIT ( * ) PLANE_ANGLE_UNIT ( ) SI_UNIT ( $, .RADIAN. ) );
#1183 = ORIENTED_EDGE ( 'NONE', *, *, #8080, .F. ) ;
#1184 = SURFACE_SIDE_STYLE ('',( #233 ) ) ;
#1185 = ORIENTED_EDGE ( 'NONE', *, *, #5515, .F. ) ;
#1186 = TOROIDAL_SURFACE ( 'NONE', #5366, 0.7999999999999994893, 0.1999999999999974853 ) ;
#1187 = COLOUR_RGB ( '',1.000000000000000000, 1.000000000000000000, 1.000000000000000000 ) ;
#1188 = SURFACE_STYLE_USAGE ( .BOTH. , #1976 ) ;
#1189 =( NAMED_UNIT ( * ) SI_UNIT ( $, .STERADIAN. ) SOLID_ANGLE_UNIT ( ) );
#1190 =( GEOMETRIC_REPRESENTATION_CONTEXT ( 3 ) GLOBAL_UNCERTAINTY_ASSIGNED_CONTEXT ( ( #5974 ) ) GLOBAL_UNIT_ASSIGNED_CONTEXT ( ( #8485, #4350, #3551 ) ) REPRESENTATION_CONTEXT ( 'NONE', 'WORKASPACE' ) );
#1191 = FACE_OUTER_BOUND ( 'NONE', #3025, .T. ) ;
#1192 = UNCERTAINTY_MEASURE_WITH_UNIT (LENGTH_MEASURE( 1.000000000000000082E-05 ), #9572, 'distance_accuracy_value', 'NONE');
#1193 = VECTOR ( 'NONE', #2742, 1000.000000000000227 ) ;
#1194 = EDGE_CURVE ( 'NONE', #3554, #636, #4582, .T. ) ;
#1195 = CYLINDRICAL_SURFACE ( 'NONE', #1128, 0.7999999999999994893 ) ;
#1196 =( GEOMETRIC_REPRESENTATION_CONTEXT ( 3 ) GLOBAL_UNCERTAINTY_ASSIGNED_CONTEXT ( ( #1148 ) ) GLOBAL_UNIT_ASSIGNED_CONTEXT ( ( #372, #2900, #7585 ) ) REPRESENTATION_CONTEXT ( 'NONE', 'WORKASPACE' ) );
#1197 = ORIENTED_EDGE ( 'NONE', *, *, #4979, .T. ) ;
#1198 = CARTESIAN_POINT ( 'NONE',  ( 1.899999999999999911, 1.500000000000000000, 5.500000000000000000 ) ) ;
#1199 = ORIENTED_EDGE ( 'NONE', *, *, #5970, .F. ) ;
#1200 = DIRECTION ( 'NONE',  ( -1.000000000000000000, 0.000000000000000000, 0.000000000000000000 ) ) ;
#1201 = VECTOR ( 'NONE', #8224, 1000.000000000000000 ) ;
#1202 = SURFACE_STYLE_FILL_AREA ( #6593 ) ;
#1203 = EDGE_CURVE ( 'NONE', #5081, #8955, #5860, .T. ) ;
#1204 = UNCERTAINTY_MEASURE_WITH_UNIT (LENGTH_MEASURE( 1.000000000000000082E-05 ), #8158, 'distance_accuracy_value', 'NONE');
#1205 = AXIS2_PLACEMENT_3D ( 'NONE', #4188, #8953, #164 ) ;
#1206 = CARTESIAN_POINT ( 'NONE',  ( 4.999999999999996447, -5.800000000000000711, -1.151964808265849201E-16 ) ) ;
#1207 = ORIENTED_EDGE ( 'NONE', *, *, #6592, .F. ) ;
#1208 = FACE_OUTER_BOUND ( 'NONE', #4205, .T. ) ;
#1209 = ORIENTED_EDGE ( 'NONE', *, *, #9144, .T. ) ;
#1210 = DIRECTION ( 'NONE',  ( -1.000000000000000000, -7.661280467338901278E-12, -8.637294778840422891E-15 ) ) ;
#1211 = CARTESIAN_POINT ( 'NONE',  ( -1.462164714140031130, 5.819112848942163296, 3.499999999999993783 ) ) ;
#1212 = AXIS2_PLACEMENT_3D ( 'NONE', #6261, #2295, #9080 ) ;
#1213 = FILL_AREA_STYLE ('',( #3644 ) ) ;
#1214 = COLOUR_RGB ( '',0.2980392156862745057, 0.2980392156862745057, 0.2980392156862745057 ) ;
#1215 =( GEOMETRIC_REPRESENTATION_CONTEXT ( 3 ) GLOBAL_UNCERTAINTY_ASSIGNED_CONTEXT ( ( #5242 ) ) GLOBAL_UNIT_ASSIGNED_CONTEXT ( ( #3351, #3671, #1133 ) ) REPRESENTATION_CONTEXT ( 'NONE', 'WORKASPACE' ) );
#1216 = DIRECTION ( 'NONE',  ( -1.222978688985946960E-15, 1.000000000000000000, -0.000000000000000000 ) ) ;
#1217 = SURFACE_STYLE_USAGE ( .BOTH. , #1845 ) ;
#1218 = ORIENTED_EDGE ( 'NONE', *, *, #8554, .F. ) ;
#1219 = PRESENTATION_LAYER_ASSIGNMENT (  '', '', ( #5243 ) ) ;
#1220 = FILL_AREA_STYLE ('',( #5105 ) ) ;
#1221 =( LENGTH_UNIT ( ) NAMED_UNIT ( * ) SI_UNIT ( .MILLI., .METRE. ) );
#1222 = SURFACE_STYLE_FILL_AREA ( #3751 ) ;
#1223 = DIRECTION ( 'NONE',  ( 1.000000000000000000, 0.000000000000000000, 0.000000000000000000 ) ) ;
#1224 = CIRCLE ( 'NONE', #2915, 0.4000000000000158429 ) ;
#1225 =( NAMED_UNIT ( * ) SI_UNIT ( $, .STERADIAN. ) SOLID_ANGLE_UNIT ( ) );
#1226 = ORIENTED_EDGE ( 'NONE', *, *, #6388, .T. ) ;
#1227 = CARTESIAN_POINT ( 'NONE',  ( 1.676841459417434121, 5.609556424471083602, 3.499999999999998668 ) ) ;
#1228 = VECTOR ( 'NONE', #2842, 1000.000000000000000 ) ;
#1229 = SURFACE_SIDE_STYLE ('',( #10053 ) ) ;
#1230 = AXIS2_PLACEMENT_3D ( 'NONE', #6455, #3170, #4910 ) ;
#1231 = AXIS2_PLACEMENT_3D ( 'NONE', #4613, #6804, #3030 ) ;
#1232 =( NAMED_UNIT ( * ) SI_UNIT ( $, .STERADIAN. ) SOLID_ANGLE_UNIT ( ) );
#1233 = VERTEX_POINT ( 'NONE', #573 ) ;
#1234 = CARTESIAN_POINT ( 'NONE',  ( -1.866168552841704464, 5.424745029542296315, 3.199999999999973976 ) ) ;
#1235 = VERTEX_POINT ( 'NONE', #3052 ) ;
#1236 = FILL_AREA_STYLE ('',( #6836 ) ) ;
#1237 = PRESENTATION_STYLE_ASSIGNMENT (( #5169 ) ) ;
#1238 = SURFACE_STYLE_FILL_AREA ( #1340 ) ;
#1239 = CARTESIAN_POINT ( 'NONE',  ( 6.000000000000000000, 0.000000000000000000, 0.1999999999999997058 ) ) ;
#1240 = CIRCLE ( 'NONE', #403, 0.1999999999999996503 ) ;
#1241 = EDGE_CURVE ( 'NONE', #2821, #2337, #6928, .T. ) ;
#1242 = CARTESIAN_POINT ( 'NONE',  ( -1.899999999999999911, -1.500000000000000000, 4.299999999999999822 ) ) ;
#1243 = COLOUR_RGB ( '',1.000000000000000000, 1.000000000000000000, 1.000000000000000000 ) ;
#1244 = AXIS2_PLACEMENT_3D ( 'NONE', #6183, #577, #8531 ) ;
#1245 = LINE ( 'NONE', #10325, #1981 ) ;
#1246 = VERTEX_POINT ( 'NONE', #1328 ) ;
#1247 = FACE_OUTER_BOUND ( 'NONE', #8134, .T. ) ;
#1248 = SURFACE_STYLE_USAGE ( .BOTH. , #6897 ) ;
#1249 = VERTEX_POINT ( 'NONE', #5311 ) ;
#1250 = FACE_OUTER_BOUND ( 'NONE', #9722, .T. ) ;
#1251 = PRESENTATION_LAYER_ASSIGNMENT (  '', '', ( #4777 ) ) ;
#1252 = MECHANICAL_DESIGN_GEOMETRIC_PRESENTATION_REPRESENTATION (  '', ( #2245 ), #1074 ) ;
#1253 = EDGE_CURVE ( 'NONE', #974, #2520, #8507, .T. ) ;
#1254 = CARTESIAN_POINT ( 'NONE',  ( 1.600000000000000089, -1.599999999999813349, 7.299999999999998934 ) ) ;
#1255 = CYLINDRICAL_SURFACE ( 'NONE', #4510, 0.1999999999999996503 ) ;
#1256 = CYLINDRICAL_SURFACE ( 'NONE', #2855, 3.950000000000000178 ) ;
#1257 = COLOUR_RGB ( '',0.7529411764705882248, 0.7529411764705882248, 0.7529411764705882248 ) ;
#1258 = UNCERTAINTY_MEASURE_WITH_UNIT (LENGTH_MEASURE( 1.000000000000000082E-05 ), #8351, 'distance_accuracy_value', 'NONE');
#1259 = FILL_AREA_STYLE ('',( #10231 ) ) ;
#1260 = VERTEX_POINT ( 'NONE', #7018 ) ;
#1261 = SURFACE_SIDE_STYLE ('',( #363 ) ) ;
#1262 = AXIS2_PLACEMENT_3D ( 'NONE', #300, #9863, #2719 ) ;
#1263 = CARTESIAN_POINT ( 'NONE',  ( 3.295974604355933479E-14, -2.168404344971008868E-15, 3.199999999999975753 ) ) ;
#1264 = SURFACE_STYLE_USAGE ( .BOTH. , #369 ) ;
#1265 = LINE ( 'NONE', #5297, #3843 ) ;
#1266 = CARTESIAN_POINT ( 'NONE',  ( 2.263624949574443601, -5.432699878978644925, 3.199999999999986411 ) ) ;
#1267 = LINE ( 'NONE', #4667, #1509 ) ;
#1268 = CARTESIAN_POINT ( 'NONE',  ( -6.041480816619161587, -1.999999999999999556, -0.8527262566030742175 ) ) ;
#1269 = DIRECTION ( 'NONE',  ( 7.403395523308712764E-16, -5.481026527454756721E-30, -1.000000000000000000 ) ) ;
#1270 = PRESENTATION_LAYER_ASSIGNMENT (  '', '', ( #6623 ) ) ;
#1271 = VECTOR ( 'NONE', #7736, 1000.000000000000000 ) ;
#1272 = LINE ( 'NONE', #5104, #8445 ) ;
#1273 = DIRECTION ( 'NONE',  ( -0.4961328535521692396, 0.000000000000000000, -0.8682466191274121892 ) ) ;
#1274 = EDGE_LOOP ( 'NONE', ( #4618, #6272, #4681, #5385, #4647 ) ) ;
#1275 = FACE_OUTER_BOUND ( 'NONE', #8136, .T. ) ;
#1276 = CARTESIAN_POINT ( 'NONE',  ( -6.473259784098479130, -2.499999999999998668, -3.109289021392666719 ) ) ;
#1277 = DIRECTION ( 'NONE',  ( 1.000000000000000000, 0.000000000000000000, -0.000000000000000000 ) ) ;
#1278 = SURFACE_SIDE_STYLE ('',( #9359 ) ) ;
#1279 = CARTESIAN_POINT ( 'NONE',  ( -1.899999999999999911, 0.000000000000000000, 6.999999999999999112 ) ) ;
#1280 = SURFACE_SIDE_STYLE ('',( #5267 ) ) ;
#1281 = AXIS2_PLACEMENT_3D ( 'NONE', #379, #6084, #2808 ) ;
#1282 = SURFACE_STYLE_USAGE ( .BOTH. , #6726 ) ;
#1283 = AXIS2_PLACEMENT_3D ( 'NONE', #10345, #137, #8934 ) ;
#1284 = ORIENTED_EDGE ( 'NONE', *, *, #9091, .F. ) ;
#1285 =( GEOMETRIC_REPRESENTATION_CONTEXT ( 3 ) GLOBAL_UNCERTAINTY_ASSIGNED_CONTEXT ( ( #9457 ) ) GLOBAL_UNIT_ASSIGNED_CONTEXT ( ( #333, #5020, #2018 ) ) REPRESENTATION_CONTEXT ( 'NONE', 'WORKASPACE' ) );
#1286 = DIRECTION ( 'NONE',  ( 0.000000000000000000, 1.000000000000000000, -0.000000000000000000 ) ) ;
#1287 = EDGE_CURVE ( 'NONE', #8300, #8255, #1668, .T. ) ;
#1288 = COLOUR_RGB ( '',0.7529411764705882248, 0.7529411764705882248, 0.7529411764705882248 ) ;
#1289 = FILL_AREA_STYLE ('',( #9957 ) ) ;
#1290 = CARTESIAN_POINT ( 'NONE',  ( 0.000000000000000000, -6.000000000000000000, 3.299999999999999822 ) ) ;
#1291 = ORIENTED_EDGE ( 'NONE', *, *, #822, .F. ) ;
#1292 = CARTESIAN_POINT ( 'NONE',  ( -6.000000000000000000, -3.500000000000000000, 0.2000000000000000944 ) ) ;
#1293 = ADVANCED_FACE ( 'NONE', ( #3809 ), #648, .T. ) ;
#1294 = ORIENTED_EDGE ( 'NONE', *, *, #3148, .F. ) ;
#1295 = CARTESIAN_POINT ( 'NONE',  ( 5.260900060028442127, 1.547087527587441835, 3.599999997689319109 ) ) ;
#1296 = EDGE_CURVE ( 'NONE', #7499, #1249, #4208, .T. ) ;
#1297 = FILL_AREA_STYLE_COLOUR ( '', #4449 ) ;
#1298 = COLOUR_RGB ( '',1.000000000000000000, 1.000000000000000000, 1.000000000000000000 ) ;
#1299 = AXIS2_PLACEMENT_3D ( 'NONE', #3423, #5033, #4988 ) ;
#1300 =( LENGTH_UNIT ( ) NAMED_UNIT ( * ) SI_UNIT ( .MILLI., .METRE. ) );
#1301 = AXIS2_PLACEMENT_3D ( 'NONE', #619, #3050, #3655 ) ;
#1302 = ORIENTED_EDGE ( 'NONE', *, *, #4256, .F. ) ;
#1303 = PLANE ( 'NONE',  #2560 ) ;
#1304 = ORIENTED_EDGE ( 'NONE', *, *, #811, .F. ) ;
#1305 = AXIS2_PLACEMENT_3D ( 'NONE', #1004, #7337, #9891 ) ;
#1306 = EDGE_CURVE ( 'NONE', #5852, #1246, #1477, .T. ) ;
#1307 = PRESENTATION_STYLE_ASSIGNMENT (( #3787 ) ) ;
#1308 = CARTESIAN_POINT ( 'NONE',  ( -5.399999999999986144, 2.250000000000020428, 3.500000000000002220 ) ) ;
#1309 = PRESENTATION_LAYER_ASSIGNMENT (  '', '', ( #5152 ) ) ;
#1310 = EDGE_CURVE ( 'NONE', #5830, #4150, #7025, .T. ) ;
#1311 = ORIENTED_EDGE ( 'NONE', *, *, #3812, .T. ) ;
#1312 = EDGE_CURVE ( 'NONE', #1497, #7252, #9265, .T. ) ;
#1313 =( LENGTH_UNIT ( ) NAMED_UNIT ( * ) SI_UNIT ( .MILLI., .METRE. ) );
#1314 = DIRECTION ( 'NONE',  ( 0.000000000000000000, 0.000000000000000000, 1.000000000000000000 ) ) ;
#1315 =( LENGTH_UNIT ( ) NAMED_UNIT ( * ) SI_UNIT ( .MILLI., .METRE. ) );
#1316 = ADVANCED_FACE ( 'NONE', ( #5355 ), #2955, .F. ) ;
#1317 =( LENGTH_UNIT ( ) NAMED_UNIT ( * ) SI_UNIT ( .MILLI., .METRE. ) );
#1318 =( NAMED_UNIT ( * ) PLANE_ANGLE_UNIT ( ) SI_UNIT ( $, .RADIAN. ) );
#1319 = PRESENTATION_LAYER_ASSIGNMENT (  '', '', ( #4366 ) ) ;
#1320 = DIRECTION ( 'NONE',  ( -1.000000000000000000, 0.000000000000000000, 0.000000000000000000 ) ) ;
#1321 = VERTEX_POINT ( 'NONE', #6445 ) ;
#1322 = VERTEX_POINT ( 'NONE', #145 ) ;
#1323 = ADVANCED_FACE ( 'NONE', ( #893 ), #8894, .T. ) ;
#1324 = LINE ( 'NONE', #4525, #6583 ) ;
#1325 = DIRECTION ( 'NONE',  ( 0.000000000000000000, 0.000000000000000000, -1.000000000000000000 ) ) ;
#1326 = DIRECTION ( 'NONE',  ( -0.000000000000000000, -0.000000000000000000, 1.000000000000000000 ) ) ;
#1327 = PRESENTATION_STYLE_ASSIGNMENT (( #2004 ) ) ;
#1328 = CARTESIAN_POINT ( 'NONE',  ( -6.305925830945594335, 2.000000000000000000, -0.7110617430582408804 ) ) ;
#1329 = LINE ( 'NONE', #10048, #5533 ) ;
#1330 = DIRECTION ( 'NONE',  ( 0.000000000000000000, -1.000000000000000000, -2.466431482431477230E-16 ) ) ;
#1331 = EDGE_CURVE ( 'NONE', #8300, #1321, #10029, .T. ) ;
#1332 = EDGE_LOOP ( 'NONE', ( #6312, #7915, #2050, #7417, #10080, #301 ) ) ;
#1333 = SURFACE_SIDE_STYLE ('',( #8489 ) ) ;
#1334 =( LENGTH_UNIT ( ) NAMED_UNIT ( * ) SI_UNIT ( .MILLI., .METRE. ) );
#1335 = CARTESIAN_POINT ( 'NONE',  ( 6.649999999999999467, 6.704630743366732482, -2.094532406675940983 ) ) ;
#1336 = VERTEX_POINT ( 'NONE', #7889 ) ;
#1337 =( NAMED_UNIT ( * ) SI_UNIT ( $, .STERADIAN. ) SOLID_ANGLE_UNIT ( ) );
#1338 = AXIS2_PLACEMENT_3D ( 'NONE', #8006, #852, #4079 ) ;
#1339 = SURFACE_SIDE_STYLE ('',( #1487 ) ) ;
#1340 = FILL_AREA_STYLE ('',( #9911 ) ) ;
#1341 = VECTOR ( 'NONE', #9234, 1000.000000000000000 ) ;
#1342 = PRESENTATION_LAYER_ASSIGNMENT (  '', '', ( #5520 ) ) ;
#1343 = CARTESIAN_POINT ( 'NONE',  ( -3.949999999999999734, 4.750000000000000000, 3.600000000000001421 ) ) ;
#1344 = ADVANCED_FACE ( 'NONE', ( #9615 ), #47, .T. ) ;
#1345 = CARTESIAN_POINT ( 'NONE',  ( 6.000000000000000000, 3.499999999999999556, 0.2000000000000000944 ) ) ;
#1346 = TOROIDAL_SURFACE ( 'NONE', #6169, 0.5645751311064606259, 0.3999999999999856448 ) ;
#1347 = MECHANICAL_DESIGN_GEOMETRIC_PRESENTATION_REPRESENTATION (  '', ( #2516 ), #9016 ) ;
#1348 = COLOUR_RGB ( '',0.7529411764705882248, 0.7529411764705882248, 0.7529411764705882248 ) ;
#1349 = VERTEX_POINT ( 'NONE', #4998 ) ;
#1350 = CYLINDRICAL_SURFACE ( 'NONE', #8027, 0.04999999999999969746 ) ;
#1351 = ORIENTED_EDGE ( 'NONE', *, *, #8922, .T. ) ;
#1352 = CARTESIAN_POINT ( 'NONE',  ( -6.700000000000001066, -6.704630743366730705, -2.094532406675943648 ) ) ;
#1353 = MECHANICAL_DESIGN_GEOMETRIC_PRESENTATION_REPRESENTATION (  '', ( #4536 ), #5362 ) ;
#1354 = SURFACE_STYLE_FILL_AREA ( #9488 ) ;
#1355 = UNCERTAINTY_MEASURE_WITH_UNIT (LENGTH_MEASURE( 1.000000000000000082E-05 ), #3265, 'distance_accuracy_value', 'NONE');
#1356 = DIRECTION ( 'NONE',  ( 1.000000000000000000, 0.000000000000000000, -0.000000000000000000 ) ) ;
#1357 =( LENGTH_UNIT ( ) NAMED_UNIT ( * ) SI_UNIT ( .MILLI., .METRE. ) );
#1358 = EDGE_LOOP ( 'NONE', ( #3136, #4787, #8769, #6752 ) ) ;
#1359 = COLOUR_RGB ( '',0.7529411764705882248, 0.7529411764705882248, 0.7529411764705882248 ) ;
#1360 = AXIS2_PLACEMENT_3D ( 'NONE', #2043, #5255, #9207 ) ;
#1361 = ADVANCED_FACE ( 'NONE', ( #5199 ), #1995, .F. ) ;
#1362 = ORIENTED_EDGE ( 'NONE', *, *, #5922, .T. ) ;
#1363 = FACE_OUTER_BOUND ( 'NONE', #1332, .T. ) ;
#1364 = PRESENTATION_LAYER_ASSIGNMENT (  '', '', ( #3203 ) ) ;
#1365 = CARTESIAN_POINT ( 'NONE',  ( -6.000000000000000000, 5.000000000000000000, 3.500000000000000000 ) ) ;
#1366 = FILL_AREA_STYLE ('',( #9345 ) ) ;
#1367 = CIRCLE ( 'NONE', #7212, 0.03542486889738681588 ) ;
#1368 = LINE ( 'NONE', #8475, #5874 ) ;
#1369 = AXIS2_PLACEMENT_3D ( 'NONE', #7308, #807, #2460 ) ;
#1370 = LINE ( 'NONE', #3904, #7112 ) ;
#1371 = ORIENTED_EDGE ( 'NONE', *, *, #8397, .F. ) ;
#1372 = ORIENTED_EDGE ( 'NONE', *, *, #1253, .T. ) ;
#1373 = MECHANICAL_DESIGN_GEOMETRIC_PRESENTATION_REPRESENTATION (  '', ( #2201 ), #359 ) ;
#1374 = SURFACE_STYLE_FILL_AREA ( #6778 ) ;
#1375 = STYLED_ITEM ( 'NONE', ( #3087 ), #3395 ) ;
#1376 = DIRECTION ( 'NONE',  ( -0.4961328535521692396, 0.000000000000000000, -0.8682466191274121892 ) ) ;
#1377 = CARTESIAN_POINT ( 'NONE',  ( -6.000000000000000000, 0.000000000000000000, 0.2000000000000003164 ) ) ;
#1378 = CARTESIAN_POINT ( 'NONE',  ( 0.000000000000000000, -4.500000000000003553, -9.796850830579017080E-17 ) ) ;
#1379 =( NAMED_UNIT ( * ) SI_UNIT ( $, .STERADIAN. ) SOLID_ANGLE_UNIT ( ) );
#1380 = VERTEX_POINT ( 'NONE', #9880 ) ;
#1381 = FILL_AREA_STYLE ('',( #5898 ) ) ;
#1382 = CARTESIAN_POINT ( 'NONE',  ( 0.000000000000000000, 4.500000000000003553, -1.199999999999998401 ) ) ;
#1383 = ADVANCED_FACE ( 'NONE', ( #3646 ), #991, .F. ) ;
#1384 = ORIENTED_EDGE ( 'NONE', *, *, #4728, .F. ) ;
#1385 = AXIS2_PLACEMENT_3D ( 'NONE', #585, #3825, #6488 ) ;
#1386 = DIRECTION ( 'NONE',  ( -0.4819066211576381042, 0.2377525341402972059, -0.8433503074015538115 ) ) ;
#1387 = PLANE ( 'NONE',  #392 ) ;
#1388 = SURFACE_STYLE_USAGE ( .BOTH. , #8591 ) ;
#1389 = SURFACE_STYLE_FILL_AREA ( #791 ) ;
#1390 = MECHANICAL_DESIGN_GEOMETRIC_PRESENTATION_REPRESENTATION (  '', ( #8393 ), #5909 ) ;
#1391 =( LENGTH_UNIT ( ) NAMED_UNIT ( * ) SI_UNIT ( .MILLI., .METRE. ) );
#1392 = DIRECTION ( 'NONE',  ( 0.000000000000000000, -0.000000000000000000, 1.000000000000000000 ) ) ;
#1393 =( GEOMETRIC_REPRESENTATION_CONTEXT ( 3 ) GLOBAL_UNCERTAINTY_ASSIGNED_CONTEXT ( ( #5907 ) ) GLOBAL_UNIT_ASSIGNED_CONTEXT ( ( #4961, #3394, #4854 ) ) REPRESENTATION_CONTEXT ( 'NONE', 'WORKASPACE' ) );
#1394 = CIRCLE ( 'NONE', #1560, 3.950000000000000178 ) ;
#1395 = EDGE_LOOP ( 'NONE', ( #9703, #5224, #2654, #2696 ) ) ;
#1396 = VECTOR ( 'NONE', #2376, 1000.000000000000000 ) ;
#1397 = ORIENTED_EDGE ( 'NONE', *, *, #4702, .T. ) ;
#1398 = DIRECTION ( 'NONE',  ( 4.109710085192101020E-31, -3.042580924680819946E-45, -1.000000000000000000 ) ) ;
#1399 = ORIENTED_EDGE ( 'NONE', *, *, #1513, .T. ) ;
#1400 =( NAMED_UNIT ( * ) SI_UNIT ( $, .STERADIAN. ) SOLID_ANGLE_UNIT ( ) );
#1401 = COLOUR_RGB ( '',0.7529411764705882248, 0.7529411764705882248, 0.7529411764705882248 ) ;
#1402 = PRESENTATION_LAYER_ASSIGNMENT (  '', '', ( #896 ) ) ;
#1403 =( LENGTH_UNIT ( ) NAMED_UNIT ( * ) SI_UNIT ( .MILLI., .METRE. ) );
#1404 = ORIENTED_EDGE ( 'NONE', *, *, #2912, .T. ) ;
#1405 = CARTESIAN_POINT ( 'NONE',  ( 2.249999999999991118, -5.399999999999905320, 3.499999999999997780 ) ) ;
#1406 = STYLED_ITEM ( 'NONE', ( #9790 ), #4907 ) ;
#1407 = SURFACE_STYLE_FILL_AREA ( #1259 ) ;
#1408 = ORIENTED_EDGE ( 'NONE', *, *, #6146, .T. ) ;
#1409 = PLANE ( 'NONE',  #868 ) ;
#1410 = FILL_AREA_STYLE_COLOUR ( '', #2811 ) ;
#1411 = FILL_AREA_STYLE ('',( #2146 ) ) ;
#1412 =( NAMED_UNIT ( * ) PLANE_ANGLE_UNIT ( ) SI_UNIT ( $, .RADIAN. ) );
#1413 = COLOUR_RGB ( '',1.000000000000000000, 1.000000000000000000, 1.000000000000000000 ) ;
#1414 = DIRECTION ( 'NONE',  ( 0.8682466191274124112, 1.445602896647335958E-15, 0.4961328535521691840 ) ) ;
#1415 = COLOUR_RGB ( '',0.2980392156862745057, 0.2980392156862745057, 0.2980392156862745057 ) ;
#1416 = FACE_OUTER_BOUND ( 'NONE', #503, .T. ) ;
#1417 = SURFACE_SIDE_STYLE ('',( #3097 ) ) ;
#1418 = ORIENTED_EDGE ( 'NONE', *, *, #3636, .F. ) ;
#1419 = UNCERTAINTY_MEASURE_WITH_UNIT (LENGTH_MEASURE( 1.000000000000000082E-05 ), #1020, 'distance_accuracy_value', 'NONE');
#1420 = DIRECTION ( 'NONE',  ( -0.8814833810881022025, 0.000000000000000000, -0.4722150451494400158 ) ) ;
#1421 = CARTESIAN_POINT ( 'NONE',  ( 0.000000000000000000, 1.500000000000000000, 4.299999999999999822 ) ) ;
#1422 = DIRECTION ( 'NONE',  ( 0.000000000000000000, -1.000000000000000000, 0.000000000000000000 ) ) ;
#1423 =( NAMED_UNIT ( * ) SI_UNIT ( $, .STERADIAN. ) SOLID_ANGLE_UNIT ( ) );
#1424 = CARTESIAN_POINT ( 'NONE',  ( -5.424745029542298091, 1.866168552841671158, 3.600000000000005862 ) ) ;
#1425 = ORIENTED_EDGE ( 'NONE', *, *, #6220, .T. ) ;
#1426 = SURFACE_STYLE_FILL_AREA ( #7952 ) ;
#1427 = ORIENTED_EDGE ( 'NONE', *, *, #94, .T. ) ;
#1428 = CARTESIAN_POINT ( 'NONE',  ( -1.866168552841703354, -5.424745029542275887, 3.600000000000002309 ) ) ;
#1429 = VECTOR ( 'NONE', #2313, 1000.000000000000000 ) ;
#1430 =( LENGTH_UNIT ( ) NAMED_UNIT ( * ) SI_UNIT ( .MILLI., .METRE. ) );
#1431 = ADVANCED_FACE ( 'NONE', ( #1158 ), #10349, .T. ) ;
#1432 = UNCERTAINTY_MEASURE_WITH_UNIT (LENGTH_MEASURE( 1.000000000000000082E-05 ), #2661, 'distance_accuracy_value', 'NONE');
#1433 = FILL_AREA_STYLE ('',( #8586 ) ) ;
#1434 = ORIENTED_EDGE ( 'NONE', *, *, #4748, .F. ) ;
#1435 = COLOUR_RGB ( '',0.7529411764705882248, 0.7529411764705882248, 0.7529411764705882248 ) ;
#1436 = CARTESIAN_POINT ( 'NONE',  ( 0.000000000000000000, -6.000000000000000000, 3.500000000000000000 ) ) ;
#1437 = DIRECTION ( 'NONE',  ( 0.000000000000000000, 0.000000000000000000, 1.000000000000000000 ) ) ;
#1438 = CARTESIAN_POINT ( 'NONE',  ( 5.271558449006362501, -1.324581074942563053, 3.600000000000001421 ) ) ;
#1439 = SURFACE_STYLE_USAGE ( .BOTH. , #1544 ) ;
#1440 = FACE_OUTER_BOUND ( 'NONE', #2268, .T. ) ;
#1441 =( GEOMETRIC_REPRESENTATION_CONTEXT ( 3 ) GLOBAL_UNCERTAINTY_ASSIGNED_CONTEXT ( ( #6224 ) ) GLOBAL_UNIT_ASSIGNED_CONTEXT ( ( #2780, #9190, #9141 ) ) REPRESENTATION_CONTEXT ( 'NONE', 'WORKASPACE' ) );
#1442 =( NAMED_UNIT ( * ) PLANE_ANGLE_UNIT ( ) SI_UNIT ( $, .RADIAN. ) );
#1443 = VECTOR ( 'NONE', #310, 1000.000000000000000 ) ;
#1444 =( LENGTH_UNIT ( ) NAMED_UNIT ( * ) SI_UNIT ( .MILLI., .METRE. ) );
#1445 = EDGE_LOOP ( 'NONE', ( #7155, #10293, #3910, #5331, #4492 ) ) ;
#1446 = DIRECTION ( 'NONE',  ( 4.336808689942028583E-16, 9.403954806578348233E-32, -1.000000000000000000 ) ) ;
#1447 = VERTEX_POINT ( 'NONE', #5100 ) ;
#1448 = EDGE_LOOP ( 'NONE', ( #3235, #581, #9724, #10330 ) ) ;
#1449 = EDGE_CURVE ( 'NONE', #1142, #2153, #6216, .T. ) ;
#1450 = FACE_OUTER_BOUND ( 'NONE', #8972, .T. ) ;
#1451 = CARTESIAN_POINT ( 'NONE',  ( -6.694074169054405665, 6.704630743366732482, -2.070921654418469426 ) ) ;
#1452 =( NAMED_UNIT ( * ) SI_UNIT ( $, .STERADIAN. ) SOLID_ANGLE_UNIT ( ) );
#1453 = AXIS2_PLACEMENT_3D ( 'NONE', #481, #6795, #9854 ) ;
#1454 = EDGE_CURVE ( 'NONE', #797, #3347, #1267, .T. ) ;
#1455 = CARTESIAN_POINT ( 'NONE',  ( -4.341536639986061097, -4.054821420274921984, 3.598611123188929728 ) ) ;
#1456 = SURFACE_SIDE_STYLE ('',( #5336 ) ) ;
#1457 = EDGE_LOOP ( 'NONE', ( #8436, #10337 ) ) ;
#1458 = CARTESIAN_POINT ( 'NONE',  ( -1.899999999999999911, 1.500000000000000000, 4.299999999999999822 ) ) ;
#1459 = EDGE_CURVE ( 'NONE', #3237, #4659, #3847, .T. ) ;
#1460 = VERTEX_POINT ( 'NONE', #7828 ) ;
#1461 = DIRECTION ( 'NONE',  ( -0.000000000000000000, -0.000000000000000000, 1.000000000000000000 ) ) ;
#1462 = FACE_OUTER_BOUND ( 'NONE', #4456, .T. ) ;
#1463 = FACE_OUTER_BOUND ( 'NONE', #8612, .T. ) ;
#1464 = CARTESIAN_POINT ( 'NONE',  ( -1.462164714140024468, -5.819112848942173954, 3.199999999999977085 ) ) ;
#1465 = MECHANICAL_DESIGN_GEOMETRIC_PRESENTATION_REPRESENTATION (  '', ( #5152 ), #7796 ) ;
#1466 = COLOUR_RGB ( '',1.000000000000000000, 1.000000000000000000, 1.000000000000000000 ) ;
#1467 = ADVANCED_FACE ( 'NONE', ( #2944, #660 ), #5299, .F. ) ;
#1468 = CARTESIAN_POINT ( 'NONE',  ( 4.399999999999999467, -4.999999999999998224, 0.000000000000000000 ) ) ;
#1469 = DIRECTION ( 'NONE',  ( 0.000000000000000000, 1.000000000000000000, 0.000000000000000000 ) ) ;
#1470 = AXIS2_PLACEMENT_3D ( 'NONE', #9612, #2478, #5665 ) ;
#1471 = EDGE_LOOP ( 'NONE', ( #7893, #5795, #9371, #5093, #804, #4280, #2069 ) ) ;
#1472 = PLANE ( 'NONE',  #2570 ) ;
#1473 = DIRECTION ( 'NONE',  ( 1.000000000000000000, 0.000000000000000000, -0.000000000000000000 ) ) ;
#1474 = DIRECTION ( 'NONE',  ( -1.000000000000000000, 0.000000000000000000, 0.000000000000000000 ) ) ;
#1475 = FACE_OUTER_BOUND ( 'NONE', #373, .T. ) ;
#1476 = ORIENTED_EDGE ( 'NONE', *, *, #6753, .T. ) ;
#1477 = LINE ( 'NONE', #3857, #7847 ) ;
#1478 = FILL_AREA_STYLE_COLOUR ( '', #3192 ) ;
#1479 = EDGE_LOOP ( 'NONE', ( #9382, #2233, #2718, #1573, #3805 ) ) ;
#1480 = EDGE_CURVE ( 'NONE', #9260, #6703, #4571, .T. ) ;
#1481 = DIRECTION ( 'NONE',  ( -1.000000000000000000, 0.000000000000000000, 0.000000000000000000 ) ) ;
#1482 = CYLINDRICAL_SURFACE ( 'NONE', #1514, 0.1999999999999996503 ) ;
#1483 = ADVANCED_FACE ( 'NONE', ( #1463 ), #4624, .T. ) ;
#1484 = ORIENTED_EDGE ( 'NONE', *, *, #600, .F. ) ;
#1485 = CIRCLE ( 'NONE', #2843, 0.8000000000000003775 ) ;
#1486 = PLANE ( 'NONE',  #9298 ) ;
#1487 = SURFACE_STYLE_FILL_AREA ( #691 ) ;
#1488 = SURFACE_SIDE_STYLE ('',( #5472 ) ) ;
#1489 = CARTESIAN_POINT ( 'NONE',  ( -5.435424868894474848, -1.599999999999999867, 3.600000000000000089 ) ) ;
#1490 =( NAMED_UNIT ( * ) PLANE_ANGLE_UNIT ( ) SI_UNIT ( $, .RADIAN. ) );
#1491 = ADVANCED_FACE ( 'NONE', ( #10298 ), #9448, .T. ) ;
#1492 =( NAMED_UNIT ( * ) PLANE_ANGLE_UNIT ( ) SI_UNIT ( $, .RADIAN. ) );
#1493 = EDGE_CURVE ( 'NONE', #1651, #7499, #8841, .T. ) ;
#1494 = ORIENTED_EDGE ( 'NONE', *, *, #5765, .F. ) ;
#1495 = CARTESIAN_POINT ( 'NONE',  ( 4.999999999999995559, -5.800000000000000711, 3.500000000000001332 ) ) ;
#1496 = ORIENTED_EDGE ( 'NONE', *, *, #642, .F. ) ;
#1497 = VERTEX_POINT ( 'NONE', #4831 ) ;
#1498 = MECHANICAL_DESIGN_GEOMETRIC_PRESENTATION_REPRESENTATION (  '', ( #4202 ), #3180 ) ;
#1499 = DIRECTION ( 'NONE',  ( 1.084202172485503842E-15, 1.000000000000000000, 0.000000000000000000 ) ) ;
#1500 = SURFACE_STYLE_FILL_AREA ( #6419 ) ;
#1501 = SURFACE_STYLE_FILL_AREA ( #7865 ) ;
#1502 = AXIS2_PLACEMENT_3D ( 'NONE', #7102, #4556, #6266 ) ;
#1503 = CARTESIAN_POINT ( 'NONE',  ( 6.958519183380836637, -2.000000000000000000, -1.929257140873639864 ) ) ;
#1504 = FILL_AREA_STYLE_COLOUR ( '', #1839 ) ;
#1505 = EDGE_LOOP ( 'NONE', ( #6907, #10357, #1764, #4794 ) ) ;
#1506 = TOROIDAL_SURFACE ( 'NONE', #2678, 5.435424868893655059, 0.4000000000000445421 ) ;
#1507 = AXIS2_PLACEMENT_3D ( 'NONE', #7500, #119, #4355 ) ;
#1508 = MECHANICAL_DESIGN_GEOMETRIC_PRESENTATION_REPRESENTATION (  '', ( #1842 ), #336 ) ;
#1509 = VECTOR ( 'NONE', #10082, 1000.000000000000000 ) ;
#1510 = PRESENTATION_STYLE_ASSIGNMENT (( #9701 ) ) ;
#1511 = AXIS2_PLACEMENT_3D ( 'NONE', #7791, #3858, #8578 ) ;
#1512 = ORIENTED_EDGE ( 'NONE', *, *, #5652, .T. ) ;
#1513 = EDGE_CURVE ( 'NONE', #1321, #8255, #10174, .T. ) ;
#1514 = AXIS2_PLACEMENT_3D ( 'NONE', #4025, #4798, #3110 ) ;
#1515 = STYLED_ITEM ( 'NONE', ( #3567 ), #7637 ) ;
#1516 = PRESENTATION_LAYER_ASSIGNMENT (  '', '', ( #337 ) ) ;
#1517 = CARTESIAN_POINT ( 'NONE',  ( 5.432699878978648478, -2.263624949574443157, 3.200000000000009948 ) ) ;
#1518 = FILL_AREA_STYLE_COLOUR ( '', #1348 ) ;
#1519 = TOROIDAL_SURFACE ( 'NONE', #2024, 0.5645751311064680644, 0.3999999999999955258 ) ;
#1520 = LINE ( 'NONE', #3045, #3892 ) ;
#1521 =( GEOMETRIC_REPRESENTATION_CONTEXT ( 3 ) GLOBAL_UNCERTAINTY_ASSIGNED_CONTEXT ( ( #3115 ) ) GLOBAL_UNIT_ASSIGNED_CONTEXT ( ( #491, #5427, #6801 ) ) REPRESENTATION_CONTEXT ( 'NONE', 'WORKASPACE' ) );
#1522 = CIRCLE ( 'NONE', #8689, 0.5645751311064446387 ) ;
#1523 = CARTESIAN_POINT ( 'NONE',  ( 5.435424868893539596, -2.250000000002157385, 3.199999999999999734 ) ) ;
#1524 = COLOUR_RGB ( '',1.000000000000000000, 1.000000000000000000, 1.000000000000000000 ) ;
#1525 = VERTEX_POINT ( 'NONE', #765 ) ;
#1526 = SURFACE_STYLE_FILL_AREA ( #3100 ) ;
#1527 = SURFACE_STYLE_FILL_AREA ( #6968 ) ;
#1528 = DIRECTION ( 'NONE',  ( -0.000000000000000000, -1.000000000000000000, 0.000000000000000000 ) ) ;
#1529 = LINE ( 'NONE', #6289, #2649 ) ;
#1530 = EDGE_LOOP ( 'NONE', ( #1372, #5844, #8360, #6447 ) ) ;
#1531 = DIRECTION ( 'NONE',  ( -0.000000000000000000, 1.000000000000000000, -0.000000000000000000 ) ) ;
#1532 = COLOUR_RGB ( '',0.7529411764705882248, 0.7529411764705882248, 0.7529411764705882248 ) ;
#1533 = ORIENTED_EDGE ( 'NONE', *, *, #7642, .T. ) ;
#1534 = SURFACE_SIDE_STYLE ('',( #1426 ) ) ;
#1535 = UNCERTAINTY_MEASURE_WITH_UNIT (LENGTH_MEASURE( 1.000000000000000082E-05 ), #377, 'distance_accuracy_value', 'NONE');
#1536 = CARTESIAN_POINT ( 'NONE',  ( -1.462164714140030686, 5.519112848942158145, 3.499999999999997335 ) ) ;
#1537 = COLOUR_RGB ( '',0.7529411764705882248, 0.7529411764705882248, 0.7529411764705882248 ) ;
#1538 =( NAMED_UNIT ( * ) SI_UNIT ( $, .STERADIAN. ) SOLID_ANGLE_UNIT ( ) );
#1539 = FILL_AREA_STYLE ('',( #8686 ) ) ;
#1540 = UNCERTAINTY_MEASURE_WITH_UNIT (LENGTH_MEASURE( 1.000000000000000082E-05 ), #7601, 'distance_accuracy_value', 'NONE');
#1541 = EDGE_LOOP ( 'NONE', ( #7302, #3357 ) ) ;
#1542 = PRESENTATION_STYLE_ASSIGNMENT (( #3869 ) ) ;
#1543 = DIRECTION ( 'NONE',  ( 0.000000000000000000, 0.000000000000000000, 1.000000000000000000 ) ) ;
#1544 = SURFACE_SIDE_STYLE ('',( #1389 ) ) ;
#1545 =( LENGTH_UNIT ( ) NAMED_UNIT ( * ) SI_UNIT ( .MILLI., .METRE. ) );
#1546 = AXIS2_PLACEMENT_3D ( 'NONE', #5137, #9986, #462 ) ;
#1547 = SURFACE_SIDE_STYLE ('',( #10015 ) ) ;
#1548 = CARTESIAN_POINT ( 'NONE',  ( -6.547679712131306395, 3.000000000000000444, -2.979052028523552664 ) ) ;
#1549 = AXIS2_PLACEMENT_3D ( 'NONE', #6143, #4459, #2127 ) ;
#1550 = ORIENTED_EDGE ( 'NONE', *, *, #4919, .T. ) ;
#1551 = ORIENTED_EDGE ( 'NONE', *, *, #206, .T. ) ;
#1552 = VERTEX_POINT ( 'NONE', #8823 ) ;
#1553 = COLOUR_RGB ( '',0.7529411764705882248, 0.7529411764705882248, 0.7529411764705882248 ) ;
#1554 = CARTESIAN_POINT ( 'NONE',  ( -4.054821420274921984, 4.341536639986061097, 3.598611123188931504 ) ) ;
#1555 =( LENGTH_UNIT ( ) NAMED_UNIT ( * ) SI_UNIT ( .MILLI., .METRE. ) );
#1556 = DIRECTION ( 'NONE',  ( -0.4961328535521692396, 0.000000000000000000, 0.8682466191274121892 ) ) ;
#1557 = CARTESIAN_POINT ( 'NONE',  ( -6.159705218919227399, 2.062903407891059970, -3.053341690607341619 ) ) ;
#1558 = EDGE_LOOP ( 'NONE', ( #7098, #4342, #7416, #4610 ) ) ;
#1559 = STYLED_ITEM ( 'NONE', ( #2533 ), #1028 ) ;
#1560 = AXIS2_PLACEMENT_3D ( 'NONE', #6603, #2473, #4943 ) ;
#1561 = AXIS2_PLACEMENT_3D ( 'NONE', #5207, #1957, #5153 ) ;
#1562 = ORIENTED_EDGE ( 'NONE', *, *, #9288, .F. ) ;
#1563 = DIRECTION ( 'NONE',  ( -1.084202172485503842E-15, 1.000000000000000000, 0.000000000000000000 ) ) ;
#1564 = VERTEX_POINT ( 'NONE', #7985 ) ;
#1565 = CARTESIAN_POINT ( 'NONE',  ( 5.000000000000000000, 5.000000000000000000, 3.299999999999999822 ) ) ;
#1566 =( GEOMETRIC_REPRESENTATION_CONTEXT ( 3 ) GLOBAL_UNCERTAINTY_ASSIGNED_CONTEXT ( ( #3786 ) ) GLOBAL_UNIT_ASSIGNED_CONTEXT ( ( #5562, #4451, #8666 ) ) REPRESENTATION_CONTEXT ( 'NONE', 'WORKASPACE' ) );
#1567 = EDGE_CURVE ( 'NONE', #7274, #8571, #2508, .T. ) ;
#1568 =( NAMED_UNIT ( * ) PLANE_ANGLE_UNIT ( ) SI_UNIT ( $, .RADIAN. ) );
#1569 =( GEOMETRIC_REPRESENTATION_CONTEXT ( 3 ) GLOBAL_UNCERTAINTY_ASSIGNED_CONTEXT ( ( #5938 ) ) GLOBAL_UNIT_ASSIGNED_CONTEXT ( ( #9171, #6788, #5220 ) ) REPRESENTATION_CONTEXT ( 'NONE', 'WORKASPACE' ) );
#1570 = DIRECTION ( 'NONE',  ( 0.3846153846154063971, 0.9230769230769142464, 2.249138607824088469E-15 ) ) ;
#1571 = LINE ( 'NONE', #4420, #5175 ) ;
#1572 = AXIS2_PLACEMENT_3D ( 'NONE', #3415, #1817, #7412 ) ;
#1573 = ORIENTED_EDGE ( 'NONE', *, *, #3697, .F. ) ;
#1574 = CARTESIAN_POINT ( 'NONE',  ( 1.600000000000000089, -1.600000000000000089, 6.999999999999999112 ) ) ;
#1575 = LINE ( 'NONE', #7941, #9446 ) ;
#1576 = FACE_OUTER_BOUND ( 'NONE', #1653, .T. ) ;
#1577 =( GEOMETRIC_REPRESENTATION_CONTEXT ( 3 ) GLOBAL_UNCERTAINTY_ASSIGNED_CONTEXT ( ( #9099 ) ) GLOBAL_UNIT_ASSIGNED_CONTEXT ( ( #4543, #5170, #401 ) ) REPRESENTATION_CONTEXT ( 'NONE', 'WORKASPACE' ) );
#1578 = CIRCLE ( 'NONE', #5597, 0.7999999999988443022 ) ;
#1579 = CYLINDRICAL_SURFACE ( 'NONE', #2824, 0.4000000000000001887 ) ;
#1580 = ORIENTED_EDGE ( 'NONE', *, *, #7642, .F. ) ;
#1581 =( NAMED_UNIT ( * ) PLANE_ANGLE_UNIT ( ) SI_UNIT ( $, .RADIAN. ) );
#1582 = DIRECTION ( 'NONE',  ( -0.4722150451494424028, 0.000000000000000000, -0.8814833810881008702 ) ) ;
#1583 = ORIENTED_EDGE ( 'NONE', *, *, #3676, .F. ) ;
#1584 = FILL_AREA_STYLE_COLOUR ( '', #9853 ) ;
#1585 = SURFACE_STYLE_FILL_AREA ( #3274 ) ;
#1586 = STYLED_ITEM ( 'NONE', ( #5976 ), #2386 ) ;
#1587 = DIRECTION ( 'NONE',  ( -0.000000000000000000, 1.000000000000000000, 0.000000000000000000 ) ) ;
#1588 =( LENGTH_UNIT ( ) NAMED_UNIT ( * ) SI_UNIT ( .MILLI., .METRE. ) );
#1589 = PRESENTATION_STYLE_ASSIGNMENT (( #2377 ) ) ;
#1590 = LINE ( 'NONE', #4803, #5806 ) ;
#1591 = SURFACE_SIDE_STYLE ('',( #2438 ) ) ;
#1592 = SURFACE_SIDE_STYLE ('',( #2380 ) ) ;
#1593 = AXIS2_PLACEMENT_3D ( 'NONE', #6884, #6789, #7653 ) ;
#1594 = DIRECTION ( 'NONE',  ( -1.000000000000000000, 0.000000000000000000, -4.336808689942028583E-16 ) ) ;
#1595 = DIRECTION ( 'NONE',  ( -1.000000000000000000, 0.000000000000000000, 0.000000000000000000 ) ) ;
#1596 = EDGE_CURVE ( 'NONE', #9552, #3272, #3951, .T. ) ;
#1597 = LINE ( 'NONE', #3984, #7800 ) ;
#1598 = EDGE_CURVE ( 'NONE', #4564, #4361, #1485, .T. ) ;
#1599 = VECTOR ( 'NONE', #3767, 1000.000000000000000 ) ;
#1600 = VERTEX_POINT ( 'NONE', #3091 ) ;
#1601 = AXIS2_PLACEMENT_3D ( 'NONE', #2905, #5347, #6222 ) ;
#1602 = FILL_AREA_STYLE ('',( #7251 ) ) ;
#1603 = ORIENTED_EDGE ( 'NONE', *, *, #4084, .F. ) ;
#1604 = ORIENTED_EDGE ( 'NONE', *, *, #6733, .F. ) ;
#1605 = EDGE_CURVE ( 'NONE', #1076, #6333, #3258, .T. ) ;
#1606 = CARTESIAN_POINT ( 'NONE',  ( 5.424745029542468622, 1.866168552841506401, 3.600000000000001421 ) ) ;
#1607 = DIRECTION ( 'NONE',  ( -1.000000000000000000, 0.000000000000000000, 0.000000000000000000 ) ) ;
#1608 = CARTESIAN_POINT ( 'NONE',  ( 4.054821420274923760, -4.341536639986060209, 3.598611123188932837 ) ) ;
#1609 = AXIS2_PLACEMENT_3D ( 'NONE', #3783, #4549, #4709 ) ;
#1610 = CARTESIAN_POINT ( 'NONE',  ( -0.4999999999999987232, 4.500000000000002665, -1.199999999999997069 ) ) ;
#1611 = VERTEX_POINT ( 'NONE', #6277 ) ;
#1612 = TOROIDAL_SURFACE ( 'NONE', #10288, 0.03542486889361162045, 0.3999999999999932498 ) ;
#1613 = DIRECTION ( 'NONE',  ( 0.000000000000000000, 0.000000000000000000, -1.000000000000000000 ) ) ;
#1614 = EDGE_CURVE ( 'NONE', #7204, #1260, #7113, .T. ) ;
#1615 = COLOUR_RGB ( '',0.7529411764705882248, 0.7529411764705882248, 0.7529411764705882248 ) ;
#1616 = ORIENTED_EDGE ( 'NONE', *, *, #4084, .T. ) ;
#1617 = VERTEX_POINT ( 'NONE', #9604 ) ;
#1618 = EDGE_CURVE ( 'NONE', #3193, #747, #6327, .T. ) ;
#1619 =( GEOMETRIC_REPRESENTATION_CONTEXT ( 3 ) GLOBAL_UNCERTAINTY_ASSIGNED_CONTEXT ( ( #9136 ) ) GLOBAL_UNIT_ASSIGNED_CONTEXT ( ( #1430, #2513, #4642 ) ) REPRESENTATION_CONTEXT ( 'NONE', 'WORKASPACE' ) );
#1620 = COLOUR_RGB ( '',0.7529411764705882248, 0.7529411764705882248, 0.7529411764705882248 ) ;
#1621 = CARTESIAN_POINT ( 'NONE',  ( -6.650000000000001243, -2.999999999999999112, -2.094532406675943648 ) ) ;
#1622 = DIRECTION ( 'NONE',  ( -2.840858515597182442E-13, 3.514479582739302792E-14, -1.000000000000000000 ) ) ;
#1623 = FILL_AREA_STYLE ('',( #1719 ) ) ;
#1624 = AXIS2_PLACEMENT_3D ( 'NONE', #1003, #4233, #9731 ) ;
#1625 = PRESENTATION_STYLE_ASSIGNMENT (( #9453 ) ) ;
#1626 = EDGE_CURVE ( 'NONE', #4017, #5748, #1571, .T. ) ;
#1627 = COLOUR_RGB ( '',0.7529411764705882248, 0.7529411764705882248, 0.7529411764705882248 ) ;
#1628 = CARTESIAN_POINT ( 'NONE',  ( 5.399999999999927525, -2.249999999999976907, 3.499999999999996447 ) ) ;
#1629 = ORIENTED_EDGE ( 'NONE', *, *, #4858, .T. ) ;
#1630 = FILL_AREA_STYLE_COLOUR ( '', #2550 ) ;
#1631 = DIRECTION ( 'NONE',  ( 0.8682466191274125222, -0.000000000000000000, 0.4961328535521689620 ) ) ;
#1632 =( NAMED_UNIT ( * ) PLANE_ANGLE_UNIT ( ) SI_UNIT ( $, .RADIAN. ) );
#1633 = UNCERTAINTY_MEASURE_WITH_UNIT (LENGTH_MEASURE( 1.000000000000000082E-05 ), #2670, 'distance_accuracy_value', 'NONE');
#1634 = STYLED_ITEM ( 'NONE', ( #9679 ), #9993 ) ;
#1635 =( LENGTH_UNIT ( ) NAMED_UNIT ( * ) SI_UNIT ( .MILLI., .METRE. ) );
#1636 = ORIENTED_EDGE ( 'NONE', *, *, #4722, .F. ) ;
#1637 = PRESENTATION_STYLE_ASSIGNMENT (( #8834 ) ) ;
#1638 = CARTESIAN_POINT ( 'NONE',  ( -5.699999999999997513, 5.000000000000000000, 3.500000000000000000 ) ) ;
#1639 = VERTEX_POINT ( 'NONE', #3425 ) ;
#1640 = CARTESIAN_POINT ( 'NONE',  ( 5.800000000000000711, 0.000000000000000000, 0.2000000000000000944 ) ) ;
#1641 = SURFACE_STYLE_FILL_AREA ( #8106 ) ;
#1642 = SURFACE_SIDE_STYLE ('',( #156 ) ) ;
#1643 = CARTESIAN_POINT ( 'NONE',  ( 6.547679712131308172, -3.000000000000000000, -2.979052028523551776 ) ) ;
#1644 = FILL_AREA_STYLE_COLOUR ( '', #1135 ) ;
#1645 = ADVANCED_FACE ( 'NONE', ( #3477 ), #9494, .T. ) ;
#1646 = CYLINDRICAL_SURFACE ( 'NONE', #2868, 0.04999999999999969746 ) ;
#1647 = CARTESIAN_POINT ( 'NONE',  ( 6.041480816619163363, 6.704630743366732482, -0.8527262566030739954 ) ) ;
#1648 = SURFACE_SIDE_STYLE ('',( #2443 ) ) ;
#1649 = FILL_AREA_STYLE ('',( #4145 ) ) ;
#1650 = VECTOR ( 'NONE', #9925, 1000.000000000000000 ) ;
#1651 = VERTEX_POINT ( 'NONE', #251 ) ;
#1652 = PRESENTATION_STYLE_ASSIGNMENT (( #8019 ) ) ;
#1653 = EDGE_LOOP ( 'NONE', ( #106, #314, #7478, #9484, #8311 ) ) ;
#1654 = EDGE_LOOP ( 'NONE', ( #6294, #5684, #1891, #4384 ) ) ;
#1655 = CARTESIAN_POINT ( 'NONE',  ( -0.7999999999999994893, 4.500000000000003553, 0.000000000000000000 ) ) ;
#1656 = DIRECTION ( 'NONE',  ( -0.000000000000000000, -0.000000000000000000, 1.000000000000000000 ) ) ;
#1657 = CARTESIAN_POINT ( 'NONE',  ( 3.949999999999999734, 4.750000000000000000, 3.200000000000000178 ) ) ;
#1658 = DIRECTION ( 'NONE',  ( -4.336808689967532456E-16, -4.336808689967532456E-16, -1.000000000000000000 ) ) ;
#1659 = ADVANCED_FACE ( 'NONE', ( #5865 ), #1936, .T. ) ;
#1660 = DIRECTION ( 'NONE',  ( 0.000000000000000000, -1.000000000000000000, 6.505213034912980850E-15 ) ) ;
#1661 = ORIENTED_EDGE ( 'NONE', *, *, #1752, .F. ) ;
#1662 = VECTOR ( 'NONE', #3284, 1000.000000000000000 ) ;
#1663 = CARTESIAN_POINT ( 'NONE',  ( 1.599999999999999867, 5.435424868893540484, 3.199999999999999734 ) ) ;
#1664 = ORIENTED_EDGE ( 'NONE', *, *, #3480, .F. ) ;
#1665 = ORIENTED_EDGE ( 'NONE', *, *, #5788, .T. ) ;
#1666 =( NAMED_UNIT ( * ) SI_UNIT ( $, .STERADIAN. ) SOLID_ANGLE_UNIT ( ) );
#1667 = PRESENTATION_STYLE_ASSIGNMENT (( #8820 ) ) ;
#1668 = CIRCLE ( 'NONE', #3361, 0.2999999999999981570 ) ;
#1669 = CIRCLE ( 'NONE', #10347, 6.149999999999972822 ) ;
#1670 =( GEOMETRIC_REPRESENTATION_CONTEXT ( 3 ) GLOBAL_UNCERTAINTY_ASSIGNED_CONTEXT ( ( #8733 ) ) GLOBAL_UNIT_ASSIGNED_CONTEXT ( ( #6665, #9939, #3590 ) ) REPRESENTATION_CONTEXT ( 'NONE', 'WORKASPACE' ) );
#1671 = EDGE_CURVE ( 'NONE', #3835, #1739, #9146, .T. ) ;
#1672 = STYLED_ITEM ( 'NONE', ( #549 ), #5762 ) ;
#1673 = DIRECTION ( 'NONE',  ( 0.8682466191274125222, 0.000000000000000000, -0.4961328535521688510 ) ) ;
#1674 = CARTESIAN_POINT ( 'NONE',  ( -5.819112848942164185, -1.462164714140039790, 3.199999999999997513 ) ) ;
#1675 =( NAMED_UNIT ( * ) SI_UNIT ( $, .STERADIAN. ) SOLID_ANGLE_UNIT ( ) );
#1676 = CIRCLE ( 'NONE', #2352, 1.000000000000000000 ) ;
#1677 = EDGE_LOOP ( 'NONE', ( #911, #4118, #6425, #279 ) ) ;
#1678 = COLOUR_RGB ( '',1.000000000000000000, 1.000000000000000000, 1.000000000000000000 ) ;
#1679 = SURFACE_STYLE_FILL_AREA ( #4066 ) ;
#1680 = AXIS2_PLACEMENT_3D ( 'NONE', #1908, #2860, #9266 ) ;
#1681 = LINE ( 'NONE', #2280, #6062 ) ;
#1682 = ORIENTED_EDGE ( 'NONE', *, *, #464, .F. ) ;
#1683 = SURFACE_SIDE_STYLE ('',( #4951 ) ) ;
#1684 = UNCERTAINTY_MEASURE_WITH_UNIT (LENGTH_MEASURE( 1.000000000000000082E-05 ), #3703, 'distance_accuracy_value', 'NONE');
#1685 = VERTEX_POINT ( 'NONE', #9035 ) ;
#1686 = COLOUR_RGB ( '',0.7529411764705882248, 0.7529411764705882248, 0.7529411764705882248 ) ;
#1687 = DIRECTION ( 'NONE',  ( 1.023955701009783700E-31, 1.000000000000000000, 2.990377384838787564E-14 ) ) ;
#1688 =( NAMED_UNIT ( * ) PLANE_ANGLE_UNIT ( ) SI_UNIT ( $, .RADIAN. ) );
#1689 =( NAMED_UNIT ( * ) SI_UNIT ( $, .STERADIAN. ) SOLID_ANGLE_UNIT ( ) );
#1690 = EDGE_CURVE ( 'NONE', #9907, #4710, #1879, .T. ) ;
#1691 = CYLINDRICAL_SURFACE ( 'NONE', #10138, 0.1999999999999996503 ) ;
#1692 = CARTESIAN_POINT ( 'NONE',  ( 0.7999999999999994893, 4.500000000000003553, 0.000000000000000000 ) ) ;
#1693 = CARTESIAN_POINT ( 'NONE',  ( 9.184547653667787528E-17, -4.500000000000002665, -1.500000000000000444 ) ) ;
#1694 = COLOUR_RGB ( '',0.2980392156862745057, 0.2980392156862745057, 0.2980392156862745057 ) ;
#1695 = FILL_AREA_STYLE ('',( #7037 ) ) ;
#1696 = AXIS2_PLACEMENT_3D ( 'NONE', #324, #6039, #4531 ) ;
#1697 = SURFACE_SIDE_STYLE ('',( #2334 ) ) ;
#1698 = ADVANCED_FACE ( 'NONE', ( #8976 ), #1094, .T. ) ;
#1699 = FILL_AREA_STYLE_COLOUR ( '', #1022 ) ;
#1700 = CARTESIAN_POINT ( 'NONE',  ( 1.866168552841669159, 5.424745029542288322, 3.200000000000017053 ) ) ;
#1701 = ORIENTED_EDGE ( 'NONE', *, *, #8836, .T. ) ;
#1702 = CARTESIAN_POINT ( 'NONE',  ( 0.000000000000000000, 1.500000000000000000, 5.500000000000000000 ) ) ;
#1703 = EDGE_LOOP ( 'NONE', ( #1894, #9987, #8202, #9905 ) ) ;
#1704 = VECTOR ( 'NONE', #4773, 999.9999999999998863 ) ;
#1705 = CARTESIAN_POINT ( 'NONE',  ( -6.547679712131307284, 2.000000000000000888, -2.979052028523551776 ) ) ;
#1706 = PRESENTATION_STYLE_ASSIGNMENT (( #7356 ) ) ;
#1707 = FACE_OUTER_BOUND ( 'NONE', #8886, .T. ) ;
#1708 = MECHANICAL_DESIGN_GEOMETRIC_PRESENTATION_REPRESENTATION (  '', ( #5897 ), #9221 ) ;
#1709 = SURFACE_STYLE_FILL_AREA ( #4251 ) ;
#1710 = FILL_AREA_STYLE ('',( #9642 ) ) ;
#1711 = CIRCLE ( 'NONE', #6055, 0.8000000000000003775 ) ;
#1712 =( GEOMETRIC_REPRESENTATION_CONTEXT ( 3 ) GLOBAL_UNCERTAINTY_ASSIGNED_CONTEXT ( ( #966 ) ) GLOBAL_UNIT_ASSIGNED_CONTEXT ( ( #2475, #4993, #2568 ) ) REPRESENTATION_CONTEXT ( 'NONE', 'WORKASPACE' ) );
#1713 = VERTEX_POINT ( 'NONE', #5288 ) ;
#1714 = PRESENTATION_STYLE_ASSIGNMENT (( #759 ) ) ;
#1715 = ORIENTED_EDGE ( 'NONE', *, *, #2096, .F. ) ;
#1716 =( LENGTH_UNIT ( ) NAMED_UNIT ( * ) SI_UNIT ( .MILLI., .METRE. ) );
#1717 =( NAMED_UNIT ( * ) PLANE_ANGLE_UNIT ( ) SI_UNIT ( $, .RADIAN. ) );
#1718 = CARTESIAN_POINT ( 'NONE',  ( 1.600000000000000089, -1.599999999999999867, 6.999999999999999112 ) ) ;
#1719 = FILL_AREA_STYLE_COLOUR ( '', #9335 ) ;
#1720 = COLOUR_RGB ( '',0.7529411764705882248, 0.7529411764705882248, 0.7529411764705882248 ) ;
#1721 = MECHANICAL_DESIGN_GEOMETRIC_PRESENTATION_REPRESENTATION (  '', ( #4757 ), #4434 ) ;
#1722 = CARTESIAN_POINT ( 'NONE',  ( 5.272502810938881623, -1.604051834206942306, 3.599999976347726172 ) ) ;
#1723 = ADVANCED_FACE ( 'NONE', ( #10323 ), #1255, .T. ) ;
#1724 = VECTOR ( 'NONE', #4732, 1000.000000000000000 ) ;
#1725 = PRESENTATION_LAYER_ASSIGNMENT (  '', '', ( #3756 ) ) ;
#1726 = AXIS2_PLACEMENT_3D ( 'NONE', #2680, #260, #204 ) ;
#1727 = PRESENTATION_STYLE_ASSIGNMENT (( #6383 ) ) ;
#1728 = CARTESIAN_POINT ( 'NONE',  ( -4.750000000000000000, -4.750000000000000000, 3.200000000000000178 ) ) ;
#1729 = VERTEX_POINT ( 'NONE', #4755 ) ;
#1730 = CARTESIAN_POINT ( 'NONE',  ( -6.000000000000000000, 5.000000000000000000, 0.4000000000000000222 ) ) ;
#1731 = COLOUR_RGB ( '',1.000000000000000000, 1.000000000000000000, 1.000000000000000000 ) ;
#1732 = EDGE_CURVE ( 'NONE', #2601, #5854, #8981, .T. ) ;
#1733 = DIRECTION ( 'NONE',  ( 0.000000000000000000, 0.000000000000000000, -1.000000000000000000 ) ) ;
#1734 = DIRECTION ( 'NONE',  ( -0.000000000000000000, 1.000000000000000000, -0.000000000000000000 ) ) ;
#1735 = ORIENTED_EDGE ( 'NONE', *, *, #5848, .T. ) ;
#1736 = DIRECTION ( 'NONE',  ( 0.000000000000000000, 1.000000000000000000, 0.000000000000000000 ) ) ;
#1737 = AXIS2_PLACEMENT_3D ( 'NONE', #1083, #3352, #293 ) ;
#1738 = MECHANICAL_DESIGN_GEOMETRIC_PRESENTATION_REPRESENTATION (  '', ( #9734 ), #10236 ) ;
#1739 = VERTEX_POINT ( 'NONE', #6949 ) ;
#1740 = B_SPLINE_CURVE_WITH_KNOTS ( 'NONE', 3,
 ( #5900, #122, #962, #1755 ),
 .UNSPECIFIED., .F., .F.,
 ( 4, 4 ),
 ( 0.000000000000000000, 1.000000000000000000 ),
 .UNSPECIFIED. ) ;
#1741 = DIRECTION ( 'NONE',  ( -1.000000000000000000, 0.000000000000000000, 1.101804450513189415E-13 ) ) ;
#1742 = AXIS2_PLACEMENT_3D ( 'NONE', #9689, #1857, #4303 ) ;
#1743 = DIRECTION ( 'NONE',  ( -0.000000000000000000, -1.000000000000000000, -0.000000000000000000 ) ) ;
#1744 = AXIS2_PLACEMENT_3D ( 'NONE', #4650, #7807, #631 ) ;
#1745 = CIRCLE ( 'NONE', #411, 0.9999999999912745352 ) ;
#1746 = CARTESIAN_POINT ( 'NONE',  ( 5.000000000000000000, 3.500000000000000000, 0.000000000000000000 ) ) ;
#1747 = ADVANCED_FACE ( 'NONE', ( #7666 ), #5670, .T. ) ;
#1748 =( GEOMETRIC_REPRESENTATION_CONTEXT ( 3 ) GLOBAL_UNCERTAINTY_ASSIGNED_CONTEXT ( ( #4128 ) ) GLOBAL_UNIT_ASSIGNED_CONTEXT ( ( #7263, #5699, #3251 ) ) REPRESENTATION_CONTEXT ( 'NONE', 'WORKASPACE' ) );
#1749 = SURFACE_STYLE_FILL_AREA ( #7340 ) ;
#1750 = EDGE_CURVE ( 'NONE', #8716, #8927, #629, .T. ) ;
#1751 = CARTESIAN_POINT ( 'NONE',  ( -6.000000000000000000, 0.000000000000000000, 0.2000000000000001221 ) ) ;
#1752 = EDGE_CURVE ( 'NONE', #6018, #2028, #2492, .T. ) ;
#1753 = PRESENTATION_LAYER_ASSIGNMENT (  '', '', ( #4134 ) ) ;
#1754 = ORIENTED_EDGE ( 'NONE', *, *, #1806, .T. ) ;
#1755 = CARTESIAN_POINT ( 'NONE',  ( -5.271558449006367830, -1.324581074942560832, 3.600000000000000977 ) ) ;
#1756 = ORIENTED_EDGE ( 'NONE', *, *, #1454, .F. ) ;
#1757 =( NAMED_UNIT ( * ) PLANE_ANGLE_UNIT ( ) SI_UNIT ( $, .RADIAN. ) );
#1758 = EDGE_LOOP ( 'NONE', ( #10101, #4227 ) ) ;
#1759 = ADVANCED_FACE ( 'NONE', ( #5729 ), #223, .T. ) ;
#1760 =( LENGTH_UNIT ( ) NAMED_UNIT ( * ) SI_UNIT ( .MILLI., .METRE. ) );
#1761 = SURFACE_STYLE_FILL_AREA ( #2715 ) ;
#1762 = LINE ( 'NONE', #347, #949 ) ;
#1763 = EDGE_CURVE ( 'NONE', #1246, #10003, #7165, .T. ) ;
#1764 = ORIENTED_EDGE ( 'NONE', *, *, #494, .F. ) ;
#1765 = ORIENTED_EDGE ( 'NONE', *, *, #6924, .F. ) ;
#1766 = DIRECTION ( 'NONE',  ( 0.000000000000000000, 1.000000000000000000, 0.000000000000000000 ) ) ;
#1767 = COLOUR_RGB ( '',0.2980392156862745057, 0.2980392156862745057, 0.2980392156862745057 ) ;
#1768 = CARTESIAN_POINT ( 'NONE',  ( -5.950000000000000178, -2.999999999999999556, 0.7999999958350421103 ) ) ;
#1769 = CIRCLE ( 'NONE', #6113, 0.2999999999999999334 ) ;
#1770 =( NAMED_UNIT ( * ) SI_UNIT ( $, .STERADIAN. ) SOLID_ANGLE_UNIT ( ) );
#1771 = STYLED_ITEM ( 'NONE', ( #1727 ), #2277 ) ;
#1772 = CARTESIAN_POINT ( 'NONE',  ( 6.547679712131303731, 2.000000000000000444, -2.979052028523552220 ) ) ;
#1773 = STYLED_ITEM ( 'NONE', ( #8916 ), #3678 ) ;
#1774 = CARTESIAN_POINT ( 'NONE',  ( 5.424745029542297203, -1.866168552841676265, 3.600000000000000089 ) ) ;
#1775 = UNCERTAINTY_MEASURE_WITH_UNIT (LENGTH_MEASURE( 1.000000000000000082E-05 ), #4291, 'distance_accuracy_value', 'NONE');
#1776 = PRESENTATION_LAYER_ASSIGNMENT (  '', '', ( #7126 ) ) ;
#1777 = CARTESIAN_POINT ( 'NONE',  ( 6.953886316694598335, 2.000000000000000888, -2.268178905419202529 ) ) ;
#1778 = LINE ( 'NONE', #6538, #7616 ) ;
#1779 = ORIENTED_EDGE ( 'NONE', *, *, #2252, .T. ) ;
#1780 = SURFACE_SIDE_STYLE ('',( #1679 ) ) ;
#1781 = CIRCLE ( 'NONE', #2118, 0.4000000000000266120 ) ;
#1782 =( NAMED_UNIT ( * ) PLANE_ANGLE_UNIT ( ) SI_UNIT ( $, .RADIAN. ) );
#1783 =( NAMED_UNIT ( * ) PLANE_ANGLE_UNIT ( ) SI_UNIT ( $, .RADIAN. ) );
#1784 = VERTEX_POINT ( 'NONE', #4914 ) ;
#1785 = PRESENTATION_STYLE_ASSIGNMENT (( #5985 ) ) ;
#1786 = DIRECTION ( 'NONE',  ( -0.000000000000000000, -0.000000000000000000, 1.000000000000000000 ) ) ;
#1787 = ORIENTED_EDGE ( 'NONE', *, *, #4555, .T. ) ;
#1788 = CARTESIAN_POINT ( 'NONE',  ( -5.950000000000000178, -1.999999999999999556, 0.8000000000000000444 ) ) ;
#1789 = EDGE_CURVE ( 'NONE', #10149, #5052, #805, .T. ) ;
#1790 = EDGE_CURVE ( 'NONE', #4353, #8165, #2500, .T. ) ;
#1791 = LINE ( 'NONE', #2485, #6178 ) ;
#1792 = AXIS2_PLACEMENT_3D ( 'NONE', #8482, #10196, #3855 ) ;
#1793 = PRESENTATION_STYLE_ASSIGNMENT (( #3332 ) ) ;
#1794 = STYLED_ITEM ( 'NONE', ( #1542 ), #9929 ) ;
#1795 = DIRECTION ( 'NONE',  ( 0.000000000000000000, 1.000000000000000000, -2.891205793294679017E-15 ) ) ;
#1796 = DIRECTION ( 'NONE',  ( 0.000000000000000000, 0.000000000000000000, 1.000000000000000000 ) ) ;
#1797 = DIRECTION ( 'NONE',  ( 1.000000000000000000, 0.000000000000000000, 0.000000000000000000 ) ) ;
#1798 =( LENGTH_UNIT ( ) NAMED_UNIT ( * ) SI_UNIT ( .MILLI., .METRE. ) );
#1799 = EDGE_CURVE ( 'NONE', #2788, #5235, #954, .T. ) ;
#1800 = ORIENTED_EDGE ( 'NONE', *, *, #9813, .F. ) ;
#1801 = CARTESIAN_POINT ( 'NONE',  ( -6.349999999999997868, 2.000000000000000000, -0.6874509908007693237 ) ) ;
#1802 = CARTESIAN_POINT ( 'NONE',  ( 5.000000000000000000, 5.800000000000000711, 3.500000000000001332 ) ) ;
#1803 = ORIENTED_EDGE ( 'NONE', *, *, #3369, .T. ) ;
#1804 = COLOUR_RGB ( '',0.7529411764705882248, 0.7529411764705882248, 0.7529411764705882248 ) ;
#1805 = CARTESIAN_POINT ( 'NONE',  ( 0.7999999999999994893, 4.500000000000003553, -9.796850830579017080E-17 ) ) ;
#1806 = EDGE_CURVE ( 'NONE', #4972, #5856, #9792, .T. ) ;
#1807 = DIRECTION ( 'NONE',  ( -1.053031360026544826E-16, -1.000000000000000000, -0.000000000000000000 ) ) ;
#1808 = ORIENTED_EDGE ( 'NONE', *, *, #3524, .T. ) ;
#1809 = DIRECTION ( 'NONE',  ( -1.000000000000000000, 2.710505431213761578E-16, -0.000000000000000000 ) ) ;
#1810 = ORIENTED_EDGE ( 'NONE', *, *, #2075, .T. ) ;
#1811 = DIRECTION ( 'NONE',  ( -0.000000000000000000, 0.000000000000000000, 1.000000000000000000 ) ) ;
#1812 = VERTEX_POINT ( 'NONE', #5845 ) ;
#1813 = UNCERTAINTY_MEASURE_WITH_UNIT (LENGTH_MEASURE( 1.000000000000000082E-05 ), #6437, 'distance_accuracy_value', 'NONE');
#1814 = DIRECTION ( 'NONE',  ( -1.000000000000000000, 0.000000000000000000, -4.814824860968056352E-31 ) ) ;
#1815 = DIRECTION ( 'NONE',  ( -0.4961328535521692396, 0.000000000000000000, -0.8682466191274121892 ) ) ;
#1816 = EDGE_CURVE ( 'NONE', #1739, #3746, #792, .T. ) ;
#1817 = DIRECTION ( 'NONE',  ( 0.000000000000000000, -1.000000000000000000, 0.000000000000000000 ) ) ;
#1818 = SURFACE_STYLE_USAGE ( .BOTH. , #9914 ) ;
#1819 = CARTESIAN_POINT ( 'NONE',  ( -5.400000000000103384, -2.250000000000026201, 3.199999999999982858 ) ) ;
#1820 = ORIENTED_EDGE ( 'NONE', *, *, #5858, .T. ) ;
#1821 = LINE ( 'NONE', #5965, #9422 ) ;
#1822 = ORIENTED_EDGE ( 'NONE', *, *, #7220, .F. ) ;
#1823 =( NAMED_UNIT ( * ) SI_UNIT ( $, .STERADIAN. ) SOLID_ANGLE_UNIT ( ) );
#1824 = AXIS2_PLACEMENT_3D ( 'NONE', #2836, #6155, #10075 ) ;
#1825 = FILL_AREA_STYLE_COLOUR ( '', #7077 ) ;
#1826 = CARTESIAN_POINT ( 'NONE',  ( 5.424745029542297203, -1.866168552841676265, 3.600000000000000089 ) ) ;
#1827 = UNCERTAINTY_MEASURE_WITH_UNIT (LENGTH_MEASURE( 1.000000000000000082E-05 ), #6132, 'distance_accuracy_value', 'NONE');
#1828 = CARTESIAN_POINT ( 'NONE',  ( 5.322402200378575365, -1.730984756053469908, 3.599999959651749126 ) ) ;
#1829 =( LENGTH_UNIT ( ) NAMED_UNIT ( * ) SI_UNIT ( .MILLI., .METRE. ) );
#1830 = VERTEX_POINT ( 'NONE', #10 ) ;
#1831 = ADVANCED_FACE ( 'NONE', ( #4141 ), #3859, .T. ) ;
#1832 = PRESENTATION_STYLE_ASSIGNMENT (( #1045 ) ) ;
#1833 = VERTEX_POINT ( 'NONE', #3229 ) ;
#1834 = FILL_AREA_STYLE ('',( #8830 ) ) ;
#1835 = LINE ( 'NONE', #1993, #7575 ) ;
#1836 = DIRECTION ( 'NONE',  ( -0.000000000000000000, -1.000000000000000000, -0.000000000000000000 ) ) ;
#1837 = ORIENTED_EDGE ( 'NONE', *, *, #2892, .F. ) ;
#1838 = FILL_AREA_STYLE_COLOUR ( '', #1007 ) ;
#1839 = COLOUR_RGB ( '',1.000000000000000000, 1.000000000000000000, 1.000000000000000000 ) ;
#1840 = VERTEX_POINT ( 'NONE', #704 ) ;
#1841 = PRESENTATION_LAYER_ASSIGNMENT (  '', '', ( #5036 ) ) ;
#1842 = STYLED_ITEM ( 'NONE', ( #6974 ), #7294 ) ;
#1843 = MECHANICAL_DESIGN_GEOMETRIC_PRESENTATION_REPRESENTATION (  '', ( #2511 ), #3545 ) ;
#1844 = DIRECTION ( 'NONE',  ( -1.000000000000000000, 0.000000000000000000, -0.000000000000000000 ) ) ;
#1845 = SURFACE_SIDE_STYLE ('',( #9056 ) ) ;
#1846 = CIRCLE ( 'NONE', #155, 5.699999999999969091 ) ;
#1847 = CARTESIAN_POINT ( 'NONE',  ( 6.349999999999997868, 3.000000000000000000, -0.6874509908007693237 ) ) ;
#1848 = CARTESIAN_POINT ( 'NONE',  ( -5.999999999999997335, 2.000000000000000000, -0.6874509908007685466 ) ) ;
#1849 = LINE ( 'NONE', #5107, #8342 ) ;
#1850 = MECHANICAL_DESIGN_GEOMETRIC_PRESENTATION_REPRESENTATION (  '', ( #10028 ), #6360 ) ;
#1851 = ORIENTED_EDGE ( 'NONE', *, *, #4037, .T. ) ;
#1852 =( LENGTH_UNIT ( ) NAMED_UNIT ( * ) SI_UNIT ( .MILLI., .METRE. ) );
#1853 = CARTESIAN_POINT ( 'NONE',  ( 4.999999999999994671, -6.000000000000000000, 0.2000000000000000944 ) ) ;
#1854 = PRODUCT_DEFINITION_CONTEXT ( 'detailed design', #6827, 'design' ) ;
#1855 = ORIENTED_EDGE ( 'NONE', *, *, #7127, .F. ) ;
#1856 = SURFACE_SIDE_STYLE ('',( #3341 ) ) ;
#1857 = DIRECTION ( 'NONE',  ( 0.7155891509246441462, 0.6985214149036140796, 2.685599106724013796E-14 ) ) ;
#1858 = COLOUR_RGB ( '',1.000000000000000000, 1.000000000000000000, 1.000000000000000000 ) ;
#1859 = CIRCLE ( 'NONE', #5519, 0.4500000000000001221 ) ;
#1860 = ORIENTED_EDGE ( 'NONE', *, *, #5200, .T. ) ;
#1861 = VERTEX_POINT ( 'NONE', #7149 ) ;
#1862 = CARTESIAN_POINT ( 'NONE',  ( -3.950851657416640350, 4.713095711004409161, 3.500000000000000000 ) ) ;
#1863 = ORIENTED_EDGE ( 'NONE', *, *, #5800, .T. ) ;
#1864 = CARTESIAN_POINT ( 'NONE',  ( 5.259452181143305260, 1.372012641118248055, 3.600000000000002753 ) ) ;
#1865 = CARTESIAN_POINT ( 'NONE',  ( 6.041480816619161587, -3.000000000000000000, -0.8527262566030734403 ) ) ;
#1866 = VECTOR ( 'NONE', #4087, 1000.000000000000000 ) ;
#1867 =( LENGTH_UNIT ( ) NAMED_UNIT ( * ) SI_UNIT ( .MILLI., .METRE. ) );
#1868 = B_SPLINE_CURVE_WITH_KNOTS ( 'NONE', 3,
 ( #4888, #3368, #8141, #821, #194, #6534, #4168, #6596, #1722, #8041, #3314, #9711, #2561, #6480, #7219, #2469, #35, #4061, #9652, #5758, #2620, #1828, #4939, #8933, #3261, #8882, #3430, #8978, #1774 ),
 .UNSPECIFIED., .F., .F.,
 ( 4, 2, 2, 1, 1, 2, 2, 2, 2, 2, 2, 2, 1, 2, 2, 4 ),
 ( 0.000000000000000000, 0.2499999999999797384, 0.3749999999999695799, 0.4374999999999645284, 0.4687499999999619749, 0.4843749999999606426, 0.4999999999999593103, 0.5624999999999632516, 0.5937499999999653610, 0.6093749999999666933, 0.6249999999999681366, 0.6874999999999725775, 0.7187499999999742428, 0.7343749999999751310, 0.7499999999999759082, 1.000000000000000000 ),
 .UNSPECIFIED. ) ;
#1869 = CIRCLE ( 'NONE', #9462, 0.8000000000000003775 ) ;
#1870 = VECTOR ( 'NONE', #6086, 1000.000000000000000 ) ;
#1871 = EDGE_LOOP ( 'NONE', ( #2162, #2449, #6823, #2676 ) ) ;
#1872 = DIRECTION ( 'NONE',  ( 0.000000000000000000, -1.000000000000000000, 0.000000000000000000 ) ) ;
#1873 = ORIENTED_EDGE ( 'NONE', *, *, #9144, .F. ) ;
#1874 = SURFACE_SIDE_STYLE ('',( #2833 ) ) ;
#1875 = CARTESIAN_POINT ( 'NONE',  ( -6.159705218919228287, -2.062903407891059082, -3.053341690607342507 ) ) ;
#1876 = SURFACE_STYLE_FILL_AREA ( #6754 ) ;
#1877 =( NAMED_UNIT ( * ) PLANE_ANGLE_UNIT ( ) SI_UNIT ( $, .RADIAN. ) );
#1878 = EDGE_CURVE ( 'NONE', #6105, #7351, #5851, .T. ) ;
#1879 = LINE ( 'NONE', #8248, #7660 ) ;
#1880 =( GEOMETRIC_REPRESENTATION_CONTEXT ( 3 ) GLOBAL_UNCERTAINTY_ASSIGNED_CONTEXT ( ( #2838 ) ) GLOBAL_UNIT_ASSIGNED_CONTEXT ( ( #5075, #8074, #916 ) ) REPRESENTATION_CONTEXT ( 'NONE', 'WORKASPACE' ) );
#1881 = AXIS2_PLACEMENT_3D ( 'NONE', #6843, #8403, #1090 ) ;
#1882 = EDGE_CURVE ( 'NONE', #3780, #4663, #604, .T. ) ;
#1883 = EDGE_LOOP ( 'NONE', ( #8081, #3985, #10123, #387 ) ) ;
#1884 = CARTESIAN_POINT ( 'NONE',  ( 5.699999999999999289, 5.000000000000000000, 3.500000000000000000 ) ) ;
#1885 = ORIENTED_EDGE ( 'NONE', *, *, #1929, .T. ) ;
#1886 = COLOUR_RGB ( '',0.7529411764705882248, 0.7529411764705882248, 0.7529411764705882248 ) ;
#1887 = FILL_AREA_STYLE ('',( #8361 ) ) ;
#1888 = SURFACE_STYLE_FILL_AREA ( #7674 ) ;
#1889 = FILL_AREA_STYLE ('',( #8317 ) ) ;
#1890 = DIRECTION ( 'NONE',  ( -1.000000000000000000, 0.000000000000000000, -4.896908669412834629E-14 ) ) ;
#1891 = ORIENTED_EDGE ( 'NONE', *, *, #5939, .T. ) ;
#1892 = SURFACE_STYLE_FILL_AREA ( #6712 ) ;
#1893 = DIRECTION ( 'NONE',  ( -3.491483361109382461E-15, 0.000000000000000000, -1.000000000000000000 ) ) ;
#1894 = ORIENTED_EDGE ( 'NONE', *, *, #6288, .T. ) ;
#1895 = SURFACE_STYLE_USAGE ( .BOTH. , #9052 ) ;
#1896 = VECTOR ( 'NONE', #1469, 1000.000000000000000 ) ;
#1897 = CIRCLE ( 'NONE', #883, 0.2999999999999973244 ) ;
#1898 = CARTESIAN_POINT ( 'NONE',  ( -5.400000000000059863, -2.250000000000017764, 3.599999999999995648 ) ) ;
#1899 = AXIS2_PLACEMENT_3D ( 'NONE', #9109, #5142, #8319 ) ;
#1900 = AXIS2_PLACEMENT_3D ( 'NONE', #684, #9972, #2830 ) ;
#1901 =( NAMED_UNIT ( * ) SI_UNIT ( $, .STERADIAN. ) SOLID_ANGLE_UNIT ( ) );
#1902 = CARTESIAN_POINT ( 'NONE',  ( -5.950000000000000178, 1.409726619599058317, 0.8000000000000000444 ) ) ;
#1903 =( LENGTH_UNIT ( ) NAMED_UNIT ( * ) SI_UNIT ( .MILLI., .METRE. ) );
#1904 = SURFACE_STYLE_USAGE ( .BOTH. , #8108 ) ;
#1905 = CIRCLE ( 'NONE', #9083, 0.04999999999999969746 ) ;
#1906 = AXIS2_PLACEMENT_3D ( 'NONE', #6948, #6154, #2888 ) ;
#1907 = DIRECTION ( 'NONE',  ( -1.000000000000000000, 0.000000000000000000, 0.000000000000000000 ) ) ;
#1908 = CARTESIAN_POINT ( 'NONE',  ( -2.249999999999989342, 5.399999999999928413, 3.599999999999999201 ) ) ;
#1909 = ORIENTED_EDGE ( 'NONE', *, *, #3480, .T. ) ;
#1910 = PRESENTATION_LAYER_ASSIGNMENT (  '', '', ( #6413 ) ) ;
#1911 = ORIENTED_EDGE ( 'NONE', *, *, #6744, .F. ) ;
#1912 = DIRECTION ( 'NONE',  ( 0.4819066211576369940, -0.2377525341402917936, -0.8433503074015559209 ) ) ;
#1913 =( GEOMETRIC_REPRESENTATION_CONTEXT ( 3 ) GLOBAL_UNCERTAINTY_ASSIGNED_CONTEXT ( ( #7626 ) ) GLOBAL_UNIT_ASSIGNED_CONTEXT ( ( #9582, #5626, #6189 ) ) REPRESENTATION_CONTEXT ( 'NONE', 'WORKASPACE' ) );
#1914 =( GEOMETRIC_REPRESENTATION_CONTEXT ( 3 ) GLOBAL_UNCERTAINTY_ASSIGNED_CONTEXT ( ( #9148 ) ) GLOBAL_UNIT_ASSIGNED_CONTEXT ( ( #9810, #8232, #2825 ) ) REPRESENTATION_CONTEXT ( 'NONE', 'WORKASPACE' ) );
#1915 = SURFACE_SIDE_STYLE ('',( #229 ) ) ;
#1916 = CARTESIAN_POINT ( 'NONE',  ( 6.300000004164958867, -3.590273380400940351, 0.7999999999999999334 ) ) ;
#1917 = VERTEX_POINT ( 'NONE', #6200 ) ;
#1918 = ORIENTED_EDGE ( 'NONE', *, *, #4580, .T. ) ;
#1919 =( NAMED_UNIT ( * ) SI_UNIT ( $, .STERADIAN. ) SOLID_ANGLE_UNIT ( ) );
#1920 = CARTESIAN_POINT ( 'NONE',  ( -1.891518204694830896, -5.500000000000000000, 3.594753153809546742 ) ) ;
#1921 = VECTOR ( 'NONE', #2590, 1000.000000000000000 ) ;
#1922 = LINE ( 'NONE', #6517, #7084 ) ;
#1923 = DIRECTION ( 'NONE',  ( -1.000000000000000000, 0.000000000000000000, 0.000000000000000000 ) ) ;
#1924 = PRESENTATION_STYLE_ASSIGNMENT (( #1818 ) ) ;
#1925 = EDGE_CURVE ( 'NONE', #2790, #8771, #7825, .T. ) ;
#1926 = UNCERTAINTY_MEASURE_WITH_UNIT (LENGTH_MEASURE( 1.000000000000000082E-05 ), #967, 'distance_accuracy_value', 'NONE');
#1927 = MECHANICAL_DESIGN_GEOMETRIC_PRESENTATION_REPRESENTATION (  '', ( #1586 ), #4457 ) ;
#1928 = SURFACE_STYLE_FILL_AREA ( #5962 ) ;
#1929 = EDGE_CURVE ( 'NONE', #2777, #6082, #4030, .T. ) ;
#1930 = ORIENTED_EDGE ( 'NONE', *, *, #4909, .T. ) ;
#1931 = CARTESIAN_POINT ( 'NONE',  ( -6.287205726393077398, -2.999999999999999112, -2.830212172457907904 ) ) ;
#1932 = ORIENTED_EDGE ( 'NONE', *, *, #2714, .T. ) ;
#1933 =( LENGTH_UNIT ( ) NAMED_UNIT ( * ) SI_UNIT ( .MILLI., .METRE. ) );
#1934 = PLANE ( 'NONE',  #7966 ) ;
#1935 = ADVANCED_FACE ( 'NONE', ( #1450 ), #9943, .T. ) ;
#1936 = CYLINDRICAL_SURFACE ( 'NONE', #978, 0.1999999999999996503 ) ;
#1937 = DIRECTION ( 'NONE',  ( -0.000000000000000000, -0.000000000000000000, 1.000000000000000000 ) ) ;
#1938 = UNCERTAINTY_MEASURE_WITH_UNIT (LENGTH_MEASURE( 1.000000000000000082E-05 ), #5730, 'distance_accuracy_value', 'NONE');
#1939 = STYLED_ITEM ( 'NONE', ( #3546 ), #2045 ) ;
#1940 = EDGE_CURVE ( 'NONE', #1159, #3454, #10280, .T. ) ;
#1941 =( LENGTH_UNIT ( ) NAMED_UNIT ( * ) SI_UNIT ( .MILLI., .METRE. ) );
#1942 = ORIENTED_EDGE ( 'NONE', *, *, #6870, .T. ) ;
#1943 = ORIENTED_EDGE ( 'NONE', *, *, #2014, .T. ) ;
#1944 = PRESENTATION_LAYER_ASSIGNMENT (  '', '', ( #3800 ) ) ;
#1945 = COLOUR_RGB ( '',1.000000000000000000, 1.000000000000000000, 1.000000000000000000 ) ;
#1946 = LINE ( 'NONE', #7635, #3680 ) ;
#1947 = SURFACE_SIDE_STYLE ('',( #5767 ) ) ;
#1948 = DIRECTION ( 'NONE',  ( 1.053031360026544826E-16, 1.000000000000000000, 0.000000000000000000 ) ) ;
#1949 = PRESENTATION_LAYER_ASSIGNMENT (  '', '', ( #6451 ) ) ;
#1950 = VERTEX_POINT ( 'NONE', #7712 ) ;
#1951 = ADVANCED_FACE ( 'NONE', ( #6260, #9434, #3785 ), #2849, .T. ) ;
#1952 = CARTESIAN_POINT ( 'NONE',  ( -6.000000000000000000, -1.999999999999999112, 3.500000000000000000 ) ) ;
#1953 = EDGE_CURVE ( 'NONE', #1497, #1564, #6627, .T. ) ;
#1954 = CIRCLE ( 'NONE', #6956, 0.4500000000000001221 ) ;
#1955 = CARTESIAN_POINT ( 'NONE',  ( -2.166916829160916310E-16, -5.275000000000001243, 3.499999999999998668 ) ) ;
#1956 = TOROIDAL_SURFACE ( 'NONE', #4479, 0.5000000000000004441, 0.3000000000000001554 ) ;
#1957 = DIRECTION ( 'NONE',  ( -1.027427521298019343E-31, 1.027427521298030948E-31, -1.000000000000000000 ) ) ;
#1958 = DIRECTION ( 'NONE',  ( -0.000000000000000000, -1.000000000000000000, -0.000000000000000000 ) ) ;
#1959 = CARTESIAN_POINT ( 'NONE',  ( 5.432699878979442509, -2.263624949574774448, 3.600000000000002309 ) ) ;
#1960 = CIRCLE ( 'NONE', #2297, 0.3999999999999944711 ) ;
#1961 = AXIS2_PLACEMENT_3D ( 'NONE', #8035, #8773, #9706 ) ;
#1962 = DIRECTION ( 'NONE',  ( -0.4819066211576359948, -0.2377525341402945136, 0.8433503074015558099 ) ) ;
#1963 = DIRECTION ( 'NONE',  ( 0.000000000000000000, -1.000000000000000000, 0.000000000000000000 ) ) ;
#1964 = EDGE_CURVE ( 'NONE', #7068, #4150, #9276, .T. ) ;
#1965 = UNCERTAINTY_MEASURE_WITH_UNIT (LENGTH_MEASURE( 1.000000000000000082E-05 ), #1635, 'distance_accuracy_value', 'NONE');
#1966 = VERTEX_POINT ( 'NONE', #5057 ) ;
#1967 = SURFACE_STYLE_FILL_AREA ( #2163 ) ;
#1968 = VECTOR ( 'NONE', #8671, 1000.000000000000000 ) ;
#1969 = VECTOR ( 'NONE', #3474, 1000.000000000000000 ) ;
#1970 = LINE ( 'NONE', #8959, #8528 ) ;
#1971 =( NAMED_UNIT ( * ) SI_UNIT ( $, .STERADIAN. ) SOLID_ANGLE_UNIT ( ) );
#1972 = ORIENTED_EDGE ( 'NONE', *, *, #9327, .F. ) ;
#1973 = EDGE_CURVE ( 'NONE', #7683, #4608, #1272, .T. ) ;
#1974 = FILL_AREA_STYLE_COLOUR ( '', #7944 ) ;
#1975 = ORIENTED_EDGE ( 'NONE', *, *, #2266, .T. ) ;
#1976 = SURFACE_SIDE_STYLE ('',( #291 ) ) ;
#1977 = SURFACE_STYLE_FILL_AREA ( #6097 ) ;
#1978 = PRESENTATION_STYLE_ASSIGNMENT (( #6098 ) ) ;
#1979 = CIRCLE ( 'NONE', #6313, 0.4500000000000001221 ) ;
#1980 =( NAMED_UNIT ( * ) SI_UNIT ( $, .STERADIAN. ) SOLID_ANGLE_UNIT ( ) );
#1981 = VECTOR ( 'NONE', #7912, 1000.000000000000000 ) ;
#1982 = EDGE_LOOP ( 'NONE', ( #3519, #2985, #8347, #3439 ) ) ;
#1983 = DIRECTION ( 'NONE',  ( 0.000000000000000000, -1.000000000000000000, 0.000000000000000000 ) ) ;
#1984 = ORIENTED_EDGE ( 'NONE', *, *, #368, .F. ) ;
#1985 = FILL_AREA_STYLE_COLOUR ( '', #6330 ) ;
#1986 = CARTESIAN_POINT ( 'NONE',  ( 4.055358197899693984, 4.340453319508779551, 3.598694560489956729 ) ) ;
#1987 = UNCERTAINTY_MEASURE_WITH_UNIT (LENGTH_MEASURE( 1.000000000000000082E-05 ), #7934, 'distance_accuracy_value', 'NONE');
#1988 = ORIENTED_EDGE ( 'NONE', *, *, #3029, .T. ) ;
#1989 = SURFACE_STYLE_USAGE ( .BOTH. , #307 ) ;
#1990 = ORIENTED_EDGE ( 'NONE', *, *, #7127, .T. ) ;
#1991 = FILL_AREA_STYLE_COLOUR ( '', #1553 ) ;
#1992 = FACE_OUTER_BOUND ( 'NONE', #6065, .T. ) ;
#1993 = CARTESIAN_POINT ( 'NONE',  ( -6.958519183380836637, -2.999999999999999112, -1.929257140873640308 ) ) ;
#1994 = DIRECTION ( 'NONE',  ( 0.000000000000000000, 0.000000000000000000, 1.000000000000000000 ) ) ;
#1995 = PLANE ( 'NONE',  #4535 ) ;
#1996 = LINE ( 'NONE', #423, #8359 ) ;
#1997 = CARTESIAN_POINT ( 'NONE',  ( -4.750000000000000000, 4.750000000000000000, 3.200000000000000178 ) ) ;
#1998 =( LENGTH_UNIT ( ) NAMED_UNIT ( * ) SI_UNIT ( .MILLI., .METRE. ) );
#1999 = ORIENTED_EDGE ( 'NONE', *, *, #5286, .T. ) ;
#2000 =( NAMED_UNIT ( * ) SI_UNIT ( $, .STERADIAN. ) SOLID_ANGLE_UNIT ( ) );
#2001 = CARTESIAN_POINT ( 'NONE',  ( -2.888758826083738928E-15, -9.393971860996764743E-15, 3.499999999999995559 ) ) ;
#2002 =( GEOMETRIC_REPRESENTATION_CONTEXT ( 3 ) GLOBAL_UNCERTAINTY_ASSIGNED_CONTEXT ( ( #4423 ) ) GLOBAL_UNIT_ASSIGNED_CONTEXT ( ( #8088, #6532, #8185 ) ) REPRESENTATION_CONTEXT ( 'NONE', 'WORKASPACE' ) );
#2003 = EDGE_CURVE ( 'NONE', #9842, #3193, #9429, .T. ) ;
#2004 = SURFACE_STYLE_USAGE ( .BOTH. , #1278 ) ;
#2005 = LINE ( 'NONE', #5060, #2861 ) ;
#2006 = CARTESIAN_POINT ( 'NONE',  ( 1.599999999999999867, 5.435424868893537820, 3.600000000000000089 ) ) ;
#2007 = CARTESIAN_POINT ( 'NONE',  ( 6.000000000000000000, 4.999999999999996447, 0.4000000000000001887 ) ) ;
#2008 = STYLED_ITEM ( 'NONE', ( #9789 ), #1151 ) ;
#2009 = ORIENTED_EDGE ( 'NONE', *, *, #3220, .T. ) ;
#2010 = FACE_OUTER_BOUND ( 'NONE', #7466, .T. ) ;
#2011 =( GEOMETRIC_REPRESENTATION_CONTEXT ( 3 ) GLOBAL_UNCERTAINTY_ASSIGNED_CONTEXT ( ( #7172 ) ) GLOBAL_UNIT_ASSIGNED_CONTEXT ( ( #8986, #312, #2848 ) ) REPRESENTATION_CONTEXT ( 'NONE', 'WORKASPACE' ) );
#2012 = COLOUR_RGB ( '',0.7529411764705882248, 0.7529411764705882248, 0.7529411764705882248 ) ;
#2013 = LINE ( 'NONE', #7782, #8234 ) ;
#2014 = EDGE_CURVE ( 'NONE', #4608, #7709, #5992, .T. ) ;
#2015 = FILL_AREA_STYLE ('',( #9225 ) ) ;
#2016 = SURFACE_STYLE_USAGE ( .BOTH. , #3820 ) ;
#2017 = EDGE_LOOP ( 'NONE', ( #255, #8010, #1484, #4330 ) ) ;
#2018 =( NAMED_UNIT ( * ) SI_UNIT ( $, .STERADIAN. ) SOLID_ANGLE_UNIT ( ) );
#2019 = ORIENTED_EDGE ( 'NONE', *, *, #663, .F. ) ;
#2020 = TOROIDAL_SURFACE ( 'NONE', #3375, 5.435424868893901973, 0.3999999999999735989 ) ;
#2021 = AXIS2_PLACEMENT_3D ( 'NONE', #8100, #2574, #835 ) ;
#2022 = CARTESIAN_POINT ( 'NONE',  ( 5.261885105515275107, 1.553253327917783810, 3.599999999193829847 ) ) ;
#2023 = FACE_OUTER_BOUND ( 'NONE', #3691, .T. ) ;
#2024 = AXIS2_PLACEMENT_3D ( 'NONE', #1464, #7877, #9347 ) ;
#2025 = DIRECTION ( 'NONE',  ( 0.8682466191274125222, 0.000000000000000000, -0.4961328535521688510 ) ) ;
#2026 = TOROIDAL_SURFACE ( 'NONE', #4719, 0.4999999999999987232, 0.3000000000000022093 ) ;
#2027 = PRESENTATION_LAYER_ASSIGNMENT (  '', '', ( #6341 ) ) ;
#2028 = VERTEX_POINT ( 'NONE', #6030 ) ;
#2029 = FILL_AREA_STYLE_COLOUR ( '', #1686 ) ;
#2030 = ORIENTED_EDGE ( 'NONE', *, *, #8968, .F. ) ;
#2031 = DIRECTION ( 'NONE',  ( 0.000000000000000000, 0.000000000000000000, -1.000000000000000000 ) ) ;
#2032 = CARTESIAN_POINT ( 'NONE',  ( -0.4999999999999986122, 4.500000000000002665, -1.499999999999999334 ) ) ;
#2033 = TOROIDAL_SURFACE ( 'NONE', #5375, 0.5000000000000004441, 0.3000000000000001554 ) ;
#2034 =( GEOMETRIC_REPRESENTATION_CONTEXT ( 3 ) GLOBAL_UNCERTAINTY_ASSIGNED_CONTEXT ( ( #5185 ) ) GLOBAL_UNIT_ASSIGNED_CONTEXT ( ( #1545, #1490, #6354 ) ) REPRESENTATION_CONTEXT ( 'NONE', 'WORKASPACE' ) );
#2035 = EDGE_LOOP ( 'NONE', ( #9002, #50 ) ) ;
#2036 = CARTESIAN_POINT ( 'NONE',  ( -0.8000000000000001554, 4.500000000000002665, -1.199999999999998401 ) ) ;
#2037 = ORIENTED_EDGE ( 'NONE', *, *, #697, .F. ) ;
#2038 =( NAMED_UNIT ( * ) SI_UNIT ( $, .STERADIAN. ) SOLID_ANGLE_UNIT ( ) );
#2039 = CIRCLE ( 'NONE', #5073, 5.885424868894237882 ) ;
#2040 =( NAMED_UNIT ( * ) PLANE_ANGLE_UNIT ( ) SI_UNIT ( $, .RADIAN. ) );
#2041 = CARTESIAN_POINT ( 'NONE',  ( 1.891518204694822014, 5.400000000000009237, 3.600000000000003642 ) ) ;
#2042 = FILL_AREA_STYLE_COLOUR ( '', #489 ) ;
#2043 = CARTESIAN_POINT ( 'NONE',  ( 6.159705218919231839, -2.937096592108939141, -3.053341690607345615 ) ) ;
#2044 =( GEOMETRIC_REPRESENTATION_CONTEXT ( 3 ) GLOBAL_UNCERTAINTY_ASSIGNED_CONTEXT ( ( #9748 ) ) GLOBAL_UNIT_ASSIGNED_CONTEXT ( ( #9499, #2305, #10136 ) ) REPRESENTATION_CONTEXT ( 'NONE', 'WORKASPACE' ) );
#2045 = ADVANCED_FACE ( 'NONE', ( #9055 ), #317, .T. ) ;
#2046 = EDGE_CURVE ( 'NONE', #3122, #7382, #921, .T. ) ;
#2047 = MECHANICAL_DESIGN_GEOMETRIC_PRESENTATION_REPRESENTATION (  '', ( #6559 ), #9063 ) ;
#2048 = SURFACE_STYLE_FILL_AREA ( #4483 ) ;
#2049 = EDGE_CURVE ( 'NONE', #1322, #1611, #1059, .T. ) ;
#2050 = ORIENTED_EDGE ( 'NONE', *, *, #8239, .T. ) ;
#2051 = PRESENTATION_LAYER_ASSIGNMENT (  '', '', ( #6217 ) ) ;
#2052 = SURFACE_STYLE_USAGE ( .BOTH. , #9213 ) ;
#2053 = DIRECTION ( 'NONE',  ( 1.000000000000000000, 0.000000000000000000, 0.000000000000000000 ) ) ;
#2054 = FILL_AREA_STYLE ('',( #3752 ) ) ;
#2055 = CARTESIAN_POINT ( 'NONE',  ( 8.699114223423614415E-16, 7.170389862460834013E-16, 3.600000000000002309 ) ) ;
#2056 = FILL_AREA_STYLE ('',( #5109 ) ) ;
#2057 = AXIS2_PLACEMENT_3D ( 'NONE', #4009, #8722, #2308 ) ;
#2058 = EDGE_LOOP ( 'NONE', ( #9051, #1629, #2981, #1551, #8113, #10232 ) ) ;
#2059 =( NAMED_UNIT ( * ) SI_UNIT ( $, .STERADIAN. ) SOLID_ANGLE_UNIT ( ) );
#2060 = VECTOR ( 'NONE', #1, 1000.000000000000000 ) ;
#2061 = DIRECTION ( 'NONE',  ( 4.336808689967532456E-16, 4.336808689967532456E-16, 1.000000000000000000 ) ) ;
#2062 = EDGE_CURVE ( 'NONE', #46, #102, #1162, .T. ) ;
#2063 = PRESENTATION_LAYER_ASSIGNMENT (  '', '', ( #6229 ) ) ;
#2064 = COLOUR_RGB ( '',0.7529411764705882248, 0.7529411764705882248, 0.7529411764705882248 ) ;
#2065 = DIRECTION ( 'NONE',  ( 0.000000000000000000, 0.000000000000000000, -1.000000000000000000 ) ) ;
#2066 = SURFACE_STYLE_FILL_AREA ( #7752 ) ;
#2067 = VERTEX_POINT ( 'NONE', #4436 ) ;
#2068 = DIRECTION ( 'NONE',  ( 0.000000000000000000, 0.000000000000000000, 1.000000000000000000 ) ) ;
#2069 = ORIENTED_EDGE ( 'NONE', *, *, #3819, .T. ) ;
#2070 = COLOUR_RGB ( '',1.000000000000000000, 1.000000000000000000, 1.000000000000000000 ) ;
#2071 =( LENGTH_UNIT ( ) NAMED_UNIT ( * ) SI_UNIT ( .MILLI., .METRE. ) );
#2072 =( NAMED_UNIT ( * ) PLANE_ANGLE_UNIT ( ) SI_UNIT ( $, .RADIAN. ) );
#2073 = FACE_OUTER_BOUND ( 'NONE', #6885, .T. ) ;
#2074 = DIRECTION ( 'NONE',  ( -0.4961328535521692396, 0.000000000000000000, -0.8682466191274121892 ) ) ;
#2075 = EDGE_CURVE ( 'NONE', #7553, #6509, #8096, .T. ) ;
#2076 = FACE_OUTER_BOUND ( 'NONE', #1541, .T. ) ;
#2077 =( GEOMETRIC_REPRESENTATION_CONTEXT ( 3 ) GLOBAL_UNCERTAINTY_ASSIGNED_CONTEXT ( ( #8309 ) ) GLOBAL_UNIT_ASSIGNED_CONTEXT ( ( #1391, #8539, #10158 ) ) REPRESENTATION_CONTEXT ( 'NONE', 'WORKASPACE' ) );
#2078 = EDGE_CURVE ( 'NONE', #7252, #1150, #565, .T. ) ;
#2079 = SURFACE_STYLE_USAGE ( .BOTH. , #4546 ) ;
#2080 = EDGE_LOOP ( 'NONE', ( #9959, #6930, #897, #6133, #2365, #4999, #9541, #6017, #7812, #4196, #6613, #1302, #6323, #1664, #5720, #963, #1754, #8150, #4506, #1077, #455, #6140, #8520, #8331 ) ) ;
#2081 = EDGE_LOOP ( 'NONE', ( #407, #7775, #4706 ) ) ;
#2082 = EDGE_CURVE ( 'NONE', #4822, #6149, #2103, .T. ) ;
#2083 =( GEOMETRIC_REPRESENTATION_CONTEXT ( 3 ) GLOBAL_UNCERTAINTY_ASSIGNED_CONTEXT ( ( #6699 ) ) GLOBAL_UNIT_ASSIGNED_CONTEXT ( ( #2491, #62, #8906 ) ) REPRESENTATION_CONTEXT ( 'NONE', 'WORKASPACE' ) );
#2084 = CIRCLE ( 'NONE', #6597, 5.885424868894192585 ) ;
#2085 = UNCERTAINTY_MEASURE_WITH_UNIT (LENGTH_MEASURE( 1.000000000000000082E-05 ), #7919, 'distance_accuracy_value', 'NONE');
#2086 = LINE ( 'NONE', #1254, #5257 ) ;
#2087 = FILL_AREA_STYLE_COLOUR ( '', #7184 ) ;
#2088 =( GEOMETRIC_REPRESENTATION_CONTEXT ( 3 ) GLOBAL_UNCERTAINTY_ASSIGNED_CONTEXT ( ( #10202 ) ) GLOBAL_UNIT_ASSIGNED_CONTEXT ( ( #1829, #8192, #305 ) ) REPRESENTATION_CONTEXT ( 'NONE', 'WORKASPACE' ) );
#2089 = UNCERTAINTY_MEASURE_WITH_UNIT (LENGTH_MEASURE( 1.000000000000000082E-05 ), #10060, 'distance_accuracy_value', 'NONE');
#2090 = EDGE_CURVE ( 'NONE', #6427, #3971, #7760, .T. ) ;
#2091 = DIRECTION ( 'NONE',  ( 0.000000000000000000, 0.000000000000000000, 1.000000000000000000 ) ) ;
#2092 = EDGE_LOOP ( 'NONE', ( #5330, #1779, #7763, #8766 ) ) ;
#2093 = PLANE ( 'NONE',  #1546 ) ;
#2094 = STYLED_ITEM ( 'NONE', ( #8032 ), #2523 ) ;
#2095 = CARTESIAN_POINT ( 'NONE',  ( 1.899999999999999911, 0.000000000000000000, 6.999999999999999112 ) ) ;
#2096 = EDGE_CURVE ( 'NONE', #3737, #6244, #4731, .T. ) ;
#2097 = DIRECTION ( 'NONE',  ( -0.000000000000000000, -1.000000000000000000, -0.000000000000000000 ) ) ;
#2098 = PRESENTATION_STYLE_ASSIGNMENT (( #9346 ) ) ;
#2099 = CARTESIAN_POINT ( 'NONE',  ( -6.300000002082478012, 2.000000000000000000, 0.7999999999999999334 ) ) ;
#2100 = DIRECTION ( 'NONE',  ( 0.000000000000000000, 0.000000000000000000, 1.000000000000000000 ) ) ;
#2101 = COLOUR_RGB ( '',0.7529411764705882248, 0.7529411764705882248, 0.7529411764705882248 ) ;
#2102 =( GEOMETRIC_REPRESENTATION_CONTEXT ( 3 ) GLOBAL_UNCERTAINTY_ASSIGNED_CONTEXT ( ( #7895 ) ) GLOBAL_UNIT_ASSIGNED_CONTEXT ( ( #7066, #4575, #10190 ) ) REPRESENTATION_CONTEXT ( 'NONE', 'WORKASPACE' ) );
#2103 = LINE ( 'NONE', #615, #4315 ) ;
#2104 = ORIENTED_EDGE ( 'NONE', *, *, #5171, .T. ) ;
#2105 = VERTEX_POINT ( 'NONE', #3802 ) ;
#2106 = SURFACE_STYLE_FILL_AREA ( #6034 ) ;
#2107 = CARTESIAN_POINT ( 'NONE',  ( -6.300000002082476236, -2.999999999999999112, 0.7999999999999999334 ) ) ;
#2108 = DIRECTION ( 'NONE',  ( 0.000000000000000000, 0.000000000000000000, -1.000000000000000000 ) ) ;
#2109 = PRESENTATION_LAYER_ASSIGNMENT (  '', '', ( #1773 ) ) ;
#2110 = CARTESIAN_POINT ( 'NONE',  ( -1.881957365217224343, -5.435006281036325326, 3.600000000000003642 ) ) ;
#2111 = EDGE_CURVE ( 'NONE', #922, #1950, #1370, .T. ) ;
#2112 = CARTESIAN_POINT ( 'NONE',  ( 6.000000000000000000, 4.999999999999992895, 3.500000000000000000 ) ) ;
#2113 = EDGE_CURVE ( 'NONE', #1246, #7505, #5504, .T. ) ;
#2114 = CARTESIAN_POINT ( 'NONE',  ( -6.000000000000000000, 4.999999999999997335, 0.1999999999999979017 ) ) ;
#2115 = VECTOR ( 'NONE', #6334, 1000.000000000000000 ) ;
#2116 = VERTEX_POINT ( 'NONE', #3745 ) ;
#2117 = FILL_AREA_STYLE ('',( #8383 ) ) ;
#2118 = AXIS2_PLACEMENT_3D ( 'NONE', #1234, #4308, #9128 ) ;
#2119 = FILL_AREA_STYLE ('',( #6090 ) ) ;
#2120 = PRESENTATION_LAYER_ASSIGNMENT (  '', '', ( #9284 ) ) ;
#2121 = COLOUR_RGB ( '',0.7529411764705882248, 0.7529411764705882248, 0.7529411764705882248 ) ;
#2122 = COLOUR_RGB ( '',0.7529411764705882248, 0.7529411764705882248, 0.7529411764705882248 ) ;
#2123 = CYLINDRICAL_SURFACE ( 'NONE', #1096, 0.3499999999999996447 ) ;
#2124 = VERTEX_POINT ( 'NONE', #1468 ) ;
#2125 = ORIENTED_EDGE ( 'NONE', *, *, #8104, .T. ) ;
#2126 = CARTESIAN_POINT ( 'NONE',  ( -5.819112848942164185, -1.462164714140039790, 3.499999999999999556 ) ) ;
#2127 = DIRECTION ( 'NONE',  ( -1.000000000000000000, 0.000000000000000000, 0.000000000000000000 ) ) ;
#2128 = FACE_OUTER_BOUND ( 'NONE', #1505, .T. ) ;
#2129 = EDGE_CURVE ( 'NONE', #3504, #3737, #3096, .T. ) ;
#2130 = CIRCLE ( 'NONE', #6810, 0.3499999999999996447 ) ;
#2131 = DIRECTION ( 'NONE',  ( 0.000000000000000000, -1.000000000000000000, 0.000000000000000000 ) ) ;
#2132 = PRESENTATION_LAYER_ASSIGNMENT (  '', '', ( #6651 ) ) ;
#2133 = FACE_OUTER_BOUND ( 'NONE', #4921, .T. ) ;
#2134 = CIRCLE ( 'NONE', #7964, 0.05000000000000056483 ) ;
#2135 = ORIENTED_EDGE ( 'NONE', *, *, #2903, .T. ) ;
#2136 = PRESENTATION_STYLE_ASSIGNMENT (( #9380 ) ) ;
#2137 = VERTEX_POINT ( 'NONE', #2151 ) ;
#2138 = FACE_OUTER_BOUND ( 'NONE', #9088, .T. ) ;
#2139 = FILL_AREA_STYLE ('',( #1504 ) ) ;
#2140 = ORIENTED_EDGE ( 'NONE', *, *, #6279, .F. ) ;
#2141 = CARTESIAN_POINT ( 'NONE',  ( -6.300000000000000711, -1.999999999999999112, 1.414159265358978290 ) ) ;
#2142 = COLOUR_RGB ( '',0.7529411764705882248, 0.7529411764705882248, 0.7529411764705882248 ) ;
#2143 = EDGE_LOOP ( 'NONE', ( #10023, #1351, #9013, #9274 ) ) ;
#2144 =( NAMED_UNIT ( * ) SI_UNIT ( $, .STERADIAN. ) SOLID_ANGLE_UNIT ( ) );
#2145 = DIRECTION ( 'NONE',  ( 0.000000000000000000, 0.000000000000000000, -1.000000000000000000 ) ) ;
#2146 = FILL_AREA_STYLE_COLOUR ( '', #6568 ) ;
#2147 = CARTESIAN_POINT ( 'NONE',  ( -5.000000000000001776, -5.000000000000000888, 3.299999999999998490 ) ) ;
#2148 = DIRECTION ( 'NONE',  ( -0.4819066211576364944, -0.2377525341402931258, 0.8433503074015559209 ) ) ;
#2149 = ADVANCED_FACE ( 'NONE', ( #1416 ), #3699, .T. ) ;
#2150 = COLOUR_RGB ( '',0.7529411764705882248, 0.7529411764705882248, 0.7529411764705882248 ) ;
#2151 = CARTESIAN_POINT ( 'NONE',  ( -1.599999999999998979, -5.800000000000000711, 0.000000000000000000 ) ) ;
#2152 = ORIENTED_EDGE ( 'NONE', *, *, #2544, .F. ) ;
#2153 = VERTEX_POINT ( 'NONE', #6079 ) ;
#2154 =( NAMED_UNIT ( * ) PLANE_ANGLE_UNIT ( ) SI_UNIT ( $, .RADIAN. ) );
#2155 = CARTESIAN_POINT ( 'NONE',  ( -4.400000000000000355, 3.499999999999999556, 0.4000000000000000222 ) ) ;
#2156 =( NAMED_UNIT ( * ) SI_UNIT ( $, .STERADIAN. ) SOLID_ANGLE_UNIT ( ) );
#2157 =( LENGTH_UNIT ( ) NAMED_UNIT ( * ) SI_UNIT ( .MILLI., .METRE. ) );
#2158 = SURFACE_STYLE_FILL_AREA ( #10145 ) ;
#2159 =( LENGTH_UNIT ( ) NAMED_UNIT ( * ) SI_UNIT ( .MILLI., .METRE. ) );
#2160 =( GEOMETRIC_REPRESENTATION_CONTEXT ( 3 ) GLOBAL_UNCERTAINTY_ASSIGNED_CONTEXT ( ( #6234 ) ) GLOBAL_UNIT_ASSIGNED_CONTEXT ( ( #4804, #3399, #8952 ) ) REPRESENTATION_CONTEXT ( 'NONE', 'WORKASPACE' ) );
#2161 = CARTESIAN_POINT ( 'NONE',  ( 0.000000000000000000, 0.000000000000000000, 3.500000000000000000 ) ) ;
#2162 = ORIENTED_EDGE ( 'NONE', *, *, #6044, .T. ) ;
#2163 = FILL_AREA_STYLE ('',( #8437 ) ) ;
#2164 = SURFACE_STYLE_FILL_AREA ( #3612 ) ;
#2165 = SURFACE_SIDE_STYLE ('',( #4592 ) ) ;
#2166 = ORIENTED_EDGE ( 'NONE', *, *, #1310, .F. ) ;
#2167 = LINE ( 'NONE', #5368, #1969 ) ;
#2168 =( NAMED_UNIT ( * ) PLANE_ANGLE_UNIT ( ) SI_UNIT ( $, .RADIAN. ) );
#2169 = PRESENTATION_STYLE_ASSIGNMENT (( #400 ) ) ;
#2170 = DIRECTION ( 'NONE',  ( 0.000000000000000000, -2.861215661182131111E-16, 1.000000000000000000 ) ) ;
#2171 =( GEOMETRIC_REPRESENTATION_CONTEXT ( 3 ) GLOBAL_UNCERTAINTY_ASSIGNED_CONTEXT ( ( #4802 ) ) GLOBAL_UNIT_ASSIGNED_CONTEXT ( ( #3815, #4401, #2059 ) ) REPRESENTATION_CONTEXT ( 'NONE', 'WORKASPACE' ) );
#2172 = DIRECTION ( 'NONE',  ( 0.000000000000000000, 0.000000000000000000, -1.000000000000000000 ) ) ;
#2173 =( NAMED_UNIT ( * ) PLANE_ANGLE_UNIT ( ) SI_UNIT ( $, .RADIAN. ) );
#2174 = VECTOR ( 'NONE', #9741, 1000.000000000000114 ) ;
#2175 = ORIENTED_EDGE ( 'NONE', *, *, #2436, .F. ) ;
#2176 =( NAMED_UNIT ( * ) PLANE_ANGLE_UNIT ( ) SI_UNIT ( $, .RADIAN. ) );
#2177 = ORIENTED_EDGE ( 'NONE', *, *, #8795, .F. ) ;
#2178 = CIRCLE ( 'NONE', #1177, 0.8000000000000003775 ) ;
#2179 = PRESENTATION_STYLE_ASSIGNMENT (( #9326 ) ) ;
#2180 = LINE ( 'NONE', #9289, #6581 ) ;
#2181 = DIRECTION ( 'NONE',  ( -1.000000000000000000, -2.664535259100375303E-15, 0.000000000000000000 ) ) ;
#2182 = ORIENTED_EDGE ( 'NONE', *, *, #7029, .F. ) ;
#2183 = COLOUR_RGB ( '',0.7529411764705882248, 0.7529411764705882248, 0.7529411764705882248 ) ;
#2184 = PRESENTATION_STYLE_ASSIGNMENT (( #3593 ) ) ;
#2185 = CIRCLE ( 'NONE', #5539, 5.175000000000000711 ) ;
#2186 = CIRCLE ( 'NONE', #2701, 0.04999999999999969746 ) ;
#2187 = SURFACE_STYLE_USAGE ( .BOTH. , #3736 ) ;
#2188 = ORIENTED_EDGE ( 'NONE', *, *, #1180, .F. ) ;
#2189 = SURFACE_SIDE_STYLE ('',( #2247 ) ) ;
#2190 = CIRCLE ( 'NONE', #3562, 0.3999999999999855338 ) ;
#2191 =( LENGTH_UNIT ( ) NAMED_UNIT ( * ) SI_UNIT ( .MILLI., .METRE. ) );
#2192 = VECTOR ( 'NONE', #7696, 1000.000000000000000 ) ;
#2193 =( LENGTH_UNIT ( ) NAMED_UNIT ( * ) SI_UNIT ( .MILLI., .METRE. ) );
#2194 = SURFACE_SIDE_STYLE ('',( #7003 ) ) ;
#2195 =( LENGTH_UNIT ( ) NAMED_UNIT ( * ) SI_UNIT ( .MILLI., .METRE. ) );
#2196 = EDGE_CURVE ( 'NONE', #9907, #3339, #6110, .T. ) ;
#2197 = SURFACE_STYLE_USAGE ( .BOTH. , #9401 ) ;
#2198 = DIRECTION ( 'NONE',  ( -0.9230769230769242384, 0.3846153846153820832, -1.938666855164147300E-14 ) ) ;
#2199 = DIRECTION ( 'NONE',  ( -1.000000000000000000, 0.000000000000000000, 4.936205012942144022E-16 ) ) ;
#2200 = ORIENTED_EDGE ( 'NONE', *, *, #8304, .T. ) ;
#2201 = STYLED_ITEM ( 'NONE', ( #7808 ), #7039 ) ;
#2202 = FACE_OUTER_BOUND ( 'NONE', #6012, .T. ) ;
#2203 = CARTESIAN_POINT ( 'NONE',  ( 2.263624949574776224, 5.432699878979420305, 3.600000000000000089 ) ) ;
#2204 = PRESENTATION_STYLE_ASSIGNMENT (( #570 ) ) ;
#2205 = VECTOR ( 'NONE', #607, 1000.000000000000000 ) ;
#2206 = CARTESIAN_POINT ( 'NONE',  ( 5.800000000000002487, -5.000000000000000000, 0.1999999999999985401 ) ) ;
#2207 =( NAMED_UNIT ( * ) SI_UNIT ( $, .STERADIAN. ) SOLID_ANGLE_UNIT ( ) );
#2208 = ORIENTED_EDGE ( 'NONE', *, *, #2248, .T. ) ;
#2209 =( NAMED_UNIT ( * ) SI_UNIT ( $, .STERADIAN. ) SOLID_ANGLE_UNIT ( ) );
#2210 = ORIENTED_EDGE ( 'NONE', *, *, #10285, .F. ) ;
#2211 = LINE ( 'NONE', #4684, #6855 ) ;
#2212 = EDGE_CURVE ( 'NONE', #3339, #4086, #5451, .T. ) ;
#2213 = MECHANICAL_DESIGN_GEOMETRIC_PRESENTATION_REPRESENTATION (  '', ( #8555 ), #4916 ) ;
#2214 = CARTESIAN_POINT ( 'NONE',  ( 6.212785798360253686, 2.499999999999999556, -2.960449165327015297 ) ) ;
#2215 = EDGE_CURVE ( 'NONE', #7841, #3956, #1102, .T. ) ;
#2216 = LINE ( 'NONE', #5413, #7376 ) ;
#2217 = SURFACE_STYLE_USAGE ( .BOTH. , #9311 ) ;
#2218 = ORIENTED_EDGE ( 'NONE', *, *, #9618, .F. ) ;
#2219 = FILL_AREA_STYLE_COLOUR ( '', #5647 ) ;
#2220 = DIRECTION ( 'NONE',  ( -0.000000000000000000, -0.000000000000000000, 1.000000000000000000 ) ) ;
#2221 = DIRECTION ( 'NONE',  ( 0.8682466191274196277, 0.000000000000000000, 0.4961328535521563055 ) ) ;
#2222 = EDGE_CURVE ( 'NONE', #4177, #6457, #2447, .T. ) ;
#2223 = STYLED_ITEM ( 'NONE', ( #154 ), #3094 ) ;
#2224 = CARTESIAN_POINT ( 'NONE',  ( -1.599999999999998979, -6.000000000000000000, 3.644339654338649925 ) ) ;
#2225 = PRESENTATION_LAYER_ASSIGNMENT (  '', '', ( #9567 ) ) ;
#2226 = COLOUR_RGB ( '',0.7529411764705882248, 0.7529411764705882248, 0.7529411764705882248 ) ;
#2227 = MECHANICAL_DESIGN_GEOMETRIC_PRESENTATION_REPRESENTATION (  '', ( #3756 ), #7723 ) ;
#2228 = AXIS2_PLACEMENT_3D ( 'NONE', #7060, #9398, #8418 ) ;
#2229 = CARTESIAN_POINT ( 'NONE',  ( 6.041480816619161587, -2.000000000000000000, -0.8527262566030734403 ) ) ;
#2230 =( GEOMETRIC_REPRESENTATION_CONTEXT ( 3 ) GLOBAL_UNCERTAINTY_ASSIGNED_CONTEXT ( ( #235 ) ) GLOBAL_UNIT_ASSIGNED_CONTEXT ( ( #6659, #8358, #8254 ) ) REPRESENTATION_CONTEXT ( 'NONE', 'WORKASPACE' ) );
#2231 = VERTEX_POINT ( 'NONE', #9299 ) ;
#2232 = COLOUR_RGB ( '',0.7529411764705882248, 0.7529411764705882248, 0.7529411764705882248 ) ;
#2233 = ORIENTED_EDGE ( 'NONE', *, *, #520, .T. ) ;
#2234 = ORIENTED_EDGE ( 'NONE', *, *, #2082, .T. ) ;
#2235 = CARTESIAN_POINT ( 'NONE',  ( -5.435424868893540484, -1.891518204694835781, 3.199999999999999734 ) ) ;
#2236 =( NAMED_UNIT ( * ) SI_UNIT ( $, .STERADIAN. ) SOLID_ANGLE_UNIT ( ) );
#2237 = PRESENTATION_LAYER_ASSIGNMENT (  '', '', ( #5590 ) ) ;
#2238 = CARTESIAN_POINT ( 'NONE',  ( 4.255878169405405309, -4.112692235538848884, 3.598714543258407783 ) ) ;
#2239 = CIRCLE ( 'NONE', #406, 0.3499999999999996447 ) ;
#2240 = EDGE_CURVE ( 'NONE', #1142, #5376, #667, .T. ) ;
#2241 =( NAMED_UNIT ( * ) PLANE_ANGLE_UNIT ( ) SI_UNIT ( $, .RADIAN. ) );
#2242 = ORIENTED_EDGE ( 'NONE', *, *, #8563, .F. ) ;
#2243 = PLANE ( 'NONE',  #3034 ) ;
#2244 = COLOUR_RGB ( '',0.7529411764705882248, 0.7529411764705882248, 0.7529411764705882248 ) ;
#2245 = STYLED_ITEM ( 'NONE', ( #3467 ), #6844 ) ;
#2246 = ORIENTED_EDGE ( 'NONE', *, *, #4441, .T. ) ;
#2247 = SURFACE_STYLE_FILL_AREA ( #8719 ) ;
#2248 = EDGE_CURVE ( 'NONE', #1380, #6705, #1778, .T. ) ;
#2249 = PRESENTATION_LAYER_ASSIGNMENT (  '', '', ( #4297 ) ) ;
#2250 = CARTESIAN_POINT ( 'NONE',  ( 6.300000002017398515, -3.000000000000000000, -0.6874509908007694348 ) ) ;
#2251 =( NAMED_UNIT ( * ) PLANE_ANGLE_UNIT ( ) SI_UNIT ( $, .RADIAN. ) );
#2252 = EDGE_CURVE ( 'NONE', #9882, #6159, #4476, .T. ) ;
#2253 = CARTESIAN_POINT ( 'NONE',  ( -1.663087391033267748, -5.500000000000000000, 3.552195178986508051 ) ) ;
#2254 = COLOUR_RGB ( '',1.000000000000000000, 1.000000000000000000, 1.000000000000000000 ) ;
#2255 = MECHANICAL_DESIGN_GEOMETRIC_PRESENTATION_REPRESENTATION (  '', ( #7315 ), #68 ) ;
#2256 = CARTESIAN_POINT ( 'NONE',  ( 6.000000000000000000, 5.000000000000000000, 0.4000000000000001332 ) ) ;
#2257 = DIRECTION ( 'NONE',  ( -1.000000000000000000, 1.084202172485503842E-15, 0.000000000000000000 ) ) ;
#2258 = EDGE_LOOP ( 'NONE', ( #3912, #4637, #2188, #6489, #5911 ) ) ;
#2259 = UNCERTAINTY_MEASURE_WITH_UNIT (LENGTH_MEASURE( 1.000000000000000082E-05 ), #72, 'distance_accuracy_value', 'NONE');
#2260 = CARTESIAN_POINT ( 'NONE',  ( 1.599999999996263078, 1.599999999999999867, 7.299999999999998934 ) ) ;
#2261 = CARTESIAN_POINT ( 'NONE',  ( -6.000000000000000000, 0.000000000000000000, 3.299999999999999822 ) ) ;
#2262 = CARTESIAN_POINT ( 'NONE',  ( -6.649999999999999467, 3.000000000000000000, -2.094532406675940983 ) ) ;
#2263 = ADVANCED_FACE ( 'NONE', ( #7221 ), #7771, .T. ) ;
#2264 = ORIENTED_EDGE ( 'NONE', *, *, #6701, .F. ) ;
#2265 = FILL_AREA_STYLE ('',( #8576 ) ) ;
#2266 = EDGE_CURVE ( 'NONE', #8478, #2907, #5793, .T. ) ;
#2267 = SURFACE_SIDE_STYLE ('',( #4740 ) ) ;
#2268 = EDGE_LOOP ( 'NONE', ( #1932, #1122, #5314, #3791, #9428, #5810 ) ) ;
#2269 = LINE ( 'NONE', #9464, #7835 ) ;
#2270 = UNCERTAINTY_MEASURE_WITH_UNIT (LENGTH_MEASURE( 1.000000000000000082E-05 ), #6271, 'distance_accuracy_value', 'NONE');
#2271 = STYLED_ITEM ( 'NONE', ( #6977 ), #9006 ) ;
#2272 =( GEOMETRIC_REPRESENTATION_CONTEXT ( 3 ) GLOBAL_UNCERTAINTY_ASSIGNED_CONTEXT ( ( #7079 ) ) GLOBAL_UNIT_ASSIGNED_CONTEXT ( ( #7099, #3991, #1400 ) ) REPRESENTATION_CONTEXT ( 'NONE', 'WORKASPACE' ) );
#2273 =( NAMED_UNIT ( * ) PLANE_ANGLE_UNIT ( ) SI_UNIT ( $, .RADIAN. ) );
#2274 = UNCERTAINTY_MEASURE_WITH_UNIT (LENGTH_MEASURE( 1.000000000000000082E-05 ), #8334, 'distance_accuracy_value', 'NONE');
#2275 = ORIENTED_EDGE ( 'NONE', *, *, #3146, .T. ) ;
#2276 = SURFACE_STYLE_FILL_AREA ( #7137 ) ;
#2277 = ADVANCED_FACE ( 'NONE', ( #5661 ), #2616, .T. ) ;
#2278 = MECHANICAL_DESIGN_GEOMETRIC_PRESENTATION_REPRESENTATION (  '', ( #926 ), #2088 ) ;
#2279 = CYLINDRICAL_SURFACE ( 'NONE', #8561, 0.1999999999999996503 ) ;
#2280 = CARTESIAN_POINT ( 'NONE',  ( 5.000000000000000000, 6.000000000000000000, 3.500000000000000000 ) ) ;
#2281 = CARTESIAN_POINT ( 'NONE',  ( 2.365384615384613642, 5.676923076923078071, 3.499999999999975131 ) ) ;
#2282 = DIRECTION ( 'NONE',  ( -0.000000000000000000, -0.000000000000000000, 1.000000000000000000 ) ) ;
#2283 = AXIS2_PLACEMENT_3D ( 'NONE', #5429, #593, #8547 ) ;
#2284 = PRESENTATION_STYLE_ASSIGNMENT (( #4859 ) ) ;
#2285 = CIRCLE ( 'NONE', #7290, 6.150000000000002132 ) ;
#2286 = DIRECTION ( 'NONE',  ( -1.960096758342356159E-15, 1.960096758342354581E-15, 1.000000000000000000 ) ) ;
#2287 = EDGE_CURVE ( 'NONE', #5469, #2653, #8827, .T. ) ;
#2288 = VERTEX_POINT ( 'NONE', #5709 ) ;
#2289 =( NAMED_UNIT ( * ) PLANE_ANGLE_UNIT ( ) SI_UNIT ( $, .RADIAN. ) );
#2290 = ORIENTED_EDGE ( 'NONE', *, *, #2266, .F. ) ;
#2291 = DIRECTION ( 'NONE',  ( -0.000000000000000000, -1.000000000000000000, 0.000000000000000000 ) ) ;
#2292 = ORIENTED_EDGE ( 'NONE', *, *, #537, .T. ) ;
#2293 = AXIS2_PLACEMENT_3D ( 'NONE', #6737, #8286, #3564 ) ;
#2294 = CARTESIAN_POINT ( 'NONE',  ( 5.000000000000000000, 5.699999999999998401, 3.500000000000000000 ) ) ;
#2295 = DIRECTION ( 'NONE',  ( -0.000000000000000000, -0.000000000000000000, 1.000000000000000000 ) ) ;
#2296 = FILL_AREA_STYLE ('',( #9435 ) ) ;
#2297 = AXIS2_PLACEMENT_3D ( 'NONE', #3917, #7374, #8042 ) ;
#2298 = CARTESIAN_POINT ( 'NONE',  ( 1.891518204694832672, -5.399999999999998579, 3.499999999999996003 ) ) ;
#2299 = ORIENTED_EDGE ( 'NONE', *, *, #9507, .F. ) ;
#2300 = DIRECTION ( 'NONE',  ( 0.000000000000000000, -1.000000000000000000, 0.000000000000000000 ) ) ;
#2301 = VECTOR ( 'NONE', #380, 1000.000000000000000 ) ;
#2302 = STYLED_ITEM ( 'NONE', ( #5322 ), #9831 ) ;
#2303 = DIRECTION ( 'NONE',  ( 1.000000000000000000, 6.066535637273185384E-33, -1.655013885906414568E-14 ) ) ;
#2304 = ORIENTED_EDGE ( 'NONE', *, *, #3631, .F. ) ;
#2305 =( NAMED_UNIT ( * ) PLANE_ANGLE_UNIT ( ) SI_UNIT ( $, .RADIAN. ) );
#2306 = MECHANICAL_DESIGN_GEOMETRIC_PRESENTATION_REPRESENTATION (  '', ( #8470 ), #4169 ) ;
#2307 = DIRECTION ( 'NONE',  ( 1.084202172485503842E-15, -1.000000000000000000, 0.000000000000000000 ) ) ;
#2308 = DIRECTION ( 'NONE',  ( -0.4722150451494399603, 0.000000000000000000, -0.8814833810881020915 ) ) ;
#2309 =( NAMED_UNIT ( * ) PLANE_ANGLE_UNIT ( ) SI_UNIT ( $, .RADIAN. ) );
#2310 = DIRECTION ( 'NONE',  ( -0.8682466191274124112, 0.000000000000000000, 0.4961328535521690730 ) ) ;
#2311 = CIRCLE ( 'NONE', #4833, 0.3499999999999996447 ) ;
#2312 = FILL_AREA_STYLE ('',( #5606 ) ) ;
#2313 = DIRECTION ( 'NONE',  ( -1.000000000000000000, 0.000000000000000000, -0.000000000000000000 ) ) ;
#2314 = DIRECTION ( 'NONE',  ( -1.000000000000000000, -8.673617379881956035E-15, 0.000000000000000000 ) ) ;
#2315 = ORIENTED_EDGE ( 'NONE', *, *, #2859, .T. ) ;
#2316 = SURFACE_STYLE_USAGE ( .BOTH. , #9458 ) ;
#2317 = CARTESIAN_POINT ( 'NONE',  ( -6.693412330956371115, 6.704630743366732482, -2.119339049353549331 ) ) ;
#2318 = FILL_AREA_STYLE_COLOUR ( '', #5404 ) ;
#2319 = CARTESIAN_POINT ( 'NONE',  ( 2.249999999999991118, -5.399999999999905320, 3.200000000000005063 ) ) ;
#2320 = ORIENTED_EDGE ( 'NONE', *, *, #3143, .T. ) ;
#2321 = CARTESIAN_POINT ( 'NONE',  ( 1.891518204694824234, 5.400000000000003908, 3.199999999999992184 ) ) ;
#2322 = ORIENTED_EDGE ( 'NONE', *, *, #498, .T. ) ;
#2323 = CARTESIAN_POINT ( 'NONE',  ( -1.891518204694831340, -5.435424868893539596, 3.600000000000001421 ) ) ;
#2324 = CARTESIAN_POINT ( 'NONE',  ( 6.041480816619164251, 3.000000000000000000, -0.8527262566030736624 ) ) ;
#2325 = FILL_AREA_STYLE_COLOUR ( '', #8094 ) ;
#2326 = PRESENTATION_STYLE_ASSIGNMENT (( #4029 ) ) ;
#2327 = ORIENTED_EDGE ( 'NONE', *, *, #8449, .F. ) ;
#2328 = SURFACE_STYLE_USAGE ( .BOTH. , #6301 ) ;
#2329 = CARTESIAN_POINT ( 'NONE',  ( 6.000000000000000000, 0.000000000000000000, 3.500000000000000000 ) ) ;
#2330 = DIRECTION ( 'NONE',  ( 0.000000000000000000, -0.000000000000000000, 1.000000000000000000 ) ) ;
#2331 = ORIENTED_EDGE ( 'NONE', *, *, #4573, .F. ) ;
#2332 = DIRECTION ( 'NONE',  ( -5.292964219876011532E-15, -1.256337252201300185E-14, -1.000000000000000000 ) ) ;
#2333 = EDGE_CURVE ( 'NONE', #5964, #5588, #3642, .T. ) ;
#2334 = SURFACE_STYLE_FILL_AREA ( #859 ) ;
#2335 = ORIENTED_EDGE ( 'NONE', *, *, #9222, .F. ) ;
#2336 = DIRECTION ( 'NONE',  ( -1.000000000000000000, 0.000000000000000000, 0.000000000000000000 ) ) ;
#2337 = VERTEX_POINT ( 'NONE', #9930 ) ;
#2338 = CARTESIAN_POINT ( 'NONE',  ( 0.000000000000000000, 4.500000000000003553, 0.000000000000000000 ) ) ;
#2339 = ORIENTED_EDGE ( 'NONE', *, *, #5602, .T. ) ;
#2340 =( GEOMETRIC_REPRESENTATION_CONTEXT ( 3 ) GLOBAL_UNCERTAINTY_ASSIGNED_CONTEXT ( ( #8748 ) ) GLOBAL_UNIT_ASSIGNED_CONTEXT ( ( #1300, #1442, #7613 ) ) REPRESENTATION_CONTEXT ( 'NONE', 'WORKASPACE' ) );
#2341 = CARTESIAN_POINT ( 'NONE',  ( 0.7999999999999994893, -4.500000000000003553, -9.796850830579017080E-17 ) ) ;
#2342 = LINE ( 'NONE', #9490, #7247 ) ;
#2343 = DIRECTION ( 'NONE',  ( -0.000000000000000000, -0.000000000000000000, 1.000000000000000000 ) ) ;
#2344 = ORIENTED_EDGE ( 'NONE', *, *, #5173, .T. ) ;
#2345 = DIRECTION ( 'NONE',  ( -3.491483361109382461E-15, 0.000000000000000000, 1.000000000000000000 ) ) ;
#2346 = CIRCLE ( 'NONE', #3710, 0.5645751311063543776 ) ;
#2347 = DIRECTION ( 'NONE',  ( -7.025839312222417489E-33, -6.672013369141566696E-17, 1.000000000000000000 ) ) ;
#2348 = STYLED_ITEM ( 'NONE', ( #8274 ), #5108 ) ;
#2349 = ORIENTED_EDGE ( 'NONE', *, *, #7976, .T. ) ;
#2350 = FACE_OUTER_BOUND ( 'NONE', #1395, .T. ) ;
#2351 = VERTEX_POINT ( 'NONE', #1206 ) ;
#2352 = AXIS2_PLACEMENT_3D ( 'NONE', #3330, #6495, #942 ) ;
#2353 = AXIS2_PLACEMENT_3D ( 'NONE', #1105, #1948, #5143 ) ;
#2354 = PLANE ( 'NONE',  #2746 ) ;
#2355 = SURFACE_SIDE_STYLE ('',( #3043 ) ) ;
#2356 = AXIS2_PLACEMENT_3D ( 'NONE', #8617, #7062, #3092 ) ;
#2357 = SURFACE_SIDE_STYLE ('',( #7830 ) ) ;
#2358 = CARTESIAN_POINT ( 'NONE',  ( -4.999999999999999112, 5.000000000000002665, 3.300000000000000266 ) ) ;
#2359 = LINE ( 'NONE', #3207, #1896 ) ;
#2360 = EDGE_LOOP ( 'NONE', ( #9587, #4428, #334, #2768 ) ) ;
#2361 = CARTESIAN_POINT ( 'NONE',  ( 4.399999999999999467, -5.000000000000000000, 0.4000000000000000222 ) ) ;
#2362 = SURFACE_SIDE_STYLE ('',( #9514 ) ) ;
#2363 = UNCERTAINTY_MEASURE_WITH_UNIT (LENGTH_MEASURE( 1.000000000000000082E-05 ), #6697, 'distance_accuracy_value', 'NONE');
#2364 = DIRECTION ( 'NONE',  ( -1.000000000000000000, -0.000000000000000000, -0.000000000000000000 ) ) ;
#2365 = ORIENTED_EDGE ( 'NONE', *, *, #3925, .T. ) ;
#2366 = ADVANCED_FACE ( 'NONE', ( #3434 ), #8979, .F. ) ;
#2367 = SURFACE_STYLE_USAGE ( .BOTH. , #2267 ) ;
#2368 = AXIS2_PLACEMENT_3D ( 'NONE', #4193, #4969, #5853 ) ;
#2369 = EDGE_LOOP ( 'NONE', ( #754, #8808, #9874, #542 ) ) ;
#2370 = ADVANCED_FACE ( 'NONE', ( #7474 ), #6254, .T. ) ;
#2371 = CIRCLE ( 'NONE', #1029, 0.3999999999999858669 ) ;
#2372 = CARTESIAN_POINT ( 'NONE',  ( -5.254537717835704669, 1.462164714140041344, 3.200000000000005951 ) ) ;
#2373 = EDGE_CURVE ( 'NONE', #8529, #922, #6702, .T. ) ;
#2374 = STYLED_ITEM ( 'NONE', ( #9950 ), #7158 ) ;
#2375 = DIRECTION ( 'NONE',  ( 1.222978688985946960E-15, -1.000000000000000000, 0.000000000000000000 ) ) ;
#2376 = DIRECTION ( 'NONE',  ( 1.000000000000000000, -1.355252715606882022E-16, -0.000000000000000000 ) ) ;
#2377 = SURFACE_STYLE_USAGE ( .BOTH. , #9526 ) ;
#2378 = UNCERTAINTY_MEASURE_WITH_UNIT (LENGTH_MEASURE( 1.000000000000000082E-05 ), #4742, 'distance_accuracy_value', 'NONE');
#2379 = SURFACE_SIDE_STYLE ('',( #113 ) ) ;
#2380 = SURFACE_STYLE_FILL_AREA ( #8691 ) ;
#2381 = VECTOR ( 'NONE', #5801, 1000.000000000000000 ) ;
#2382 = SURFACE_STYLE_FILL_AREA ( #9532 ) ;
#2383 = DIRECTION ( 'NONE',  ( 0.000000000000000000, 0.000000000000000000, 1.000000000000000000 ) ) ;
#2384 = AXIS2_PLACEMENT_3D ( 'NONE', #6058, #8180, #8348 ) ;
#2385 =( LENGTH_UNIT ( ) NAMED_UNIT ( * ) SI_UNIT ( .MILLI., .METRE. ) );
#2386 = ADVANCED_FACE ( 'NONE', ( #9040 ), #3581, .F. ) ;
#2387 =( NAMED_UNIT ( * ) PLANE_ANGLE_UNIT ( ) SI_UNIT ( $, .RADIAN. ) );
#2388 = AXIS2_PLACEMENT_3D ( 'NONE', #9177, #339, #8391 ) ;
#2389 = ORIENTED_EDGE ( 'NONE', *, *, #2977, .F. ) ;
#2390 =( NAMED_UNIT ( * ) SI_UNIT ( $, .STERADIAN. ) SOLID_ANGLE_UNIT ( ) );
#2391 = ORIENTED_EDGE ( 'NONE', *, *, #1241, .F. ) ;
#2392 = LINE ( 'NONE', #5902, #3124 ) ;
#2393 = VERTEX_POINT ( 'NONE', #2940 ) ;
#2394 = CARTESIAN_POINT ( 'NONE',  ( -3.975348698380242407, 4.526324040001467708, 3.577874614043632384 ) ) ;
#2395 = CARTESIAN_POINT ( 'NONE',  ( 1.462164714140040234, -5.819112848942165961, 3.200000000000015277 ) ) ;
#2396 = ADVANCED_FACE ( 'NONE', ( #3085 ), #6210, .F. ) ;
#2397 = LINE ( 'NONE', #5592, #6252 ) ;
#2398 = ADVANCED_FACE ( 'NONE', ( #3790 ), #9104, .T. ) ;
#2399 = SURFACE_STYLE_USAGE ( .BOTH. , #7258 ) ;
#2400 = ORIENTED_EDGE ( 'NONE', *, *, #3189, .F. ) ;
#2401 = CARTESIAN_POINT ( 'NONE',  ( 6.958519183380836637, -3.000000000000000000, -1.929257140873639864 ) ) ;
#2402 = AXIS2_PLACEMENT_3D ( 'NONE', #4336, #5984, #4382 ) ;
#2403 = PRESENTATION_LAYER_ASSIGNMENT (  '', '', ( #4924 ) ) ;
#2404 = DIRECTION ( 'NONE',  ( -1.000000000000000000, 6.649748123998826551E-29, 5.292964219876011532E-15 ) ) ;
#2405 = AXIS2_PLACEMENT_3D ( 'NONE', #3447, #9783, #5837 ) ;
#2406 = ORIENTED_EDGE ( 'NONE', *, *, #3828, .T. ) ;
#2407 = CARTESIAN_POINT ( 'NONE',  ( -1.789074795565647635, -5.500000000000000000, 3.585218434151942191 ) ) ;
#2408 = ORIENTED_EDGE ( 'NONE', *, *, #7929, .T. ) ;
#2409 = DIRECTION ( 'NONE',  ( -2.728398293323198625E-13, -5.456796586804488383E-14, 1.000000000000000000 ) ) ;
#2410 = PRESENTATION_LAYER_ASSIGNMENT (  '', '', ( #36 ) ) ;
#2411 =( GEOMETRIC_REPRESENTATION_CONTEXT ( 3 ) GLOBAL_UNCERTAINTY_ASSIGNED_CONTEXT ( ( #5089 ) ) GLOBAL_UNIT_ASSIGNED_CONTEXT ( ( #599, #5432, #3839 ) ) REPRESENTATION_CONTEXT ( 'NONE', 'WORKASPACE' ) );
#2412 = CARTESIAN_POINT ( 'NONE',  ( 1.462164714140014254, 5.819112848941896843, 3.499999999999998668 ) ) ;
#2413 = STYLED_ITEM ( 'NONE', ( #8634 ), #662 ) ;
#2414 = DIRECTION ( 'NONE',  ( 0.000000000000000000, 0.000000000000000000, -1.000000000000000000 ) ) ;
#2415 = DIRECTION ( 'NONE',  ( 0.000000000000000000, 0.000000000000000000, 1.000000000000000000 ) ) ;
#2416 = PRESENTATION_LAYER_ASSIGNMENT (  '', '', ( #6239 ) ) ;
#2417 = CARTESIAN_POINT ( 'NONE',  ( 4.400000000000000355, 3.500000000000000000, 0.4000000000000000222 ) ) ;
#2418 =( NAMED_UNIT ( * ) SI_UNIT ( $, .STERADIAN. ) SOLID_ANGLE_UNIT ( ) );
#2419 = ADVANCED_FACE ( 'NONE', ( #3690 ), #2591, .T. ) ;
#2420 = DIRECTION ( 'NONE',  ( -5.292964219876516403E-15, -1.256337252201566032E-14, -1.000000000000000000 ) ) ;
#2421 = VERTEX_POINT ( 'NONE', #6997 ) ;
#2422 = CARTESIAN_POINT ( 'NONE',  ( -4.750000000000000000, 4.750000000000000000, 3.500000000000000000 ) ) ;
#2423 = LINE ( 'NONE', #728, #9602 ) ;
#2424 = CARTESIAN_POINT ( 'NONE',  ( -1.599999999999998979, -6.000000000000000000, 0.000000000000000000 ) ) ;
#2425 = VECTOR ( 'NONE', #6939, 1000.000000000000000 ) ;
#2426 = STYLED_ITEM ( 'NONE', ( #6145 ), #6873 ) ;
#2427 = DIRECTION ( 'NONE',  ( -1.000000000000000000, 0.000000000000000000, 0.000000000000000000 ) ) ;
#2428 = VERTEX_POINT ( 'NONE', #82 ) ;
#2429 = FILL_AREA_STYLE_COLOUR ( '', #2012 ) ;
#2430 = UNCERTAINTY_MEASURE_WITH_UNIT (LENGTH_MEASURE( 1.000000000000000082E-05 ), #350, 'distance_accuracy_value', 'NONE');
#2431 = EDGE_LOOP ( 'NONE', ( #2699, #10229, #3008, #5542 ) ) ;
#2432 = CARTESIAN_POINT ( 'NONE',  ( 5.699999999999998401, 2.250000000010903278, 3.499999999999998224 ) ) ;
#2433 = SURFACE_SIDE_STYLE ('',( #5775 ) ) ;
#2434 = SURFACE_STYLE_FILL_AREA ( #6400 ) ;
#2435 = DIRECTION ( 'NONE',  ( 1.000000000000000000, -0.000000000000000000, 0.000000000000000000 ) ) ;
#2436 = EDGE_CURVE ( 'NONE', #4048, #1233, #7260, .T. ) ;
#2437 = LINE ( 'NONE', #5624, #8302 ) ;
#2438 = SURFACE_STYLE_FILL_AREA ( #6348 ) ;
#2439 = AXIS2_PLACEMENT_3D ( 'NONE', #4538, #9226, #4405 ) ;
#2440 = ORIENTED_EDGE ( 'NONE', *, *, #8251, .F. ) ;
#2441 = SURFACE_STYLE_FILL_AREA ( #9583 ) ;
#2442 = DIRECTION ( 'NONE',  ( 4.336808689967532456E-16, 4.336808689967532456E-16, 1.000000000000000000 ) ) ;
#2443 = SURFACE_STYLE_FILL_AREA ( #1695 ) ;
#2444 = CYLINDRICAL_SURFACE ( 'NONE', #6270, 0.04999999999999969746 ) ;
#2445 = AXIS2_PLACEMENT_3D ( 'NONE', #9116, #9214, #6126 ) ;
#2446 = ORIENTED_EDGE ( 'NONE', *, *, #7698, .F. ) ;
#2447 = CIRCLE ( 'NONE', #9122, 0.04999999999999969746 ) ;
#2448 = PRESENTATION_STYLE_ASSIGNMENT (( #9539 ) ) ;
#2449 = ORIENTED_EDGE ( 'NONE', *, *, #5371, .T. ) ;
#2450 =( NAMED_UNIT ( * ) SI_UNIT ( $, .STERADIAN. ) SOLID_ANGLE_UNIT ( ) );
#2451 = ORIENTED_EDGE ( 'NONE', *, *, #7764, .F. ) ;
#2452 = EDGE_CURVE ( 'NONE', #6736, #2524, #8818, .T. ) ;
#2453 = CARTESIAN_POINT ( 'NONE',  ( 5.358530959034133900, 1.792592482432054712, 3.600000083461042610 ) ) ;
#2454 = DIRECTION ( 'NONE',  ( -1.000000000000000000, 0.000000000000000000, 0.000000000000000000 ) ) ;
#2455 = CARTESIAN_POINT ( 'NONE',  ( -1.389056478433036146, 5.528157206495052378, 3.500000000000039524 ) ) ;
#2456 = TOROIDAL_SURFACE ( 'NONE', #9954, 0.03542486889355003776, 0.4000000000000080158 ) ;
#2457 = SURFACE_STYLE_FILL_AREA ( #9595 ) ;
#2458 = DIRECTION ( 'NONE',  ( 0.000000000000000000, 0.000000000000000000, -1.000000000000000000 ) ) ;
#2459 = EDGE_LOOP ( 'NONE', ( #4377, #9482, #4738, #8807 ) ) ;
#2460 = DIRECTION ( 'NONE',  ( -1.000000000000000000, 0.000000000000000000, 0.000000000000000000 ) ) ;
#2461 = ORIENTED_EDGE ( 'NONE', *, *, #4748, .T. ) ;
#2462 = ORIENTED_EDGE ( 'NONE', *, *, #5037, .F. ) ;
#2463 = SURFACE_STYLE_FILL_AREA ( #2554 ) ;
#2464 =( NAMED_UNIT ( * ) SI_UNIT ( $, .STERADIAN. ) SOLID_ANGLE_UNIT ( ) );
#2465 = DIRECTION ( 'NONE',  ( 0.000000000000000000, 0.000000000000000000, -1.000000000000000000 ) ) ;
#2466 =( NAMED_UNIT ( * ) PLANE_ANGLE_UNIT ( ) SI_UNIT ( $, .RADIAN. ) );
#2467 = COLOUR_RGB ( '',0.7529411764705882248, 0.7529411764705882248, 0.7529411764705882248 ) ;
#2468 =( GEOMETRIC_REPRESENTATION_CONTEXT ( 3 ) GLOBAL_UNCERTAINTY_ASSIGNED_CONTEXT ( ( #5011 ) ) GLOBAL_UNIT_ASSIGNED_CONTEXT ( ( #3336, #3499, #2755 ) ) REPRESENTATION_CONTEXT ( 'NONE', 'WORKASPACE' ) );
#2469 = CARTESIAN_POINT ( 'NONE',  ( 5.291554659102970959, -1.663258856965648347, 3.600000000050854077 ) ) ;
#2470 = SURFACE_STYLE_USAGE ( .BOTH. , #6297 ) ;
#2471 =( GEOMETRIC_REPRESENTATION_CONTEXT ( 3 ) GLOBAL_UNCERTAINTY_ASSIGNED_CONTEXT ( ( #6598 ) ) GLOBAL_UNIT_ASSIGNED_CONTEXT ( ( #8341, #3517, #297 ) ) REPRESENTATION_CONTEXT ( 'NONE', 'WORKASPACE' ) );
#2472 = DIRECTION ( 'NONE',  ( 1.168573686247926849E-31, 1.000000000000000000, 2.221018656992604067E-15 ) ) ;
#2473 = DIRECTION ( 'NONE',  ( 0.000000000000000000, 0.000000000000000000, -1.000000000000000000 ) ) ;
#2474 = VERTEX_POINT ( 'NONE', #2407 ) ;
#2475 =( LENGTH_UNIT ( ) NAMED_UNIT ( * ) SI_UNIT ( .MILLI., .METRE. ) );
#2476 = CARTESIAN_POINT ( 'NONE',  ( -4.750000000000000000, 4.750000000000000000, 3.200000000000000178 ) ) ;
#2477 = MECHANICAL_DESIGN_GEOMETRIC_PRESENTATION_REPRESENTATION (  '', ( #4354 ), #3149 ) ;
#2478 = DIRECTION ( 'NONE',  ( 0.000000000000000000, 1.000000000000000000, 0.000000000000000000 ) ) ;
#2479 = CARTESIAN_POINT ( 'NONE',  ( -5.432699878980247199, -2.263624949575091083, 3.599999999999997868 ) ) ;
#2480 = ORIENTED_EDGE ( 'NONE', *, *, #3638, .T. ) ;
#2481 = FILL_AREA_STYLE_COLOUR ( '', #5202 ) ;
#2482 = FILL_AREA_STYLE ('',( #8941 ) ) ;
#2483 = VERTEX_POINT ( 'NONE', #9497 ) ;
#2484 = EDGE_CURVE ( 'NONE', #6048, #8452, #10089, .T. ) ;
#2485 = CARTESIAN_POINT ( 'NONE',  ( 5.000000000000000000, -4.999999999999998224, 0.000000000000000000 ) ) ;
#2486 = DIRECTION ( 'NONE',  ( 1.000000000000000000, 2.710505431213761578E-16, -0.000000000000000000 ) ) ;
#2487 =( LENGTH_UNIT ( ) NAMED_UNIT ( * ) SI_UNIT ( .MILLI., .METRE. ) );
#2488 = SURFACE_STYLE_USAGE ( .BOTH. , #2688 ) ;
#2489 = DIRECTION ( 'NONE',  ( 0.000000000000000000, 0.000000000000000000, -1.000000000000000000 ) ) ;
#2490 = CARTESIAN_POINT ( 'NONE',  ( 3.949999999999999734, 4.750000000000000000, 3.600000000000001421 ) ) ;
#2491 =( LENGTH_UNIT ( ) NAMED_UNIT ( * ) SI_UNIT ( .MILLI., .METRE. ) );
#2492 = LINE ( 'NONE', #1647, #9168 ) ;
#2493 = ORIENTED_EDGE ( 'NONE', *, *, #10243, .T. ) ;
#2494 = CARTESIAN_POINT ( 'NONE',  ( 1.899999999999999911, 1.599999999999999867, 5.500000000000000000 ) ) ;
#2495 = ORIENTED_EDGE ( 'NONE', *, *, #8708, .T. ) ;
#2496 = ORIENTED_EDGE ( 'NONE', *, *, #1449, .T. ) ;
#2497 = LINE ( 'NONE', #9750, #376 ) ;
#2498 = CARTESIAN_POINT ( 'NONE',  ( -4.713095711004410049, -3.950851657416640350, 3.499999999999997780 ) ) ;
#2499 = ADVANCED_FACE ( 'NONE', ( #2350 ), #9761, .T. ) ;
#2500 = CIRCLE ( 'NONE', #8499, 0.4000000000000182299 ) ;
#2501 = FILL_AREA_STYLE_COLOUR ( '', #1359 ) ;
#2502 = ORIENTED_EDGE ( 'NONE', *, *, #5068, .F. ) ;
#2503 = CYLINDRICAL_SURFACE ( 'NONE', #5435, 0.2999999999999999334 ) ;
#2504 = ORIENTED_EDGE ( 'NONE', *, *, #1614, .T. ) ;
#2505 = PLANE ( 'NONE',  #7218 ) ;
#2506 = AXIS2_PLACEMENT_3D ( 'NONE', #8039, #4112, #7269 ) ;
#2507 = AXIS2_PLACEMENT_3D ( 'NONE', #7391, #7444, #1907 ) ;
#2508 = LINE ( 'NONE', #8662, #5197 ) ;
#2509 = CARTESIAN_POINT ( 'NONE',  ( 5.400000000000011902, 1.891518204694827787, 3.499999999999983125 ) ) ;
#2510 = CIRCLE ( 'NONE', #8343, 0.8000000000000003775 ) ;
#2511 = STYLED_ITEM ( 'NONE', ( #8776 ), #1491 ) ;
#2512 = PRESENTATION_STYLE_ASSIGNMENT (( #92 ) ) ;
#2513 =( NAMED_UNIT ( * ) PLANE_ANGLE_UNIT ( ) SI_UNIT ( $, .RADIAN. ) );
#2514 = MECHANICAL_DESIGN_GEOMETRIC_PRESENTATION_REPRESENTATION (  '', ( #7362 ), #10027 ) ;
#2515 = ORIENTED_EDGE ( 'NONE', *, *, #1168, .T. ) ;
#2516 = STYLED_ITEM ( 'NONE', ( #5408 ), #7327 ) ;
#2517 = SURFACE_STYLE_FILL_AREA ( #1834 ) ;
#2518 =( LENGTH_UNIT ( ) NAMED_UNIT ( * ) SI_UNIT ( .MILLI., .METRE. ) );
#2519 = DIRECTION ( 'NONE',  ( 1.000000000000000000, 3.614007241618359420E-15, -1.590163186312078113E-14 ) ) ;
#2520 = VERTEX_POINT ( 'NONE', #714 ) ;
#2521 =( NAMED_UNIT ( * ) SI_UNIT ( $, .STERADIAN. ) SOLID_ANGLE_UNIT ( ) );
#2522 = SURFACE_STYLE_USAGE ( .BOTH. , #2575 ) ;
#2523 = ADVANCED_FACE ( 'NONE', ( #6428 ), #2503, .T. ) ;
#2524 = VERTEX_POINT ( 'NONE', #1931 ) ;
#2525 = DIRECTION ( 'NONE',  ( 1.000000000000000000, 0.000000000000000000, -0.000000000000000000 ) ) ;
#2526 = EDGE_CURVE ( 'NONE', #2815, #7748, #1143, .T. ) ;
#2527 = MECHANICAL_DESIGN_GEOMETRIC_PRESENTATION_REPRESENTATION (  '', ( #3726 ), #5549 ) ;
#2528 = CARTESIAN_POINT ( 'NONE',  ( -6.158268339717665185E-14, 3.452099717193846118E-13, 3.200000000000189804 ) ) ;
#2529 = MECHANICAL_DESIGN_GEOMETRIC_PRESENTATION_REPRESENTATION (  '', ( #5703 ), #4704 ) ;
#2530 = VECTOR ( 'NONE', #6025, 1000.000000000000000 ) ;
#2531 = CARTESIAN_POINT ( 'NONE',  ( 6.300000000000027356, 0.000000000000000000, 7.064159265358980200 ) ) ;
#2532 = FACE_OUTER_BOUND ( 'NONE', #10091, .T. ) ;
#2533 = PRESENTATION_STYLE_ASSIGNMENT (( #6499 ) ) ;
#2534 = CARTESIAN_POINT ( 'NONE',  ( -6.547679712131307284, 2.000000000000000888, -2.979052028523551332 ) ) ;
#2535 = ORIENTED_EDGE ( 'NONE', *, *, #181, .F. ) ;
#2536 = DIRECTION ( 'NONE',  ( -0.000000000000000000, -0.000000000000000000, 1.000000000000000000 ) ) ;
#2537 = EDGE_CURVE ( 'NONE', #1447, #4361, #1821, .T. ) ;
#2538 = EDGE_CURVE ( 'NONE', #7087, #2337, #8346, .T. ) ;
#2539 = LINE ( 'NONE', #8221, #4445 ) ;
#2540 = ORIENTED_EDGE ( 'NONE', *, *, #1331, .F. ) ;
#2541 = CARTESIAN_POINT ( 'NONE',  ( 1.676841459417439451, -5.609556424471086267, 3.500000000000000444 ) ) ;
#2542 = EDGE_LOOP ( 'NONE', ( #8345, #5555, #4151, #5953, #467 ) ) ;
#2543 = ORIENTED_EDGE ( 'NONE', *, *, #4679, .F. ) ;
#2544 = EDGE_CURVE ( 'NONE', #8255, #148, #8926, .T. ) ;
#2545 = CIRCLE ( 'NONE', #192, 0.2000000000000013989 ) ;
#2546 = CARTESIAN_POINT ( 'NONE',  ( 5.389502729819248827, 1.831766828003718706, 3.600000000000000533 ) ) ;
#2547 = SURFACE_SIDE_STYLE ('',( #9698 ) ) ;
#2548 = AXIS2_PLACEMENT_3D ( 'NONE', #2604, #8170, #1815 ) ;
#2549 = CARTESIAN_POINT ( 'NONE',  ( 1.599999999999999867, 1.600000000000001643, 6.999999999999996447 ) ) ;
#2550 = COLOUR_RGB ( '',0.2980392156862745057, 0.2980392156862745057, 0.2980392156862745057 ) ;
#2551 = ORIENTED_EDGE ( 'NONE', *, *, #2003, .F. ) ;
#2552 = CARTESIAN_POINT ( 'NONE',  ( 6.000000000000000000, 0.000000000000000000, 0.1999999999999997613 ) ) ;
#2553 = ORIENTED_EDGE ( 'NONE', *, *, #2839, .T. ) ;
#2554 = FILL_AREA_STYLE ('',( #5601 ) ) ;
#2555 = EDGE_CURVE ( 'NONE', #1021, #7968, #5080, .T. ) ;
#2556 = LINE ( 'NONE', #7421, #10300 ) ;
#2557 = EDGE_CURVE ( 'NONE', #3563, #2028, #244, .T. ) ;
#2558 =( NAMED_UNIT ( * ) SI_UNIT ( $, .STERADIAN. ) SOLID_ANGLE_UNIT ( ) );
#2559 = CARTESIAN_POINT ( 'NONE',  ( 4.400000000000000355, 4.999999999999999112, 0.4000000000000000222 ) ) ;
#2560 = AXIS2_PLACEMENT_3D ( 'NONE', #4505, #2885, #9525 ) ;
#2561 = CARTESIAN_POINT ( 'NONE',  ( 5.278938358009638065, -1.626624383087249992, 3.599999996058159457 ) ) ;
#2562 = TOROIDAL_SURFACE ( 'NONE', #8061, 0.03542486889351447593, 0.4000000000000502043 ) ;
#2563 = VECTOR ( 'NONE', #9979, 1000.000000000000000 ) ;
#2564 = EDGE_CURVE ( 'NONE', #7946, #4664, #1033, .T. ) ;
#2565 = DIRECTION ( 'NONE',  ( -0.000000000000000000, -1.000000000000000000, -0.000000000000000000 ) ) ;
#2566 = CARTESIAN_POINT ( 'NONE',  ( 3.949999999999999734, -4.750000000000000000, 3.200000000000000178 ) ) ;
#2567 = EDGE_LOOP ( 'NONE', ( #3462, #5064 ) ) ;
#2568 =( NAMED_UNIT ( * ) SI_UNIT ( $, .STERADIAN. ) SOLID_ANGLE_UNIT ( ) );
#2569 = FACE_OUTER_BOUND ( 'NONE', #1758, .T. ) ;
#2570 = AXIS2_PLACEMENT_3D ( 'NONE', #4674, #1420, #516 ) ;
#2571 = DIRECTION ( 'NONE',  ( 5.025349008806200386E-14, 2.117185687950617605E-14, -1.000000000000000000 ) ) ;
#2572 = DIRECTION ( 'NONE',  ( 4.357408531219363812E-11, -0.6614378277661648875, 0.7499999999999849010 ) ) ;
#2573 = ORIENTED_EDGE ( 'NONE', *, *, #10240, .F. ) ;
#2574 = DIRECTION ( 'NONE',  ( -1.000000000000000000, 0.000000000000000000, -3.491483361109382461E-15 ) ) ;
#2575 = SURFACE_SIDE_STYLE ('',( #3214 ) ) ;
#2576 = AXIS2_PLACEMENT_3D ( 'NONE', #8290, #9081, #917 ) ;
#2577 = ADVANCED_FACE ( 'NONE', ( #6694 ), #1088, .T. ) ;
#2578 = EDGE_LOOP ( 'NONE', ( #10287, #1822, #4416, #186 ) ) ;
#2579 = CARTESIAN_POINT ( 'NONE',  ( -1.324581074942560832, 5.271558449006333191, 3.600000000000075140 ) ) ;
#2580 = CARTESIAN_POINT ( 'NONE',  ( -1.899999999999999911, 0.000000000000000000, 4.299999999999999822 ) ) ;
#2581 = MECHANICAL_DESIGN_GEOMETRIC_PRESENTATION_REPRESENTATION (  '', ( #4777 ), #10084 ) ;
#2582 = EDGE_CURVE ( 'NONE', #1349, #5453, #5029, .T. ) ;
#2583 = VECTOR ( 'NONE', #8593, 1000.000000000000000 ) ;
#2584 = FILL_AREA_STYLE_COLOUR ( '', #9390 ) ;
#2585 =( NAMED_UNIT ( * ) SI_UNIT ( $, .STERADIAN. ) SOLID_ANGLE_UNIT ( ) );
#2586 = CARTESIAN_POINT ( 'NONE',  ( 5.999999999999997335, 3.000000000000000000, -0.6874509908007685466 ) ) ;
#2587 = EDGE_CURVE ( 'NONE', #3061, #7175, #6784, .T. ) ;
#2588 = DIRECTION ( 'NONE',  ( 0.000000000000000000, 1.000000000000000000, 0.000000000000000000 ) ) ;
#2589 = DIRECTION ( 'NONE',  ( 0.4722150451494369627, 0.000000000000000000, -0.8814833810881036458 ) ) ;
#2590 = DIRECTION ( 'NONE',  ( -0.000000000000000000, -1.000000000000000000, -0.000000000000000000 ) ) ;
#2591 = TOROIDAL_SURFACE ( 'NONE', #8079, 0.5645751311064587386, 0.4000000000000065725 ) ;
#2592 = VERTEX_POINT ( 'NONE', #5124 ) ;
#2593 = DIRECTION ( 'NONE',  ( 0.4722150451494404044, 0.000000000000000000, -0.8814833810881019804 ) ) ;
#2594 = UNCERTAINTY_MEASURE_WITH_UNIT (LENGTH_MEASURE( 1.000000000000000082E-05 ), #4031, 'distance_accuracy_value', 'NONE');
#2595 = ORIENTED_EDGE ( 'NONE', *, *, #5156, .T. ) ;
#2596 = LINE ( 'NONE', #5787, #4696 ) ;
#2597 = CARTESIAN_POINT ( 'NONE',  ( -3.600000000000000977, -5.500000000000000000, 0.000000000000000000 ) ) ;
#2598 = AXIS2_PLACEMENT_3D ( 'NONE', #3918, #8635, #2931 ) ;
#2599 = FILL_AREA_STYLE ('',( #1699 ) ) ;
#2600 = CARTESIAN_POINT ( 'NONE',  ( 6.693412330956371115, 2.000000000000000000, -2.119339049353549331 ) ) ;
#2601 = VERTEX_POINT ( 'NONE', #7899 ) ;
#2602 = ORIENTED_EDGE ( 'NONE', *, *, #1138, .F. ) ;
#2603 = CARTESIAN_POINT ( 'NONE',  ( -1.599999999999999867, 5.435424868893540484, 3.199999999999999734 ) ) ;
#2604 = CARTESIAN_POINT ( 'NONE',  ( 6.212785798360256351, -2.499999999999999556, -2.960449165327016186 ) ) ;
#2605 = CARTESIAN_POINT ( 'NONE',  ( 3.950851657416640350, 4.713095711004416266, 3.499999999999998224 ) ) ;
#2606 = EDGE_CURVE ( 'NONE', #1249, #1233, #7598, .T. ) ;
#2607 = COLOUR_RGB ( '',1.000000000000000000, 1.000000000000000000, 1.000000000000000000 ) ;
#2608 = SURFACE_SIDE_STYLE ('',( #9812 ) ) ;
#2609 = MECHANICAL_DESIGN_GEOMETRIC_PRESENTATION_REPRESENTATION (  '', ( #426 ), #2102 ) ;
#2610 = ORIENTED_EDGE ( 'NONE', *, *, #7314, .F. ) ;
#2611 = DIRECTION ( 'NONE',  ( 0.000000000000000000, 0.000000000000000000, -1.000000000000000000 ) ) ;
#2612 = ORIENTED_EDGE ( 'NONE', *, *, #3812, .F. ) ;
#2613 = PRESENTATION_STYLE_ASSIGNMENT (( #8973 ) ) ;
#2614 = VECTOR ( 'NONE', #124, 1000.000000000000000 ) ;
#2615 = MECHANICAL_DESIGN_GEOMETRIC_PRESENTATION_REPRESENTATION (  '', ( #3800 ), #755 ) ;
#2616 = TOROIDAL_SURFACE ( 'NONE', #8451, 0.5645751311064571842, 0.4000000000000021316 ) ;
#2617 = CARTESIAN_POINT ( 'NONE',  ( -6.000000000000000000, 2.000000000000000000, 3.500000000000000000 ) ) ;
#2618 = LINE ( 'NONE', #2559, #3724 ) ;
#2619 = STYLED_ITEM ( 'NONE', ( #2326 ), #3935 ) ;
#2620 = CARTESIAN_POINT ( 'NONE',  ( 5.313907779076250115, -1.714791025473046959, 3.599999976249312450 ) ) ;
#2621 = UNCERTAINTY_MEASURE_WITH_UNIT (LENGTH_MEASURE( 1.000000000000000082E-05 ), #7561, 'distance_accuracy_value', 'NONE');
#2622 = VECTOR ( 'NONE', #3854, 1000.000000000000000 ) ;
#2623 = DIRECTION ( 'NONE',  ( -3.491483361109382461E-15, 0.000000000000000000, 1.000000000000000000 ) ) ;
#2624 = ORIENTED_EDGE ( 'NONE', *, *, #8089, .F. ) ;
#2625 = DIRECTION ( 'NONE',  ( 0.000000000000000000, 0.000000000000000000, 1.000000000000000000 ) ) ;
#2626 = VERTEX_POINT ( 'NONE', #5283 ) ;
#2627 = PRESENTATION_STYLE_ASSIGNMENT (( #3641 ) ) ;
#2628 = DIRECTION ( 'NONE',  ( -1.000000000000000000, 0.000000000000000000, 0.000000000000000000 ) ) ;
#2629 = PRESENTATION_LAYER_ASSIGNMENT (  '', '', ( #7131 ) ) ;
#2630 = DIRECTION ( 'NONE',  ( -1.000000000000000000, 1.084202172485503842E-15, 0.000000000000000000 ) ) ;
#2631 = EDGE_LOOP ( 'NONE', ( #1144, #2535, #3528, #4606, #8099, #9550, #7385, #3023, #5524, #8510, #4176, #9940, #4656, #6679, #6609 ) ) ;
#2632 = FILL_AREA_STYLE ('',( #2798 ) ) ;
#2633 = DIRECTION ( 'NONE',  ( -0.000000000000000000, -1.000000000000000000, -0.000000000000000000 ) ) ;
#2634 = AXIS2_PLACEMENT_3D ( 'NONE', #9500, #8615, #6162 ) ;
#2635 = EDGE_LOOP ( 'NONE', ( #6094, #5979, #1051, #1399 ) ) ;
#2636 = STYLED_ITEM ( 'NONE', ( #10120 ), #263 ) ;
#2637 =( GEOMETRIC_REPRESENTATION_CONTEXT ( 3 ) GLOBAL_UNCERTAINTY_ASSIGNED_CONTEXT ( ( #5334 ) ) GLOBAL_UNIT_ASSIGNED_CONTEXT ( ( #217, #8325, #6672 ) ) REPRESENTATION_CONTEXT ( 'NONE', 'WORKASPACE' ) );
#2638 = CARTESIAN_POINT ( 'NONE',  ( 5.000000000000000000, -5.000000000000000000, 0.2000000000000000944 ) ) ;
#2639 = DIRECTION ( 'NONE',  ( 0.000000000000000000, 0.000000000000000000, 1.000000000000000000 ) ) ;
#2640 = PRESENTATION_LAYER_ASSIGNMENT (  '', '', ( #944 ) ) ;
#2641 = PRESENTATION_STYLE_ASSIGNMENT (( #9730 ) ) ;
#2642 = DIRECTION ( 'NONE',  ( 1.053031360026544826E-16, 1.000000000000000000, 0.000000000000000000 ) ) ;
#2643 = CARTESIAN_POINT ( 'NONE',  ( 6.547679712131304619, 2.000000000000000888, -2.979052028523551776 ) ) ;
#2644 = DIRECTION ( 'NONE',  ( 0.000000000000000000, 0.000000000000000000, 1.000000000000000000 ) ) ;
#2645 = EDGE_LOOP ( 'NONE', ( #964, #4275, #7298, #6602 ) ) ;
#2646 = DIRECTION ( 'NONE',  ( 1.000000000000000000, -0.000000000000000000, 0.000000000000000000 ) ) ;
#2647 = DIRECTION ( 'NONE',  ( 0.000000000000000000, 0.000000000000000000, -1.000000000000000000 ) ) ;
#2648 = ORIENTED_EDGE ( 'NONE', *, *, #1253, .F. ) ;
#2649 = VECTOR ( 'NONE', #8673, 1000.000000000000000 ) ;
#2650 = DIRECTION ( 'NONE',  ( -1.000000000000000000, 1.084202172485503842E-15, 0.000000000000000000 ) ) ;
#2651 = PRESENTATION_STYLE_ASSIGNMENT (( #4356 ) ) ;
#2652 = VERTEX_POINT ( 'NONE', #7085 ) ;
#2653 = VERTEX_POINT ( 'NONE', #7957 ) ;
#2654 = ORIENTED_EDGE ( 'NONE', *, *, #3309, .F. ) ;
#2655 = UNCERTAINTY_MEASURE_WITH_UNIT (LENGTH_MEASURE( 1.000000000000000082E-05 ), #1154, 'distance_accuracy_value', 'NONE');
#2656 = DIRECTION ( 'NONE',  ( -0.4961328535521692951, 0.000000000000000000, 0.8682466191274123002 ) ) ;
#2657 = FACE_OUTER_BOUND ( 'NONE', #10274, .T. ) ;
#2658 = SURFACE_STYLE_USAGE ( .BOTH. , #2547 ) ;
#2659 = SURFACE_STYLE_USAGE ( .BOTH. , #126 ) ;
#2660 = ADVANCED_FACE ( 'NONE', ( #10262 ), #1303, .T. ) ;
#2661 =( LENGTH_UNIT ( ) NAMED_UNIT ( * ) SI_UNIT ( .MILLI., .METRE. ) );
#2662 = COLOUR_RGB ( '',0.7529411764705882248, 0.7529411764705882248, 0.7529411764705882248 ) ;
#2663 = CARTESIAN_POINT ( 'NONE',  ( -3.600000000000001421, -5.500000000000000000, 3.644339654338649925 ) ) ;
#2664 = VERTEX_POINT ( 'NONE', #10318 ) ;
#2665 = FILL_AREA_STYLE_COLOUR ( '', #1415 ) ;
#2666 = ORIENTED_EDGE ( 'NONE', *, *, #1449, .F. ) ;
#2667 = CARTESIAN_POINT ( 'NONE',  ( 6.287205726393075622, -3.000000000000000000, -2.830212172457908348 ) ) ;
#2668 = AXIS2_PLACEMENT_3D ( 'NONE', #1801, #5009, #118 ) ;
#2669 =( NAMED_UNIT ( * ) PLANE_ANGLE_UNIT ( ) SI_UNIT ( $, .RADIAN. ) );
#2670 =( LENGTH_UNIT ( ) NAMED_UNIT ( * ) SI_UNIT ( .MILLI., .METRE. ) );
#2671 = DIRECTION ( 'NONE',  ( 1.000000000000000000, 0.000000000000000000, -5.421010862435353587E-16 ) ) ;
#2672 = UNCERTAINTY_MEASURE_WITH_UNIT (LENGTH_MEASURE( 1.000000000000000082E-05 ), #2782, 'distance_accuracy_value', 'NONE');
#2673 = DIRECTION ( 'NONE',  ( -1.000000000000000000, -5.518978032935368148E-32, -1.960096758342356159E-15 ) ) ;
#2674 = ORIENTED_EDGE ( 'NONE', *, *, #9216, .F. ) ;
#2675 = CARTESIAN_POINT ( 'NONE',  ( -2.166916829160916310E-16, 1.734723475976807094E-15, 3.500000000000000000 ) ) ;
#2676 = ORIENTED_EDGE ( 'NONE', *, *, #5970, .T. ) ;
#2677 =( NAMED_UNIT ( * ) SI_UNIT ( $, .STERADIAN. ) SOLID_ANGLE_UNIT ( ) );
#2678 = AXIS2_PLACEMENT_3D ( 'NONE', #9118, #8999, #10000 ) ;
#2679 = SURFACE_SIDE_STYLE ('',( #7765 ) ) ;
#2680 = CARTESIAN_POINT ( 'NONE',  ( -5.819112848942275207, 1.462164714140041344, 3.200000000000166267 ) ) ;
#2681 = EDGE_LOOP ( 'NONE', ( #7860, #1803, #678, #6223, #10042 ) ) ;
#2682 = CIRCLE ( 'NONE', #3538, 0.7999999999988443022 ) ;
#2683 = ORIENTED_EDGE ( 'NONE', *, *, #5032, .F. ) ;
#2684 = CARTESIAN_POINT ( 'NONE',  ( -5.950000000000000178, -2.999999999999999112, 0.8000000000000000444 ) ) ;
#2685 = AXIS2_PLACEMENT_3D ( 'NONE', #4953, #149, #9668 ) ;
#2686 = AXIS2_PLACEMENT_3D ( 'NONE', #7383, #3440, #9776 ) ;
#2687 = UNCERTAINTY_MEASURE_WITH_UNIT (LENGTH_MEASURE( 1.000000000000000082E-05 ), #8804, 'distance_accuracy_value', 'NONE');
#2688 = SURFACE_SIDE_STYLE ('',( #3497 ) ) ;
#2689 = DIRECTION ( 'NONE',  ( -1.000000000000000000, -1.019578823124758518E-47, -4.336808689942028583E-16 ) ) ;
#2690 = EDGE_CURVE ( 'NONE', #1071, #8255, #6013, .T. ) ;
#2691 = SURFACE_STYLE_USAGE ( .BOTH. , #219 ) ;
#2692 = ADVANCED_FACE ( 'NONE', ( #7662 ), #9469, .T. ) ;
#2693 = DIRECTION ( 'NONE',  ( 0.8682466191274124112, -0.000000000000000000, 0.4961328535521690730 ) ) ;
#2694 = AXIS2_PLACEMENT_3D ( 'NONE', #10040, #2902, #2745 ) ;
#2695 = VECTOR ( 'NONE', #1613, 1000.000000000000000 ) ;
#2696 = ORIENTED_EDGE ( 'NONE', *, *, #10223, .T. ) ;
#2697 = LINE ( 'NONE', #5010, #8040 ) ;
#2698 = UNCERTAINTY_MEASURE_WITH_UNIT (LENGTH_MEASURE( 1.000000000000000082E-05 ), #946, 'distance_accuracy_value', 'NONE');
#2699 = ORIENTED_EDGE ( 'NONE', *, *, #7606, .F. ) ;
#2700 = EDGE_CURVE ( 'NONE', #6018, #1460, #6298, .T. ) ;
#2701 = AXIS2_PLACEMENT_3D ( 'NONE', #5144, #3742, #8663 ) ;
#2702 = LINE ( 'NONE', #9068, #825 ) ;
#2703 = CARTESIAN_POINT ( 'NONE',  ( 1.880790961326725235E-31, 1.880790961326725235E-31, 7.300000000043382897 ) ) ;
#2704 =( GEOMETRIC_REPRESENTATION_CONTEXT ( 3 ) GLOBAL_UNCERTAINTY_ASSIGNED_CONTEXT ( ( #5523 ) ) GLOBAL_UNIT_ASSIGNED_CONTEXT ( ( #7619, #2176, #6104 ) ) REPRESENTATION_CONTEXT ( 'NONE', 'WORKASPACE' ) );
#2705 = ADVANCED_FACE ( 'NONE', ( #1247 ), #8400, .T. ) ;
#2706 = AXIS2_PLACEMENT_3D ( 'NONE', #168, #3403, #6567 ) ;
#2707 = LINE ( 'NONE', #912, #9699 ) ;
#2708 = VERTEX_POINT ( 'NONE', #4465 ) ;
#2709 = SURFACE_STYLE_FILL_AREA ( #6636 ) ;
#2710 = EDGE_LOOP ( 'NONE', ( #6429, #2884, #5138, #9971 ) ) ;
#2711 = DIRECTION ( 'NONE',  ( 0.000000000000000000, 0.000000000000000000, -1.000000000000000000 ) ) ;
#2712 = CARTESIAN_POINT ( 'NONE',  ( -6.000000000000000000, -3.499999999999999556, 0.4000000000000000222 ) ) ;
#2713 = COLOUR_RGB ( '',0.7529411764705882248, 0.7529411764705882248, 0.7529411764705882248 ) ;
#2714 = EDGE_CURVE ( 'NONE', #3780, #4540, #10069, .T. ) ;
#2715 = FILL_AREA_STYLE ('',( #5906 ) ) ;
#2716 = STYLED_ITEM ( 'NONE', ( #9115 ), #178 ) ;
#2717 = DIRECTION ( 'NONE',  ( 0.000000000000000000, -0.000000000000000000, -1.000000000000000000 ) ) ;
#2718 = ORIENTED_EDGE ( 'NONE', *, *, #9681, .F. ) ;
#2719 = DIRECTION ( 'NONE',  ( -0.6614378277661518979, 3.415236843329322559E-14, 0.7499999999999962252 ) ) ;
#2720 = EDGE_LOOP ( 'NONE', ( #758, #7210, #9802, #8837 ) ) ;
#2721 = CIRCLE ( 'NONE', #8540, 0.5645751311061943944 ) ;
#2722 = EDGE_CURVE ( 'NONE', #8718, #2421, #9729, .T. ) ;
#2723 = ADVANCED_FACE ( 'NONE', ( #7288 ), #5725, .T. ) ;
#2724 = SURFACE_STYLE_USAGE ( .BOTH. , #9865 ) ;
#2725 = DIRECTION ( 'NONE',  ( -1.000000000000000000, 0.000000000000000000, 0.000000000000000000 ) ) ;
#2726 = PRESENTATION_LAYER_ASSIGNMENT (  '', '', ( #3409 ) ) ;
#2727 = UNCERTAINTY_MEASURE_WITH_UNIT (LENGTH_MEASURE( 1.000000000000000082E-05 ), #8987, 'distance_accuracy_value', 'NONE');
#2728 = PRESENTATION_LAYER_ASSIGNMENT (  '', '', ( #6397 ) ) ;
#2729 = FILL_AREA_STYLE ('',( #9152 ) ) ;
#2730 = VERTEX_POINT ( 'NONE', #3221 ) ;
#2731 = FILL_AREA_STYLE_COLOUR ( '', #3589 ) ;
#2732 = ORIENTED_EDGE ( 'NONE', *, *, #6590, .F. ) ;
#2733 = CIRCLE ( 'NONE', #9716, 0.2999999999999999334 ) ;
#2734 = LINE ( 'NONE', #4475, #8891 ) ;
#2735 = FILL_AREA_STYLE_COLOUR ( '', #2122 ) ;
#2736 = CYLINDRICAL_SURFACE ( 'NONE', #6411, 0.8000000000000003775 ) ;
#2737 = LINE ( 'NONE', #558, #616 ) ;
#2738 =( NAMED_UNIT ( * ) SI_UNIT ( $, .STERADIAN. ) SOLID_ANGLE_UNIT ( ) );
#2739 =( LENGTH_UNIT ( ) NAMED_UNIT ( * ) SI_UNIT ( .MILLI., .METRE. ) );
#2740 = SURFACE_SIDE_STYLE ('',( #4383 ) ) ;
#2741 = ORIENTED_EDGE ( 'NONE', *, *, #6728, .T. ) ;
#2742 = DIRECTION ( 'NONE',  ( -0.4722150451494442902, 0.000000000000000000, -0.8814833810880998710 ) ) ;
#2743 = CIRCLE ( 'NONE', #1064, 0.3500000000000004774 ) ;
#2744 = PRESENTATION_LAYER_ASSIGNMENT (  '', '', ( #5405 ) ) ;
#2745 = DIRECTION ( 'NONE',  ( 1.000000000000000000, 4.336808689942006692E-15, -3.035766082959404842E-14 ) ) ;
#2746 = AXIS2_PLACEMENT_3D ( 'NONE', #3147, #8774, #4937 ) ;
#2747 = ADVANCED_FACE ( 'NONE', ( #2532 ), #6399, .F. ) ;
#2748 = AXIS2_PLACEMENT_3D ( 'NONE', #2675, #7579, #3692 ) ;
#2749 = COLOUR_RGB ( '',0.7529411764705882248, 0.7529411764705882248, 0.7529411764705882248 ) ;
#2750 =( NAMED_UNIT ( * ) PLANE_ANGLE_UNIT ( ) SI_UNIT ( $, .RADIAN. ) );
#2751 = CARTESIAN_POINT ( 'NONE',  ( -1.600000000000000089, -1.599999999999998979, 6.999999999999999112 ) ) ;
#2752 = DIRECTION ( 'NONE',  ( 0.000000000000000000, 0.000000000000000000, -1.000000000000000000 ) ) ;
#2753 = VECTOR ( 'NONE', #5981, 1000.000000000000000 ) ;
#2754 = VECTOR ( 'NONE', #3199, 1000.000000000000000 ) ;
#2755 =( NAMED_UNIT ( * ) SI_UNIT ( $, .STERADIAN. ) SOLID_ANGLE_UNIT ( ) );
#2756 = CARTESIAN_POINT ( 'NONE',  ( 6.000000000000000000, -5.000000000000000000, 0.4000000000000000222 ) ) ;
#2757 = DIRECTION ( 'NONE',  ( 1.053031360026544826E-16, 1.000000000000000000, 0.000000000000000000 ) ) ;
#2758 = EDGE_LOOP ( 'NONE', ( #7030, #3404, #5650, #875, #3720, #1371, #2973, #1384, #9043, #4639, #4815, #3682, #7312 ) ) ;
#2759 = VECTOR ( 'NONE', #10005, 1000.000000000000114 ) ;
#2760 = ORIENTED_EDGE ( 'NONE', *, *, #6218, .F. ) ;
#2761 = FACE_OUTER_BOUND ( 'NONE', #8651, .T. ) ;
#2762 = VECTOR ( 'NONE', #1067, 1000.000000000000114 ) ;
#2763 =( GEOMETRIC_REPRESENTATION_CONTEXT ( 3 ) GLOBAL_UNCERTAINTY_ASSIGNED_CONTEXT ( ( #3634 ) ) GLOBAL_UNIT_ASSIGNED_CONTEXT ( ( #9491, #6467, #8655 ) ) REPRESENTATION_CONTEXT ( 'NONE', 'WORKASPACE' ) );
#2764 = SURFACE_STYLE_FILL_AREA ( #1289 ) ;
#2765 = DIRECTION ( 'NONE',  ( 2.728398293323198625E-13, 5.456796586804488383E-14, -1.000000000000000000 ) ) ;
#2766 = ORIENTED_EDGE ( 'NONE', *, *, #918, .T. ) ;
#2767 = CARTESIAN_POINT ( 'NONE',  ( -2.465190328830165300E-26, -2.465190328830165300E-26, 7.299999999986539478 ) ) ;
#2768 = ORIENTED_EDGE ( 'NONE', *, *, #5340, .T. ) ;
#2769 = LINE ( 'NONE', #5959, #5908 ) ;
#2770 =( GEOMETRIC_REPRESENTATION_CONTEXT ( 3 ) GLOBAL_UNCERTAINTY_ASSIGNED_CONTEXT ( ( #9928 ) ) GLOBAL_UNIT_ASSIGNED_CONTEXT ( ( #6456, #4237, #3660 ) ) REPRESENTATION_CONTEXT ( 'NONE', 'WORKASPACE' ) );
#2771 = DIRECTION ( 'NONE',  ( 0.000000000000000000, -1.000000000000000000, -2.861215661182131111E-16 ) ) ;
#2772 = CARTESIAN_POINT ( 'NONE',  ( -6.000000000000000888, 3.499999999999999556, 0.4000000000000000222 ) ) ;
#2773 = LINE ( 'NONE', #6745, #3377 ) ;
#2774 = UNCERTAINTY_MEASURE_WITH_UNIT (LENGTH_MEASURE( 1.000000000000000082E-05 ), #7688, 'distance_accuracy_value', 'NONE');
#2775 = PRESENTATION_LAYER_ASSIGNMENT (  '', '', ( #2094 ) ) ;
#2776 = FACE_OUTER_BOUND ( 'NONE', #3131, .T. ) ;
#2777 = VERTEX_POINT ( 'NONE', #4346 ) ;
#2778 = DIRECTION ( 'NONE',  ( 1.000000000000000000, 1.355252715606882022E-16, 0.000000000000000000 ) ) ;
#2779 = ORIENTED_EDGE ( 'NONE', *, *, #9845, .F. ) ;
#2780 =( LENGTH_UNIT ( ) NAMED_UNIT ( * ) SI_UNIT ( .MILLI., .METRE. ) );
#2781 = CARTESIAN_POINT ( 'NONE',  ( 6.159705218919230063, -2.062903407891059970, -3.053341690607343395 ) ) ;
#2782 =( LENGTH_UNIT ( ) NAMED_UNIT ( * ) SI_UNIT ( .MILLI., .METRE. ) );
#2783 = SURFACE_SIDE_STYLE ('',( #6757 ) ) ;
#2784 = CARTESIAN_POINT ( 'NONE',  ( 4.526324040001474813, 3.975348698380241075, 3.577874614043629720 ) ) ;
#2785 = UNCERTAINTY_MEASURE_WITH_UNIT (LENGTH_MEASURE( 1.000000000000000082E-05 ), #8939, 'distance_accuracy_value', 'NONE');
#2786 = COLOUR_RGB ( '',0.7529411764705882248, 0.7529411764705882248, 0.7529411764705882248 ) ;
#2787 = FILL_AREA_STYLE ('',( #5092 ) ) ;
#2788 = VERTEX_POINT ( 'NONE', #9262 ) ;
#2789 = DIRECTION ( 'NONE',  ( -0.000000000000000000, -0.000000000000000000, 1.000000000000000000 ) ) ;
#2790 = VERTEX_POINT ( 'NONE', #5887 ) ;
#2791 = VECTOR ( 'NONE', #8995, 1000.000000000000114 ) ;
#2792 =( NAMED_UNIT ( * ) PLANE_ANGLE_UNIT ( ) SI_UNIT ( $, .RADIAN. ) );
#2793 = DIRECTION ( 'NONE',  ( -9.912705577010336396E-15, 0.000000000000000000, -1.000000000000000000 ) ) ;
#2794 = MECHANICAL_DESIGN_GEOMETRIC_PRESENTATION_REPRESENTATION (  '', ( #3291 ), #7286 ) ;
#2795 = CARTESIAN_POINT ( 'NONE',  ( -6.041480816619162475, -6.704630743366730705, -0.8527262566030736624 ) ) ;
#2796 = LINE ( 'NONE', #506, #7320 ) ;
#2797 = PRESENTATION_STYLE_ASSIGNMENT (( #3645 ) ) ;
#2798 = FILL_AREA_STYLE_COLOUR ( '', #4698 ) ;
#2799 = PRESENTATION_STYLE_ASSIGNMENT (( #8474 ) ) ;
#2800 = STYLED_ITEM ( 'NONE', ( #5126 ), #3583 ) ;
#2801 = EDGE_LOOP ( 'NONE', ( #8739, #8388, #71, #5136, #299, #8963 ) ) ;
#2802 = STYLED_ITEM ( 'NONE', ( #8198 ), #9524 ) ;
#2803 = EDGE_CURVE ( 'NONE', #8980, #10221, #5400, .T. ) ;
#2804 = FILL_AREA_STYLE ('',( #511 ) ) ;
#2805 = DIRECTION ( 'NONE',  ( -0.000000000000000000, 1.000000000000000000, -0.000000000000000000 ) ) ;
#2806 =( LENGTH_UNIT ( ) NAMED_UNIT ( * ) SI_UNIT ( .MILLI., .METRE. ) );
#2807 = EDGE_LOOP ( 'NONE', ( #8951, #3592, #4504, #5377 ) ) ;
#2808 = DIRECTION ( 'NONE',  ( 6.505213034913010038E-15, 0.000000000000000000, 1.000000000000000000 ) ) ;
#2809 = DIRECTION ( 'NONE',  ( 0.000000000000000000, 0.000000000000000000, -1.000000000000000000 ) ) ;
#2810 = COLOUR_RGB ( '',0.7529411764705882248, 0.7529411764705882248, 0.7529411764705882248 ) ;
#2811 = COLOUR_RGB ( '',1.000000000000000000, 1.000000000000000000, 1.000000000000000000 ) ;
#2812 = CARTESIAN_POINT ( 'NONE',  ( 6.649999999999999467, 3.000000000000000000, -2.094532406675940983 ) ) ;
#2813 = CARTESIAN_POINT ( 'NONE',  ( 0.7999999999988425259, -1.734723475995296416E-15, 3.300000000024282176 ) ) ;
#2814 = LINE ( 'NONE', #5313, #6351 ) ;
#2815 = VERTEX_POINT ( 'NONE', #3600 ) ;
#2816 = DIRECTION ( 'NONE',  ( -1.000000000000000000, 0.000000000000000000, 0.000000000000000000 ) ) ;
#2817 =( GEOMETRIC_REPRESENTATION_CONTEXT ( 3 ) GLOBAL_UNCERTAINTY_ASSIGNED_CONTEXT ( ( #9286 ) ) GLOBAL_UNIT_ASSIGNED_CONTEXT ( ( #7741, #2995, #2854 ) ) REPRESENTATION_CONTEXT ( 'NONE', 'WORKASPACE' ) );
#2818 = AXIS2_PLACEMENT_3D ( 'NONE', #6148, #9235, #6011 ) ;
#2819 =( NAMED_UNIT ( * ) PLANE_ANGLE_UNIT ( ) SI_UNIT ( $, .RADIAN. ) );
#2820 = FILL_AREA_STYLE_COLOUR ( '', #4622 ) ;
#2821 = VERTEX_POINT ( 'NONE', #6083 ) ;
#2822 = ORIENTED_EDGE ( 'NONE', *, *, #8861, .F. ) ;
#2823 = CARTESIAN_POINT ( 'NONE',  ( -2.166916829160916310E-16, 1.734723475976807094E-15, 3.500000000000000000 ) ) ;
#2824 = AXIS2_PLACEMENT_3D ( 'NONE', #6487, #8831, #2630 ) ;
#2825 =( NAMED_UNIT ( * ) SI_UNIT ( $, .STERADIAN. ) SOLID_ANGLE_UNIT ( ) );
#2826 = DIRECTION ( 'NONE',  ( 0.9698521414903612525, 0.2436941190233372634, -2.517749162551193535E-14 ) ) ;
#2827 = PRESENTATION_LAYER_ASSIGNMENT (  '', '', ( #7315 ) ) ;
#2828 = COLOUR_RGB ( '',0.7529411764705882248, 0.7529411764705882248, 0.7529411764705882248 ) ;
#2829 = ORIENTED_EDGE ( 'NONE', *, *, #2557, .T. ) ;
#2830 = DIRECTION ( 'NONE',  ( 1.000000000000000000, -1.084202172485503842E-15, 0.000000000000000000 ) ) ;
#2831 = SURFACE_STYLE_FILL_AREA ( #9973 ) ;
#2832 = ORIENTED_EDGE ( 'NONE', *, *, #6992, .F. ) ;
#2833 = SURFACE_STYLE_FILL_AREA ( #246 ) ;
#2834 = ADVANCED_FACE ( 'NONE', ( #1275 ), #10230, .T. ) ;
#2835 = CARTESIAN_POINT ( 'NONE',  ( -1.599999999999998979, -6.000000000000000000, 3.644339654338649925 ) ) ;
#2836 = CARTESIAN_POINT ( 'NONE',  ( -5.000000000000000000, 5.000000000000000000, 3.500000000000000000 ) ) ;
#2837 = DIRECTION ( 'NONE',  ( 2.478176364762575186E-15, 0.000000000000000000, 1.000000000000000000 ) ) ;
#2838 = UNCERTAINTY_MEASURE_WITH_UNIT (LENGTH_MEASURE( 1.000000000000000082E-05 ), #5075, 'distance_accuracy_value', 'NONE');
#2839 = EDGE_CURVE ( 'NONE', #4048, #5823, #9908, .T. ) ;
#2840 = DIRECTION ( 'NONE',  ( 9.768964762094919400E-31, 1.000000000000000000, 2.797941090285171111E-16 ) ) ;
#2841 = ORIENTED_EDGE ( 'NONE', *, *, #9654, .T. ) ;
#2842 = DIRECTION ( 'NONE',  ( 0.000000000000000000, 1.000000000000000000, 0.000000000000000000 ) ) ;
#2843 = AXIS2_PLACEMENT_3D ( 'NONE', #5705, #4165, #9502 ) ;
#2844 = ORIENTED_EDGE ( 'NONE', *, *, #670, .F. ) ;
#2845 = LINE ( 'NONE', #2095, #1443 ) ;
#2846 =( LENGTH_UNIT ( ) NAMED_UNIT ( * ) SI_UNIT ( .MILLI., .METRE. ) );
#2847 =( NAMED_UNIT ( * ) SI_UNIT ( $, .STERADIAN. ) SOLID_ANGLE_UNIT ( ) );
#2848 =( NAMED_UNIT ( * ) SI_UNIT ( $, .STERADIAN. ) SOLID_ANGLE_UNIT ( ) );
#2849 = PLANE ( 'NONE',  #583 ) ;
#2850 = STYLED_ITEM ( 'NONE', ( #2284 ), #7822 ) ;
#2851 = EDGE_LOOP ( 'NONE', ( #231, #941, #10254, #5434 ) ) ;
#2852 = CYLINDRICAL_SURFACE ( 'NONE', #720, 0.8000000000000003775 ) ;
#2853 = CARTESIAN_POINT ( 'NONE',  ( 5.800000000000000711, 5.000000000000000000, 3.499999999999999556 ) ) ;
#2854 =( NAMED_UNIT ( * ) SI_UNIT ( $, .STERADIAN. ) SOLID_ANGLE_UNIT ( ) );
#2855 = AXIS2_PLACEMENT_3D ( 'NONE', #9868, #1095, #2725 ) ;
#2856 = EDGE_CURVE ( 'NONE', #4972, #6998, #4103, .T. ) ;
#2857 = CARTESIAN_POINT ( 'NONE',  ( -1.839910797361467232, -5.450376503253894889, 3.600000000000004086 ) ) ;
#2858 = CARTESIAN_POINT ( 'NONE',  ( 6.300000002017401179, 2.000000000000000000, -0.6874509908007693237 ) ) ;
#2859 = EDGE_CURVE ( 'NONE', #7283, #4576, #5747, .T. ) ;
#2860 = DIRECTION ( 'NONE',  ( 0.000000000000000000, 0.000000000000000000, -1.000000000000000000 ) ) ;
#2861 = VECTOR ( 'NONE', #8212, 1000.000000000000114 ) ;
#2862 = ORIENTED_EDGE ( 'NONE', *, *, #8968, .T. ) ;
#2863 = CIRCLE ( 'NONE', #9672, 0.3499999999999996447 ) ;
#2864 = SURFACE_SIDE_STYLE ('',( #1967 ) ) ;
#2865 = COLOUR_RGB ( '',1.000000000000000000, 1.000000000000000000, 1.000000000000000000 ) ;
#2866 = MECHANICAL_DESIGN_GEOMETRIC_PRESENTATION_REPRESENTATION (  '', ( #9512 ), #4212 ) ;
#2867 = ADVANCED_FACE ( 'NONE', ( #8270 ), #2852, .F. ) ;
#2868 = AXIS2_PLACEMENT_3D ( 'NONE', #521, #2757, #2914 ) ;
#2869 = LINE ( 'NONE', #5271, #8741 ) ;
#2870 =( NAMED_UNIT ( * ) SI_UNIT ( $, .STERADIAN. ) SOLID_ANGLE_UNIT ( ) );
#2871 = DIRECTION ( 'NONE',  ( -4.900241895855788831E-16, -4.900241895855782914E-16, -1.000000000000000000 ) ) ;
#2872 = ORIENTED_EDGE ( 'NONE', *, *, #1168, .F. ) ;
#2873 = FACE_OUTER_BOUND ( 'NONE', #1457, .T. ) ;
#2874 = ORIENTED_EDGE ( 'NONE', *, *, #4154, .F. ) ;
#2875 = PRESENTATION_LAYER_ASSIGNMENT (  '', '', ( #3552 ) ) ;
#2876 = PRESENTATION_STYLE_ASSIGNMENT (( #10009 ) ) ;
#2877 = SURFACE_STYLE_USAGE ( .BOTH. , #7509 ) ;
#2878 = MECHANICAL_DESIGN_GEOMETRIC_PRESENTATION_REPRESENTATION (  '', ( #6709 ), #9687 ) ;
#2879 = EDGE_CURVE ( 'NONE', #3454, #4186, #1324, .T. ) ;
#2880 = LINE ( 'NONE', #3924, #2583 ) ;
#2881 = VECTOR ( 'NONE', #696, 1000.000000000000000 ) ;
#2882 = DIRECTION ( 'NONE',  ( 0.000000000000000000, 0.000000000000000000, -1.000000000000000000 ) ) ;
#2883 = ADVANCED_FACE ( 'NONE', ( #727 ), #1472, .T. ) ;
#2884 = ORIENTED_EDGE ( 'NONE', *, *, #10054, .T. ) ;
#2885 = DIRECTION ( 'NONE',  ( -0.8682466191274121892, 9.142909181781881772E-17, -0.4961328535521695171 ) ) ;
#2886 = ORIENTED_EDGE ( 'NONE', *, *, #4550, .T. ) ;
#2887 = MECHANICAL_DESIGN_GEOMETRIC_PRESENTATION_REPRESENTATION (  '', ( #13 ), #8697 ) ;
#2888 = DIRECTION ( 'NONE',  ( -1.000000000000000000, 0.000000000000000000, 0.000000000000000000 ) ) ;
#2889 = DIRECTION ( 'NONE',  ( -1.053031360026544826E-16, -1.000000000000000000, -0.000000000000000000 ) ) ;
#2890 = MECHANICAL_DESIGN_GEOMETRIC_PRESENTATION_REPRESENTATION (  '', ( #7214 ), #364 ) ;
#2891 = CIRCLE ( 'NONE', #3903, 0.4999999999999987232 ) ;
#2892 = EDGE_CURVE ( 'NONE', #6168, #6842, #9357, .T. ) ;
#2893 = FILL_AREA_STYLE ('',( #10031 ) ) ;
#2894 = VERTEX_POINT ( 'NONE', #5399 ) ;
#2895 = ADVANCED_FACE ( 'NONE', ( #2202 ), #568, .T. ) ;
#2896 = PLANE ( 'NONE',  #589 ) ;
#2897 = AXIS2_PLACEMENT_3D ( 'NONE', #7047, #10225, #3076 ) ;
#2898 = PRODUCT_CONTEXT ( 'NONE', #9150, 'mechanical' ) ;
#2899 = FILL_AREA_STYLE ('',( #6116 ) ) ;
#2900 =( NAMED_UNIT ( * ) PLANE_ANGLE_UNIT ( ) SI_UNIT ( $, .RADIAN. ) );
#2901 = COLOUR_RGB ( '',0.2980392156862745057, 0.2980392156862745057, 0.2980392156862745057 ) ;
#2902 = DIRECTION ( 'NONE',  ( -3.061110680682674975E-14, -8.658270306300233006E-15, -1.000000000000000000 ) ) ;
#2903 = EDGE_CURVE ( 'NONE', #8718, #8300, #9303, .T. ) ;
#2904 =( GEOMETRIC_REPRESENTATION_CONTEXT ( 3 ) GLOBAL_UNCERTAINTY_ASSIGNED_CONTEXT ( ( #4511 ) ) GLOBAL_UNIT_ASSIGNED_CONTEXT ( ( #8892, #936, #4599 ) ) REPRESENTATION_CONTEXT ( 'NONE', 'WORKASPACE' ) );
#2905 = CARTESIAN_POINT ( 'NONE',  ( 6.212785798360253686, 2.499999999999999556, -2.960449165327015297 ) ) ;
#2906 = ORIENTED_EDGE ( 'NONE', *, *, #5439, .T. ) ;
#2907 = VERTEX_POINT ( 'NONE', #4172 ) ;
#2908 = AXIS2_PLACEMENT_3D ( 'NONE', #1574, #4788, #7940 ) ;
#2909 = CARTESIAN_POINT ( 'NONE',  ( 1.462164714140042454, -5.819112848942160632, 3.600000000000007194 ) ) ;
#2910 = DIRECTION ( 'NONE',  ( -1.000000000000000000, -1.011922027653082041E-14, -5.059610138265410521E-14 ) ) ;
#2911 = DIRECTION ( 'NONE',  ( 1.000000000000000000, -0.000000000000000000, -0.000000000000000000 ) ) ;
#2912 = EDGE_CURVE ( 'NONE', #8819, #4822, #934, .T. ) ;
#2913 = DIRECTION ( 'NONE',  ( -0.000000000000000000, 1.000000000000000000, -0.000000000000000000 ) ) ;
#2914 = DIRECTION ( 'NONE',  ( -1.000000000000000000, 0.000000000000000000, 0.000000000000000000 ) ) ;
#2915 = AXIS2_PLACEMENT_3D ( 'NONE', #1266, #7676, #507 ) ;
#2916 = DIRECTION ( 'NONE',  ( 1.058592843975275355E-14, 2.512674504403129539E-14, -1.000000000000000000 ) ) ;
#2917 = ORIENTED_EDGE ( 'NONE', *, *, #5340, .F. ) ;
#2918 = SURFACE_STYLE_USAGE ( .BOTH. , #2864 ) ;
#2919 = VECTOR ( 'NONE', #1743, 1000.000000000000000 ) ;
#2920 = ADVANCED_FACE ( 'NONE', ( #8936 ), #888, .T. ) ;
#2921 = AXIS2_PLACEMENT_3D ( 'NONE', #5505, #10141, #8570 ) ;
#2922 = ORIENTED_EDGE ( 'NONE', *, *, #7764, .T. ) ;
#2923 = PRESENTATION_STYLE_ASSIGNMENT (( #2217 ) ) ;
#2924 = ORIENTED_EDGE ( 'NONE', *, *, #6600, .T. ) ;
#2925 = AXIS2_PLACEMENT_3D ( 'NONE', #2214, #5316, #4537 ) ;
#2926 = CARTESIAN_POINT ( 'NONE',  ( 6.000000000000000000, -5.000000000000000000, 3.500000000000000000 ) ) ;
#2927 = CARTESIAN_POINT ( 'NONE',  ( 0.9999999999912745352, -2.465190328830165587E-26, 7.299999999986539478 ) ) ;
#2928 =( GEOMETRIC_REPRESENTATION_CONTEXT ( 3 ) GLOBAL_UNCERTAINTY_ASSIGNED_CONTEXT ( ( #8460 ) ) GLOBAL_UNIT_ASSIGNED_CONTEXT ( ( #3183, #6368, #9752 ) ) REPRESENTATION_CONTEXT ( 'NONE', 'WORKASPACE' ) );
#2929 = PRESENTATION_LAYER_ASSIGNMENT (  '', '', ( #7091 ) ) ;
#2930 = ORIENTED_EDGE ( 'NONE', *, *, #8236, .T. ) ;
#2931 = DIRECTION ( 'NONE',  ( -1.000000000000000000, 0.000000000000000000, 0.000000000000000000 ) ) ;
#2932 = FILL_AREA_STYLE ('',( #2029 ) ) ;
#2933 = ORIENTED_EDGE ( 'NONE', *, *, #6220, .F. ) ;
#2934 =( NAMED_UNIT ( * ) SI_UNIT ( $, .STERADIAN. ) SOLID_ANGLE_UNIT ( ) );
#2935 = VECTOR ( 'NONE', #2221, 1000.000000000000114 ) ;
#2936 = UNCERTAINTY_MEASURE_WITH_UNIT (LENGTH_MEASURE( 1.000000000000000082E-05 ), #7838, 'distance_accuracy_value', 'NONE');
#2937 = FILL_AREA_STYLE_COLOUR ( '', #2064 ) ;
#2938 = EDGE_CURVE ( 'NONE', #4540, #4968, #7555, .T. ) ;
#2939 = DIRECTION ( 'NONE',  ( -1.027427521298027226E-31, -1.027427521298021533E-31, -1.000000000000000000 ) ) ;
#2940 = CARTESIAN_POINT ( 'NONE',  ( -2.249999999999901412, -5.500000000000000000, 3.594753153809547186 ) ) ;
#2941 = ORIENTED_EDGE ( 'NONE', *, *, #3576, .T. ) ;
#2942 = VECTOR ( 'NONE', #6242, 1000.000000000000000 ) ;
#2943 =( NAMED_UNIT ( * ) PLANE_ANGLE_UNIT ( ) SI_UNIT ( $, .RADIAN. ) );
#2944 = FACE_BOUND ( 'NONE', #2567, .T. ) ;
#2945 = CARTESIAN_POINT ( 'NONE',  ( -6.694074169054410994, -2.999999999999999112, -2.070921654418468982 ) ) ;
#2946 =( NAMED_UNIT ( * ) SI_UNIT ( $, .STERADIAN. ) SOLID_ANGLE_UNIT ( ) );
#2947 =( GEOMETRIC_REPRESENTATION_CONTEXT ( 3 ) GLOBAL_UNCERTAINTY_ASSIGNED_CONTEXT ( ( #8330 ) ) GLOBAL_UNIT_ASSIGNED_CONTEXT ( ( #1221, #7542, #1165 ) ) REPRESENTATION_CONTEXT ( 'NONE', 'WORKASPACE' ) );
#2948 = AXIS2_PLACEMENT_3D ( 'NONE', #5431, #3075, #4612 ) ;
#2949 = DIRECTION ( 'NONE',  ( 0.000000000000000000, 0.000000000000000000, 1.000000000000000000 ) ) ;
#2950 = ORIENTED_EDGE ( 'NONE', *, *, #6237, .T. ) ;
#2951 = ORIENTED_EDGE ( 'NONE', *, *, #5024, .T. ) ;
#2952 = SURFACE_STYLE_USAGE ( .BOTH. , #10095 ) ;
#2953 = STYLED_ITEM ( 'NONE', ( #6311 ), #3647 ) ;
#2954 = DIRECTION ( 'NONE',  ( -0.000000000000000000, -0.000000000000000000, 1.000000000000000000 ) ) ;
#2955 = CYLINDRICAL_SURFACE ( 'NONE', #8354, 0.04999999999999969746 ) ;
#2956 = CARTESIAN_POINT ( 'NONE',  ( 5.549999999999999822, -4.750000000000000000, 3.600000000000001421 ) ) ;
#2957 =( GEOMETRIC_REPRESENTATION_CONTEXT ( 3 ) GLOBAL_UNCERTAINTY_ASSIGNED_CONTEXT ( ( #2698 ) ) GLOBAL_UNIT_ASSIGNED_CONTEXT ( ( #946, #4232, #7388 ) ) REPRESENTATION_CONTEXT ( 'NONE', 'WORKASPACE' ) );
#2958 =( LENGTH_UNIT ( ) NAMED_UNIT ( * ) SI_UNIT ( .MILLI., .METRE. ) );
#2959 = ORIENTED_EDGE ( 'NONE', *, *, #1013, .T. ) ;
#2960 = MECHANICAL_DESIGN_GEOMETRIC_PRESENTATION_REPRESENTATION (  '', ( #8618 ), #4327 ) ;
#2961 = PRESENTATION_STYLE_ASSIGNMENT (( #8438 ) ) ;
#2962 = AXIS2_PLACEMENT_3D ( 'NONE', #236, #6515, #8762 ) ;
#2963 =( GEOMETRIC_REPRESENTATION_CONTEXT ( 3 ) GLOBAL_UNCERTAINTY_ASSIGNED_CONTEXT ( ( #5111 ) ) GLOBAL_UNIT_ASSIGNED_CONTEXT ( ( #7379, #9772, #5193 ) ) REPRESENTATION_CONTEXT ( 'NONE', 'WORKASPACE' ) );
#2964 = SURFACE_STYLE_FILL_AREA ( #10105 ) ;
#2965 = FILL_AREA_STYLE_COLOUR ( '', #2101 ) ;
#2966 =( NAMED_UNIT ( * ) SI_UNIT ( $, .STERADIAN. ) SOLID_ANGLE_UNIT ( ) );
#2967 = VERTEX_POINT ( 'NONE', #987 ) ;
#2968 = DIRECTION ( 'NONE',  ( 0.000000000000000000, -0.000000000000000000, 1.000000000000000000 ) ) ;
#2969 = CARTESIAN_POINT ( 'NONE',  ( 6.000000000000000000, 5.000000000000000000, 0.4000000000000000222 ) ) ;
#2970 = CIRCLE ( 'NONE', #1792, 0.04999999999999969746 ) ;
#2971 = CIRCLE ( 'NONE', #5464, 0.4000000000000001887 ) ;
#2972 = EDGE_CURVE ( 'NONE', #8771, #2105, #8731, .T. ) ;
#2973 = ORIENTED_EDGE ( 'NONE', *, *, #5055, .F. ) ;
#2974 =( NAMED_UNIT ( * ) SI_UNIT ( $, .STERADIAN. ) SOLID_ANGLE_UNIT ( ) );
#2975 = ORIENTED_EDGE ( 'NONE', *, *, #7936, .T. ) ;
#2976 = DIRECTION ( 'NONE',  ( 3.006455034846200772E-16, -6.012910069692402531E-16, 1.000000000000000000 ) ) ;
#2977 = EDGE_CURVE ( 'NONE', #4577, #480, #7169, .T. ) ;
#2978 = CARTESIAN_POINT ( 'NONE',  ( -1.899999999999999911, 1.500000000000000000, 5.500000000000000000 ) ) ;
#2979 =( NAMED_UNIT ( * ) SI_UNIT ( $, .STERADIAN. ) SOLID_ANGLE_UNIT ( ) );
#2980 = DIRECTION ( 'NONE',  ( -3.491483361109382461E-15, 0.000000000000000000, 1.000000000000000000 ) ) ;
#2981 = ORIENTED_EDGE ( 'NONE', *, *, #4560, .F. ) ;
#2982 =( NAMED_UNIT ( * ) SI_UNIT ( $, .STERADIAN. ) SOLID_ANGLE_UNIT ( ) );
#2983 = CIRCLE ( 'NONE', #8479, 0.1999999999999996503 ) ;
#2984 = DIRECTION ( 'NONE',  ( 1.000000000000000000, 0.000000000000000000, -0.000000000000000000 ) ) ;
#2985 = ORIENTED_EDGE ( 'NONE', *, *, #7913, .T. ) ;
#2986 = CARTESIAN_POINT ( 'NONE',  ( 5.000000000000000000, 5.000000000000000000, 3.500000000000000000 ) ) ;
#2987 = CARTESIAN_POINT ( 'NONE',  ( 6.693412330956371115, -2.999999999999999556, -2.119339049353551996 ) ) ;
#2988 = EDGE_CURVE ( 'NONE', #9313, #10008, #8888, .T. ) ;
#2989 = ADVANCED_FACE ( 'NONE', ( #9566 ), #200, .T. ) ;
#2990 = EDGE_LOOP ( 'NONE', ( #7699, #9825, #63, #3557 ) ) ;
#2991 = CARTESIAN_POINT ( 'NONE',  ( 5.609556424471082714, -1.676841459417434343, 3.500000000000001332 ) ) ;
#2992 = ADVANCED_FACE ( 'NONE', ( #6385 ), #3058, .T. ) ;
#2993 = ORIENTED_EDGE ( 'NONE', *, *, #8749, .F. ) ;
#2994 = CARTESIAN_POINT ( 'NONE',  ( 4.750000000000000000, -4.750000000000000000, 3.600000000000001421 ) ) ;
#2995 =( NAMED_UNIT ( * ) PLANE_ANGLE_UNIT ( ) SI_UNIT ( $, .RADIAN. ) );
#2996 = CARTESIAN_POINT ( 'NONE',  ( -1.882071689024020555, -5.434587693179137702, 3.600000000000003642 ) ) ;
#2997 = DIRECTION ( 'NONE',  ( 1.883124184714193481E-15, 9.387336522804436264E-31, 1.000000000000000000 ) ) ;
#2998 = STYLED_ITEM ( 'NONE', ( #6367 ), #1935 ) ;
#2999 = SURFACE_STYLE_FILL_AREA ( #10201 ) ;
#3000 = ORIENTED_EDGE ( 'NONE', *, *, #6592, .T. ) ;
#3001 = PRESENTATION_STYLE_ASSIGNMENT (( #9953 ) ) ;
#3002 =( NAMED_UNIT ( * ) SI_UNIT ( $, .STERADIAN. ) SOLID_ANGLE_UNIT ( ) );
#3003 = DIRECTION ( 'NONE',  ( 1.053031360026544826E-16, 1.000000000000000000, 0.000000000000000000 ) ) ;
#3004 = FACE_OUTER_BOUND ( 'NONE', #225, .T. ) ;
#3005 = UNCERTAINTY_MEASURE_WITH_UNIT (LENGTH_MEASURE( 1.000000000000000082E-05 ), #4812, 'distance_accuracy_value', 'NONE');
#3006 = DIRECTION ( 'NONE',  ( 0.000000000000000000, 1.000000000000000000, 0.000000000000000000 ) ) ;
#3007 = EDGE_CURVE ( 'NONE', #10006, #1322, #34, .T. ) ;
#3008 = ORIENTED_EDGE ( 'NONE', *, *, #2113, .F. ) ;
#3009 = DIRECTION ( 'NONE',  ( 0.1179568432022832097, 0.9713257602420872772, 0.2064278339562842790 ) ) ;
#3010 = STYLED_ITEM ( 'NONE', ( #6174 ), #1293 ) ;
#3011 = FACE_OUTER_BOUND ( 'NONE', #5365, .T. ) ;
#3012 = CYLINDRICAL_SURFACE ( 'NONE', #1385, 0.4000000000000001887 ) ;
#3013 = STYLED_ITEM ( 'NONE', ( #6832 ), #8015 ) ;
#3014 = AXIS2_PLACEMENT_3D ( 'NONE', #5604, #9557, #2465 ) ;
#3015 = DIRECTION ( 'NONE',  ( 1.960096758342356159E-15, -1.960096758342354581E-15, -1.000000000000000000 ) ) ;
#3016 = CIRCLE ( 'NONE', #329, 0.2500000000000167089 ) ;
#3017 = CARTESIAN_POINT ( 'NONE',  ( -6.547679712131307284, 2.000000000000000444, -2.979052028523550888 ) ) ;
#3018 = ADVANCED_FACE ( 'NONE', ( #3531 ), #8257, .F. ) ;
#3019 = VECTOR ( 'NONE', #5834, 1000.000000000000114 ) ;
#3020 = VECTOR ( 'NONE', #9725, 1000.000000000000114 ) ;
#3021 =( GEOMETRIC_REPRESENTATION_CONTEXT ( 3 ) GLOBAL_UNCERTAINTY_ASSIGNED_CONTEXT ( ( #775 ) ) GLOBAL_UNIT_ASSIGNED_CONTEXT ( ( #9664, #3383, #2521 ) ) REPRESENTATION_CONTEXT ( 'NONE', 'WORKASPACE' ) );
#3022 = VERTEX_POINT ( 'NONE', #9988 ) ;
#3023 = ORIENTED_EDGE ( 'NONE', *, *, #5286, .F. ) ;
#3024 = PLANE ( 'NONE',  #5620 ) ;
#3025 = EDGE_LOOP ( 'NONE', ( #2886, #7872, #2125, #715 ) ) ;
#3026 = CARTESIAN_POINT ( 'NONE',  ( 2.250000000002092104, 5.435424868893539596, 3.199999999999999734 ) ) ;
#3027 = DIRECTION ( 'NONE',  ( 0.6105579948611065122, 0.2543991645254088385, 0.7499999999999727995 ) ) ;
#3028 = DIRECTION ( 'NONE',  ( 0.000000000000000000, 0.000000000000000000, -1.000000000000000000 ) ) ;
#3029 = EDGE_CURVE ( 'NONE', #9804, #7683, #2734, .T. ) ;
#3030 = DIRECTION ( 'NONE',  ( 1.000000000000000000, -1.084202172485503842E-15, 0.000000000000000000 ) ) ;
#3031 = SURFACE_STYLE_USAGE ( .BOTH. , #1456 ) ;
#3032 = ORIENTED_EDGE ( 'NONE', *, *, #7679, .F. ) ;
#3033 = CARTESIAN_POINT ( 'NONE',  ( 6.000000000000015099, -3.000000000000000000, 5.364159265358978246 ) ) ;
#3034 = AXIS2_PLACEMENT_3D ( 'NONE', #2141, #7052, #10171 ) ;
#3035 = PRESENTATION_LAYER_ASSIGNMENT (  '', '', ( #6366 ) ) ;
#3036 = ADVANCED_FACE ( 'NONE', ( #7531 ), #6765, .F. ) ;
#3037 = ORIENTED_EDGE ( 'NONE', *, *, #948, .F. ) ;
#3038 = EDGE_CURVE ( 'NONE', #6802, #9313, #5295, .T. ) ;
#3039 = CARTESIAN_POINT ( 'NONE',  ( 1.899999999999999911, -1.500000000000000000, 4.299999999999999822 ) ) ;
#3040 = AXIS2_PLACEMENT_3D ( 'NONE', #3071, #4862, #2336 ) ;
#3041 = DIRECTION ( 'NONE',  ( 0.000000000000000000, 0.000000000000000000, -1.000000000000000000 ) ) ;
#3042 = SURFACE_STYLE_USAGE ( .BOTH. , #5389 ) ;
#3043 = SURFACE_STYLE_FILL_AREA ( #3848 ) ;
#3044 = STYLED_ITEM ( 'NONE', ( #7497 ), #7177 ) ;
#3045 = CARTESIAN_POINT ( 'NONE',  ( -6.958519183380836637, -6.704630743366730705, -1.929257140873639864 ) ) ;
#3046 = EDGE_CURVE ( 'NONE', #7661, #7453, #5002, .T. ) ;
#3047 = CARTESIAN_POINT ( 'NONE',  ( -6.287205726393077398, 3.000000000000000444, -2.830212172457904352 ) ) ;
#3048 = ORIENTED_EDGE ( 'NONE', *, *, #5382, .F. ) ;
#3049 = PRESENTATION_STYLE_ASSIGNMENT (( #3210 ) ) ;
#3050 = DIRECTION ( 'NONE',  ( -0.000000000000000000, -1.000000000000000000, -0.000000000000000000 ) ) ;
#3051 =( GEOMETRIC_REPRESENTATION_CONTEXT ( 3 ) GLOBAL_UNCERTAINTY_ASSIGNED_CONTEXT ( ( #5798 ) ) GLOBAL_UNIT_ASSIGNED_CONTEXT ( ( #8559, #6324, #4782 ) ) REPRESENTATION_CONTEXT ( 'NONE', 'WORKASPACE' ) );
#3052 = CARTESIAN_POINT ( 'NONE',  ( -6.694074169054407442, 2.000000000000000000, -2.070921654418468094 ) ) ;
#3053 = CARTESIAN_POINT ( 'NONE',  ( -6.953886316694598335, -2.999999999999999112, -2.268178905419204305 ) ) ;
#3054 = ORIENTED_EDGE ( 'NONE', *, *, #5942, .T. ) ;
#3055 =( NAMED_UNIT ( * ) PLANE_ANGLE_UNIT ( ) SI_UNIT ( $, .RADIAN. ) );
#3056 = ADVANCED_FACE ( 'NONE', ( #8742 ), #8153, .T. ) ;
#3057 = LINE ( 'NONE', #6235, #335 ) ;
#3058 = TOROIDAL_SURFACE ( 'NONE', #203, 0.03542486889349712870, 0.4000000000000378253 ) ;
#3059 = CARTESIAN_POINT ( 'NONE',  ( 5.000000000000001776, 5.800000000000000711, 2.168404344971008868E-16 ) ) ;
#3060 = PRESENTATION_STYLE_ASSIGNMENT (( #8636 ) ) ;
#3061 = VERTEX_POINT ( 'NONE', #110 ) ;
#3062 = LINE ( 'NONE', #2490, #5987 ) ;
#3063 = DIRECTION ( 'NONE',  ( -1.000000000000000000, 0.000000000000000000, 0.000000000000000000 ) ) ;
#3064 = PLANE ( 'NONE',  #2402 ) ;
#3065 = AXIS2_PLACEMENT_3D ( 'NONE', #1728, #2625, #6539 ) ;
#3066 = CARTESIAN_POINT ( 'NONE',  ( -1.600000000000001865, -5.500000000000000000, 3.536043781389899721 ) ) ;
#3067 = STYLED_ITEM ( 'NONE', ( #6608 ), #6265 ) ;
#3068 = FACE_OUTER_BOUND ( 'NONE', #9516, .T. ) ;
#3069 = ORIENTED_EDGE ( 'NONE', *, *, #1626, .T. ) ;
#3070 = MECHANICAL_DESIGN_GEOMETRIC_PRESENTATION_REPRESENTATION (  '', ( #4932 ), #7082 ) ;
#3071 = CARTESIAN_POINT ( 'NONE',  ( 4.750000000000000000, -4.750000000000000000, 3.600000000000001421 ) ) ;
#3072 = ORIENTED_EDGE ( 'NONE', *, *, #4469, .T. ) ;
#3073 = DIRECTION ( 'NONE',  ( -1.000000000000000000, 0.000000000000000000, 0.000000000000000000 ) ) ;
#3074 = ORIENTED_EDGE ( 'NONE', *, *, #9309, .T. ) ;
#3075 = DIRECTION ( 'NONE',  ( 5.292964219876011532E-15, 1.256337252201300185E-14, 1.000000000000000000 ) ) ;
#3076 = DIRECTION ( 'NONE',  ( 0.000000000000000000, 1.000000000000000000, 2.168404344971005318E-15 ) ) ;
#3077 = COLOUR_RGB ( '',0.7529411764705882248, 0.7529411764705882248, 0.7529411764705882248 ) ;
#3078 = CARTESIAN_POINT ( 'NONE',  ( -5.800000000000000711, -3.500000000000000444, 0.2000000000000000944 ) ) ;
#3079 = MECHANICAL_DESIGN_GEOMETRIC_PRESENTATION_REPRESENTATION (  '', ( #7576 ), #6075 ) ;
#3080 = CARTESIAN_POINT ( 'NONE',  ( -4.112692235538853325, -4.255878169405404421, 3.598714543258405119 ) ) ;
#3081 = DIRECTION ( 'NONE',  ( 3.006455034846202744E-16, 0.000000000000000000, 1.000000000000000000 ) ) ;
#3082 = EDGE_LOOP ( 'NONE', ( #6485, #9187 ) ) ;
#3083 = FILL_AREA_STYLE ('',( #8609 ) ) ;
#3084 = CIRCLE ( 'NONE', #238, 0.4000000000000235034 ) ;
#3085 = FACE_OUTER_BOUND ( 'NONE', #6800, .T. ) ;
#3086 = EDGE_LOOP ( 'NONE', ( #73, #9138, #7868, #3717 ) ) ;
#3087 = PRESENTATION_STYLE_ASSIGNMENT (( #6909 ) ) ;
#3088 = CYLINDRICAL_SURFACE ( 'NONE', #7296, 1.000000000000000000 ) ;
#3089 = PRESENTATION_LAYER_ASSIGNMENT (  '', '', ( #7427 ) ) ;
#3090 =( NAMED_UNIT ( * ) SI_UNIT ( $, .STERADIAN. ) SOLID_ANGLE_UNIT ( ) );
#3091 = CARTESIAN_POINT ( 'NONE',  ( -6.700000000000000178, -1.999999999999998224, -2.094532406675943648 ) ) ;
#3092 = DIRECTION ( 'NONE',  ( 1.000000000000000000, 0.000000000000000000, -0.000000000000000000 ) ) ;
#3093 = SURFACE_STYLE_FILL_AREA ( #7063 ) ;
#3094 = ADVANCED_FACE ( 'NONE', ( #7335 ), #7387, .T. ) ;
#3095 = VECTOR ( 'NONE', #1983, 1000.000000000000000 ) ;
#3096 = LINE ( 'NONE', #6863, #1429 ) ;
#3097 = SURFACE_STYLE_FILL_AREA ( #8385 ) ;
#3098 = ORIENTED_EDGE ( 'NONE', *, *, #4482, .F. ) ;
#3099 = UNCERTAINTY_MEASURE_WITH_UNIT (LENGTH_MEASURE( 1.000000000000000082E-05 ), #1933, 'distance_accuracy_value', 'NONE');
#3100 = FILL_AREA_STYLE ('',( #6967 ) ) ;
#3101 = CYLINDRICAL_SURFACE ( 'NONE', #9125, 0.1999999999999996503 ) ;
#3102 = DIRECTION ( 'NONE',  ( -0.000000000000000000, -0.000000000000000000, 1.000000000000000000 ) ) ;
#3103 = ORIENTED_EDGE ( 'NONE', *, *, #4778, .F. ) ;
#3104 = SURFACE_SIDE_STYLE ('',( #2158 ) ) ;
#3105 = EDGE_CURVE ( 'NONE', #8668, #3961, #7183, .T. ) ;
#3106 = ORIENTED_EDGE ( 'NONE', *, *, #2988, .F. ) ;
#3107 = DIRECTION ( 'NONE',  ( 0.000000000000000000, -4.336808689942056390E-15, -1.000000000000000000 ) ) ;
#3108 = UNCERTAINTY_MEASURE_WITH_UNIT (LENGTH_MEASURE( 1.000000000000000082E-05 ), #1941, 'distance_accuracy_value', 'NONE');
#3109 = MECHANICAL_DESIGN_GEOMETRIC_PRESENTATION_REPRESENTATION (  '', ( #7608 ), #10273 ) ;
#3110 = DIRECTION ( 'NONE',  ( 0.000000000000000000, 0.000000000000000000, 1.000000000000000000 ) ) ;
#3111 = PRESENTATION_LAYER_ASSIGNMENT (  '', '', ( #6442 ) ) ;
#3112 = SURFACE_STYLE_FILL_AREA ( #10261 ) ;
#3113 = PRESENTATION_LAYER_ASSIGNMENT (  '', '', ( #2800 ) ) ;
#3114 = DIRECTION ( 'NONE',  ( 0.000000000000000000, 0.000000000000000000, 1.000000000000000000 ) ) ;
#3115 = UNCERTAINTY_MEASURE_WITH_UNIT (LENGTH_MEASURE( 1.000000000000000082E-05 ), #491, 'distance_accuracy_value', 'NONE');
#3116 = LINE ( 'NONE', #1643, #10292 ) ;
#3117 = ORIENTED_EDGE ( 'NONE', *, *, #644, .F. ) ;
#3118 = SURFACE_STYLE_FILL_AREA ( #10267 ) ;
#3119 = AXIS2_PLACEMENT_3D ( 'NONE', #10302, #8781, #3151 ) ;
#3120 = SURFACE_STYLE_USAGE ( .BOTH. , #1339 ) ;
#3121 =( NAMED_UNIT ( * ) SI_UNIT ( $, .STERADIAN. ) SOLID_ANGLE_UNIT ( ) );
#3122 = VERTEX_POINT ( 'NONE', #5576 ) ;
#3123 = CARTESIAN_POINT ( 'NONE',  ( 4.750000000000000000, -4.750000000000000000, 3.200000000000000178 ) ) ;
#3124 = VECTOR ( 'NONE', #288, 1000.000000000000114 ) ;
#3125 = TOROIDAL_SURFACE ( 'NONE', #7777, 5.435424868893496075, 0.4000000000000355493 ) ;
#3126 = CARTESIAN_POINT ( 'NONE',  ( 6.958519183380836637, -2.000000000000000000, -1.929257140873640086 ) ) ;
#3127 = ORIENTED_EDGE ( 'NONE', *, *, #5465, .T. ) ;
#3128 = PLANE ( 'NONE',  #510 ) ;
#3129 = VERTEX_POINT ( 'NONE', #845 ) ;
#3130 = LINE ( 'NONE', #9432, #7451 ) ;
#3131 = EDGE_LOOP ( 'NONE', ( #9695, #637, #1810, #808 ) ) ;
#3132 = COLOUR_RGB ( '',0.2980392156862745057, 0.2980392156862745057, 0.2980392156862745057 ) ;
#3133 = CARTESIAN_POINT ( 'NONE',  ( 5.800000000000003375, -4.999999999999999112, -1.490777987167568597E-16 ) ) ;
#3134 = CARTESIAN_POINT ( 'NONE',  ( -3.950851657416640350, -4.713095711004409161, 3.500000000000000444 ) ) ;
#3135 = DIRECTION ( 'NONE',  ( -1.000000000000000000, 0.000000000000000000, 0.000000000000000000 ) ) ;
#3136 = ORIENTED_EDGE ( 'NONE', *, *, #1732, .T. ) ;
#3137 = SURFACE_SIDE_STYLE ('',( #8712 ) ) ;
#3138 = AXIS2_PLACEMENT_3D ( 'NONE', #8155, #5839, #5995 ) ;
#3139 = FILL_AREA_STYLE_COLOUR ( '', #6887 ) ;
#3140 = AXIS2_PLACEMENT_3D ( 'NONE', #9031, #8536, #4598 ) ;
#3141 = SURFACE_STYLE_FILL_AREA ( #809 ) ;
#3142 = ORIENTED_EDGE ( 'NONE', *, *, #7345, .F. ) ;
#3143 = EDGE_CURVE ( 'NONE', #7507, #6658, #3390, .T. ) ;
#3144 = SURFACE_SIDE_STYLE ('',( #6160 ) ) ;
#3145 = CARTESIAN_POINT ( 'NONE',  ( 5.399999999999927525, -2.249999999999976907, 3.600000000000002309 ) ) ;
#3146 = EDGE_CURVE ( 'NONE', #4522, #4304, #1058, .T. ) ;
#3147 = CARTESIAN_POINT ( 'NONE',  ( 0.000000000000000000, 6.000000000000000000, 3.500000000000000000 ) ) ;
#3148 = EDGE_CURVE ( 'NONE', #6082, #733, #4074, .T. ) ;
#3149 =( GEOMETRIC_REPRESENTATION_CONTEXT ( 3 ) GLOBAL_UNCERTAINTY_ASSIGNED_CONTEXT ( ( #5946 ) ) GLOBAL_UNIT_ASSIGNED_CONTEXT ( ( #2157, #10097, #8430 ) ) REPRESENTATION_CONTEXT ( 'NONE', 'WORKASPACE' ) );
#3150 = CYLINDRICAL_SURFACE ( 'NONE', #6187, 0.4500000000000001221 ) ;
#3151 = DIRECTION ( 'NONE',  ( 7.300294628069360221E-14, 1.000000000000000000, 2.457524924300576955E-14 ) ) ;
#3152 = DIRECTION ( 'NONE',  ( 0.000000000000000000, 0.000000000000000000, -1.000000000000000000 ) ) ;
#3153 = ORIENTED_EDGE ( 'NONE', *, *, #3202, .T. ) ;
#3154 = DIRECTION ( 'NONE',  ( 0.4961328535521689620, 0.000000000000000000, -0.8682466191274125222 ) ) ;
#3155 = DIRECTION ( 'NONE',  ( 0.000000000000000000, 0.000000000000000000, -1.000000000000000000 ) ) ;
#3156 = DIRECTION ( 'NONE',  ( 0.8682466191274124112, -0.000000000000000000, 0.4961328535521690730 ) ) ;
#3157 = EDGE_LOOP ( 'NONE', ( #7992, #7168, #7978, #2152 ) ) ;
#3158 = PRESENTATION_STYLE_ASSIGNMENT (( #10313 ) ) ;
#3159 = FILL_AREA_STYLE_COLOUR ( '', #7678 ) ;
#3160 = ADVANCED_FACE ( 'NONE', ( #4836 ), #886, .T. ) ;
#3161 = ORIENTED_EDGE ( 'NONE', *, *, #4216, .T. ) ;
#3162 = EDGE_CURVE ( 'NONE', #3961, #3835, #4892, .T. ) ;
#3163 =( GEOMETRIC_REPRESENTATION_CONTEXT ( 3 ) GLOBAL_UNCERTAINTY_ASSIGNED_CONTEXT ( ( #4068 ) ) GLOBAL_UNIT_ASSIGNED_CONTEXT ( ( #6107, #4554, #458 ) ) REPRESENTATION_CONTEXT ( 'NONE', 'WORKASPACE' ) );
#3164 = CARTESIAN_POINT ( 'NONE',  ( -1.899999999999999911, 1.599999999998921840, 6.999999999999999112 ) ) ;
#3165 = EDGE_CURVE ( 'NONE', #7204, #6387, #1394, .T. ) ;
#3166 = FILL_AREA_STYLE ('',( #4744 ) ) ;
#3167 = DIRECTION ( 'NONE',  ( 2.168404344971018482E-16, 4.701977403289191086E-32, -1.000000000000000000 ) ) ;
#3168 = EDGE_CURVE ( 'NONE', #6149, #8783, #7883, .T. ) ;
#3169 =( NAMED_UNIT ( * ) SI_UNIT ( $, .STERADIAN. ) SOLID_ANGLE_UNIT ( ) );
#3170 = DIRECTION ( 'NONE',  ( 4.336808689967532456E-16, 4.336808689967532456E-16, 1.000000000000000000 ) ) ;
#3171 = CARTESIAN_POINT ( 'NONE',  ( -6.547679712131305507, 3.000000000000000000, -2.979052028523552664 ) ) ;
#3172 = CARTESIAN_POINT ( 'NONE',  ( 1.600000000000000089, 1.599999999999999867, 5.500000000000000000 ) ) ;
#3173 = CARTESIAN_POINT ( 'NONE',  ( -5.999999999999998224, -5.000000000000000888, 0.1999999999999986233 ) ) ;
#3174 = ADVANCED_FACE ( 'NONE', ( #7375 ), #880, .T. ) ;
#3175 = DIRECTION ( 'NONE',  ( -0.4961328535521692396, -1.927470528863118556E-15, -0.8682466191274121892 ) ) ;
#3176 = ORIENTED_EDGE ( 'NONE', *, *, #2373, .F. ) ;
#3177 = CARTESIAN_POINT ( 'NONE',  ( -6.000000000000000000, -2.999999999999999112, 3.500000000000000000 ) ) ;
#3178 = VERTEX_POINT ( 'NONE', #3374 ) ;
#3179 = VERTEX_POINT ( 'NONE', #2566 ) ;
#3180 =( GEOMETRIC_REPRESENTATION_CONTEXT ( 3 ) GLOBAL_UNCERTAINTY_ASSIGNED_CONTEXT ( ( #5415 ) ) GLOBAL_UNIT_ASSIGNED_CONTEXT ( ( #2385, #6306, #8646 ) ) REPRESENTATION_CONTEXT ( 'NONE', 'WORKASPACE' ) );
#3181 = EDGE_CURVE ( 'NONE', #4690, #4860, #7408, .T. ) ;
#3182 = FILL_AREA_STYLE_COLOUR ( '', #7503 ) ;
#3183 =( LENGTH_UNIT ( ) NAMED_UNIT ( * ) SI_UNIT ( .MILLI., .METRE. ) );
#3184 = AXIS2_PLACEMENT_3D ( 'NONE', #4509, #4662, #2980 ) ;
#3185 = DIRECTION ( 'NONE',  ( -0.4961328535521695171, 0.000000000000000000, -0.8682466191274121892 ) ) ;
#3186 = LINE ( 'NONE', #4871, #6215 ) ;
#3187 = ORIENTED_EDGE ( 'NONE', *, *, #249, .T. ) ;
#3188 = CYLINDRICAL_SURFACE ( 'NONE', #5876, 0.8000000000000003775 ) ;
#3189 = EDGE_CURVE ( 'NONE', #3482, #3616, #712, .T. ) ;
#3190 = MECHANICAL_DESIGN_GEOMETRIC_PRESENTATION_REPRESENTATION (  '', ( #5036 ), #8512 ) ;
#3191 = MECHANICAL_DESIGN_GEOMETRIC_PRESENTATION_REPRESENTATION (  '', ( #4875 ), #1670 ) ;
#3192 = COLOUR_RGB ( '',0.7529411764705882248, 0.7529411764705882248, 0.7529411764705882248 ) ;
#3193 = VERTEX_POINT ( 'NONE', #8469 ) ;
#3194 = EDGE_LOOP ( 'NONE', ( #10121, #8814, #623, #592, #9597, #9545, #4406, #6628 ) ) ;
#3195 = CARTESIAN_POINT ( 'NONE',  ( -1.848382755996762494, -5.499999999977941201, 3.593263033131655959 ) ) ;
#3196 = CARTESIAN_POINT ( 'NONE',  ( 3.773023560249555430E-14, -2.471980953266950110E-13, 3.499999999999998668 ) ) ;
#3197 = MECHANICAL_DESIGN_GEOMETRIC_PRESENTATION_REPRESENTATION (  '', ( #6359 ), #10358 ) ;
#3198 = PRESENTATION_LAYER_ASSIGNMENT (  '', '', ( #3553 ) ) ;
#3199 = DIRECTION ( 'NONE',  ( 0.000000000000000000, 1.000000000000000000, 0.000000000000000000 ) ) ;
#3200 = AXIS2_PLACEMENT_3D ( 'NONE', #6771, #7485, #4478 ) ;
#3201 = DIRECTION ( 'NONE',  ( -0.000000000000000000, -0.000000000000000000, 1.000000000000000000 ) ) ;
#3202 = EDGE_CURVE ( 'NONE', #10163, #514, #389, .T. ) ;
#3203 = STYLED_ITEM ( 'NONE', ( #10070 ), #8706 ) ;
#3204 = VECTOR ( 'NONE', #10271, 1000.000000000000000 ) ;
#3205 = VECTOR ( 'NONE', #6732, 1000.000000000000000 ) ;
#3206 = FILL_AREA_STYLE_COLOUR ( '', #4627 ) ;
#3207 = CARTESIAN_POINT ( 'NONE',  ( 6.299999999999993605, -2.000000000000000000, -0.6874509908007695458 ) ) ;
#3208 =( GEOMETRIC_REPRESENTATION_CONTEXT ( 3 ) GLOBAL_UNCERTAINTY_ASSIGNED_CONTEXT ( ( #4215 ) ) GLOBAL_UNIT_ASSIGNED_CONTEXT ( ( #69, #5951, #1232 ) ) REPRESENTATION_CONTEXT ( 'NONE', 'WORKASPACE' ) );
#3209 = EDGE_LOOP ( 'NONE', ( #1860, #5871, #4970, #6462 ) ) ;
#3210 = SURFACE_STYLE_USAGE ( .BOTH. , #569 ) ;
#3211 = DIRECTION ( 'NONE',  ( -3.491483361109382461E-15, 0.000000000000000000, -1.000000000000000000 ) ) ;
#3212 = UNCERTAINTY_MEASURE_WITH_UNIT (LENGTH_MEASURE( 1.000000000000000082E-05 ), #2739, 'distance_accuracy_value', 'NONE');
#3213 = EDGE_LOOP ( 'NONE', ( #2841, #4486, #7720, #323 ) ) ;
#3214 = SURFACE_STYLE_FILL_AREA ( #9665 ) ;
#3215 = MECHANICAL_DESIGN_GEOMETRIC_PRESENTATION_REPRESENTATION (  '', ( #179 ), #6882 ) ;
#3216 = VERTEX_POINT ( 'NONE', #2036 ) ;
#3217 = DIRECTION ( 'NONE',  ( -0.4722150451494399603, 0.000000000000000000, 0.8814833810881020915 ) ) ;
#3218 = AXIS2_PLACEMENT_3D ( 'NONE', #3708, #2916, #1171 ) ;
#3219 = CARTESIAN_POINT ( 'NONE',  ( -5.800000000000000711, 3.499999999999999556, 0.2000000000000000944 ) ) ;
#3220 = EDGE_CURVE ( 'NONE', #4042, #415, #4513, .T. ) ;
#3221 = CARTESIAN_POINT ( 'NONE',  ( -5.519112848942167027, -1.462164714140039790, 3.499999999999999556 ) ) ;
#3222 = CARTESIAN_POINT ( 'NONE',  ( 2.250000000000004885, 5.399999999999989697, 3.599999999999993427 ) ) ;
#3223 = CARTESIAN_POINT ( 'NONE',  ( 2.679334618754728569E-17, -4.500000000000002665, -1.200000000000000400 ) ) ;
#3224 = CARTESIAN_POINT ( 'NONE',  ( 6.000000000000000000, 2.000000000000000000, 3.500000000000000000 ) ) ;
#3225 = FILL_AREA_STYLE_COLOUR ( '', #7569 ) ;
#3226 = CARTESIAN_POINT ( 'NONE',  ( -1.599999999999998979, -5.800000000000000711, 3.499999999999999556 ) ) ;
#3227 = AXIS2_PLACEMENT_3D ( 'NONE', #10281, #1656, #2454 ) ;
#3228 = ORIENTED_EDGE ( 'NONE', *, *, #9444, .F. ) ;
#3229 = CARTESIAN_POINT ( 'NONE',  ( 3.950851657416640350, -4.713095711004415378, 3.499999999999998224 ) ) ;
#3230 = SURFACE_SIDE_STYLE ('',( #11 ) ) ;
#3231 = LINE ( 'NONE', #8013, #3204 ) ;
#3232 = SURFACE_STYLE_USAGE ( .BOTH. , #1697 ) ;
#3233 = ORIENTED_EDGE ( 'NONE', *, *, #2333, .T. ) ;
#3234 = DIRECTION ( 'NONE',  ( 0.000000000000000000, 0.000000000000000000, -1.000000000000000000 ) ) ;
#3235 = ORIENTED_EDGE ( 'NONE', *, *, #4482, .T. ) ;
#3236 = SURFACE_STYLE_FILL_AREA ( #4764 ) ;
#3237 = VERTEX_POINT ( 'NONE', #6812 ) ;
#3238 = CARTESIAN_POINT ( 'NONE',  ( 1.891518204694836891, 5.699999999999996625, 3.499999999999999112 ) ) ;
#3239 = CARTESIAN_POINT ( 'NONE',  ( 1.600000000000000089, 1.899999999999999689, 5.500000000000000000 ) ) ;
#3240 = CARTESIAN_POINT ( 'NONE',  ( 1.324581074942552616, -5.271558449006329639, 3.600000000000080469 ) ) ;
#3241 = CARTESIAN_POINT ( 'NONE',  ( -4.526324040001468596, -3.975348698380241519, 3.577874614043628831 ) ) ;
#3242 =( NAMED_UNIT ( * ) PLANE_ANGLE_UNIT ( ) SI_UNIT ( $, .RADIAN. ) );
#3243 = ORIENTED_EDGE ( 'NONE', *, *, #10104, .F. ) ;
#3244 = AXIS2_PLACEMENT_3D ( 'NONE', #7167, #6332, #7009 ) ;
#3245 = COLOUR_RGB ( '',0.7529411764705882248, 0.7529411764705882248, 0.7529411764705882248 ) ;
#3246 =( NAMED_UNIT ( * ) PLANE_ANGLE_UNIT ( ) SI_UNIT ( $, .RADIAN. ) );
#3247 = AXIS2_PLACEMENT_3D ( 'NONE', #8473, #610, #8616 ) ;
#3248 = AXIS2_PLACEMENT_3D ( 'NONE', #3219, #9623, #4848 ) ;
#3249 = AXIS2_PLACEMENT_3D ( 'NONE', #57, #6452, #9625 ) ;
#3250 = ORIENTED_EDGE ( 'NONE', *, *, #10217, .F. ) ;
#3251 =( NAMED_UNIT ( * ) SI_UNIT ( $, .STERADIAN. ) SOLID_ANGLE_UNIT ( ) );
#3252 = ORIENTED_EDGE ( 'NONE', *, *, #3952, .F. ) ;
#3253 =( NAMED_UNIT ( * ) PLANE_ANGLE_UNIT ( ) SI_UNIT ( $, .RADIAN. ) );
#3254 = VECTOR ( 'NONE', #3685, 1000.000000000000114 ) ;
#3255 = EDGE_CURVE ( 'NONE', #3616, #4071, #5873, .T. ) ;
#3256 = CIRCLE ( 'NONE', #5754, 0.3500000041649586890 ) ;
#3257 = LINE ( 'NONE', #4726, #2754 ) ;
#3258 = LINE ( 'NONE', #6433, #8990 ) ;
#3259 = CARTESIAN_POINT ( 'NONE',  ( -6.000000000000023981, 3.000000000000000000, 7.064159265358981088 ) ) ;
#3260 = VECTOR ( 'NONE', #5727, 1000.000000000000000 ) ;
#3261 = CARTESIAN_POINT ( 'NONE',  ( 5.331955037120914120, -1.747937876638834709, 3.599999943878104958 ) ) ;
#3262 = FILL_AREA_STYLE_COLOUR ( '', #538 ) ;
#3263 = ORIENTED_EDGE ( 'NONE', *, *, #3007, .F. ) ;
#3264 = CARTESIAN_POINT ( 'NONE',  ( -5.254334350601863157, 1.462164717133216829, 3.599999968981326681 ) ) ;
#3265 =( LENGTH_UNIT ( ) NAMED_UNIT ( * ) SI_UNIT ( .MILLI., .METRE. ) );
#3266 = PRESENTATION_LAYER_ASSIGNMENT (  '', '', ( #9100 ) ) ;
#3267 = PRESENTATION_STYLE_ASSIGNMENT (( #1388 ) ) ;
#3268 = ORIENTED_EDGE ( 'NONE', *, *, #7065, .F. ) ;
#3269 = FILL_AREA_STYLE ('',( #2481 ) ) ;
#3270 = DIRECTION ( 'NONE',  ( 1.000000000000000000, 1.222978688985946960E-15, 0.000000000000000000 ) ) ;
#3271 = UNCERTAINTY_MEASURE_WITH_UNIT (LENGTH_MEASURE( 1.000000000000000082E-05 ), #9677, 'distance_accuracy_value', 'NONE');
#3272 = VERTEX_POINT ( 'NONE', #6066 ) ;
#3273 = DIRECTION ( 'NONE',  ( -1.000000000000000000, 0.000000000000000000, 0.000000000000000000 ) ) ;
#3274 = FILL_AREA_STYLE ('',( #4640 ) ) ;
#3275 = AXIS2_PLACEMENT_3D ( 'NONE', #8356, #2840, #254 ) ;
#3276 = PRESENTATION_STYLE_ASSIGNMENT (( #3391 ) ) ;
#3277 = LINE ( 'NONE', #3334, #2791 ) ;
#3278 =( NAMED_UNIT ( * ) PLANE_ANGLE_UNIT ( ) SI_UNIT ( $, .RADIAN. ) );
#3279 = LINE ( 'NONE', #3224, #111 ) ;
#3280 = FACE_OUTER_BOUND ( 'NONE', #923, .T. ) ;
#3281 = PRESENTATION_STYLE_ASSIGNMENT (( #8845 ) ) ;
#3282 = MECHANICAL_DESIGN_GEOMETRIC_PRESENTATION_REPRESENTATION (  '', ( #2271 ), #258 ) ;
#3283 = ORIENTED_EDGE ( 'NONE', *, *, #8111, .T. ) ;
#3284 = DIRECTION ( 'NONE',  ( 0.000000000000000000, 1.000000000000000000, 0.000000000000000000 ) ) ;
#3285 = CARTESIAN_POINT ( 'NONE',  ( 4.999999999999996447, -4.999999999999993783, -2.981555974335137194E-16 ) ) ;
#3286 = MECHANICAL_DESIGN_GEOMETRIC_PRESENTATION_REPRESENTATION (  '', ( #1939 ), #9114 ) ;
#3287 = DIRECTION ( 'NONE',  ( -0.8682466191274124112, -0.000000000000000000, 0.4961328535521690730 ) ) ;
#3288 = SURFACE_SIDE_STYLE ('',( #6253 ) ) ;
#3289 = STYLED_ITEM ( 'NONE', ( #5888 ), #9196 ) ;
#3290 = ORIENTED_EDGE ( 'NONE', *, *, #4573, .T. ) ;
#3291 = STYLED_ITEM ( 'NONE', ( #39 ), #2263 ) ;
#3292 = SURFACE_SIDE_STYLE ('',( #862 ) ) ;
#3293 = ORIENTED_EDGE ( 'NONE', *, *, #2248, .F. ) ;
#3294 =( NAMED_UNIT ( * ) SI_UNIT ( $, .STERADIAN. ) SOLID_ANGLE_UNIT ( ) );
#3295 = ORIENTED_EDGE ( 'NONE', *, *, #4144, .F. ) ;
#3296 = CARTESIAN_POINT ( 'NONE',  ( -4.999999999999996447, 4.999999999999993783, -1.680513367352531873E-15 ) ) ;
#3297 = FILL_AREA_STYLE ('',( #8966 ) ) ;
#3298 = CARTESIAN_POINT ( 'NONE',  ( -6.212785798360254574, -2.499999999999998668, -2.960449165327015297 ) ) ;
#3299 = CIRCLE ( 'NONE', #4323, 0.1999999999999996503 ) ;
#3300 = CARTESIAN_POINT ( 'NONE',  ( -5.549999999999999822, -4.750000000000000000, 3.600000000000001421 ) ) ;
#3301 = PRESENTATION_STYLE_ASSIGNMENT (( #4776 ) ) ;
#3302 =( GEOMETRIC_REPRESENTATION_CONTEXT ( 3 ) GLOBAL_UNCERTAINTY_ASSIGNED_CONTEXT ( ( #4507 ) ) GLOBAL_UNIT_ASSIGNED_CONTEXT ( ( #8843, #3278, #1689 ) ) REPRESENTATION_CONTEXT ( 'NONE', 'WORKASPACE' ) );
#3303 = ORIENTED_EDGE ( 'NONE', *, *, #5726, .T. ) ;
#3304 = CARTESIAN_POINT ( 'NONE',  ( 5.819112848942157967, 1.462164714140036681, 3.199999999999987299 ) ) ;
#3305 = ORIENTED_EDGE ( 'NONE', *, *, #956, .T. ) ;
#3306 =( LENGTH_UNIT ( ) NAMED_UNIT ( * ) SI_UNIT ( .MILLI., .METRE. ) );
#3307 = MECHANICAL_DESIGN_GEOMETRIC_PRESENTATION_REPRESENTATION (  '', ( #7779 ), #9285 ) ;
#3308 = COLOUR_RGB ( '',1.000000000000000000, 1.000000000000000000, 1.000000000000000000 ) ;
#3309 = EDGE_CURVE ( 'NONE', #5188, #1017, #3762, .T. ) ;
#3310 = CARTESIAN_POINT ( 'NONE',  ( -5.000000000000000000, 5.000000000000000000, 3.299999999999999822 ) ) ;
#3311 = SURFACE_STYLE_USAGE ( .BOTH. , #8038 ) ;
#3312 = DIRECTION ( 'NONE',  ( -1.000000000000000000, 1.445602896647385657E-15, -5.059610138265849759E-14 ) ) ;
#3313 = STYLED_ITEM ( 'NONE', ( #2204 ), #4113 ) ;
#3314 = CARTESIAN_POINT ( 'NONE',  ( 5.275613662820099137, -1.615024158866859461, 3.600000000000003642 ) ) ;
#3315 = CARTESIAN_POINT ( 'NONE',  ( -6.000000000000000000, 0.000000000000000000, 3.500000000000000000 ) ) ;
#3316 = DIRECTION ( 'NONE',  ( -2.221018656992594206E-15, 2.221018656992604067E-15, -1.000000000000000000 ) ) ;
#3317 = DIRECTION ( 'NONE',  ( -0.000000000000000000, -0.000000000000000000, 1.000000000000000000 ) ) ;
#3318 = ORIENTED_EDGE ( 'NONE', *, *, #7557, .F. ) ;
#3319 = PRESENTATION_STYLE_ASSIGNMENT (( #773 ) ) ;
#3320 = FILL_AREA_STYLE ('',( #7429 ) ) ;
#3321 = CARTESIAN_POINT ( 'NONE',  ( 6.300000002082478012, 3.000000000000000000, 0.8000000000000000444 ) ) ;
#3322 = EDGE_CURVE ( 'NONE', #9822, #4690, #8056, .T. ) ;
#3323 = CARTESIAN_POINT ( 'NONE',  ( -6.693412330956371115, -1.999999999999998668, -2.119339049353551996 ) ) ;
#3324 = DIRECTION ( 'NONE',  ( 0.000000000000000000, 0.000000000000000000, -1.000000000000000000 ) ) ;
#3325 = ORIENTED_EDGE ( 'NONE', *, *, #8567, .T. ) ;
#3326 = SURFACE_STYLE_USAGE ( .BOTH. , #5769 ) ;
#3327 = ADVANCED_FACE ( 'NONE', ( #9042, #5246 ), #2093, .F. ) ;
#3328 = ORIENTED_EDGE ( 'NONE', *, *, #2287, .T. ) ;
#3329 = CARTESIAN_POINT ( 'NONE',  ( 5.435424868893542261, -1.891518204694831562, 3.199999999999995293 ) ) ;
#3330 = CARTESIAN_POINT ( 'NONE',  ( 5.000000000000000000, 5.000000000000000000, 0.2000000000000000944 ) ) ;
#3331 = ADVANCED_FACE ( 'NONE', ( #1208 ), #8312, .F. ) ;
#3332 = SURFACE_STYLE_USAGE ( .BOTH. , #785 ) ;
#3333 = DIRECTION ( 'NONE',  ( -1.000000000000000000, -1.355252715606882022E-16, -0.000000000000000000 ) ) ;
#3334 = CARTESIAN_POINT ( 'NONE',  ( 6.547679712131307284, 3.000000000000000000, -2.979052028523551332 ) ) ;
#3335 = PRESENTATION_STYLE_ASSIGNMENT (( #9678 ) ) ;
#3336 =( LENGTH_UNIT ( ) NAMED_UNIT ( * ) SI_UNIT ( .MILLI., .METRE. ) );
#3337 = SURFACE_STYLE_USAGE ( .BOTH. , #5675 ) ;
#3338 = SURFACE_SIDE_STYLE ('',( #853 ) ) ;
#3339 = VERTEX_POINT ( 'NONE', #10178 ) ;
#3340 = SURFACE_SIDE_STYLE ('',( #2441 ) ) ;
#3341 = SURFACE_STYLE_FILL_AREA ( #4965 ) ;
#3342 = DIRECTION ( 'NONE',  ( 0.000000000000000000, 0.000000000000000000, -1.000000000000000000 ) ) ;
#3343 = EDGE_CURVE ( 'NONE', #2351, #2137, #7776, .T. ) ;
#3344 = PRESENTATION_LAYER_ASSIGNMENT (  '', '', ( #8493 ) ) ;
#3345 = EDGE_LOOP ( 'NONE', ( #671, #5847 ) ) ;
#3346 = DIRECTION ( 'NONE',  ( 0.000000000000000000, 1.000000000000000000, -2.710505431213759902E-15 ) ) ;
#3347 = VERTEX_POINT ( 'NONE', #3039 ) ;
#3348 = SURFACE_SIDE_STYLE ('',( #3236 ) ) ;
#3349 = ORIENTED_EDGE ( 'NONE', *, *, #6436, .F. ) ;
#3350 = CYLINDRICAL_SURFACE ( 'NONE', #9616, 0.4000000000000001887 ) ;
#3351 =( LENGTH_UNIT ( ) NAMED_UNIT ( * ) SI_UNIT ( .MILLI., .METRE. ) );
#3352 = DIRECTION ( 'NONE',  ( 3.006455034846200772E-16, -6.012910069692402531E-16, 1.000000000000000000 ) ) ;
#3353 = DIRECTION ( 'NONE',  ( -2.512674504402810523E-14, -1.058592843975262575E-14, 1.000000000000000000 ) ) ;
#3354 = EDGE_CURVE ( 'NONE', #7968, #8940, #6999, .T. ) ;
#3355 = DIRECTION ( 'NONE',  ( 5.421010862427713863E-15, 0.000000000000000000, 1.000000000000000000 ) ) ;
#3356 = ORIENTED_EDGE ( 'NONE', *, *, #5765, .T. ) ;
#3357 = ORIENTED_EDGE ( 'NONE', *, *, #5849, .T. ) ;
#3358 = CARTESIAN_POINT ( 'NONE',  ( -1.891518204694830896, -5.500000000000000000, 3.594753153809546742 ) ) ;
#3359 = AXIS2_PLACEMENT_3D ( 'NONE', #2509, #4011, #3312 ) ;
#3360 = EDGE_CURVE ( 'NONE', #10032, #2730, #9397, .T. ) ;
#3361 = AXIS2_PLACEMENT_3D ( 'NONE', #4530, #7076, #5459 ) ;
#3362 = SURFACE_STYLE_USAGE ( .BOTH. , #355 ) ;
#3363 = FACE_OUTER_BOUND ( 'NONE', #8443, .T. ) ;
#3364 = CIRCLE ( 'NONE', #8840, 0.1999999999999979294 ) ;
#3365 = COLOUR_RGB ( '',0.7529411764705882248, 0.7529411764705882248, 0.7529411764705882248 ) ;
#3366 = PRESENTATION_LAYER_ASSIGNMENT (  '', '', ( #651 ) ) ;
#3367 = STYLED_ITEM ( 'NONE', ( #4842 ), #5324 ) ;
#3368 = CARTESIAN_POINT ( 'NONE',  ( 5.259556672327242666, -1.372345661386348059, 3.600000000000003642 ) ) ;
#3369 = EDGE_CURVE ( 'NONE', #2708, #1497, #4075, .T. ) ;
#3370 = EDGE_CURVE ( 'NONE', #10003, #5376, #3738, .T. ) ;
#3371 = UNCERTAINTY_MEASURE_WITH_UNIT (LENGTH_MEASURE( 1.000000000000000082E-05 ), #4102, 'distance_accuracy_value', 'NONE');
#3372 = DIRECTION ( 'NONE',  ( -1.000000000000000000, 0.000000000000000000, -3.491483361109382461E-15 ) ) ;
#3373 = SURFACE_SIDE_STYLE ('',( #4991 ) ) ;
#3374 = CARTESIAN_POINT ( 'NONE',  ( 6.287205726393077398, 3.000000000000000444, -2.830212172457902575 ) ) ;
#3375 = AXIS2_PLACEMENT_3D ( 'NONE', #2528, #211, #1687 ) ;
#3376 = ORIENTED_EDGE ( 'NONE', *, *, #2196, .F. ) ;
#3377 = VECTOR ( 'NONE', #343, 1000.000000000000000 ) ;
#3378 = AXIS2_PLACEMENT_3D ( 'NONE', #7947, #1531, #4739 ) ;
#3379 = DIRECTION ( 'NONE',  ( 0.000000000000000000, 0.000000000000000000, -1.000000000000000000 ) ) ;
#3380 = CYLINDRICAL_SURFACE ( 'NONE', #1470, 0.3500000041649586890 ) ;
#3381 = DIRECTION ( 'NONE',  ( 1.000000000000000000, 6.591696832431884002E-11, 3.435866386436846140E-14 ) ) ;
#3382 = ORIENTED_EDGE ( 'NONE', *, *, #1331, .T. ) ;
#3383 =( NAMED_UNIT ( * ) PLANE_ANGLE_UNIT ( ) SI_UNIT ( $, .RADIAN. ) );
#3384 = PLANE ( 'NONE',  #1360 ) ;
#3385 = ORIENTED_EDGE ( 'NONE', *, *, #132, .T. ) ;
#3386 = CARTESIAN_POINT ( 'NONE',  ( 6.287205726393074734, -3.000000000000000000, -2.830212172457907904 ) ) ;
#3387 = DIRECTION ( 'NONE',  ( -1.000000000000000000, 0.000000000000000000, 0.000000000000000000 ) ) ;
#3388 = COLOUR_RGB ( '',1.000000000000000000, 1.000000000000000000, 1.000000000000000000 ) ;
#3389 = ADVANCED_FACE ( 'NONE', ( #7824 ), #7109, .T. ) ;
#3390 = LINE ( 'NONE', #5774, #2060 ) ;
#3391 = SURFACE_STYLE_USAGE ( .BOTH. , #902 ) ;
#3392 =( LENGTH_UNIT ( ) NAMED_UNIT ( * ) SI_UNIT ( .MILLI., .METRE. ) );
#3393 =( GEOMETRIC_REPRESENTATION_CONTEXT ( 3 ) GLOBAL_UNCERTAINTY_ASSIGNED_CONTEXT ( ( #6978 ) ) GLOBAL_UNIT_ASSIGNED_CONTEXT ( ( #5586, #8806, #2390 ) ) REPRESENTATION_CONTEXT ( 'NONE', 'WORKASPACE' ) );
#3394 =( NAMED_UNIT ( * ) PLANE_ANGLE_UNIT ( ) SI_UNIT ( $, .RADIAN. ) );
#3395 = ADVANCED_FACE ( 'NONE', ( #1363 ), #1409, .F. ) ;
#3396 = CARTESIAN_POINT ( 'NONE',  ( 5.528157206495055931, -1.389056478433035036, 3.499999999999996447 ) ) ;
#3397 =( GEOMETRIC_REPRESENTATION_CONTEXT ( 3 ) GLOBAL_UNCERTAINTY_ASSIGNED_CONTEXT ( ( #4940 ) ) GLOBAL_UNIT_ASSIGNED_CONTEXT ( ( #5899, #2819, #1129 ) ) REPRESENTATION_CONTEXT ( 'NONE', 'WORKASPACE' ) );
#3398 = ORIENTED_EDGE ( 'NONE', *, *, #9643, .F. ) ;
#3399 =( NAMED_UNIT ( * ) PLANE_ANGLE_UNIT ( ) SI_UNIT ( $, .RADIAN. ) );
#3400 = CARTESIAN_POINT ( 'NONE',  ( 5.435424868894548567, 1.599999999999999867, 3.600000000000000089 ) ) ;
#3401 = DIRECTION ( 'NONE',  ( -1.000000000000000000, 0.000000000000000000, 5.158108633761454421E-16 ) ) ;
#3402 = MECHANICAL_DESIGN_GEOMETRIC_PRESENTATION_REPRESENTATION (  '', ( #2374 ), #9702 ) ;
#3403 = DIRECTION ( 'NONE',  ( -1.883124184714193481E-15, -9.387336522804436264E-31, -1.000000000000000000 ) ) ;
#3404 = ORIENTED_EDGE ( 'NONE', *, *, #2879, .F. ) ;
#3405 = DIRECTION ( 'NONE',  ( 0.000000000000000000, 1.000000000000000000, 0.000000000000000000 ) ) ;
#3406 = ORIENTED_EDGE ( 'NONE', *, *, #9181, .F. ) ;
#3407 = FILL_AREA_STYLE ('',( #6510 ) ) ;
#3408 = ORIENTED_EDGE ( 'NONE', *, *, #5502, .T. ) ;
#3409 = STYLED_ITEM ( 'NONE', ( #5593 ), #5790 ) ;
#3410 = UNCERTAINTY_MEASURE_WITH_UNIT (LENGTH_MEASURE( 1.000000000000000082E-05 ), #9579, 'distance_accuracy_value', 'NONE');
#3411 = FACE_OUTER_BOUND ( 'NONE', #3213, .T. ) ;
#3412 = DIRECTION ( 'NONE',  ( 0.000000000000000000, -0.000000000000000000, -1.000000000000000000 ) ) ;
#3413 = CARTESIAN_POINT ( 'NONE',  ( 4.150000000000000355, 5.082284216461515156E-16, 3.500000000000000000 ) ) ;
#3414 = STYLED_ITEM ( 'NONE', ( #2613 ), #3508 ) ;
#3415 = CARTESIAN_POINT ( 'NONE',  ( -6.649999999999999467, 6.704630743366732482, -2.094532406675940983 ) ) ;
#3416 = FACE_OUTER_BOUND ( 'NONE', #2645, .T. ) ;
#3417 = VECTOR ( 'NONE', #1024, 1000.000000000000000 ) ;
#3418 = DIRECTION ( 'NONE',  ( 1.256337252201622514E-14, -5.292964219876873757E-15, 1.000000000000000000 ) ) ;
#3419 = ORIENTED_EDGE ( 'NONE', *, *, #6357, .F. ) ;
#3420 = DIRECTION ( 'NONE',  ( -0.8682466191274158529, 0.000000000000000000, -0.4961328535521630778 ) ) ;
#3421 = EDGE_LOOP ( 'NONE', ( #8935, #10140, #2829, #1661 ) ) ;
#3422 = CARTESIAN_POINT ( 'NONE',  ( -1.865604789117666806, -5.499999999999994671, 3.594198633187836389 ) ) ;
#3423 = CARTESIAN_POINT ( 'NONE',  ( 1.866168552841702244, -5.424745029542304309, 3.199999999999995293 ) ) ;
#3424 = PRESENTATION_LAYER_ASSIGNMENT (  '', '', ( #7880 ) ) ;
#3425 = CARTESIAN_POINT ( 'NONE',  ( 4.399999999999999467, -3.500000000000000888, 0.000000000000000000 ) ) ;
#3426 = LINE ( 'NONE', #9762, #8176 ) ;
#3427 = UNCERTAINTY_MEASURE_WITH_UNIT (LENGTH_MEASURE( 1.000000000000000082E-05 ), #9132, 'distance_accuracy_value', 'NONE');
#3428 = MECHANICAL_DESIGN_GEOMETRIC_PRESENTATION_REPRESENTATION (  '', ( #9720 ), #8730 ) ;
#3429 = AXIS2_PLACEMENT_3D ( 'NONE', #468, #271, #5260 ) ;
#3430 = CARTESIAN_POINT ( 'NONE',  ( 5.358951845520391721, -1.793347961143219260, 3.599999921031964423 ) ) ;
#3431 = COLOUR_RGB ( '',0.7529411764705882248, 0.7529411764705882248, 0.7529411764705882248 ) ;
#3432 = PRESENTATION_LAYER_ASSIGNMENT (  '', '', ( #7892 ) ) ;
#3433 = CARTESIAN_POINT ( 'NONE',  ( 6.701222710747262654E-15, 1.063371413822639794E-15, 3.600000000000004974 ) ) ;
#3434 = FACE_OUTER_BOUND ( 'NONE', #10131, .T. ) ;
#3435 = VERTEX_POINT ( 'NONE', #975 ) ;
#3436 = FILL_AREA_STYLE ('',( #7222 ) ) ;
#3437 = ORIENTED_EDGE ( 'NONE', *, *, #3181, .T. ) ;
#3438 = FILL_AREA_STYLE ('',( #9879 ) ) ;
#3439 = ORIENTED_EDGE ( 'NONE', *, *, #7367, .T. ) ;
#3440 = DIRECTION ( 'NONE',  ( 1.355252715606882022E-16, -1.000000000000000000, 0.000000000000000000 ) ) ;
#3441 = TOROIDAL_SURFACE ( 'NONE', #1737, 4.924999999999994493, 0.2500000000000167644 ) ;
#3442 = AXIS2_PLACEMENT_3D ( 'NONE', #3622, #586, #5278 ) ;
#3443 = ORIENTED_EDGE ( 'NONE', *, *, #2111, .F. ) ;
#3444 = DIRECTION ( 'NONE',  ( 1.053031360026544826E-16, 1.000000000000000000, 0.000000000000000000 ) ) ;
#3445 = FACE_BOUND ( 'NONE', #6524, .T. ) ;
#3446 = AXIS2_PLACEMENT_3D ( 'NONE', #9001, #8213, #9839 ) ;
#3447 = CARTESIAN_POINT ( 'NONE',  ( -4.750000000000000000, 4.750000000000000000, 3.500000000000000000 ) ) ;
#3448 = LINE ( 'NONE', #7543, #2301 ) ;
#3449 = ADVANCED_FACE ( 'NONE', ( #7982 ), #2505, .F. ) ;
#3450 = PRESENTATION_STYLE_ASSIGNMENT (( #2691 ) ) ;
#3451 = FILL_AREA_STYLE ('',( #8379 ) ) ;
#3452 = FILL_AREA_STYLE ('',( #8007 ) ) ;
#3453 = AXIS2_PLACEMENT_3D ( 'NONE', #984, #9821, #2673 ) ;
#3454 = VERTEX_POINT ( 'NONE', #4107 ) ;
#3455 = DIRECTION ( 'NONE',  ( 0.000000000000000000, 1.000000000000000000, 0.000000000000000000 ) ) ;
#3456 = FACE_OUTER_BOUND ( 'NONE', #2758, .T. ) ;
#3457 = UNCERTAINTY_MEASURE_WITH_UNIT (LENGTH_MEASURE( 1.000000000000000082E-05 ), #6769, 'distance_accuracy_value', 'NONE');
#3458 = ORIENTED_EDGE ( 'NONE', *, *, #1878, .F. ) ;
#3459 = CARTESIAN_POINT ( 'NONE',  ( 6.305925830945591670, -3.000000000000000000, -0.7110617430582412135 ) ) ;
#3460 = VECTOR ( 'NONE', #5180, 1000.000000000000000 ) ;
#3461 =( NAMED_UNIT ( * ) SI_UNIT ( $, .STERADIAN. ) SOLID_ANGLE_UNIT ( ) );
#3462 = ORIENTED_EDGE ( 'NONE', *, *, #1789, .F. ) ;
#3463 = CARTESIAN_POINT ( 'NONE',  ( 9.184547653667727131E-17, 4.500000000000002665, -1.499999999999999112 ) ) ;
#3464 = ORIENTED_EDGE ( 'NONE', *, *, #5465, .F. ) ;
#3465 = DIRECTION ( 'NONE',  ( 0.000000000000000000, 0.000000000000000000, -1.000000000000000000 ) ) ;
#3466 = FILL_AREA_STYLE_COLOUR ( '', #3740 ) ;
#3467 = PRESENTATION_STYLE_ASSIGNMENT (( #7510 ) ) ;
#3468 = FILL_AREA_STYLE_COLOUR ( '', #9684 ) ;
#3469 = MECHANICAL_DESIGN_GEOMETRIC_PRESENTATION_REPRESENTATION (  '', ( #10102 ), #6275 ) ;
#3470 = CARTESIAN_POINT ( 'NONE',  ( 0.000000000000000000, -4.500000000000003553, 0.000000000000000000 ) ) ;
#3471 = ORIENTED_EDGE ( 'NONE', *, *, #9618, .T. ) ;
#3472 = EDGE_LOOP ( 'NONE', ( #9645, #1851, #8805, #7951 ) ) ;
#3473 = SURFACE_STYLE_USAGE ( .BOTH. , #1874 ) ;
#3474 = DIRECTION ( 'NONE',  ( 0.000000000000000000, -1.000000000000000000, 0.000000000000000000 ) ) ;
#3475 = AXIS2_PLACEMENT_3D ( 'NONE', #9784, #2642, #5838 ) ;
#3476 = DIRECTION ( 'NONE',  ( 4.611285086534596329E-63, 4.379057701015053347E-47, -1.000000000000000000 ) ) ;
#3477 = FACE_OUTER_BOUND ( 'NONE', #1703, .T. ) ;
#3478 =( NAMED_UNIT ( * ) SI_UNIT ( $, .STERADIAN. ) SOLID_ANGLE_UNIT ( ) );
#3479 = AXIS2_PLACEMENT_3D ( 'NONE', #2767, #9014, #5954 ) ;
#3480 = EDGE_CURVE ( 'NONE', #8897, #480, #7313, .T. ) ;
#3481 = PRESENTATION_LAYER_ASSIGNMENT (  '', '', ( #6458 ) ) ;
#3482 = VERTEX_POINT ( 'NONE', #4879 ) ;
#3483 = EDGE_CURVE ( 'NONE', #5321, #953, #2721, .T. ) ;
#3484 = FILL_AREA_STYLE ('',( #5293 ) ) ;
#3485 = ORIENTED_EDGE ( 'NONE', *, *, #4137, .F. ) ;
#3486 = DIRECTION ( 'NONE',  ( 0.000000000000000000, 0.000000000000000000, -1.000000000000000000 ) ) ;
#3487 = EDGE_CURVE ( 'NONE', #2474, #5964, #8880, .T. ) ;
#3488 = DIRECTION ( 'NONE',  ( 0.000000000000000000, 0.000000000000000000, -1.000000000000000000 ) ) ;
#3489 = SURFACE_SIDE_STYLE ('',( #1103 ) ) ;
#3490 = ORIENTED_EDGE ( 'NONE', *, *, #9339, .F. ) ;
#3491 = PRESENTATION_STYLE_ASSIGNMENT (( #7433 ) ) ;
#3492 = PRESENTATION_LAYER_ASSIGNMENT (  '', '', ( #7956 ) ) ;
#3493 = CYLINDRICAL_SURFACE ( 'NONE', #9343, 0.1999999999999996503 ) ;
#3494 = CARTESIAN_POINT ( 'NONE',  ( -5.800000000000000711, 5.000000000000000888, 3.500000000000000888 ) ) ;
#3495 = STYLED_ITEM ( 'NONE', ( #10096 ), #4155 ) ;
#3496 = CARTESIAN_POINT ( 'NONE',  ( -7.000000000000000888, -6.704630743366730705, -2.094532406675943648 ) ) ;
#3497 = SURFACE_STYLE_FILL_AREA ( #1062 ) ;
#3498 = EDGE_CURVE ( 'NONE', #8165, #8478, #10216, .T. ) ;
#3499 =( NAMED_UNIT ( * ) PLANE_ANGLE_UNIT ( ) SI_UNIT ( $, .RADIAN. ) );
#3500 =( NAMED_UNIT ( * ) SI_UNIT ( $, .STERADIAN. ) SOLID_ANGLE_UNIT ( ) );
#3501 = FILL_AREA_STYLE_COLOUR ( '', #9751 ) ;
#3502 = ORIENTED_EDGE ( 'NONE', *, *, #5989, .T. ) ;
#3503 = SURFACE_STYLE_FILL_AREA ( #280 ) ;
#3504 = VERTEX_POINT ( 'NONE', #8137 ) ;
#3505 = CIRCLE ( 'NONE', #957, 3.950000000000000178 ) ;
#3506 = CARTESIAN_POINT ( 'NONE',  ( -5.800000000000000711, 5.000000000000000000, 3.499999999999999556 ) ) ;
#3507 = CARTESIAN_POINT ( 'NONE',  ( 1.891518204694833338, -5.399999999999996803, 3.600000000000001421 ) ) ;
#3508 = ADVANCED_FACE ( 'NONE', ( #7211 ), #9705, .T. ) ;
#3509 = CARTESIAN_POINT ( 'NONE',  ( -3.600000000000001421, -5.800000000000000711, 0.000000000000000000 ) ) ;
#3510 = ORIENTED_EDGE ( 'NONE', *, *, #7163, .F. ) ;
#3511 = DIRECTION ( 'NONE',  ( 1.250412551117387285E-75, 1.000000000000000000, -3.042580924680819946E-45 ) ) ;
#3512 = EDGE_LOOP ( 'NONE', ( #3106, #7737, #2844, #7580 ) ) ;
#3513 = PLANE ( 'NONE',  #1453 ) ;
#3514 = CARTESIAN_POINT ( 'NONE',  ( -1.899999999999999911, -1.599999999999999423, 5.500000000000000000 ) ) ;
#3515 = FILL_AREA_STYLE ('',( #8129 ) ) ;
#3516 = CARTESIAN_POINT ( 'NONE',  ( -5.819112848942158855, 1.462164714140030908, 3.600000000000001421 ) ) ;
#3517 =( NAMED_UNIT ( * ) PLANE_ANGLE_UNIT ( ) SI_UNIT ( $, .RADIAN. ) );
#3518 = ORIENTED_EDGE ( 'NONE', *, *, #9450, .F. ) ;
#3519 = ORIENTED_EDGE ( 'NONE', *, *, #94, .F. ) ;
#3520 = FILL_AREA_STYLE ('',( #352 ) ) ;
#3521 = FILL_AREA_STYLE_COLOUR ( '', #9617 ) ;
#3522 = STYLED_ITEM ( 'NONE', ( #7244 ), #1831 ) ;
#3523 = PRESENTATION_STYLE_ASSIGNMENT (( #3362 ) ) ;
#3524 = EDGE_CURVE ( 'NONE', #4399, #6545, #7706, .T. ) ;
#3525 = FILL_AREA_STYLE ('',( #8977 ) ) ;
#3526 = UNCERTAINTY_MEASURE_WITH_UNIT (LENGTH_MEASURE( 1.000000000000000082E-05 ), #9754, 'distance_accuracy_value', 'NONE');
#3527 = SURFACE_SIDE_STYLE ('',( #5187 ) ) ;
#3528 = ORIENTED_EDGE ( 'NONE', *, *, #5602, .F. ) ;
#3529 =( LENGTH_UNIT ( ) NAMED_UNIT ( * ) SI_UNIT ( .MILLI., .METRE. ) );
#3530 = ORIENTED_EDGE ( 'NONE', *, *, #3765, .F. ) ;
#3531 = FACE_OUTER_BOUND ( 'NONE', #5910, .T. ) ;
#3532 =( NAMED_UNIT ( * ) PLANE_ANGLE_UNIT ( ) SI_UNIT ( $, .RADIAN. ) );
#3533 = COLOUR_RGB ( '',0.7529411764705882248, 0.7529411764705882248, 0.7529411764705882248 ) ;
#3534 = AXIS2_PLACEMENT_3D ( 'NONE', #2372, #7023, #10316 ) ;
#3535 = FILL_AREA_STYLE ('',( #7279 ) ) ;
#3536 = STYLED_ITEM ( 'NONE', ( #9296 ), #1467 ) ;
#3537 = FILL_AREA_STYLE_COLOUR ( '', #6032 ) ;
#3538 = AXIS2_PLACEMENT_3D ( 'NONE', #9820, #1147, #2671 ) ;
#3539 = EDGE_LOOP ( 'NONE', ( #4171, #5821, #7262, #7641 ) ) ;
#3540 = CARTESIAN_POINT ( 'NONE',  ( -6.041480816619161587, -2.999999999999999112, -0.8527262566030738844 ) ) ;
#3541 = EDGE_CURVE ( 'NONE', #2653, #5635, #9058, .T. ) ;
#3542 = DIRECTION ( 'NONE',  ( 0.000000000000000000, 1.000000000000000000, 0.000000000000000000 ) ) ;
#3543 = AXIS2_PLACEMENT_3D ( 'NONE', #2684, #3444, #6614 ) ;
#3544 = STYLED_ITEM ( 'NONE', ( #9830 ), #7392 ) ;
#3545 =( GEOMETRIC_REPRESENTATION_CONTEXT ( 3 ) GLOBAL_UNCERTAINTY_ASSIGNED_CONTEXT ( ( #6336 ) ) GLOBAL_UNIT_ASSIGNED_CONTEXT ( ( #6478, #2309, #8087 ) ) REPRESENTATION_CONTEXT ( 'NONE', 'WORKASPACE' ) );
#3546 = PRESENTATION_STYLE_ASSIGNMENT (( #7589 ) ) ;
#3547 = UNCERTAINTY_MEASURE_WITH_UNIT (LENGTH_MEASURE( 1.000000000000000082E-05 ), #8281, 'distance_accuracy_value', 'NONE');
#3548 = VECTOR ( 'NONE', #6491, 1000.000000000000000 ) ;
#3549 = CARTESIAN_POINT ( 'NONE',  ( 0.000000000000000000, 0.000000000000000000, 3.049999999999998934 ) ) ;
#3550 = CARTESIAN_POINT ( 'NONE',  ( -6.953886316694596559, 3.000000000000000000, -2.268178905419201641 ) ) ;
#3551 =( NAMED_UNIT ( * ) SI_UNIT ( $, .STERADIAN. ) SOLID_ANGLE_UNIT ( ) );
#3552 = STYLED_ITEM ( 'NONE', ( #6775 ), #8431 ) ;
#3553 = STYLED_ITEM ( 'NONE', ( #4775 ), #7502 ) ;
#3554 = VERTEX_POINT ( 'NONE', #9975 ) ;
#3555 = FACE_OUTER_BOUND ( 'NONE', #2092, .T. ) ;
#3556 = UNCERTAINTY_MEASURE_WITH_UNIT (LENGTH_MEASURE( 1.000000000000000082E-05 ), #7368, 'distance_accuracy_value', 'NONE');
#3557 = ORIENTED_EDGE ( 'NONE', *, *, #10251, .T. ) ;
#3558 = PRESENTATION_LAYER_ASSIGNMENT (  '', '', ( #3367 ) ) ;
#3559 =( NAMED_UNIT ( * ) PLANE_ANGLE_UNIT ( ) SI_UNIT ( $, .RADIAN. ) );
#3560 = ADVANCED_FACE ( 'NONE', ( #1250 ), #5967, .F. ) ;
#3561 = LINE ( 'NONE', #5015, #4063 ) ;
#3562 = AXIS2_PLACEMENT_3D ( 'NONE', #6944, #10122, #9323 ) ;
#3563 = VERTEX_POINT ( 'NONE', #7567 ) ;
#3564 = DIRECTION ( 'NONE',  ( 1.000000000000000000, -3.268547191124189125E-31, -3.061110680682674975E-14 ) ) ;
#3565 = VERTEX_POINT ( 'NONE', #7418 ) ;
#3566 = VECTOR ( 'NONE', #9310, 1000.000000000000000 ) ;
#3567 = PRESENTATION_STYLE_ASSIGNMENT (( #5025 ) ) ;
#3568 = AXIS2_PLACEMENT_3D ( 'NONE', #1902, #9887, #2639 ) ;
#3569 = SURFACE_STYLE_USAGE ( .BOTH. , #2608 ) ;
#3570 = EDGE_LOOP ( 'NONE', ( #5146, #3283, #4614, #1044 ) ) ;
#3571 = SURFACE_STYLE_USAGE ( .BOTH. , #8135 ) ;
#3572 = ORIENTED_EDGE ( 'NONE', *, *, #6388, .F. ) ;
#3573 = CARTESIAN_POINT ( 'NONE',  ( -6.287205726393076510, 3.000000000000000000, -2.830212172457904352 ) ) ;
#3574 = PRESENTATION_LAYER_ASSIGNMENT (  '', '', ( #1375 ) ) ;
#3575 = SURFACE_SIDE_STYLE ('',( #1876 ) ) ;
#3576 = EDGE_CURVE ( 'NONE', #5829, #9715, #9092, .T. ) ;
#3577 = SURFACE_STYLE_FILL_AREA ( #9867 ) ;
#3578 = STYLED_ITEM ( 'NONE', ( #4094 ), #5990 ) ;
#3579 = UNCERTAINTY_MEASURE_WITH_UNIT (LENGTH_MEASURE( 1.000000000000000082E-05 ), #8566, 'distance_accuracy_value', 'NONE');
#3580 = VECTOR ( 'NONE', #2486, 1000.000000000000000 ) ;
#3581 = PLANE ( 'NONE',  #8583 ) ;
#3582 = ORIENTED_EDGE ( 'NONE', *, *, #6424, .T. ) ;
#3583 = ADVANCED_FACE ( 'NONE', ( #9921 ), #2456, .T. ) ;
#3584 = CARTESIAN_POINT ( 'NONE',  ( -4.750000000000000000, -4.750000000000000000, 3.600000000000001421 ) ) ;
#3585 = VERTEX_POINT ( 'NONE', #4417 ) ;
#3586 =( NAMED_UNIT ( * ) SI_UNIT ( $, .STERADIAN. ) SOLID_ANGLE_UNIT ( ) );
#3587 = PRESENTATION_STYLE_ASSIGNMENT (( #1264 ) ) ;
#3588 = CARTESIAN_POINT ( 'NONE',  ( 5.000000000000000000, 5.000000000000000000, 3.500000000000000000 ) ) ;
#3589 = COLOUR_RGB ( '',0.2980392156862745057, 0.2980392156862745057, 0.2980392156862745057 ) ;
#3590 =( NAMED_UNIT ( * ) SI_UNIT ( $, .STERADIAN. ) SOLID_ANGLE_UNIT ( ) );
#3591 =( NAMED_UNIT ( * ) PLANE_ANGLE_UNIT ( ) SI_UNIT ( $, .RADIAN. ) );
#3592 = ORIENTED_EDGE ( 'NONE', *, *, #9444, .T. ) ;
#3593 = SURFACE_STYLE_USAGE ( .BOTH. , #8321 ) ;
#3594 = CIRCLE ( 'NONE', #7413, 0.3000000000000051514 ) ;
#3595 = SURFACE_STYLE_USAGE ( .BOTH. , #8322 ) ;
#3596 = STYLED_ITEM ( 'NONE', ( #9205 ), #6393 ) ;
#3597 = COLOUR_RGB ( '',0.7529411764705882248, 0.7529411764705882248, 0.7529411764705882248 ) ;
#3598 = PRESENTATION_LAYER_ASSIGNMENT (  '', '', ( #7415 ) ) ;
#3599 = CARTESIAN_POINT ( 'NONE',  ( 0.000000000000000000, -4.500000000000003553, -1.199999999999998845 ) ) ;
#3600 = CARTESIAN_POINT ( 'NONE',  ( -6.287205726393079175, 2.000000000000000444, -2.830212172457901243 ) ) ;
#3601 = FACE_OUTER_BOUND ( 'NONE', #5409, .T. ) ;
#3602 = CARTESIAN_POINT ( 'NONE',  ( -0.7999999999999994893, -4.500000000000003553, 0.000000000000000000 ) ) ;
#3603 = STYLED_ITEM ( 'NONE', ( #3938 ), #4619 ) ;
#3604 = AXIS2_PLACEMENT_3D ( 'NONE', #979, #8183, #1038 ) ;
#3605 = DIRECTION ( 'NONE',  ( -1.000000000000000000, 0.000000000000000000, -0.000000000000000000 ) ) ;
#3606 = DIRECTION ( 'NONE',  ( 0.000000000000000000, 0.000000000000000000, 1.000000000000000000 ) ) ;
#3607 = CARTESIAN_POINT ( 'NONE',  ( -6.650000000000000355, -1.999999999999998224, -2.094532406675943648 ) ) ;
#3608 = MECHANICAL_DESIGN_GEOMETRIC_PRESENTATION_REPRESENTATION (  '', ( #6413 ), #1619 ) ;
#3609 = CARTESIAN_POINT ( 'NONE',  ( -2.166916829160916310E-16, 1.706111319364985103E-15, 3.600000000000002309 ) ) ;
#3610 = ORIENTED_EDGE ( 'NONE', *, *, #2938, .F. ) ;
#3611 = PRESENTATION_LAYER_ASSIGNMENT (  '', '', ( #8077 ) ) ;
#3612 = FILL_AREA_STYLE ('',( #6137 ) ) ;
#3613 = ADVANCED_FACE ( 'NONE', ( #2138 ), #6111, .T. ) ;
#3614 = DIRECTION ( 'NONE',  ( -1.000000000000000000, -2.548947057811891130E-48, -2.168404344971018482E-16 ) ) ;
#3615 = DIRECTION ( 'NONE',  ( -1.000000000000000000, 3.449361270580080294E-33, 4.900241895855788831E-16 ) ) ;
#3616 = VERTEX_POINT ( 'NONE', #6258 ) ;
#3617 = FACE_OUTER_BOUND ( 'NONE', #2710, .T. ) ;
#3618 = ORIENTED_EDGE ( 'NONE', *, *, #3947, .F. ) ;
#3619 = AXIS2_PLACEMENT_3D ( 'NONE', #7154, #4005, #1563 ) ;
#3620 = EDGE_CURVE ( 'NONE', #8551, #1600, #6946, .T. ) ;
#3621 = FACE_BOUND ( 'NONE', #2035, .T. ) ;
#3622 = CARTESIAN_POINT ( 'NONE',  ( -6.300000000000021139, 3.000000000000000000, 6.564159265358979312 ) ) ;
#3623 = PRESENTATION_STYLE_ASSIGNMENT (( #7360 ) ) ;
#3624 = UNCERTAINTY_MEASURE_WITH_UNIT (LENGTH_MEASURE( 1.000000000000000082E-05 ), #3824, 'distance_accuracy_value', 'NONE');
#3625 = MECHANICAL_DESIGN_GEOMETRIC_PRESENTATION_REPRESENTATION (  '', ( #2094 ), #7922 ) ;
#3626 = COLOUR_RGB ( '',1.000000000000000000, 1.000000000000000000, 1.000000000000000000 ) ;
#3627 = ORIENTED_EDGE ( 'NONE', *, *, #6820, .T. ) ;
#3628 = FILL_AREA_STYLE_COLOUR ( '', #1858 ) ;
#3629 = ORIENTED_EDGE ( 'NONE', *, *, #1925, .F. ) ;
#3630 = CARTESIAN_POINT ( 'NONE',  ( -5.399999999999986144, 2.250000000000020428, 3.199999999999992628 ) ) ;
#3631 = EDGE_CURVE ( 'NONE', #7252, #8402, #3130, .T. ) ;
#3632 = CARTESIAN_POINT ( 'NONE',  ( 3.954822068327817686, 4.627117972768570731, 3.555859740947653336 ) ) ;
#3633 = CIRCLE ( 'NONE', #2439, 1.000000000000000000 ) ;
#3634 = UNCERTAINTY_MEASURE_WITH_UNIT (LENGTH_MEASURE( 1.000000000000000082E-05 ), #9491, 'distance_accuracy_value', 'NONE');
#3635 = VECTOR ( 'NONE', #4712, 1000.000000000000000 ) ;
#3636 = EDGE_CURVE ( 'NONE', #8940, #3563, #928, .T. ) ;
#3637 = EDGE_LOOP ( 'NONE', ( #125, #5643, #6864, #2732 ) ) ;
#3638 = EDGE_CURVE ( 'NONE', #6660, #5216, #6988, .T. ) ;
#3639 = SURFACE_STYLE_FILL_AREA ( #3484 ) ;
#3640 = ORIENTED_EDGE ( 'NONE', *, *, #1671, .F. ) ;
#3641 = SURFACE_STYLE_USAGE ( .BOTH. , #5877 ) ;
#3642 = CIRCLE ( 'NONE', #5450, 0.4000000000000001887 ) ;
#3643 = CARTESIAN_POINT ( 'NONE',  ( -3.949999999999999734, 4.750000000000000000, 3.500000000000000000 ) ) ;
#3644 = FILL_AREA_STYLE_COLOUR ( '', #2828 ) ;
#3645 = SURFACE_STYLE_USAGE ( .BOTH. , #1488 ) ;
#3646 = FACE_OUTER_BOUND ( 'NONE', #1654, .T. ) ;
#3647 = ADVANCED_FACE ( 'NONE', ( #7097 ), #3807, .T. ) ;
#3648 =( GEOMETRIC_REPRESENTATION_CONTEXT ( 3 ) GLOBAL_UNCERTAINTY_ASSIGNED_CONTEXT ( ( #4398 ) ) GLOBAL_UNIT_ASSIGNED_CONTEXT ( ( #618, #5610, #8573 ) ) REPRESENTATION_CONTEXT ( 'NONE', 'WORKASPACE' ) );
#3649 = DIRECTION ( 'NONE',  ( -0.000000000000000000, -0.000000000000000000, 1.000000000000000000 ) ) ;
#3650 = DIRECTION ( 'NONE',  ( 0.000000000000000000, 0.000000000000000000, 1.000000000000000000 ) ) ;
#3651 = CIRCLE ( 'NONE', #5301, 0.4999999999999987232 ) ;
#3652 = ORIENTED_EDGE ( 'NONE', *, *, #5239, .F. ) ;
#3653 = ADVANCED_FACE ( 'NONE', ( #6152 ), #3024, .F. ) ;
#3654 = DIRECTION ( 'NONE',  ( 0.000000000000000000, 0.000000000000000000, -1.000000000000000000 ) ) ;
#3655 = DIRECTION ( 'NONE',  ( 0.000000000000000000, 0.000000000000000000, 1.000000000000000000 ) ) ;
#3656 =( GEOMETRIC_REPRESENTATION_CONTEXT ( 3 ) GLOBAL_UNCERTAINTY_ASSIGNED_CONTEXT ( ( #9859 ) ) GLOBAL_UNIT_ASSIGNED_CONTEXT ( ( #7508, #338, #1919 ) ) REPRESENTATION_CONTEXT ( 'NONE', 'WORKASPACE' ) );
#3657 = CIRCLE ( 'NONE', #2634, 0.2999999999999929945 ) ;
#3658 = CARTESIAN_POINT ( 'NONE',  ( -1.861893661036963410, -5.508467996276778855, 3.594982460002422719 ) ) ;
#3659 = DIRECTION ( 'NONE',  ( 1.000000000000000000, -1.224646799147353207E-16, -3.503978601136974611E-32 ) ) ;
#3660 =( NAMED_UNIT ( * ) SI_UNIT ( $, .STERADIAN. ) SOLID_ANGLE_UNIT ( ) );
#3661 = DIRECTION ( 'NONE',  ( -0.6985214149036113040, -0.7155891509246469218, -2.117185687950899386E-14 ) ) ;
#3662 = EDGE_LOOP ( 'NONE', ( #6586, #6664 ) ) ;
#3663 = PRESENTATION_LAYER_ASSIGNMENT (  '', '', ( #3495 ) ) ;
#3664 = MECHANICAL_DESIGN_GEOMETRIC_PRESENTATION_REPRESENTATION (  '', ( #1794 ), #8967 ) ;
#3665 = LINE ( 'NONE', #6833, #2759 ) ;
#3666 = STYLED_ITEM ( 'NONE', ( #5177 ), #226 ) ;
#3667 = CARTESIAN_POINT ( 'NONE',  ( -4.400000000000000355, 3.499999999999999556, 0.4000000000000000222 ) ) ;
#3668 = ORIENTED_EDGE ( 'NONE', *, *, #8511, .T. ) ;
#3669 = EDGE_LOOP ( 'NONE', ( #9127, #4918, #6954, #7759 ) ) ;
#3670 = PLANE ( 'NONE',  #37 ) ;
#3671 =( NAMED_UNIT ( * ) PLANE_ANGLE_UNIT ( ) SI_UNIT ( $, .RADIAN. ) );
#3672 = DIRECTION ( 'NONE',  ( -0.000000000000000000, 0.000000000000000000, -1.000000000000000000 ) ) ;
#3673 = CIRCLE ( 'NONE', #9467, 0.3500000000000004774 ) ;
#3674 = SURFACE_SIDE_STYLE ('',( #6891 ) ) ;
#3675 = CARTESIAN_POINT ( 'NONE',  ( -6.649999999999999467, 6.704630743366732482, -2.094532406675940983 ) ) ;
#3676 = EDGE_CURVE ( 'NONE', #6371, #7068, #7301, .T. ) ;
#3677 = AXIS2_PLACEMENT_3D ( 'NONE', #3679, #2882, #5233 ) ;
#3678 = ADVANCED_FACE ( 'NONE', ( #6364 ), #8021, .T. ) ;
#3679 = CARTESIAN_POINT ( 'NONE',  ( 5.204170427930421283E-15, -3.469446951953614189E-15, 3.200000000000018385 ) ) ;
#3680 = VECTOR ( 'NONE', #10035, 1000.000000000000000 ) ;
#3681 = ORIENTED_EDGE ( 'NONE', *, *, #7943, .F. ) ;
#3682 = ORIENTED_EDGE ( 'NONE', *, *, #4154, .T. ) ;
#3683 = CARTESIAN_POINT ( 'NONE',  ( -4.750000000000000000, 4.750000000000000000, 3.200000000000000178 ) ) ;
#3684 = ADVANCED_FACE ( 'NONE', ( #7147 ), #4633, .T. ) ;
#3685 = DIRECTION ( 'NONE',  ( 0.8682466191274117451, 0.000000000000000000, 0.4961328535521704053 ) ) ;
#3686 = PRESENTATION_STYLE_ASSIGNMENT (( #5581 ) ) ;
#3687 = CARTESIAN_POINT ( 'NONE',  ( -4.400000000000000355, 3.500000000000000000, 0.4000000000000000222 ) ) ;
#3688 = UNCERTAINTY_MEASURE_WITH_UNIT (LENGTH_MEASURE( 1.000000000000000082E-05 ), #5433, 'distance_accuracy_value', 'NONE');
#3689 = EDGE_CURVE ( 'NONE', #1349, #5379, #2392, .T. ) ;
#3690 = FACE_OUTER_BOUND ( 'NONE', #2851, .T. ) ;
#3691 = EDGE_LOOP ( 'NONE', ( #3833, #1800, #5274, #4473, #5071, #8240, #9475 ) ) ;
#3692 = DIRECTION ( 'NONE',  ( 0.000000000000000000, -1.000000000000000000, -2.514091994169285222E-16 ) ) ;
#3693 =( GEOMETRIC_REPRESENTATION_CONTEXT ( 3 ) GLOBAL_UNCERTAINTY_ASSIGNED_CONTEXT ( ( #4790 ) ) GLOBAL_UNIT_ASSIGNED_CONTEXT ( ( #6060, #5335, #2979 ) ) REPRESENTATION_CONTEXT ( 'NONE', 'WORKASPACE' ) );
#3694 = CARTESIAN_POINT ( 'NONE',  ( 0.000000000000000000, 0.000000000000000000, 0.000000000000000000 ) ) ;
#3695 = PLANE ( 'NONE',  #5045 ) ;
#3696 = EDGE_CURVE ( 'NONE', #5235, #3454, #7460, .T. ) ;
#3697 = EDGE_CURVE ( 'NONE', #778, #5095, #6959, .T. ) ;
#3698 = CARTESIAN_POINT ( 'NONE',  ( 1.891518204694832006, -5.700000000000000178, 3.500000000000000000 ) ) ;
#3699 = CYLINDRICAL_SURFACE ( 'NONE', #1601, 0.4500000000000001221 ) ;
#3700 = ORIENTED_EDGE ( 'NONE', *, *, #5007, .F. ) ;
#3701 = COLOUR_RGB ( '',0.7529411764705882248, 0.7529411764705882248, 0.7529411764705882248 ) ;
#3702 = ORIENTED_EDGE ( 'NONE', *, *, #1750, .T. ) ;
#3703 =( LENGTH_UNIT ( ) NAMED_UNIT ( * ) SI_UNIT ( .MILLI., .METRE. ) );
#3704 = AXIS2_PLACEMENT_3D ( 'NONE', #8656, #2939, #10169 ) ;
#3705 = DIRECTION ( 'NONE',  ( -0.8682466191274124112, -0.000000000000000000, 0.4961328535521690730 ) ) ;
#3706 = DIRECTION ( 'NONE',  ( -5.292964219876117239E-15, -1.256337252201401002E-14, -1.000000000000000000 ) ) ;
#3707 = CARTESIAN_POINT ( 'NONE',  ( 0.000000000000000000, 4.500000000000003553, -9.796850830579017080E-17 ) ) ;
#3708 = CARTESIAN_POINT ( 'NONE',  ( -1.891518204694822458, 5.400000000000019007, 3.199999999999981526 ) ) ;
#3709 = ORIENTED_EDGE ( 'NONE', *, *, #7055, .T. ) ;
#3710 = AXIS2_PLACEMENT_3D ( 'NONE', #8582, #8740, #7896 ) ;
#3711 = FACE_OUTER_BOUND ( 'NONE', #6198, .T. ) ;
#3712 = CIRCLE ( 'NONE', #488, 0.4000000000000041855 ) ;
#3713 = COLOUR_RGB ( '',0.6470588235294117974, 0.6196078431372549211, 0.5882352941176470784 ) ;
#3714 = AXIS2_PLACEMENT_3D ( 'NONE', #9120, #1963, #5160 ) ;
#3715 = DIRECTION ( 'NONE',  ( -0.000000000000000000, -1.000000000000000000, -0.000000000000000000 ) ) ;
#3716 = CARTESIAN_POINT ( 'NONE',  ( 6.349999999999997868, 6.704630743366732482, -0.6874509908007693237 ) ) ;
#3717 = ORIENTED_EDGE ( 'NONE', *, *, #7029, .T. ) ;
#3718 = ADVANCED_FACE ( 'NONE', ( #9850 ), #6808, .T. ) ;
#3719 =( LENGTH_UNIT ( ) NAMED_UNIT ( * ) SI_UNIT ( .MILLI., .METRE. ) );
#3720 = ORIENTED_EDGE ( 'NONE', *, *, #10054, .F. ) ;
#3721 = CIRCLE ( 'NONE', #9520, 0.3499999999999996447 ) ;
#3722 = CARTESIAN_POINT ( 'NONE',  ( 5.257810329762827806, 1.526111404418021511, 3.599999989381700960 ) ) ;
#3723 = DIRECTION ( 'NONE',  ( -1.000000000000000000, 1.222978688985946960E-15, 0.000000000000000000 ) ) ;
#3724 = VECTOR ( 'NONE', #817, 1000.000000000000000 ) ;
#3725 =( NAMED_UNIT ( * ) SI_UNIT ( $, .STERADIAN. ) SOLID_ANGLE_UNIT ( ) );
#3726 = STYLED_ITEM ( 'NONE', ( #5392 ), #8589 ) ;
#3727 = VECTOR ( 'NONE', #5584, 1000.000000000000114 ) ;
#3728 = VERTEX_POINT ( 'NONE', #8166 ) ;
#3729 =( NAMED_UNIT ( * ) PLANE_ANGLE_UNIT ( ) SI_UNIT ( $, .RADIAN. ) );
#3730 = DIRECTION ( 'NONE',  ( -1.000000000000000000, -1.019578823124758518E-47, -4.336808689942028583E-16 ) ) ;
#3731 = ORIENTED_EDGE ( 'NONE', *, *, #6744, .T. ) ;
#3732 = SURFACE_STYLE_FILL_AREA ( #6899 ) ;
#3733 = AXIS2_PLACEMENT_3D ( 'NONE', #9012, #4149, #5952 ) ;
#3734 = CARTESIAN_POINT ( 'NONE',  ( -1.891518204694828897, 5.435424868894165762, 3.600000000000000977 ) ) ;
#3735 = STYLED_ITEM ( 'NONE', ( #3301 ), #195 ) ;
#3736 = SURFACE_SIDE_STYLE ('',( #554 ) ) ;
#3737 = VERTEX_POINT ( 'NONE', #5855 ) ;
#3738 = LINE ( 'NONE', #9393, #8715 ) ;
#3739 = DIRECTION ( 'NONE',  ( 1.000000000000000000, 0.000000000000000000, -0.000000000000000000 ) ) ;
#3740 = COLOUR_RGB ( '',1.000000000000000000, 1.000000000000000000, 1.000000000000000000 ) ;
#3741 = DIRECTION ( 'NONE',  ( -1.224646799147353207E-16, 1.000000000000000000, 2.046447962963220408E-32 ) ) ;
#3742 = DIRECTION ( 'NONE',  ( -1.053031360026544826E-16, -1.000000000000000000, -0.000000000000000000 ) ) ;
#3743 = COLOUR_RGB ( '',0.7529411764705882248, 0.7529411764705882248, 0.7529411764705882248 ) ;
#3744 = DIRECTION ( 'NONE',  ( 0.000000000000000000, 0.000000000000000000, -1.000000000000000000 ) ) ;
#3745 = CARTESIAN_POINT ( 'NONE',  ( -0.7999999999999994893, 4.500000000000003553, -9.796850830579017080E-17 ) ) ;
#3746 = VERTEX_POINT ( 'NONE', #6791 ) ;
#3747 = ORIENTED_EDGE ( 'NONE', *, *, #2526, .F. ) ;
#3748 = MECHANICAL_DESIGN_GEOMETRIC_PRESENTATION_REPRESENTATION (  '', ( #5243 ), #1712 ) ;
#3749 = DIRECTION ( 'NONE',  ( -1.053031360026544826E-16, -1.000000000000000000, -0.000000000000000000 ) ) ;
#3750 = FILL_AREA_STYLE ('',( #319 ) ) ;
#3751 = FILL_AREA_STYLE ('',( #7788 ) ) ;
#3752 = FILL_AREA_STYLE_COLOUR ( '', #1804 ) ;
#3753 = DIRECTION ( 'NONE',  ( -7.488284227493696901E-15, -1.000000000000000000, -1.027427521298023284E-31 ) ) ;
#3754 = DIRECTION ( 'NONE',  ( 1.000000000000000000, -1.222978688985946960E-15, 0.000000000000000000 ) ) ;
#3755 = AXIS2_PLACEMENT_3D ( 'NONE', #8621, #771, #10346 ) ;
#3756 = STYLED_ITEM ( 'NONE', ( #4752 ), #982 ) ;
#3757 = PRESENTATION_LAYER_ASSIGNMENT (  '', '', ( #3922 ) ) ;
#3758 = DIRECTION ( 'NONE',  ( 0.000000000000000000, 1.000000000000000000, 0.000000000000000000 ) ) ;
#3759 = EDGE_CURVE ( 'NONE', #129, #5594, #3651, .T. ) ;
#3760 = ORIENTED_EDGE ( 'NONE', *, *, #9185, .T. ) ;
#3761 = DIRECTION ( 'NONE',  ( -0.1179568432022835844, -0.9713257602420870551, 0.2064278339562846676 ) ) ;
#3762 = CIRCLE ( 'NONE', #7070, 0.3999999999999608868 ) ;
#3763 = PRESENTATION_LAYER_ASSIGNMENT (  '', '', ( #8556 ) ) ;
#3764 = VECTOR ( 'NONE', #9455, 1000.000000000000114 ) ;
#3765 = EDGE_CURVE ( 'NONE', #4765, #3272, #5132, .T. ) ;
#3766 = FILL_AREA_STYLE_COLOUR ( '', #1524 ) ;
#3767 = DIRECTION ( 'NONE',  ( 1.000000000000000000, 0.000000000000000000, -0.000000000000000000 ) ) ;
#3768 = CARTESIAN_POINT ( 'NONE',  ( -5.950000000000000178, 2.000000000000000000, 0.8000000000000000444 ) ) ;
#3769 = ORIENTED_EDGE ( 'NONE', *, *, #60, .F. ) ;
#3770 = B_SPLINE_CURVE_WITH_KNOTS ( 'NONE', 3,
 ( #774, #10351, #9407, #3264 ),
 .UNSPECIFIED., .F., .F.,
 ( 4, 4 ),
 ( 0.000000000000000000, 1.000000000000000000 ),
 .UNSPECIFIED. ) ;
#3771 = AXIS2_PLACEMENT_3D ( 'NONE', #3315, #5708, #9713 ) ;
#3772 = SURFACE_STYLE_USAGE ( .BOTH. , #3575 ) ;
#3773 =( NAMED_UNIT ( * ) SI_UNIT ( $, .STERADIAN. ) SOLID_ANGLE_UNIT ( ) );
#3774 = SURFACE_STYLE_FILL_AREA ( #9178 ) ;
#3775 = CYLINDRICAL_SURFACE ( 'NONE', #6089, 0.04999999999999969746 ) ;
#3776 = MECHANICAL_DESIGN_GEOMETRIC_PRESENTATION_REPRESENTATION (  '', ( #6239 ), #9742 ) ;
#3777 = PLANE ( 'NONE',  #7691 ) ;
#3778 = CIRCLE ( 'NONE', #10078, 0.03542486889427081537 ) ;
#3779 = PRESENTATION_STYLE_ASSIGNMENT (( #8542 ) ) ;
#3780 = VERTEX_POINT ( 'NONE', #1862 ) ;
#3781 = DIRECTION ( 'NONE',  ( 0.000000000000000000, 0.000000000000000000, 1.000000000000000000 ) ) ;
#3782 = ORIENTED_EDGE ( 'NONE', *, *, #2972, .F. ) ;
#3783 = CARTESIAN_POINT ( 'NONE',  ( 5.399999999999986144, -1.891518204694840000, 3.199999999999983746 ) ) ;
#3784 = STYLED_ITEM ( 'NONE', ( #6052 ), #4759 ) ;
#3785 = FACE_OUTER_BOUND ( 'NONE', #2080, .T. ) ;
#3786 = UNCERTAINTY_MEASURE_WITH_UNIT (LENGTH_MEASURE( 1.000000000000000082E-05 ), #5562, 'distance_accuracy_value', 'NONE');
#3787 = SURFACE_STYLE_USAGE ( .BOTH. , #9387 ) ;
#3788 = CARTESIAN_POINT ( 'NONE',  ( 7.947500464712013685E-16, -4.924999999999993605, 3.349999999999982769 ) ) ;
#3789 = ORIENTED_EDGE ( 'NONE', *, *, #4778, .T. ) ;
#3790 = FACE_OUTER_BOUND ( 'NONE', #437, .T. ) ;
#3791 = ORIENTED_EDGE ( 'NONE', *, *, #5872, .F. ) ;
#3792 = FILL_AREA_STYLE_COLOUR ( '', #4906 ) ;
#3793 =( NAMED_UNIT ( * ) SI_UNIT ( $, .STERADIAN. ) SOLID_ANGLE_UNIT ( ) );
#3794 =( GEOMETRIC_REPRESENTATION_CONTEXT ( 3 ) GLOBAL_UNCERTAINTY_ASSIGNED_CONTEXT ( ( #2274 ) ) GLOBAL_UNIT_ASSIGNED_CONTEXT ( ( #8334, #1182, #395 ) ) REPRESENTATION_CONTEXT ( 'NONE', 'WORKASPACE' ) );
#3795 = SURFACE_STYLE_USAGE ( .BOTH. , #7636 ) ;
#3796 = DIRECTION ( 'NONE',  ( 0.000000000000000000, 1.000000000000000000, 0.000000000000000000 ) ) ;
#3797 = PRESENTATION_STYLE_ASSIGNMENT (( #561 ) ) ;
#3798 = CARTESIAN_POINT ( 'NONE',  ( 5.424745029542468622, 1.866168552841506401, 3.600000000000001421 ) ) ;
#3799 = EDGE_CURVE ( 'NONE', #9646, #9882, #1781, .T. ) ;
#3800 = STYLED_ITEM ( 'NONE', ( #6721 ), #9320 ) ;
#3801 = AXIS2_PLACEMENT_3D ( 'NONE', #8519, #4628, #1320 ) ;
#3802 = CARTESIAN_POINT ( 'NONE',  ( -5.700000000000001066, -2.250000000005534684, 3.500000000000000000 ) ) ;
#3803 = ORIENTED_EDGE ( 'NONE', *, *, #10217, .T. ) ;
#3804 = ADVANCED_FACE ( 'NONE', ( #3617 ), #8336, .T. ) ;
#3805 = ORIENTED_EDGE ( 'NONE', *, *, #7766, .F. ) ;
#3806 = CARTESIAN_POINT ( 'NONE',  ( -5.800000000000000711, -3.500000000000000444, 0.000000000000000000 ) ) ;
#3807 = TOROIDAL_SURFACE ( 'NONE', #587, 0.8000000000000038192, 0.1999999999999973743 ) ;
#3808 = FACE_OUTER_BOUND ( 'NONE', #7998, .T. ) ;
#3809 = FACE_OUTER_BOUND ( 'NONE', #6584, .T. ) ;
#3810 = SURFACE_STYLE_USAGE ( .BOTH. , #7746 ) ;
#3811 = CIRCLE ( 'NONE', #441, 5.435424868893751871 ) ;
#3812 = EDGE_CURVE ( 'NONE', #5376, #1739, #8291, .T. ) ;
#3813 = PLANE ( 'NONE',  #8344 ) ;
#3814 = ORIENTED_EDGE ( 'NONE', *, *, #10179, .T. ) ;
#3815 =( LENGTH_UNIT ( ) NAMED_UNIT ( * ) SI_UNIT ( .MILLI., .METRE. ) );
#3816 = VECTOR ( 'NONE', #10210, 1000.000000000000000 ) ;
#3817 =( LENGTH_UNIT ( ) NAMED_UNIT ( * ) SI_UNIT ( .MILLI., .METRE. ) );
#3818 = MECHANICAL_DESIGN_GEOMETRIC_PRESENTATION_REPRESENTATION (  '', ( #9284 ), #272 ) ;
#3819 = EDGE_CURVE ( 'NONE', #46, #7841, #3915, .T. ) ;
#3820 = SURFACE_SIDE_STYLE ('',( #8387 ) ) ;
#3821 = CARTESIAN_POINT ( 'NONE',  ( 0.8000000000000000444, 0.000000000000000000, 3.299999999999999378 ) ) ;
#3822 = ORIENTED_EDGE ( 'NONE', *, *, #5178, .T. ) ;
#3823 =( LENGTH_UNIT ( ) NAMED_UNIT ( * ) SI_UNIT ( .MILLI., .METRE. ) );
#3824 =( LENGTH_UNIT ( ) NAMED_UNIT ( * ) SI_UNIT ( .MILLI., .METRE. ) );
#3825 = DIRECTION ( 'NONE',  ( -1.222978688985946960E-15, 1.000000000000000000, 0.000000000000000000 ) ) ;
#3826 = FACE_OUTER_BOUND ( 'NONE', #6170, .T. ) ;
#3827 = FILL_AREA_STYLE ('',( #5230 ) ) ;
#3828 = EDGE_CURVE ( 'NONE', #8260, #9691, #4689, .T. ) ;
#3829 = SURFACE_STYLE_FILL_AREA ( #10160 ) ;
#3830 = ADVANCED_FACE ( 'NONE', ( #2873 ), #4595, .F. ) ;
#3831 = PRESENTATION_LAYER_ASSIGNMENT (  '', '', ( #2636 ) ) ;
#3832 = SURFACE_STYLE_USAGE ( .BOTH. , #590 ) ;
#3833 = ORIENTED_EDGE ( 'NONE', *, *, #6044, .F. ) ;
#3834 = SURFACE_SIDE_STYLE ('',( #7565 ) ) ;
#3835 = VERTEX_POINT ( 'NONE', #5417 ) ;
#3836 = FILL_AREA_STYLE_COLOUR ( '', #5127 ) ;
#3837 = VERTEX_POINT ( 'NONE', #1292 ) ;
#3838 = PRESENTATION_LAYER_ASSIGNMENT (  '', '', ( #8310 ) ) ;
#3839 =( NAMED_UNIT ( * ) SI_UNIT ( $, .STERADIAN. ) SOLID_ANGLE_UNIT ( ) );
#3840 =( NAMED_UNIT ( * ) SI_UNIT ( $, .STERADIAN. ) SOLID_ANGLE_UNIT ( ) );
#3841 = EDGE_LOOP ( 'NONE', ( #3127, #2480, #606, #3502, #428, #365 ) ) ;
#3842 = DIRECTION ( 'NONE',  ( -1.000000000000000000, 1.445602896647339508E-15, 0.000000000000000000 ) ) ;
#3843 = VECTOR ( 'NONE', #2097, 1000.000000000000000 ) ;
#3844 = PRESENTATION_STYLE_ASSIGNMENT (( #7719 ) ) ;
#3845 = ORIENTED_EDGE ( 'NONE', *, *, #7493, .T. ) ;
#3846 = ADVANCED_FACE ( 'NONE', ( #10153 ), #1956, .T. ) ;
#3847 = LINE ( 'NONE', #6024, #8168 ) ;
#3848 = FILL_AREA_STYLE ('',( #7677 ) ) ;
#3849 = DIRECTION ( 'NONE',  ( 0.000000000000000000, -1.000000000000000000, -6.163992046618099683E-16 ) ) ;
#3850 = FACE_OUTER_BOUND ( 'NONE', #4259, .T. ) ;
#3851 = ORIENTED_EDGE ( 'NONE', *, *, #4443, .T. ) ;
#3852 = UNCERTAINTY_MEASURE_WITH_UNIT (LENGTH_MEASURE( 1.000000000000000082E-05 ), #3719, 'distance_accuracy_value', 'NONE');
#3853 =( NAMED_UNIT ( * ) SI_UNIT ( $, .STERADIAN. ) SOLID_ANGLE_UNIT ( ) );
#3854 = DIRECTION ( 'NONE',  ( 0.000000000000000000, -0.000000000000000000, 1.000000000000000000 ) ) ;
#3855 = DIRECTION ( 'NONE',  ( 0.000000000000000000, 0.000000000000000000, -1.000000000000000000 ) ) ;
#3856 = SURFACE_STYLE_USAGE ( .BOTH. , #6337 ) ;
#3857 = CARTESIAN_POINT ( 'NONE',  ( -6.958519183380839301, 2.000000000000000444, -1.929257140873635867 ) ) ;
#3858 = DIRECTION ( 'NONE',  ( -0.000000000000000000, -1.000000000000000000, -0.000000000000000000 ) ) ;
#3859 = TOROIDAL_SURFACE ( 'NONE', #9655, 4.924999999999994493, 0.2500000000000167644 ) ;
#3860 = VERTEX_POINT ( 'NONE', #6185 ) ;
#3861 = CARTESIAN_POINT ( 'NONE',  ( -6.000000000000000000, 3.499999999999999556, 0.4000000000000000222 ) ) ;
#3862 = UNCERTAINTY_MEASURE_WITH_UNIT (LENGTH_MEASURE( 1.000000000000000082E-05 ), #5561, 'distance_accuracy_value', 'NONE');
#3863 = PRESENTATION_STYLE_ASSIGNMENT (( #3964 ) ) ;
#3864 = CARTESIAN_POINT ( 'NONE',  ( -6.000000000000000000, 0.000000000000000000, 0.1999999999999997613 ) ) ;
#3865 = CIRCLE ( 'NONE', #4206, 0.3500000041649586890 ) ;
#3866 =( LENGTH_UNIT ( ) NAMED_UNIT ( * ) SI_UNIT ( .MILLI., .METRE. ) );
#3867 = UNCERTAINTY_MEASURE_WITH_UNIT (LENGTH_MEASURE( 1.000000000000000082E-05 ), #7404, 'distance_accuracy_value', 'NONE');
#3868 = ORIENTED_EDGE ( 'NONE', *, *, #1567, .F. ) ;
#3869 = SURFACE_STYLE_USAGE ( .BOTH. , #10321 ) ;
#3870 = AXIS2_PLACEMENT_3D ( 'NONE', #7545, #4295, #3606 ) ;
#3871 = CARTESIAN_POINT ( 'NONE',  ( 6.693412330956372003, -6.704630743366731593, -2.119339049353550219 ) ) ;
#3872 = AXIS2_PLACEMENT_3D ( 'NONE', #8160, #7399, #227 ) ;
#3873 = VECTOR ( 'NONE', #2525, 1000.000000000000000 ) ;
#3874 = AXIS2_PLACEMENT_3D ( 'NONE', #1718, #927, #721 ) ;
#3875 = CARTESIAN_POINT ( 'NONE',  ( -1.462164714140031130, 5.819112848942163296, 3.499999999999993783 ) ) ;
#3876 = VECTOR ( 'NONE', #104, 1000.000000000000000 ) ;
#3877 = FACE_BOUND ( 'NONE', #5541, .T. ) ;
#3878 =( LENGTH_UNIT ( ) NAMED_UNIT ( * ) SI_UNIT ( .MILLI., .METRE. ) );
#3879 = AXIS2_PLACEMENT_3D ( 'NONE', #1955, #9257, #2100 ) ;
#3880 = PRESENTATION_LAYER_ASSIGNMENT (  '', '', ( #4211 ) ) ;
#3881 = ORIENTED_EDGE ( 'NONE', *, *, #1790, .T. ) ;
#3882 = CARTESIAN_POINT ( 'NONE',  ( 6.000000000000000000, -3.499999999999999556, 0.4000000000000000222 ) ) ;
#3883 = ORIENTED_EDGE ( 'NONE', *, *, #4269, .T. ) ;
#3884 = DIRECTION ( 'NONE',  ( -1.000000000000000000, -1.250412551117387531E-75, -4.109710085192101020E-31 ) ) ;
#3885 = ORIENTED_EDGE ( 'NONE', *, *, #663, .T. ) ;
#3886 = DIRECTION ( 'NONE',  ( 0.3846153846153709255, -0.9230769230769289013, 2.005806832832212841E-14 ) ) ;
#3887 = DIRECTION ( 'NONE',  ( -1.357990046909230968E-31, -1.000000000000000000, 1.256337252201401002E-14 ) ) ;
#3888 = CARTESIAN_POINT ( 'NONE',  ( 6.000000000000000000, 3.000000000000000000, 3.500000000000000000 ) ) ;
#3889 = CARTESIAN_POINT ( 'NONE',  ( -2.465190328830165300E-26, -2.465190328830165300E-26, 7.299999999986539478 ) ) ;
#3890 = CARTESIAN_POINT ( 'NONE',  ( -4.750000000000000000, -4.750000000000000000, 3.500000000000000444 ) ) ;
#3891 = VERTEX_POINT ( 'NONE', #7902 ) ;
#3892 = VECTOR ( 'NONE', #8779, 1000.000000000000000 ) ;
#3893 = DIRECTION ( 'NONE',  ( 1.000000000000000000, -0.000000000000000000, 0.000000000000000000 ) ) ;
#3894 = VECTOR ( 'NONE', #4060, 1000.000000000000000 ) ;
#3895 =( NAMED_UNIT ( * ) PLANE_ANGLE_UNIT ( ) SI_UNIT ( $, .RADIAN. ) );
#3896 = VERTEX_POINT ( 'NONE', #848 ) ;
#3897 = CARTESIAN_POINT ( 'NONE',  ( -5.254537717835707333, -1.462164714140039790, 3.199999999999997513 ) ) ;
#3898 = AXIS2_PLACEMENT_3D ( 'NONE', #9904, #2765, #8961 ) ;
#3899 = EDGE_CURVE ( 'NONE', #1525, #9758, #739, .T. ) ;
#3900 = CARTESIAN_POINT ( 'NONE',  ( -1.866168552841449779, 5.424745029542522801, 3.600000000000000977 ) ) ;
#3901 =( GEOMETRIC_REPRESENTATION_CONTEXT ( 3 ) GLOBAL_UNCERTAINTY_ASSIGNED_CONTEXT ( ( #930 ) ) GLOBAL_UNIT_ASSIGNED_CONTEXT ( ( #3866, #7751, #578 ) ) REPRESENTATION_CONTEXT ( 'NONE', 'WORKASPACE' ) );
#3902 =( NAMED_UNIT ( * ) PLANE_ANGLE_UNIT ( ) SI_UNIT ( $, .RADIAN. ) );
#3903 = AXIS2_PLACEMENT_3D ( 'NONE', #5582, #5422, #1594 ) ;
#3904 = CARTESIAN_POINT ( 'NONE',  ( 4.400000000000000355, -3.500000000000000000, 0.4000000000000000222 ) ) ;
#3905 = ORIENTED_EDGE ( 'NONE', *, *, #4550, .F. ) ;
#3906 =( GEOMETRIC_REPRESENTATION_CONTEXT ( 3 ) GLOBAL_UNCERTAINTY_ASSIGNED_CONTEXT ( ( #3688 ) ) GLOBAL_UNIT_ASSIGNED_CONTEXT ( ( #5433, #10228, #3840 ) ) REPRESENTATION_CONTEXT ( 'NONE', 'WORKASPACE' ) );
#3907 = SURFACE_STYLE_FILL_AREA ( #6125 ) ;
#3908 =( NAMED_UNIT ( * ) PLANE_ANGLE_UNIT ( ) SI_UNIT ( $, .RADIAN. ) );
#3909 =( NAMED_UNIT ( * ) PLANE_ANGLE_UNIT ( ) SI_UNIT ( $, .RADIAN. ) );
#3910 = ORIENTED_EDGE ( 'NONE', *, *, #3925, .F. ) ;
#3911 = DIRECTION ( 'NONE',  ( 0.8682466191274124112, -0.000000000000000000, 0.4961328535521690730 ) ) ;
#3912 = ORIENTED_EDGE ( 'NONE', *, *, #7780, .T. ) ;
#3913 = DIRECTION ( 'NONE',  ( 0.000000000000000000, -1.000000000000000000, 0.000000000000000000 ) ) ;
#3914 = AXIS2_PLACEMENT_3D ( 'NONE', #6740, #3723, #8495 ) ;
#3915 = B_SPLINE_CURVE_WITH_KNOTS ( 'NONE', 3,
 ( #10107, #8639, #9420, #4499 ),
 .UNSPECIFIED., .F., .F.,
 ( 4, 4 ),
 ( 2.211347213673310821E-18, 0.0004695582552225993677 ),
 .UNSPECIFIED. ) ;
#3916 = COLOUR_RGB ( '',1.000000000000000000, 1.000000000000000000, 1.000000000000000000 ) ;
#3917 = CARTESIAN_POINT ( 'NONE',  ( -1.324581074942549064, 5.271558449006358060, 3.200000000000009059 ) ) ;
#3918 = CARTESIAN_POINT ( 'NONE',  ( 1.283695372222837250E-13, 1.756407519426517183E-14, 3.500000000000001332 ) ) ;
#3919 = CARTESIAN_POINT ( 'NONE',  ( 3.949999999999999734, -4.750000000000000000, 3.600000000000001421 ) ) ;
#3920 = DIRECTION ( 'NONE',  ( -1.000000000000000000, -2.548947057811891130E-48, -2.168404344971018482E-16 ) ) ;
#3921 = ORIENTED_EDGE ( 'NONE', *, *, #6421, .T. ) ;
#3922 = STYLED_ITEM ( 'NONE', ( #7484 ), #6264 ) ;
#3923 = LINE ( 'NONE', #6142, #8725 ) ;
#3924 = CARTESIAN_POINT ( 'NONE',  ( -5.999999999999999112, -5.000000000000000000, 0.4000000000000000222 ) ) ;
#3925 = EDGE_CURVE ( 'NONE', #6244, #8196, #8060, .T. ) ;
#3926 = COLOUR_RGB ( '',0.7529411764705882248, 0.7529411764705882248, 0.7529411764705882248 ) ;
#3927 = STYLED_ITEM ( 'NONE', ( #8975 ), #6481 ) ;
#3928 = EDGE_CURVE ( 'NONE', #5748, #8093, #3116, .T. ) ;
#3929 = ORIENTED_EDGE ( 'NONE', *, *, #6870, .F. ) ;
#3930 = PRESENTATION_LAYER_ASSIGNMENT (  '', '', ( #9740 ) ) ;
#3931 = SURFACE_SIDE_STYLE ('',( #7042 ) ) ;
#3932 = EDGE_LOOP ( 'NONE', ( #8985, #1197, #8071, #2941, #9510, #1990 ) ) ;
#3933 = FILL_AREA_STYLE_COLOUR ( '', #10116 ) ;
#3934 = EDGE_LOOP ( 'NONE', ( #9433, #8253, #4221, #800 ) ) ;
#3935 = ADVANCED_FACE ( 'NONE', ( #10264 ), #8956, .T. ) ;
#3936 = CARTESIAN_POINT ( 'NONE',  ( -4.255878169405403533, 4.112692235538853325, 3.598714543258406451 ) ) ;
#3937 = FACE_OUTER_BOUND ( 'NONE', #8159, .T. ) ;
#3938 = PRESENTATION_STYLE_ASSIGNMENT (( #8654 ) ) ;
#3939 = CIRCLE ( 'NONE', #5759, 0.7999999999999994893 ) ;
#3940 = CARTESIAN_POINT ( 'NONE',  ( -3.954822068327817686, -4.627117972768567178, 3.555859740947652448 ) ) ;
#3941 = DIRECTION ( 'NONE',  ( -1.000000000000000000, -1.807754375310414409E-31, 3.006455034846200772E-16 ) ) ;
#3942 = ORIENTED_EDGE ( 'NONE', *, *, #4164, .T. ) ;
#3943 =( NAMED_UNIT ( * ) SI_UNIT ( $, .STERADIAN. ) SOLID_ANGLE_UNIT ( ) );
#3944 = CIRCLE ( 'NONE', #9093, 0.4999999999999987232 ) ;
#3945 = ORIENTED_EDGE ( 'NONE', *, *, #6889, .T. ) ;
#3946 = PRESENTATION_STYLE_ASSIGNMENT (( #5440 ) ) ;
#3947 = EDGE_CURVE ( 'NONE', #4964, #8897, #10299, .T. ) ;
#3948 = EDGE_CURVE ( 'NONE', #8522, #7403, #1590, .T. ) ;
#3949 = VECTOR ( 'NONE', #4159, 1000.000000000000341 ) ;
#3950 = FILL_AREA_STYLE_COLOUR ( '', #4587 ) ;
#3951 = LINE ( 'NONE', #816, #6514 ) ;
#3952 = EDGE_CURVE ( 'NONE', #9591, #2288, #766, .T. ) ;
#3953 = ADVANCED_FACE ( 'NONE', ( #9527 ), #10320, .F. ) ;
#3954 = DIRECTION ( 'NONE',  ( 0.000000000000000000, 1.000000000000000000, 0.000000000000000000 ) ) ;
#3955 = DIRECTION ( 'NONE',  ( -0.4961328535521692396, 0.000000000000000000, -0.8682466191274121892 ) ) ;
#3956 = VERTEX_POINT ( 'NONE', #1063 ) ;
#3957 = CARTESIAN_POINT ( 'NONE',  ( 6.693412330956371115, 6.704630743366732482, -2.119339049353549331 ) ) ;
#3958 = EDGE_CURVE ( 'NONE', #9961, #6509, #9162, .T. ) ;
#3959 = ORIENTED_EDGE ( 'NONE', *, *, #707, .T. ) ;
#3960 = DIRECTION ( 'NONE',  ( -1.000000000000000000, -5.059610138265688673E-15, 8.673617379884037050E-15 ) ) ;
#3961 = VERTEX_POINT ( 'NONE', #1848 ) ;
#3962 = FILL_AREA_STYLE ('',( #1584 ) ) ;
#3963 = PRESENTATION_LAYER_ASSIGNMENT (  '', '', ( #10102 ) ) ;
#3964 = SURFACE_STYLE_USAGE ( .BOTH. , #5518 ) ;
#3965 = AXIS2_PLACEMENT_3D ( 'NONE', #5150, #2805, #6719 ) ;
#3966 = EDGE_CURVE ( 'NONE', #5490, #7968, #273, .T. ) ;
#3967 = VECTOR ( 'NONE', #8650, 1000.000000000000000 ) ;
#3968 = SURFACE_STYLE_FILL_AREA ( #3166 ) ;
#3969 = UNCERTAINTY_MEASURE_WITH_UNIT (LENGTH_MEASURE( 1.000000000000000082E-05 ), #1867, 'distance_accuracy_value', 'NONE');
#3970 = DIRECTION ( 'NONE',  ( 0.6414968937217457867, 0.1611885087261921146, 0.7499999999999850120 ) ) ;
#3971 = VERTEX_POINT ( 'NONE', #8996 ) ;
#3972 = AXIS2_PLACEMENT_3D ( 'NONE', #2001, #9263, #5307 ) ;
#3973 = DIRECTION ( 'NONE',  ( -1.000000000000000000, -0.000000000000000000, 0.000000000000000000 ) ) ;
#3974 = PRESENTATION_LAYER_ASSIGNMENT (  '', '', ( #926 ) ) ;
#3975 = DIRECTION ( 'NONE',  ( 1.000000000000000000, -7.950815931560436321E-15, 0.000000000000000000 ) ) ;
#3976 = EDGE_CURVE ( 'NONE', #9795, #245, #8624, .T. ) ;
#3977 = DIRECTION ( 'NONE',  ( -0.000000000000000000, -0.000000000000000000, -1.000000000000000000 ) ) ;
#3978 = ORIENTED_EDGE ( 'NONE', *, *, #5832, .F. ) ;
#3979 = DIRECTION ( 'NONE',  ( -0.6105579948611138397, 0.2543991645252942635, 0.7500000000000054401 ) ) ;
#3980 = LINE ( 'NONE', #6251, #5270 ) ;
#3981 = CARTESIAN_POINT ( 'NONE',  ( 0.000000000000000000, 4.500000000000003553, 0.000000000000000000 ) ) ;
#3982 = AXIS2_PLACEMENT_3D ( 'NONE', #5958, #5118, #399 ) ;
#3983 = AXIS2_PLACEMENT_3D ( 'NONE', #3196, #4725, #9294 ) ;
#3984 = CARTESIAN_POINT ( 'NONE',  ( -6.693412330956371115, 6.704630743366732482, -2.119339049353549331 ) ) ;
#3985 = ORIENTED_EDGE ( 'NONE', *, *, #6564, .F. ) ;
#3986 = LINE ( 'NONE', #9483, #4889 ) ;
#3987 = ORIENTED_EDGE ( 'NONE', *, *, #2049, .T. ) ;
#3988 = DIRECTION ( 'NONE',  ( -1.000000000000000000, 0.000000000000000000, 0.000000000000000000 ) ) ;
#3989 = ORIENTED_EDGE ( 'NONE', *, *, #3168, .T. ) ;
#3990 = AXIS2_PLACEMENT_3D ( 'NONE', #4747, #3, #3970 ) ;
#3991 =( NAMED_UNIT ( * ) PLANE_ANGLE_UNIT ( ) SI_UNIT ( $, .RADIAN. ) );
#3992 = LINE ( 'NONE', #8705, #5722 ) ;
#3993 = CARTESIAN_POINT ( 'NONE',  ( -6.349999999999997868, 3.000000000000000000, -0.6874509908007693237 ) ) ;
#3994 = CIRCLE ( 'NONE', #5309, 0.2999999999997355893 ) ;
#3996 = EDGE_CURVE ( 'NONE', #2730, #282, #7785, .T. ) ;
#3995 = DIRECTION ( 'NONE',  ( -0.7155891509246358195, 0.6985214149036226283, 2.282759240712633296E-14 ) ) ;
#3997 = EDGE_CURVE ( 'NONE', #2653, #4964, #5005, .T. ) ;
#3998 = FILL_AREA_STYLE_COLOUR ( '', #4081 ) ;
#3999 = ORIENTED_EDGE ( 'NONE', *, *, #8104, .F. ) ;
#4000 = FACE_OUTER_BOUND ( 'NONE', #3669, .T. ) ;
#4001 = PRESENTATION_LAYER_ASSIGNMENT (  '', '', ( #3666 ) ) ;
#4002 = COLOUR_RGB ( '',1.000000000000000000, 1.000000000000000000, 1.000000000000000000 ) ;
#4003 =( GEOMETRIC_REPRESENTATION_CONTEXT ( 3 ) GLOBAL_UNCERTAINTY_ASSIGNED_CONTEXT ( ( #1009 ) ) GLOBAL_UNIT_ASSIGNED_CONTEXT ( ( #9735, #6620, #5779 ) ) REPRESENTATION_CONTEXT ( 'NONE', 'WORKASPACE' ) );
#4004 = ORIENTED_EDGE ( 'NONE', *, *, #10146, .T. ) ;
#4005 = DIRECTION ( 'NONE',  ( 1.000000000000000000, 1.222978688985946960E-15, 0.000000000000000000 ) ) ;
#4006 = ORIENTED_EDGE ( 'NONE', *, *, #4104, .F. ) ;
#4007 = FILL_AREA_STYLE ('',( #9647 ) ) ;
#4008 = SURFACE_SIDE_STYLE ('',( #655 ) ) ;
#4009 = CARTESIAN_POINT ( 'NONE',  ( -6.041480816619167804, 6.704630743366732482, -0.8527262566030727742 ) ) ;
#4010 = DIRECTION ( 'NONE',  ( 0.000000000000000000, 0.000000000000000000, -1.000000000000000000 ) ) ;
#4011 = DIRECTION ( 'NONE',  ( -5.025349008805825520E-14, 2.117185687950486023E-14, 1.000000000000000000 ) ) ;
#4012 = MECHANICAL_DESIGN_GEOMETRIC_PRESENTATION_REPRESENTATION (  '', ( #6984 ), #7309 ) ;
#4013 = ADVANCED_FACE ( 'NONE', ( #8211 ), #6124, .T. ) ;
#4014 = EDGE_CURVE ( 'NONE', #9331, #4042, #8964, .T. ) ;
#4015 = DIRECTION ( 'NONE',  ( -0.000000000000000000, -0.000000000000000000, 1.000000000000000000 ) ) ;
#4016 = DIRECTION ( 'NONE',  ( 0.8682466191274125222, 0.000000000000000000, -0.4961328535521688510 ) ) ;
#4017 = VERTEX_POINT ( 'NONE', #7492 ) ;
#4018 =( LENGTH_UNIT ( ) NAMED_UNIT ( * ) SI_UNIT ( .MILLI., .METRE. ) );
#4019 = CARTESIAN_POINT ( 'NONE',  ( 5.000000000000000000, 5.700000000000000178, 3.500000000000000000 ) ) ;
#4020 = SURFACE_SIDE_STYLE ('',( #777 ) ) ;
#4021 = VERTEX_POINT ( 'NONE', #2586 ) ;
#4022 = ORIENTED_EDGE ( 'NONE', *, *, #9199, .F. ) ;
#4023 = CARTESIAN_POINT ( 'NONE',  ( 6.305925830945598776, 6.704630743366732482, -0.7110617430582412135 ) ) ;
#4024 = MECHANICAL_DESIGN_GEOMETRIC_PRESENTATION_REPRESENTATION (  '', ( #8493 ), #8821 ) ;
#4025 = CARTESIAN_POINT ( 'NONE',  ( 5.000000000000000000, 5.800000000000000711, 3.299999999999999822 ) ) ;
#4026 = DIRECTION ( 'NONE',  ( 1.000000000000000000, 1.084202172485503842E-15, 0.000000000000000000 ) ) ;
#4027 = DIRECTION ( 'NONE',  ( -1.000000000000000000, -3.422670839375418448E-30, -2.728398293323198625E-13 ) ) ;
#4028 = FACE_OUTER_BOUND ( 'NONE', #2017, .T. ) ;
#4029 = SURFACE_STYLE_USAGE ( .BOTH. , #59 ) ;
#4030 = CIRCLE ( 'NONE', #6161, 0.4000000000000001887 ) ;
#4031 =( LENGTH_UNIT ( ) NAMED_UNIT ( * ) SI_UNIT ( .MILLI., .METRE. ) );
#4032 = CARTESIAN_POINT ( 'NONE',  ( -2.277804515286225406, -5.500000000000000000, 3.594287673798079119 ) ) ;
#4033 =( LENGTH_UNIT ( ) NAMED_UNIT ( * ) SI_UNIT ( .MILLI., .METRE. ) );
#4034 = CARTESIAN_POINT ( 'NONE',  ( -6.000000000000000000, 0.000000000000000000, 1.146410165658806601 ) ) ;
#4035 = CARTESIAN_POINT ( 'NONE',  ( -5.999999999999993783, -1.999999999999999556, -0.6874509908007687686 ) ) ;
#4036 = LINE ( 'NONE', #3126, #9105 ) ;
#4037 = EDGE_CURVE ( 'NONE', #8794, #8649, #5315, .T. ) ;
#4038 = EDGE_LOOP ( 'NONE', ( #9170, #6762 ) ) ;
#4039 = CARTESIAN_POINT ( 'NONE',  ( -6.000000000000000000, -4.999999999999992895, 3.299999999999999822 ) ) ;
#4040 = ORIENTED_EDGE ( 'NONE', *, *, #6193, .F. ) ;
#4041 =( NAMED_UNIT ( * ) PLANE_ANGLE_UNIT ( ) SI_UNIT ( $, .RADIAN. ) );
#4042 = VERTEX_POINT ( 'NONE', #3550 ) ;
#4043 = COLOUR_RGB ( '',0.7529411764705882248, 0.7529411764705882248, 0.7529411764705882248 ) ;
#4044 = FILL_AREA_STYLE_COLOUR ( '', #9378 ) ;
#4045 = PRESENTATION_LAYER_ASSIGNMENT (  '', '', ( #8509 ) ) ;
#4046 = FACE_OUTER_BOUND ( 'NONE', #2258, .T. ) ;
#4047 =( NAMED_UNIT ( * ) SI_UNIT ( $, .STERADIAN. ) SOLID_ANGLE_UNIT ( ) );
#4048 = VERTEX_POINT ( 'NONE', #5777 ) ;
#4049 = SURFACE_SIDE_STYLE ('',( #806 ) ) ;
#4050 = CIRCLE ( 'NONE', #3872, 0.3999999999999852562 ) ;
#4051 = PRESENTATION_LAYER_ASSIGNMENT (  '', '', ( #2516 ) ) ;
#4052 = PRESENTATION_LAYER_ASSIGNMENT (  '', '', ( #7188 ) ) ;
#4053 = DIRECTION ( 'NONE',  ( -1.000000000000000000, -1.301042606982604690E-14, 0.000000000000000000 ) ) ;
#4054 = ORIENTED_EDGE ( 'NONE', *, *, #556, .T. ) ;
#4055 = CARTESIAN_POINT ( 'NONE',  ( -5.399999999999968381, 1.891518204694842442, 3.199999999999988187 ) ) ;
#4056 = VERTEX_POINT ( 'NONE', #1959 ) ;
#4057 = VECTOR ( 'NONE', #316, 1000.000000000000000 ) ;
#4058 = STYLED_ITEM ( 'NONE', ( #4929 ), #7570 ) ;
#4059 = DIRECTION ( 'NONE',  ( -0.04993761694247646904, 4.392553765116792698E-16, 0.9987523388779154798 ) ) ;
#4060 = DIRECTION ( 'NONE',  ( 3.491483361109382461E-15, -0.000000000000000000, -1.000000000000000000 ) ) ;
#4061 = CARTESIAN_POINT ( 'NONE',  ( 5.296728552993017480, -1.676441499980993788, 3.599999999193831179 ) ) ;
#4062 = AXIS2_PLACEMENT_3D ( 'NONE', #7663, #8545, #4466 ) ;
#4063 = VECTOR ( 'NONE', #9010, 1000.000000000000000 ) ;
#4064 = AXIS2_PLACEMENT_3D ( 'NONE', #9903, #6003, #5223 ) ;
#4065 = EDGE_LOOP ( 'NONE', ( #5609, #7793, #2612, #326, #9338, #6895, #8657, #8426, #3747, #1855, #3032, #8912, #4933 ) ) ;
#4066 = FILL_AREA_STYLE ('',( #8046 ) ) ;
#4067 = FACE_OUTER_BOUND ( 'NONE', #1079, .T. ) ;
#4068 = UNCERTAINTY_MEASURE_WITH_UNIT (LENGTH_MEASURE( 1.000000000000000082E-05 ), #6107, 'distance_accuracy_value', 'NONE');
#4069 = CARTESIAN_POINT ( 'NONE',  ( -6.300000002082478012, -1.999999999999998224, -0.6874509908007693237 ) ) ;
#4070 = EDGE_LOOP ( 'NONE', ( #3443, #3176, #9864, #4238 ) ) ;
#4071 = VERTEX_POINT ( 'NONE', #6722 ) ;
#4072 = CARTESIAN_POINT ( 'NONE',  ( 5.700000000000000178, 1.891518204694829786, 3.499999999999999112 ) ) ;
#4073 = DIRECTION ( 'NONE',  ( -0.000000000000000000, -0.000000000000000000, 1.000000000000000000 ) ) ;
#4074 = LINE ( 'NONE', #2294, #4091 ) ;
#4075 = CIRCLE ( 'NONE', #5724, 1.000000000000000000 ) ;
#4076 = DIRECTION ( 'NONE',  ( -0.8682466191274121892, 9.142909181781894098E-17, -0.4961328535521695726 ) ) ;
#4077 = DIRECTION ( 'NONE',  ( -0.000000000000000000, -0.000000000000000000, -1.000000000000000000 ) ) ;
#4078 = EDGE_CURVE ( 'NONE', #5285, #6259, #3448, .T. ) ;
#4079 = DIRECTION ( 'NONE',  ( 0.000000000000000000, 0.000000000000000000, 1.000000000000000000 ) ) ;
#4080 = FACE_OUTER_BOUND ( 'NONE', #2720, .T. ) ;
#4081 = COLOUR_RGB ( '',0.7529411764705882248, 0.7529411764705882248, 0.7529411764705882248 ) ;
#4082 = ORIENTED_EDGE ( 'NONE', *, *, #3255, .T. ) ;
#4083 = FILL_AREA_STYLE_COLOUR ( '', #7217 ) ;
#4084 = EDGE_CURVE ( 'NONE', #3129, #2105, #7463, .T. ) ;
#4085 = AXIS2_PLACEMENT_3D ( 'NONE', #101, #1734, #3324 ) ;
#4086 = VERTEX_POINT ( 'NONE', #5401 ) ;
#4087 = DIRECTION ( 'NONE',  ( -0.000000000000000000, -0.000000000000000000, 1.000000000000000000 ) ) ;
#4088 = ORIENTED_EDGE ( 'NONE', *, *, #5034, .F. ) ;
#4089 = SURFACE_STYLE_USAGE ( .BOTH. , #7350 ) ;
#4090 = VERTEX_POINT ( 'NONE', #6923 ) ;
#4091 = VECTOR ( 'NONE', #8885, 1000.000000000000000 ) ;
#4092 = STYLED_ITEM ( 'NONE', ( #8946 ), #2747 ) ;
#4093 =( NAMED_UNIT ( * ) PLANE_ANGLE_UNIT ( ) SI_UNIT ( $, .RADIAN. ) );
#4094 = PRESENTATION_STYLE_ASSIGNMENT (( #6464 ) ) ;
#4095 = DIRECTION ( 'NONE',  ( -0.000000000000000000, 1.000000000000000000, -0.000000000000000000 ) ) ;
#4096 = DIRECTION ( 'NONE',  ( 1.000000000000000000, 0.000000000000000000, 0.000000000000000000 ) ) ;
#4097 = DIRECTION ( 'NONE',  ( 2.840858515597182442E-13, -3.514479582739302792E-14, 1.000000000000000000 ) ) ;
#4098 =( GEOMETRIC_REPRESENTATION_CONTEXT ( 3 ) GLOBAL_UNCERTAINTY_ASSIGNED_CONTEXT ( ( #2936 ) ) GLOBAL_UNIT_ASSIGNED_CONTEXT ( ( #7838, #1632, #7073 ) ) REPRESENTATION_CONTEXT ( 'NONE', 'WORKASPACE' ) );
#4099 = VECTOR ( 'NONE', #7138, 1000.000000000000000 ) ;
#4100 = DIRECTION ( 'NONE',  ( -0.000000000000000000, 2.861215661182131111E-16, -1.000000000000000000 ) ) ;
#4101 = CIRCLE ( 'NONE', #9902, 0.3999999999999929723 ) ;
#4102 =( LENGTH_UNIT ( ) NAMED_UNIT ( * ) SI_UNIT ( .MILLI., .METRE. ) );
#4103 = CIRCLE ( 'NONE', #890, 0.1999999999999982070 ) ;
#4104 = EDGE_CURVE ( 'NONE', #4822, #9599, #5817, .T. ) ;
#4105 = EDGE_LOOP ( 'NONE', ( #7906, #5359, #9538, #1943, #5458, #3069, #5259 ) ) ;
#4106 = VERTEX_POINT ( 'NONE', #10046 ) ;
#4107 = CARTESIAN_POINT ( 'NONE',  ( 6.299999999999998046, 3.000000000000000000, -0.6874509908007693237 ) ) ;
#4108 = EDGE_CURVE ( 'NONE', #4186, #3435, #4989, .T. ) ;
#4109 = FILL_AREA_STYLE ('',( #6591 ) ) ;
#4110 = MECHANICAL_DESIGN_GEOMETRIC_PRESENTATION_REPRESENTATION (  '', ( #552 ), #1069 ) ;
#4111 = SURFACE_STYLE_USAGE ( .BOTH. , #7931 ) ;
#4112 = DIRECTION ( 'NONE',  ( 0.000000000000000000, 0.000000000000000000, -1.000000000000000000 ) ) ;
#4113 = ADVANCED_FACE ( 'NONE', ( #8429 ), #6171, .F. ) ;
#4114 = AXIS2_PLACEMENT_3D ( 'NONE', #10157, #3977, #8752 ) ;
#4115 = FACE_OUTER_BOUND ( 'NONE', #9064, .T. ) ;
#4116 = CIRCLE ( 'NONE', #6926, 0.3000000000000020983 ) ;
#4117 =( NAMED_UNIT ( * ) PLANE_ANGLE_UNIT ( ) SI_UNIT ( $, .RADIAN. ) );
#4118 = ORIENTED_EDGE ( 'NONE', *, *, #5475, .F. ) ;
#4119 = AXIS2_PLACEMENT_3D ( 'NONE', #8871, #9551, #6525 ) ;
#4120 = CARTESIAN_POINT ( 'NONE',  ( -4.400000000000000355, 3.500000000000000000, 0.4000000000000000222 ) ) ;
#4121 = DIRECTION ( 'NONE',  ( 0.000000000000000000, 0.000000000000000000, 1.000000000000000000 ) ) ;
#4122 = CARTESIAN_POINT ( 'NONE',  ( 4.750000000000000000, 4.750000000000000000, 3.499999999999999556 ) ) ;
#4123 = AXIS2_PLACEMENT_3D ( 'NONE', #5782, #2693, #8800 ) ;
#4124 = CARTESIAN_POINT ( 'NONE',  ( -6.000000000000000000, -4.999999999999992895, 3.500000000000000000 ) ) ;
#4125 = DIRECTION ( 'NONE',  ( -0.000000000000000000, -0.000000000000000000, 1.000000000000000000 ) ) ;
#4126 = ORIENTED_EDGE ( 'NONE', *, *, #4385, .F. ) ;
#4127 = CYLINDRICAL_SURFACE ( 'NONE', #4544, 0.4000000000000001887 ) ;
#4128 = UNCERTAINTY_MEASURE_WITH_UNIT (LENGTH_MEASURE( 1.000000000000000082E-05 ), #7263, 'distance_accuracy_value', 'NONE');
#4129 = ORIENTED_EDGE ( 'NONE', *, *, #4131, .T. ) ;
#4130 =( NAMED_UNIT ( * ) PLANE_ANGLE_UNIT ( ) SI_UNIT ( $, .RADIAN. ) );
#4131 = EDGE_CURVE ( 'NONE', #2652, #797, #8377, .T. ) ;
#4132 = CARTESIAN_POINT ( 'NONE',  ( 5.271558449006350067, -1.324581074942558168, 3.199999999999971312 ) ) ;
#4133 =( GEOMETRIC_REPRESENTATION_CONTEXT ( 3 ) GLOBAL_UNCERTAINTY_ASSIGNED_CONTEXT ( ( #2430 ) ) GLOBAL_UNIT_ASSIGNED_CONTEXT ( ( #350, #5809, #4204 ) ) REPRESENTATION_CONTEXT ( 'NONE', 'WORKASPACE' ) );
#4134 = STYLED_ITEM ( 'NONE', ( #6412 ), #419 ) ;
#4135 = SURFACE_STYLE_FILL_AREA ( #454 ) ;
#4136 = DIRECTION ( 'NONE',  ( 1.000000000000000000, 0.000000000000000000, 0.000000000000000000 ) ) ;
#4137 = EDGE_CURVE ( 'NONE', #1159, #2788, #2970, .T. ) ;
#4138 = LINE ( 'NONE', #1692, #9394 ) ;
#4139 = AXIS2_PLACEMENT_3D ( 'NONE', #8585, #4076, #4687 ) ;
#4140 = ORIENTED_EDGE ( 'NONE', *, *, #3143, .F. ) ;
#4141 = FACE_OUTER_BOUND ( 'NONE', #123, .T. ) ;
#4142 = CARTESIAN_POINT ( 'NONE',  ( 6.305925830945591670, -3.000000000000000000, -0.7110617430582412135 ) ) ;
#4143 = COLOUR_RGB ( '',0.7529411764705882248, 0.7529411764705882248, 0.7529411764705882248 ) ;
#4144 = EDGE_CURVE ( 'NONE', #148, #7648, #8797, .T. ) ;
#4145 = FILL_AREA_STYLE_COLOUR ( '', #1466 ) ;
#4146 = CIRCLE ( 'NONE', #8275, 0.4500000000000001221 ) ;
#4147 = ORIENTED_EDGE ( 'NONE', *, *, #4252, .F. ) ;
#4148 =( GEOMETRIC_REPRESENTATION_CONTEXT ( 3 ) GLOBAL_UNCERTAINTY_ASSIGNED_CONTEXT ( ( #3862 ) ) GLOBAL_UNIT_ASSIGNED_CONTEXT ( ( #5561, #8726, #2418 ) ) REPRESENTATION_CONTEXT ( 'NONE', 'WORKASPACE' ) );
#4149 = DIRECTION ( 'NONE',  ( 0.8682466191274125222, 0.000000000000000000, -0.4961328535521688510 ) ) ;
#4150 = VERTEX_POINT ( 'NONE', #6227 ) ;
#4151 = ORIENTED_EDGE ( 'NONE', *, *, #6893, .F. ) ;
#4152 = DIRECTION ( 'NONE',  ( 0.4961328535521699612, 0.000000000000000000, -0.8682466191274119671 ) ) ;
#4153 = FACE_OUTER_BOUND ( 'NONE', #690, .T. ) ;
#4154 = EDGE_CURVE ( 'NONE', #4021, #703, #7015, .T. ) ;
#4155 = ADVANCED_FACE ( 'NONE', ( #518 ), #9215, .T. ) ;
#4156 = DIRECTION ( 'NONE',  ( 1.000000000000000000, -1.222978688985946960E-15, 0.000000000000000000 ) ) ;
#4157 = AXIS2_PLACEMENT_3D ( 'NONE', #3821, #6979, #9273 ) ;
#4158 = ORIENTED_EDGE ( 'NONE', *, *, #5814, .F. ) ;
#4159 = DIRECTION ( 'NONE',  ( 0.4961328535521709049, 0.000000000000000000, -0.8682466191274113010 ) ) ;
#4160 = ORIENTED_EDGE ( 'NONE', *, *, #2196, .T. ) ;
#4161 = CARTESIAN_POINT ( 'NONE',  ( -1.856990948654856366, -5.499999999999994671, 3.593826564380447230 ) ) ;
#4162 = PRESENTATION_LAYER_ASSIGNMENT (  '', '', ( #7779 ) ) ;
#4163 = FACE_OUTER_BOUND ( 'NONE', #10093, .T. ) ;
#4164 = EDGE_CURVE ( 'NONE', #8940, #7916, #9610, .T. ) ;
#4165 = DIRECTION ( 'NONE',  ( -0.000000000000000000, -0.000000000000000000, 1.000000000000000000 ) ) ;
#4166 = CYLINDRICAL_SURFACE ( 'NONE', #2506, 0.8000000000000003775 ) ;
#4167 =( GEOMETRIC_REPRESENTATION_CONTEXT ( 3 ) GLOBAL_UNCERTAINTY_ASSIGNED_CONTEXT ( ( #8954 ) ) GLOBAL_UNIT_ASSIGNED_CONTEXT ( ( #4691, #7852, #789 ) ) REPRESENTATION_CONTEXT ( 'NONE', 'WORKASPACE' ) );
#4168 = CARTESIAN_POINT ( 'NONE',  ( 5.265120807176260520, -1.574343751788495283, 3.599999790631639662 ) ) ;
#4169 =( GEOMETRIC_REPRESENTATION_CONTEXT ( 3 ) GLOBAL_UNCERTAINTY_ASSIGNED_CONTEXT ( ( #3371 ) ) GLOBAL_UNIT_ASSIGNED_CONTEXT ( ( #4102, #7261, #9548 ) ) REPRESENTATION_CONTEXT ( 'NONE', 'WORKASPACE' ) );
#4170 = EDGE_CURVE ( 'NONE', #1460, #3563, #8732, .T. ) ;
#4171 = ORIENTED_EDGE ( 'NONE', *, *, #2333, .F. ) ;
#4172 = CARTESIAN_POINT ( 'NONE',  ( 4.713095711004419819, 3.950851657416638574, 3.499999999999998668 ) ) ;
#4173 = FACE_OUTER_BOUND ( 'NONE', #3512, .T. ) ;
#4174 = AXIS2_PLACEMENT_3D ( 'NONE', #8201, #2571, #1890 ) ;
#4175 = DIRECTION ( 'NONE',  ( 0.000000000000000000, 1.000000000000000000, 0.000000000000000000 ) ) ;
#4176 = ORIENTED_EDGE ( 'NONE', *, *, #5492, .F. ) ;
#4177 = VERTEX_POINT ( 'NONE', #5509 ) ;
#4178 = LINE ( 'NONE', #3386, #3020 ) ;
#4179 = MECHANICAL_DESIGN_GEOMETRIC_PRESENTATION_REPRESENTATION (  '', ( #5162 ), #9989 ) ;
#4180 = SURFACE_SIDE_STYLE ('',( #1641 ) ) ;
#4181 = CARTESIAN_POINT ( 'NONE',  ( 5.400000000000158451, 2.250000000000040856, 3.199999999999980194 ) ) ;
#4182 = DIRECTION ( 'NONE',  ( -0.6614378277661271399, -2.426661302456842120E-11, 0.7500000000000182077 ) ) ;
#4183 = CARTESIAN_POINT ( 'NONE',  ( -6.299999999999999822, 2.000000000000000000, -0.6874509908007694348 ) ) ;
#4184 = SURFACE_STYLE_FILL_AREA ( #159 ) ;
#4185 = DIRECTION ( 'NONE',  ( -2.168404344971018482E-16, -4.701977403289191086E-32, 1.000000000000000000 ) ) ;
#4186 = VERTEX_POINT ( 'NONE', #3321 ) ;
#4187 = FILL_AREA_STYLE_COLOUR ( '', #4669 ) ;
#4188 = CARTESIAN_POINT ( 'NONE',  ( 6.159705218919231839, 2.937096592108938697, -3.053341690607345615 ) ) ;
#4189 = UNCERTAINTY_MEASURE_WITH_UNIT (LENGTH_MEASURE( 1.000000000000000082E-05 ), #9609, 'distance_accuracy_value', 'NONE');
#4190 = CARTESIAN_POINT ( 'NONE',  ( -2.839756407125181099E-15, -9.344969442038207703E-15, 3.599999999999996536 ) ) ;
#4191 = FACE_OUTER_BOUND ( 'NONE', #6675, .T. ) ;
#4192 = SURFACE_STYLE_USAGE ( .BOTH. , #961 ) ;
#4193 = CARTESIAN_POINT ( 'NONE',  ( 1.899999999999999911, 0.000000000000000000, 5.500000000000000000 ) ) ;
#4194 = ORIENTED_EDGE ( 'NONE', *, *, #6100, .F. ) ;
#4195 = CARTESIAN_POINT ( 'NONE',  ( 4.999999999999992895, -6.000000000000000000, 3.500000000000000000 ) ) ;
#4196 = ORIENTED_EDGE ( 'NONE', *, *, #7065, .T. ) ;
#4197 =( NAMED_UNIT ( * ) SI_UNIT ( $, .STERADIAN. ) SOLID_ANGLE_UNIT ( ) );
#4198 = SURFACE_SIDE_STYLE ('',( #4311 ) ) ;
#4199 = DIRECTION ( 'NONE',  ( 7.938299986071092595E-17, 1.000000000000000000, 4.536097622125776243E-17 ) ) ;
#4200 = SURFACE_STYLE_FILL_AREA ( #3515 ) ;
#4201 = SURFACE_STYLE_USAGE ( .BOTH. , #1086 ) ;
#4202 = STYLED_ITEM ( 'NONE', ( #4701 ), #7750 ) ;
#4203 = ORIENTED_EDGE ( 'NONE', *, *, #9788, .T. ) ;
#4204 =( NAMED_UNIT ( * ) SI_UNIT ( $, .STERADIAN. ) SOLID_ANGLE_UNIT ( ) );
#4205 = EDGE_LOOP ( 'NONE', ( #855, #5786, #2674, #3318 ) ) ;
#4206 = AXIS2_PLACEMENT_3D ( 'NONE', #459, #8308, #2837 ) ;
#4207 = CARTESIAN_POINT ( 'NONE',  ( -6.000000000000000000, 5.000000000000000000, 3.299999999999999822 ) ) ;
#4208 = CIRCLE ( 'NONE', #5526, 5.700000000000130740 ) ;
#4209 =( NAMED_UNIT ( * ) PLANE_ANGLE_UNIT ( ) SI_UNIT ( $, .RADIAN. ) );
#4210 = AXIS2_PLACEMENT_3D ( 'NONE', #5113, #1175, #9220 ) ;
#4211 = STYLED_ITEM ( 'NONE', ( #6493 ), #7330 ) ;
#4212 =( GEOMETRIC_REPRESENTATION_CONTEXT ( 3 ) GLOBAL_UNCERTAINTY_ASSIGNED_CONTEXT ( ( #5612 ) ) GLOBAL_UNIT_ASSIGNED_CONTEXT ( ( #6857, #4517, #4885 ) ) REPRESENTATION_CONTEXT ( 'NONE', 'WORKASPACE' ) );
#4213 = VECTOR ( 'NONE', #3754, 1000.000000000000000 ) ;
#4214 = CARTESIAN_POINT ( 'NONE',  ( -5.999999999999997335, 3.000000000000000000, -0.6874509908007685466 ) ) ;
#4215 = UNCERTAINTY_MEASURE_WITH_UNIT (LENGTH_MEASURE( 1.000000000000000082E-05 ), #69, 'distance_accuracy_value', 'NONE');
#4216 = EDGE_CURVE ( 'NONE', #9715, #9997, #2134, .T. ) ;
#4217 = CARTESIAN_POINT ( 'NONE',  ( -6.000000000000023981, 0.000000000000000000, 7.064159265358981088 ) ) ;
#4218 =( LENGTH_UNIT ( ) NAMED_UNIT ( * ) SI_UNIT ( .MILLI., .METRE. ) );
#4219 = SURFACE_STYLE_USAGE ( .BOTH. , #4274 ) ;
#4220 = CIRCLE ( 'NONE', #9342, 0.4000000000000485945 ) ;
#4221 = ORIENTED_EDGE ( 'NONE', *, *, #1973, .F. ) ;
#4222 =( GEOMETRIC_REPRESENTATION_CONTEXT ( 3 ) GLOBAL_UNCERTAINTY_ASSIGNED_CONTEXT ( ( #10309 ) ) GLOBAL_UNIT_ASSIGNED_CONTEXT ( ( #9517, #1581, #7176 ) ) REPRESENTATION_CONTEXT ( 'NONE', 'WORKASPACE' ) );
#4223 = STYLED_ITEM ( 'NONE', ( #3797 ), #5468 ) ;
#4224 = DIRECTION ( 'NONE',  ( -0.000000000000000000, -0.000000000000000000, 1.000000000000000000 ) ) ;
#4225 = EDGE_LOOP ( 'NONE', ( #7980, #915, #4054, #3408 ) ) ;
#4226 = CARTESIAN_POINT ( 'NONE',  ( 6.349999999999996092, -3.000000000000000000, -0.6874509908007693237 ) ) ;
#4227 = ORIENTED_EDGE ( 'NONE', *, *, #8128, .T. ) ;
#4228 =( LENGTH_UNIT ( ) NAMED_UNIT ( * ) SI_UNIT ( .MILLI., .METRE. ) );
#4229 = STYLED_ITEM ( 'NONE', ( #2512 ), #8684 ) ;
#4230 = CARTESIAN_POINT ( 'NONE',  ( -6.041480816619163363, 2.000000000000000000, -0.8527262566030736624 ) ) ;
#4231 = VECTOR ( 'NONE', #12, 1000.000000000000000 ) ;
#4232 =( NAMED_UNIT ( * ) PLANE_ANGLE_UNIT ( ) SI_UNIT ( $, .RADIAN. ) );
#4233 = DIRECTION ( 'NONE',  ( 0.000000000000000000, -1.000000000000000000, 0.000000000000000000 ) ) ;
#4234 = AXIS2_PLACEMENT_3D ( 'NONE', #9848, #9074, #6735 ) ;
#4235 =( NAMED_UNIT ( * ) SI_UNIT ( $, .STERADIAN. ) SOLID_ANGLE_UNIT ( ) );
#4236 = PLANE ( 'NONE',  #1338 ) ;
#4237 =( NAMED_UNIT ( * ) PLANE_ANGLE_UNIT ( ) SI_UNIT ( $, .RADIAN. ) );
#4238 = ORIENTED_EDGE ( 'NONE', *, *, #7334, .F. ) ;
#4239 = DIRECTION ( 'NONE',  ( 3.006455034846200772E-16, -6.012910069692402531E-16, 1.000000000000000000 ) ) ;
#4240 = LINE ( 'NONE', #7396, #8538 ) ;
#4241 = ORIENTED_EDGE ( 'NONE', *, *, #9495, .F. ) ;
#4242 = CARTESIAN_POINT ( 'NONE',  ( 6.693412330956371115, 3.000000000000000000, -2.119339049353549331 ) ) ;
#4243 = EDGE_LOOP ( 'NONE', ( #7432, #6007, #1984, #7223, #6284, #6506, #2304, #10247, #10334, #8915, #4258, #9775, #2779, #2391, #5247, #1911 ) ) ;
#4244 = ORIENTED_EDGE ( 'NONE', *, *, #9653, .F. ) ;
#4245 = ORIENTED_EDGE ( 'NONE', *, *, #8836, .F. ) ;
#4246 = MECHANICAL_DESIGN_GEOMETRIC_PRESENTATION_REPRESENTATION (  '', ( #3409 ), #6208 ) ;
#4247 = UNCERTAINTY_MEASURE_WITH_UNIT (LENGTH_MEASURE( 1.000000000000000082E-05 ), #824, 'distance_accuracy_value', 'NONE');
#4248 = CARTESIAN_POINT ( 'NONE',  ( -2.250000000002319922, 5.435424868893549366, 3.200000000000003286 ) ) ;
#4249 = PRESENTATION_STYLE_ASSIGNMENT (( #2658 ) ) ;
#4250 = VECTOR ( 'NONE', #1766, 1000.000000000000000 ) ;
#4251 = FILL_AREA_STYLE ('',( #8921 ) ) ;
#4252 = EDGE_CURVE ( 'NONE', #1447, #9822, #1125, .T. ) ;
#4253 = EDGE_CURVE ( 'NONE', #6159, #3891, #7278, .T. ) ;
#4254 = STYLED_ITEM ( 'NONE', ( #1237 ), #6092 ) ;
#4255 = FILL_AREA_STYLE ('',( #1030 ) ) ;
#4256 = EDGE_CURVE ( 'NONE', #4577, #2137, #9568, .T. ) ;
#4257 = MECHANICAL_DESIGN_GEOMETRIC_PRESENTATION_REPRESENTATION (  '', ( #6397 ), #5391 ) ;
#4258 = ORIENTED_EDGE ( 'NONE', *, *, #1066, .T. ) ;
#4259 = EDGE_LOOP ( 'NONE', ( #3629, #4837, #2930, #3187 ) ) ;
#4260 = CARTESIAN_POINT ( 'NONE',  ( 4.750000000000000000, 4.750000000000000000, 3.499999999999999556 ) ) ;
#4261 = MECHANICAL_DESIGN_GEOMETRIC_PRESENTATION_REPRESENTATION (  '', ( #1559 ), #1172 ) ;
#4262 = MECHANICAL_DESIGN_GEOMETRIC_PRESENTATION_REPRESENTATION (  '', ( #3596 ), #711 ) ;
#4263 = LINE ( 'NONE', #7422, #9915 ) ;
#4264 = FILL_AREA_STYLE_COLOUR ( '', #10002 ) ;
#4265 = SURFACE_STYLE_USAGE ( .BOTH. , #5240 ) ;
#4266 = UNCERTAINTY_MEASURE_WITH_UNIT (LENGTH_MEASURE( 1.000000000000000082E-05 ), #9774, 'distance_accuracy_value', 'NONE');
#4267 = STYLED_ITEM ( 'NONE', ( #1832 ), #3160 ) ;
#4268 = MECHANICAL_DESIGN_GEOMETRIC_PRESENTATION_REPRESENTATION (  '', ( #8057 ), #5583 ) ;
#4269 = EDGE_CURVE ( 'NONE', #6545, #4399, #218, .T. ) ;
#4270 = PRESENTATION_LAYER_ASSIGNMENT (  '', '', ( #10072 ) ) ;
#4271 = VECTOR ( 'NONE', #3476, 1000.000000000000000 ) ;
#4272 = SURFACE_STYLE_USAGE ( .BOTH. , #3527 ) ;
#4273 = ORIENTED_EDGE ( 'NONE', *, *, #9786, .T. ) ;
#4274 = SURFACE_SIDE_STYLE ('',( #40 ) ) ;
#4275 = ORIENTED_EDGE ( 'NONE', *, *, #4170, .F. ) ;
#4276 = PRESENTATION_LAYER_ASSIGNMENT (  '', '', ( #2413 ) ) ;
#4277 = DIRECTION ( 'NONE',  ( 1.000000000000000000, 0.000000000000000000, -0.000000000000000000 ) ) ;
#4278 =( LENGTH_UNIT ( ) NAMED_UNIT ( * ) SI_UNIT ( .MILLI., .METRE. ) );
#4279 =( LENGTH_UNIT ( ) NAMED_UNIT ( * ) SI_UNIT ( .MILLI., .METRE. ) );
#4280 = ORIENTED_EDGE ( 'NONE', *, *, #9312, .T. ) ;
#4281 = SURFACE_SIDE_STYLE ('',( #6610 ) ) ;
#4282 =( NAMED_UNIT ( * ) SI_UNIT ( $, .STERADIAN. ) SOLID_ANGLE_UNIT ( ) );
#4283 = PRESENTATION_LAYER_ASSIGNMENT (  '', '', ( #8737 ) ) ;
#4284 = ADVANCED_FACE ( 'NONE', ( #1576 ), #10250, .T. ) ;
#4285 = PRESENTATION_LAYER_ASSIGNMENT (  '', '', ( #9922 ) ) ;
#4286 = ORIENTED_EDGE ( 'NONE', *, *, #3148, .T. ) ;
#4287 = DIRECTION ( 'NONE',  ( 1.053031360026544826E-16, 1.000000000000000000, 0.000000000000000000 ) ) ;
#4288 = ADVANCED_FACE ( 'NONE', ( #4067 ), #7942, .T. ) ;
#4289 = FILL_AREA_STYLE ('',( #1056 ) ) ;
#4290 = CARTESIAN_POINT ( 'NONE',  ( 5.000000000000000000, -5.499999999999999112, 3.500000000000000000 ) ) ;
#4291 =( LENGTH_UNIT ( ) NAMED_UNIT ( * ) SI_UNIT ( .MILLI., .METRE. ) );
#4292 = CIRCLE ( 'NONE', #10085, 0.8000000000000003775 ) ;
#4293 =( NAMED_UNIT ( * ) PLANE_ANGLE_UNIT ( ) SI_UNIT ( $, .RADIAN. ) );
#4294 = CARTESIAN_POINT ( 'NONE',  ( -3.600000000000001421, -6.000000000000000000, 3.644339654338649925 ) ) ;
#4295 = DIRECTION ( 'NONE',  ( 0.000000000000000000, 1.000000000000000000, 0.000000000000000000 ) ) ;
#4296 = SURFACE_STYLE_FILL_AREA ( #6622 ) ;
#4297 = STYLED_ITEM ( 'NONE', ( #5244 ), #2396 ) ;
#4298 = VERTEX_POINT ( 'NONE', #1875 ) ;
#4299 =( NAMED_UNIT ( * ) PLANE_ANGLE_UNIT ( ) SI_UNIT ( $, .RADIAN. ) );
#4300 = UNCERTAINTY_MEASURE_WITH_UNIT (LENGTH_MEASURE( 1.000000000000000082E-05 ), #3823, 'distance_accuracy_value', 'NONE');
#4301 = ORIENTED_EDGE ( 'NONE', *, *, #9316, .F. ) ;
#4302 = LINE ( 'NONE', #3506, #9852 ) ;
#4303 = DIRECTION ( 'NONE',  ( 0.4620284873219583366, -0.4733177335606232328, 0.7500000000000118794 ) ) ;
#4304 = VERTEX_POINT ( 'NONE', #8245 ) ;
#4305 = CARTESIAN_POINT ( 'NONE',  ( 1.599999999999999867, 1.899999999999999689, 5.500000000000000000 ) ) ;
#4306 = ORIENTED_EDGE ( 'NONE', *, *, #2555, .T. ) ;
#4307 = ADVANCED_FACE ( 'NONE', ( #1091 ), #8728, .T. ) ;
#4308 = DIRECTION ( 'NONE',  ( -0.6985214149036403919, 0.7155891509246183890, 4.171071112629450210E-14 ) ) ;
#4309 = ORIENTED_EDGE ( 'NONE', *, *, #2373, .T. ) ;
#4310 = CARTESIAN_POINT ( 'NONE',  ( 5.256432081693898084, 1.511587077146724356, 3.599999976249310674 ) ) ;
#4311 = SURFACE_STYLE_FILL_AREA ( #7458 ) ;
#4312 =( NAMED_UNIT ( * ) SI_UNIT ( $, .STERADIAN. ) SOLID_ANGLE_UNIT ( ) );
#4313 = VECTOR ( 'NONE', #5508, 1000.000000000000000 ) ;
#4314 = DIRECTION ( 'NONE',  ( -1.000000000000000000, 3.035766082959439552E-14, 1.301042606982616996E-14 ) ) ;
#4315 = VECTOR ( 'NONE', #512, 1000.000000000000000 ) ;
#4316 = ORIENTED_EDGE ( 'NONE', *, *, #6733, .T. ) ;
#4317 = CARTESIAN_POINT ( 'NONE',  ( -6.694074169054411882, -6.704630743366730705, -2.070921654418468982 ) ) ;
#4318 = ORIENTED_EDGE ( 'NONE', *, *, #412, .F. ) ;
#4319 = STYLED_ITEM ( 'NONE', ( #543 ), #3613 ) ;
#4320 = DIRECTION ( 'NONE',  ( 0.000000000000000000, -1.000000000000000000, 0.000000000000000000 ) ) ;
#4321 = CARTESIAN_POINT ( 'NONE',  ( -5.435424868893527162, 1.756407519426517183E-14, 3.199999999999955769 ) ) ;
#4322 = EDGE_CURVE ( 'NONE', #7351, #9461, #6401, .T. ) ;
#4323 = AXIS2_PLACEMENT_3D ( 'NONE', #8937, #43, #3379 ) ;
#4324 = FILL_AREA_STYLE ('',( #1093 ) ) ;
#4325 = FILL_AREA_STYLE_COLOUR ( '', #2150 ) ;
#4326 = CARTESIAN_POINT ( 'NONE',  ( 5.432699878980573160, 2.263624949575243406, 3.599999999999996092 ) ) ;
#4327 =( GEOMETRIC_REPRESENTATION_CONTEXT ( 3 ) GLOBAL_UNCERTAINTY_ASSIGNED_CONTEXT ( ( #3852 ) ) GLOBAL_UNIT_ASSIGNED_CONTEXT ( ( #3719, #5467, #7850 ) ) REPRESENTATION_CONTEXT ( 'NONE', 'WORKASPACE' ) );
#4328 =( GEOMETRIC_REPRESENTATION_CONTEXT ( 3 ) GLOBAL_UNCERTAINTY_ASSIGNED_CONTEXT ( ( #4189 ) ) GLOBAL_UNIT_ASSIGNED_CONTEXT ( ( #9609, #201, #2677 ) ) REPRESENTATION_CONTEXT ( 'NONE', 'WORKASPACE' ) );
#4329 = SURFACE_STYLE_FILL_AREA ( #2729 ) ;
#4330 = ORIENTED_EDGE ( 'NONE', *, *, #6554, .T. ) ;
#4331 = ORIENTED_EDGE ( 'NONE', *, *, #9224, .F. ) ;
#4332 =( NAMED_UNIT ( * ) SI_UNIT ( $, .STERADIAN. ) SOLID_ANGLE_UNIT ( ) );
#4333 = SURFACE_STYLE_FILL_AREA ( #9046 ) ;
#4334 = VECTOR ( 'NONE', #9408, 1000.000000000000000 ) ;
#4335 =( NAMED_UNIT ( * ) SI_UNIT ( $, .STERADIAN. ) SOLID_ANGLE_UNIT ( ) );
#4336 = CARTESIAN_POINT ( 'NONE',  ( -1.990145515832347715E-14, 5.700000000000000178, 3.600000000000001421 ) ) ;
#4337 = ORIENTED_EDGE ( 'NONE', *, *, #3947, .T. ) ;
#4338 = FILL_AREA_STYLE_COLOUR ( '', #5530 ) ;
#4339 = EDGE_CURVE ( 'NONE', #7253, #5852, #2743, .T. ) ;
#4340 = CARTESIAN_POINT ( 'NONE',  ( 6.250000000000000000, 2.499999999999999556, -3.500000000000001332 ) ) ;
#4341 = STYLED_ITEM ( 'NONE', ( #9649 ), #9773 ) ;
#4342 = ORIENTED_EDGE ( 'NONE', *, *, #5209, .T. ) ;
#4343 = MECHANICAL_DESIGN_GEOMETRIC_PRESENTATION_REPRESENTATION (  '', ( #3666 ), #5991 ) ;
#4344 =( NAMED_UNIT ( * ) PLANE_ANGLE_UNIT ( ) SI_UNIT ( $, .RADIAN. ) );
#4345 = COLOUR_RGB ( '',0.7529411764705882248, 0.7529411764705882248, 0.7529411764705882248 ) ;
#4346 = CARTESIAN_POINT ( 'NONE',  ( 2.250000000001048495, 5.435424868894205730, 3.599999999999999201 ) ) ;
#4347 = CARTESIAN_POINT ( 'NONE',  ( -5.819112848942164185, -1.462164714140039790, 3.499999999999999556 ) ) ;
#4348 = DIRECTION ( 'NONE',  ( -0.8814833810881018694, 9.282296436280006279E-17, 0.4722150451494406820 ) ) ;
#4349 = DIRECTION ( 'NONE',  ( 0.000000000000000000, -1.000000000000000000, -6.163992046618099683E-16 ) ) ;
#4350 =( NAMED_UNIT ( * ) PLANE_ANGLE_UNIT ( ) SI_UNIT ( $, .RADIAN. ) );
#4351 = ORIENTED_EDGE ( 'NONE', *, *, #1596, .F. ) ;
#4352 = FILL_AREA_STYLE_COLOUR ( '', #4896 ) ;
#4353 = VERTEX_POINT ( 'NONE', #9354 ) ;
#4354 = STYLED_ITEM ( 'NONE', ( #1327 ), #10088 ) ;
#4355 = DIRECTION ( 'NONE',  ( 0.000000000000000000, -6.672013369141566696E-17, 1.000000000000000000 ) ) ;
#4356 = SURFACE_STYLE_USAGE ( .BOTH. , #1915 ) ;
#4357 =( LENGTH_UNIT ( ) NAMED_UNIT ( * ) SI_UNIT ( .MILLI., .METRE. ) );
#4358 = SURFACE_SIDE_STYLE ('',( #1018 ) ) ;
#4359 = ORIENTED_EDGE ( 'NONE', *, *, #1178, .T. ) ;
#4360 = CARTESIAN_POINT ( 'NONE',  ( 1.462164714140014254, 5.819112848941896843, 3.200000000000021494 ) ) ;
#4361 = VERTEX_POINT ( 'NONE', #9405 ) ;
#4362 = CARTESIAN_POINT ( 'NONE',  ( 5.271558449006381153, 1.324581074942572823, 3.600000000000001421 ) ) ;
#4363 =( LENGTH_UNIT ( ) NAMED_UNIT ( * ) SI_UNIT ( .MILLI., .METRE. ) );
#4364 =( NAMED_UNIT ( * ) SI_UNIT ( $, .STERADIAN. ) SOLID_ANGLE_UNIT ( ) );
#4365 = EDGE_CURVE ( 'NONE', #6333, #6457, #2359, .T. ) ;
#4366 = STYLED_ITEM ( 'NONE', ( #8693 ), #1698 ) ;
#4367 = UNCERTAINTY_MEASURE_WITH_UNIT (LENGTH_MEASURE( 1.000000000000000082E-05 ), #2071, 'distance_accuracy_value', 'NONE');
#4368 = CARTESIAN_POINT ( 'NONE',  ( 6.000000000000000000, -3.499999999999999556, 0.2000000000000000389 ) ) ;
#4369 = VERTEX_POINT ( 'NONE', #2991 ) ;
#4370 = EDGE_LOOP ( 'NONE', ( #3572, #6750, #3668, #5268 ) ) ;
#4371 =( NAMED_UNIT ( * ) PLANE_ANGLE_UNIT ( ) SI_UNIT ( $, .RADIAN. ) );
#4372 = PRESENTATION_LAYER_ASSIGNMENT (  '', '', ( #2998 ) ) ;
#4373 = DIRECTION ( 'NONE',  ( 0.000000000000000000, -0.000000000000000000, 1.000000000000000000 ) ) ;
#4374 = CARTESIAN_POINT ( 'NONE',  ( -4.750000000000000000, 4.750000000000000000, 3.500000000000000000 ) ) ;
#4375 = UNCERTAINTY_MEASURE_WITH_UNIT (LENGTH_MEASURE( 1.000000000000000082E-05 ), #9621, 'distance_accuracy_value', 'NONE');
#4376 = ORIENTED_EDGE ( 'NONE', *, *, #8304, .F. ) ;
#4377 = ORIENTED_EDGE ( 'NONE', *, *, #2856, .F. ) ;
#4378 = FILL_AREA_STYLE ('',( #8197 ) ) ;
#4379 = VECTOR ( 'NONE', #4678, 1000.000000000000000 ) ;
#4380 = PRESENTATION_STYLE_ASSIGNMENT (( #596 ) ) ;
#4381 = AXIS2_PLACEMENT_3D ( 'NONE', #5654, #1622, #32 ) ;
#4382 = DIRECTION ( 'NONE',  ( 1.000000000000000000, 0.000000000000000000, -0.000000000000000000 ) ) ;
#4383 = SURFACE_STYLE_FILL_AREA ( #7434 ) ;
#4384 = ORIENTED_EDGE ( 'NONE', *, *, #2049, .F. ) ;
#4385 = EDGE_CURVE ( 'NONE', #6693, #7683, #7722, .T. ) ;
#4386 = CARTESIAN_POINT ( 'NONE',  ( 6.547679712131304619, 1.999999999999998668, -2.979052028523552220 ) ) ;
#4387 = MECHANICAL_DESIGN_GEOMETRIC_PRESENTATION_REPRESENTATION (  '', ( #3552 ), #499 ) ;
#4388 = STYLED_ITEM ( 'NONE', ( #1637 ), #1316 ) ;
#4389 = SURFACE_STYLE_USAGE ( .BOTH. , #9945 ) ;
#4390 = CIRCLE ( 'NONE', #7191, 0.4000000000000043521 ) ;
#4391 =( NAMED_UNIT ( * ) SI_UNIT ( $, .STERADIAN. ) SOLID_ANGLE_UNIT ( ) );
#4392 = DIRECTION ( 'NONE',  ( 0.000000000000000000, 0.000000000000000000, 1.000000000000000000 ) ) ;
#4393 = CARTESIAN_POINT ( 'NONE',  ( -1.853669518562211405, -5.464471406304516776, 3.600000000000005418 ) ) ;
#4394 = DIRECTION ( 'NONE',  ( 0.000000000000000000, 1.000000000000000000, 2.448454334664212941E-14 ) ) ;
#4395 = LINE ( 'NONE', #6874, #10352 ) ;
#4396 =( GEOMETRIC_REPRESENTATION_CONTEXT ( 3 ) GLOBAL_UNCERTAINTY_ASSIGNED_CONTEXT ( ( #5816 ) ) GLOBAL_UNIT_ASSIGNED_CONTEXT ( ( #9290, #9883, #4559 ) ) REPRESENTATION_CONTEXT ( 'NONE', 'WORKASPACE' ) );
#4397 = CARTESIAN_POINT ( 'NONE',  ( -3.950000000000000178, 0.000000000000000000, 4.299999999999999822 ) ) ;
#4398 = UNCERTAINTY_MEASURE_WITH_UNIT (LENGTH_MEASURE( 1.000000000000000082E-05 ), #618, 'distance_accuracy_value', 'NONE');
#4399 = VERTEX_POINT ( 'NONE', #440 ) ;
#4400 = CIRCLE ( 'NONE', #3200, 0.2999999999999313771 ) ;
#4401 =( NAMED_UNIT ( * ) PLANE_ANGLE_UNIT ( ) SI_UNIT ( $, .RADIAN. ) );
#4402 = DIRECTION ( 'NONE',  ( 1.000000000000000000, 0.000000000000000000, 0.000000000000000000 ) ) ;
#4403 = CIRCLE ( 'NONE', #10199, 0.3000000000000022093 ) ;
#4404 = PLANE ( 'NONE',  #4064 ) ;
#4405 = DIRECTION ( 'NONE',  ( -1.000000000000000000, 0.000000000000000000, 0.000000000000000000 ) ) ;
#4406 = ORIENTED_EDGE ( 'NONE', *, *, #7698, .T. ) ;
#4407 = DIRECTION ( 'NONE',  ( 0.000000000000000000, 0.000000000000000000, -1.000000000000000000 ) ) ;
#4408 = ORIENTED_EDGE ( 'NONE', *, *, #3038, .T. ) ;
#4409 = SURFACE_STYLE_FILL_AREA ( #1236 ) ;
#4410 = EDGE_CURVE ( 'NONE', #3122, #8587, #4928, .T. ) ;
#4411 = SURFACE_SIDE_STYLE ('',( #9023 ) ) ;
#4412 = EDGE_CURVE ( 'NONE', #6259, #3616, #10234, .T. ) ;
#4413 = CIRCLE ( 'NONE', #8045, 0.4000000000000062950 ) ;
#4414 = ORIENTED_EDGE ( 'NONE', *, *, #5487, .F. ) ;
#4415 = CARTESIAN_POINT ( 'NONE',  ( 1.600000000000000089, 1.600000000000000089, 6.999999999999999112 ) ) ;
#4416 = ORIENTED_EDGE ( 'NONE', *, *, #8476, .T. ) ;
#4417 = CARTESIAN_POINT ( 'NONE',  ( -5.549999999999999822, -4.750000000000000000, 3.200000000000000178 ) ) ;
#4418 = COLOUR_RGB ( '',0.2980392156862745057, 0.2980392156862745057, 0.2980392156862745057 ) ;
#4419 = LINE ( 'NONE', #5287, #2563 ) ;
#4420 = CARTESIAN_POINT ( 'NONE',  ( 6.953886316694597447, -3.000000000000000000, -2.268178905419202973 ) ) ;
#4421 = LINE ( 'NONE', #9036, #10014 ) ;
#4422 = VECTOR ( 'NONE', #6983, 1000.000000000000000 ) ;
#4423 = UNCERTAINTY_MEASURE_WITH_UNIT (LENGTH_MEASURE( 1.000000000000000082E-05 ), #8088, 'distance_accuracy_value', 'NONE');
#4424 = EDGE_CURVE ( 'NONE', #7851, #4021, #4629, .T. ) ;
#4425 = PRESENTATION_LAYER_ASSIGNMENT (  '', '', ( #9720 ) ) ;
#4426 = EDGE_CURVE ( 'NONE', #8063, #1861, #2013, .T. ) ;
#4427 = ORIENTED_EDGE ( 'NONE', *, *, #5645, .F. ) ;
#4428 = ORIENTED_EDGE ( 'NONE', *, *, #5013, .T. ) ;
#4429 = VECTOR ( 'NONE', #6912, 1000.000000000000000 ) ;
#4430 = CARTESIAN_POINT ( 'NONE',  ( -1.599999999999996758, 1.599999999999998312, 7.000000000000000000 ) ) ;
#4431 = DIRECTION ( 'NONE',  ( 1.000000000000000000, 0.000000000000000000, -0.000000000000000000 ) ) ;
#4432 = EDGE_CURVE ( 'NONE', #9027, #1729, #6283, .T. ) ;
#4433 = VECTOR ( 'NONE', #8194, 1000.000000000000000 ) ;
#4434 =( GEOMETRIC_REPRESENTATION_CONTEXT ( 3 ) GLOBAL_UNCERTAINTY_ASSIGNED_CONTEXT ( ( #5668 ) ) GLOBAL_UNIT_ASSIGNED_CONTEXT ( ( #318, #7441, #2000 ) ) REPRESENTATION_CONTEXT ( 'NONE', 'WORKASPACE' ) );
#4435 = CARTESIAN_POINT ( 'NONE',  ( 5.000000000000000888, 5.000000000000000888, 3.300000000000005596 ) ) ;
#4436 = CARTESIAN_POINT ( 'NONE',  ( 5.549999999999999822, -4.750000000000000000, 3.499999999999997780 ) ) ;
#4437 = EDGE_LOOP ( 'NONE', ( #4863, #8399, #205, #1218 ) ) ;
#4438 = CARTESIAN_POINT ( 'NONE',  ( -1.599999999999998979, -5.800000000000000711, 3.299999999999999822 ) ) ;
#4439 =( GEOMETRIC_REPRESENTATION_CONTEXT ( 3 ) GLOBAL_UNCERTAINTY_ASSIGNED_CONTEXT ( ( #6059 ) ) GLOBAL_UNIT_ASSIGNED_CONTEXT ( ( #4477, #6768, #311 ) ) REPRESENTATION_CONTEXT ( 'NONE', 'WORKASPACE' ) );
#4440 = CARTESIAN_POINT ( 'NONE',  ( -1.834593061488394961, -5.496966220273676207, 3.594982460002423164 ) ) ;
#4441 = EDGE_CURVE ( 'NONE', #7505, #9331, #7118, .T. ) ;
#4442 =( NAMED_UNIT ( * ) PLANE_ANGLE_UNIT ( ) SI_UNIT ( $, .RADIAN. ) );
#4443 = EDGE_CURVE ( 'NONE', #3891, #513, #9241, .T. ) ;
#4444 = LINE ( 'NONE', #9948, #8672 ) ;
#4445 = VECTOR ( 'NONE', #120, 1000.000000000000227 ) ;
#4446 = CARTESIAN_POINT ( 'NONE',  ( -1.866168552841673156, -5.424745029542291874, 3.200000000000005507 ) ) ;
#4447 = ORIENTED_EDGE ( 'NONE', *, *, #7237, .F. ) ;
#4448 = SURFACE_STYLE_FILL_AREA ( #2117 ) ;
#4449 = COLOUR_RGB ( '',0.2980392156862745057, 0.2980392156862745057, 0.2980392156862745057 ) ;
#4450 = MECHANICAL_DESIGN_GEOMETRIC_PRESENTATION_REPRESENTATION (  '', ( #9922 ), #6589 ) ;
#4451 =( NAMED_UNIT ( * ) PLANE_ANGLE_UNIT ( ) SI_UNIT ( $, .RADIAN. ) );
#4452 = EDGE_CURVE ( 'NONE', #9646, #2626, #6756, .T. ) ;
#4453 = CARTESIAN_POINT ( 'NONE',  ( 4.293095036341375920E-16, 5.275000000000005684, 3.600000000000003197 ) ) ;
#4454 = ORIENTED_EDGE ( 'NONE', *, *, #3948, .F. ) ;
#4455 = PRESENTATION_STYLE_ASSIGNMENT (( #9960 ) ) ;
#4456 = EDGE_LOOP ( 'NONE', ( #9575, #9212, #1185 ) ) ;
#4457 =( GEOMETRIC_REPRESENTATION_CONTEXT ( 3 ) GLOBAL_UNCERTAINTY_ASSIGNED_CONTEXT ( ( #9465 ) ) GLOBAL_UNIT_ASSIGNED_CONTEXT ( ( #4218, #3895, #4563 ) ) REPRESENTATION_CONTEXT ( 'NONE', 'WORKASPACE' ) );
#4458 = FILL_AREA_STYLE_COLOUR ( '', #6809 ) ;
#4459 = DIRECTION ( 'NONE',  ( 0.000000000000000000, 0.000000000000000000, -1.000000000000000000 ) ) ;
#4460 = FILL_AREA_STYLE ('',( #9233 ) ) ;
#4461 = ADVANCED_FACE ( 'NONE', ( #3850 ), #2562, .T. ) ;
#4462 = FILL_AREA_STYLE_COLOUR ( '', #3701 ) ;
#4463 = FILL_AREA_STYLE ('',( #6892 ) ) ;
#4464 = VERTEX_POINT ( 'NONE', #8416 ) ;
#4465 = CARTESIAN_POINT ( 'NONE',  ( 5.000000000000000000, 6.000000000000000000, 3.300000000000001599 ) ) ;
#4466 = DIRECTION ( 'NONE',  ( 0.000000000000000000, -0.000000000000000000, 1.000000000000000000 ) ) ;
#4467 = ORIENTED_EDGE ( 'NONE', *, *, #9209, .F. ) ;
#4468 = SURFACE_SIDE_STYLE ('',( #1145 ) ) ;
#4469 = EDGE_CURVE ( 'NONE', #8177, #9882, #3594, .T. ) ;
#4470 = ADVANCED_FACE ( 'NONE', ( #8259 ), #2736, .F. ) ;
#4471 = CARTESIAN_POINT ( 'NONE',  ( 6.693412330956371115, 6.704630743366732482, -2.119339049353549331 ) ) ;
#4472 = VECTOR ( 'NONE', #9259, 1000.000000000000000 ) ;
#4473 = ORIENTED_EDGE ( 'NONE', *, *, #232, .F. ) ;
#4474 = DIRECTION ( 'NONE',  ( 0.4961328535521708494, 0.000000000000000000, -0.8682466191274114120 ) ) ;
#4475 = CARTESIAN_POINT ( 'NONE',  ( 6.159705218919230951, -2.062903407891059526, -3.053341690607342507 ) ) ;
#4476 = CIRCLE ( 'NONE', #3119, 0.2999999999999877764 ) ;
#4477 =( LENGTH_UNIT ( ) NAMED_UNIT ( * ) SI_UNIT ( .MILLI., .METRE. ) );
#4478 = DIRECTION ( 'NONE',  ( -1.000000000000000000, 0.000000000000000000, 1.084202172485752452E-13 ) ) ;
#4479 = AXIS2_PLACEMENT_3D ( 'NONE', #3223, #3167, #3920 ) ;
#4480 = VECTOR ( 'NONE', #1473, 1000.000000000000000 ) ;
#4481 = DIRECTION ( 'NONE',  ( 0.000000000000000000, 0.000000000000000000, 1.000000000000000000 ) ) ;
#4482 = EDGE_CURVE ( 'NONE', #9067, #5379, #7583, .T. ) ;
#4483 = FILL_AREA_STYLE ('',( #6670 ) ) ;
#4484 = DIRECTION ( 'NONE',  ( 1.000000000000000000, 0.000000000000000000, -0.000000000000000000 ) ) ;
#4485 = AXIS2_PLACEMENT_3D ( 'NONE', #6497, #6299, #5623 ) ;
#4486 = ORIENTED_EDGE ( 'NONE', *, *, #4253, .T. ) ;
#4487 = DIRECTION ( 'NONE',  ( -1.000000000000000000, 0.000000000000000000, 0.000000000000000000 ) ) ;
#4488 = DIRECTION ( 'NONE',  ( -1.000000000000000000, 0.000000000000000000, 0.000000000000000000 ) ) ;
#4489 = AXIS2_PLACEMENT_3D ( 'NONE', #1768, #8974, #6528 ) ;
#4490 = LINE ( 'NONE', #4581, #6657 ) ;
#4491 = SURFACE_STYLE_USAGE ( .BOTH. , #3104 ) ;
#4492 = ORIENTED_EDGE ( 'NONE', *, *, #8119, .T. ) ;
#4493 = DIRECTION ( 'NONE',  ( -1.357990046963822929E-31, -1.000000000000000000, 1.256337252201300185E-14 ) ) ;
#4494 =( GEOMETRIC_REPRESENTATION_CONTEXT ( 3 ) GLOBAL_UNCERTAINTY_ASSIGNED_CONTEXT ( ( #7713 ) ) GLOBAL_UNIT_ASSIGNED_CONTEXT ( ( #9580, #788, #4959 ) ) REPRESENTATION_CONTEXT ( 'NONE', 'WORKASPACE' ) );
#4495 = MECHANICAL_DESIGN_GEOMETRIC_PRESENTATION_REPRESENTATION (  '', ( #457 ), #4167 ) ;
#4496 = CARTESIAN_POINT ( 'NONE',  ( -6.159705218919227399, 2.062903407891059970, -3.053341690607342507 ) ) ;
#4497 = SURFACE_SIDE_STYLE ('',( #2764 ) ) ;
#4498 = ORIENTED_EDGE ( 'NONE', *, *, #5659, .T. ) ;
#4499 = CARTESIAN_POINT ( 'NONE',  ( -2.291666666666654972, -5.500000000000000000, 3.593299320890632309 ) ) ;
#4500 = ORIENTED_EDGE ( 'NONE', *, *, #4654, .T. ) ;
#4501 = CARTESIAN_POINT ( 'NONE',  ( 5.254772037029638909, 1.485104313323919900, 3.599999952015912275 ) ) ;
#4502 = PLANE ( 'NONE',  #3442 ) ;
#4503 = LINE ( 'NONE', #4655, #9977 ) ;
#4504 = ORIENTED_EDGE ( 'NONE', *, *, #2111, .T. ) ;
#4505 = CARTESIAN_POINT ( 'NONE',  ( -6.953886316694598335, -6.704630743366730705, -2.268178905419202973 ) ) ;
#4506 = ORIENTED_EDGE ( 'NONE', *, *, #1180, .T. ) ;
#4507 = UNCERTAINTY_MEASURE_WITH_UNIT (LENGTH_MEASURE( 1.000000000000000082E-05 ), #8843, 'distance_accuracy_value', 'NONE');
#4508 = DIRECTION ( 'NONE',  ( 0.000000000000000000, 0.000000000000000000, -1.000000000000000000 ) ) ;
#4509 = CARTESIAN_POINT ( 'NONE',  ( -6.300000000000014921, -1.999999999999999112, 5.364159265358977358 ) ) ;
#4510 = AXIS2_PLACEMENT_3D ( 'NONE', #5531, #548, #4508 ) ;
#4511 = UNCERTAINTY_MEASURE_WITH_UNIT (LENGTH_MEASURE( 1.000000000000000082E-05 ), #8892, 'distance_accuracy_value', 'NONE');
#4512 = VERTEX_POINT ( 'NONE', #420 ) ;
#4513 = LINE ( 'NONE', #9872, #8227 ) ;
#4514 = PRESENTATION_LAYER_ASSIGNMENT (  '', '', ( #5673 ) ) ;
#4515 =( NAMED_UNIT ( * ) PLANE_ANGLE_UNIT ( ) SI_UNIT ( $, .RADIAN. ) );
#4516 =( NAMED_UNIT ( * ) PLANE_ANGLE_UNIT ( ) SI_UNIT ( $, .RADIAN. ) );
#4517 =( NAMED_UNIT ( * ) PLANE_ANGLE_UNIT ( ) SI_UNIT ( $, .RADIAN. ) );
#4518 = EDGE_CURVE ( 'NONE', #7888, #1685, #1835, .T. ) ;
#4519 = CARTESIAN_POINT ( 'NONE',  ( 5.676923076923078071, 2.365384615384616751, 3.499999999999956479 ) ) ;
#4520 = CIRCLE ( 'NONE', #9004, 0.1000000000000020040 ) ;
#4521 = DIRECTION ( 'NONE',  ( -0.000000000000000000, 1.000000000000000000, -0.000000000000000000 ) ) ;
#4522 = VERTEX_POINT ( 'NONE', #8363 ) ;
#4523 = VECTOR ( 'NONE', #7142, 1000.000000000000000 ) ;
#4524 = ORIENTED_EDGE ( 'NONE', *, *, #6893, .T. ) ;
#4525 = CARTESIAN_POINT ( 'NONE',  ( 6.299999999999998046, 3.000000000000000000, 6.564159265358979312 ) ) ;
#4526 = CARTESIAN_POINT ( 'NONE',  ( 5.399999999999927525, -2.249999999999976907, 3.200000000000009059 ) ) ;
#4527 = CARTESIAN_POINT ( 'NONE',  ( 6.000000000000023981, 3.000000000000000000, 7.064159265358981088 ) ) ;
#4528 = VECTOR ( 'NONE', #7050, 1000.000000000000000 ) ;
#4529 = CARTESIAN_POINT ( 'NONE',  ( -1.882186012830816324, -5.434169105321950077, 3.600000000000003642 ) ) ;
#4530 = CARTESIAN_POINT ( 'NONE',  ( 1.599999999998275246, -1.600000000000000533, 6.999999999999999112 ) ) ;
#4531 = DIRECTION ( 'NONE',  ( 0.000000000000000000, -0.000000000000000000, 1.000000000000000000 ) ) ;
#4532 = ORIENTED_EDGE ( 'NONE', *, *, #1136, .F. ) ;
#4533 = DIRECTION ( 'NONE',  ( 0.000000000000000000, -0.2078790956190664230, -0.9781545284895424297 ) ) ;
#4534 = MECHANICAL_DESIGN_GEOMETRIC_PRESENTATION_REPRESENTATION (  '', ( #4211 ), #7187 ) ;
#4535 = AXIS2_PLACEMENT_3D ( 'NONE', #5882, #9991, #9157 ) ;
#4536 = STYLED_ITEM ( 'NONE', ( #6292 ), #5219 ) ;
#4537 = DIRECTION ( 'NONE',  ( -0.4961328535521692396, 0.000000000000000000, -0.8682466191274121892 ) ) ;
#4538 = CARTESIAN_POINT ( 'NONE',  ( 5.000000000000000000, -5.000000000000000000, 3.300000000000000711 ) ) ;
#4539 =( NAMED_UNIT ( * ) SI_UNIT ( $, .STERADIAN. ) SOLID_ANGLE_UNIT ( ) );
#4540 = VERTEX_POINT ( 'NONE', #3643 ) ;
#4541 =( NAMED_UNIT ( * ) SI_UNIT ( $, .STERADIAN. ) SOLID_ANGLE_UNIT ( ) );
#4542 = LINE ( 'NONE', #6938, #7059 ) ;
#4543 =( LENGTH_UNIT ( ) NAMED_UNIT ( * ) SI_UNIT ( .MILLI., .METRE. ) );
#4544 = AXIS2_PLACEMENT_3D ( 'NONE', #5615, #3270, #6446 ) ;
#4545 =( GEOMETRIC_REPRESENTATION_CONTEXT ( 3 ) GLOBAL_UNCERTAINTY_ASSIGNED_CONTEXT ( ( #1432 ) ) GLOBAL_UNIT_ASSIGNED_CONTEXT ( ( #2661, #6520, #1980 ) ) REPRESENTATION_CONTEXT ( 'NONE', 'WORKASPACE' ) );
#4546 = SURFACE_SIDE_STYLE ('',( #7615 ) ) ;
#4547 = EDGE_LOOP ( 'NONE', ( #17, #9302, #8817, #555 ) ) ;
#4548 = ORIENTED_EDGE ( 'NONE', *, *, #1929, .F. ) ;
#4549 = DIRECTION ( 'NONE',  ( -1.256337252201736110E-14, -5.292964219878090180E-15, -1.000000000000000000 ) ) ;
#4550 = EDGE_CURVE ( 'NONE', #5852, #9331, #6815, .T. ) ;
#4551 = DIRECTION ( 'NONE',  ( 1.222978688985946960E-15, -1.000000000000000000, -0.000000000000000000 ) ) ;
#4552 = VECTOR ( 'NONE', #9430, 1000.000000000000000 ) ;
#4553 = CYLINDRICAL_SURFACE ( 'NONE', #1906, 1.000000000000000000 ) ;
#4554 =( NAMED_UNIT ( * ) PLANE_ANGLE_UNIT ( ) SI_UNIT ( $, .RADIAN. ) );
#4555 = EDGE_CURVE ( 'NONE', #6387, #8660, #1048, .T. ) ;
#4556 = DIRECTION ( 'NONE',  ( -1.000000000000000000, -9.851640141634791027E-13, 1.884119877469627520E-13 ) ) ;
#4557 = ORIENTED_EDGE ( 'NONE', *, *, #8883, .T. ) ;
#4558 = PRESENTATION_LAYER_ASSIGNMENT (  '', '', ( #7214 ) ) ;
#4559 =( NAMED_UNIT ( * ) SI_UNIT ( $, .STERADIAN. ) SOLID_ANGLE_UNIT ( ) );
#4560 = EDGE_CURVE ( 'NONE', #1833, #1336, #7650, .T. ) ;
#4561 = PRESENTATION_LAYER_ASSIGNMENT (  '', '', ( #2374 ) ) ;
#4562 = AXIS2_PLACEMENT_3D ( 'NONE', #3584, #9340, #717 ) ;
#4563 =( NAMED_UNIT ( * ) SI_UNIT ( $, .STERADIAN. ) SOLID_ANGLE_UNIT ( ) );
#4564 = VERTEX_POINT ( 'NONE', #1657 ) ;
#4565 = DIRECTION ( 'NONE',  ( -1.000000000000000000, 0.000000000000000000, 0.000000000000000000 ) ) ;
#4566 = ADVANCED_FACE ( 'NONE', ( #9542 ), #895, .T. ) ;
#4567 = SURFACE_SIDE_STYLE ('',( #4621 ) ) ;
#4568 = AXIS2_PLACEMENT_3D ( 'NONE', #9639, #2711, #8919 ) ;
#4569 = SURFACE_SIDE_STYLE ('',( #5983 ) ) ;
#4570 = DIRECTION ( 'NONE',  ( -1.000000000000000000, 0.000000000000000000, 0.000000000000000000 ) ) ;
#4571 = LINE ( 'NONE', #7730, #328 ) ;
#4572 = SURFACE_STYLE_FILL_AREA ( #8516 ) ;
#4573 = EDGE_CURVE ( 'NONE', #3728, #1159, #2342, .T. ) ;
#4574 = AXIS2_PLACEMENT_3D ( 'NONE', #5716, #4125, #6188 ) ;
#4575 =( NAMED_UNIT ( * ) PLANE_ANGLE_UNIT ( ) SI_UNIT ( $, .RADIAN. ) );
#4576 = VERTEX_POINT ( 'NONE', #3240 ) ;
#4577 = VERTEX_POINT ( 'NONE', #7818 ) ;
#4578 = VECTOR ( 'NONE', #5713, 1000.000000000000000 ) ;
#4579 = DIRECTION ( 'NONE',  ( -5.025349008806200386E-14, -2.117185687950617605E-14, 1.000000000000000000 ) ) ;
#4580 = EDGE_CURVE ( 'NONE', #2421, #1173, #4590, .T. ) ;
#4581 = CARTESIAN_POINT ( 'NONE',  ( 5.000000000000000000, -3.500000000000000444, 0.000000000000000000 ) ) ;
#4582 = LINE ( 'NONE', #1377, #4861 ) ;
#4583 = EDGE_CURVE ( 'NONE', #2153, #7505, #1905, .T. ) ;
#4584 = DIRECTION ( 'NONE',  ( -1.000000000000000000, 3.552713678800500929E-15, 1.902109074535983168E-15 ) ) ;
#4585 = VECTOR ( 'NONE', #1528, 1000.000000000000000 ) ;
#4586 = VECTOR ( 'NONE', #5471, 1000.000000000000227 ) ;
#4587 = COLOUR_RGB ( '',0.7529411764705882248, 0.7529411764705882248, 0.7529411764705882248 ) ;
#4588 = PLANE ( 'NONE',  #6180 ) ;
#4589 = VERTEX_POINT ( 'NONE', #2455 ) ;
#4590 = CIRCLE ( 'NONE', #10239, 0.2999999999999999334 ) ;
#4591 = CIRCLE ( 'NONE', #8568, 1.000000000000000000 ) ;
#4592 = SURFACE_STYLE_FILL_AREA ( #9368 ) ;
#4593 = DIRECTION ( 'NONE',  ( -0.000000000000000000, -0.000000000000000000, 1.000000000000000000 ) ) ;
#4594 = UNCERTAINTY_MEASURE_WITH_UNIT (LENGTH_MEASURE( 1.000000000000000082E-05 ), #8266, 'distance_accuracy_value', 'NONE');
#4595 = PLANE ( 'NONE',  #4157 ) ;
#4596 = ORIENTED_EDGE ( 'NONE', *, *, #8476, .F. ) ;
#4597 = PRESENTATION_LAYER_ASSIGNMENT (  '', '', ( #6077 ) ) ;
#4598 = DIRECTION ( 'NONE',  ( -1.000000000000000000, 0.000000000000000000, 0.000000000000000000 ) ) ;
#4599 =( NAMED_UNIT ( * ) SI_UNIT ( $, .STERADIAN. ) SOLID_ANGLE_UNIT ( ) );
#4600 = LINE ( 'NONE', #10115, #6774 ) ;
#4601 =( GEOMETRIC_REPRESENTATION_CONTEXT ( 3 ) GLOBAL_UNCERTAINTY_ASSIGNED_CONTEXT ( ( #500 ) ) GLOBAL_UNIT_ASSIGNED_CONTEXT ( ( #5326, #9317, #4364 ) ) REPRESENTATION_CONTEXT ( 'NONE', 'WORKASPACE' ) );
#4602 = PRESENTATION_STYLE_ASSIGNMENT (( #9182 ) ) ;
#4603 = CIRCLE ( 'NONE', #228, 0.4500000000000001221 ) ;
#4604 = EDGE_CURVE ( 'NONE', #703, #3435, #6420, .T. ) ;
#4605 =( GEOMETRIC_REPRESENTATION_CONTEXT ( 3 ) GLOBAL_UNCERTAINTY_ASSIGNED_CONTEXT ( ( #8631 ) ) GLOBAL_UNIT_ASSIGNED_CONTEXT ( ( #10079, #10134, #7629 ) ) REPRESENTATION_CONTEXT ( 'NONE', 'WORKASPACE' ) );
#4606 = ORIENTED_EDGE ( 'NONE', *, *, #4518, .F. ) ;
#4607 = FACE_OUTER_BOUND ( 'NONE', #3086, .T. ) ;
#4608 = VERTEX_POINT ( 'NONE', #5546 ) ;
#4609 = SURFACE_STYLE_USAGE ( .BOTH. , #10278 ) ;
#4610 = ORIENTED_EDGE ( 'NONE', *, *, #9119, .F. ) ;
#4611 = CIRCLE ( 'NONE', #4123, 0.4500000000000001221 ) ;
#4612 = DIRECTION ( 'NONE',  ( -1.357990046963822929E-31, -1.000000000000000000, 1.256337252201300185E-14 ) ) ;
#4613 = CARTESIAN_POINT ( 'NONE',  ( -5.435424868893539596, 2.250000000002151612, 3.199999999999999734 ) ) ;
#4614 = ORIENTED_EDGE ( 'NONE', *, *, #1493, .T. ) ;
#4615 = COLOUR_RGB ( '',0.7529411764705882248, 0.7529411764705882248, 0.7529411764705882248 ) ;
#4616 =( NAMED_UNIT ( * ) PLANE_ANGLE_UNIT ( ) SI_UNIT ( $, .RADIAN. ) );
#4617 = CIRCLE ( 'NONE', #8931, 0.1999999999999996503 ) ;
#4618 = ORIENTED_EDGE ( 'NONE', *, *, #8575, .T. ) ;
#4619 = ADVANCED_FACE ( 'NONE', ( #10168 ), #3441, .T. ) ;
#4620 = CARTESIAN_POINT ( 'NONE',  ( 1.600000000000000089, 1.599999999999999867, 5.500000000000000000 ) ) ;
#4621 = SURFACE_STYLE_FILL_AREA ( #5342 ) ;
#4622 = COLOUR_RGB ( '',1.000000000000000000, 1.000000000000000000, 1.000000000000000000 ) ;
#4623 = AXIS2_PLACEMENT_3D ( 'NONE', #8370, #1216, #8208 ) ;
#4624 = CYLINDRICAL_SURFACE ( 'NONE', #1176, 0.1999999999999996503 ) ;
#4625 =( NAMED_UNIT ( * ) SI_UNIT ( $, .STERADIAN. ) SOLID_ANGLE_UNIT ( ) );
#4626 = CIRCLE ( 'NONE', #1281, 0.3000000000000007661 ) ;
#4627 = COLOUR_RGB ( '',0.7529411764705882248, 0.7529411764705882248, 0.7529411764705882248 ) ;
#4628 = DIRECTION ( 'NONE',  ( 0.000000000000000000, 0.000000000000000000, -1.000000000000000000 ) ) ;
#4629 = LINE ( 'NONE', #7832, #1724 ) ;
#4630 = ORIENTED_EDGE ( 'NONE', *, *, #5975, .T. ) ;
#4631 =( NAMED_UNIT ( * ) PLANE_ANGLE_UNIT ( ) SI_UNIT ( $, .RADIAN. ) );
#4632 = CARTESIAN_POINT ( 'NONE',  ( 1.600000000000000089, -1.599999999999999867, 5.500000000000000000 ) ) ;
#4633 = TOROIDAL_SURFACE ( 'NONE', #91, 0.5645751311061886213, 0.3999999999999789280 ) ;
#4634 = FILL_AREA_STYLE ('',( #10311 ) ) ;
#4635 = CARTESIAN_POINT ( 'NONE',  ( 5.000000000000000000, -3.500000000000000444, 0.000000000000000000 ) ) ;
#4636 = AXIS2_PLACEMENT_3D ( 'NONE', #9106, #367, #4431 ) ;
#4637 = ORIENTED_EDGE ( 'NONE', *, *, #4654, .F. ) ;
#4638 = SURFACE_STYLE_USAGE ( .BOTH. , #6176 ) ;
#4639 = ORIENTED_EDGE ( 'NONE', *, *, #2700, .F. ) ;
#4640 = FILL_AREA_STYLE_COLOUR ( '', #9509 ) ;
#4641 = STYLED_ITEM ( 'NONE', ( #6572 ), #3718 ) ;
#4642 =( NAMED_UNIT ( * ) SI_UNIT ( $, .STERADIAN. ) SOLID_ANGLE_UNIT ( ) );
#4643 =( GEOMETRIC_REPRESENTATION_CONTEXT ( 3 ) GLOBAL_UNCERTAINTY_ASSIGNED_CONTEXT ( ( #7559 ) ) GLOBAL_UNIT_ASSIGNED_CONTEXT ( ( #1043, #5836, #4816 ) ) REPRESENTATION_CONTEXT ( 'NONE', 'WORKASPACE' ) );
#4644 = AXIS2_PLACEMENT_3D ( 'NONE', #3145, #9447, #7110 ) ;
#4645 = DIRECTION ( 'NONE',  ( 0.000000000000000000, 1.000000000000000000, 0.000000000000000000 ) ) ;
#4646 = SURFACE_STYLE_FILL_AREA ( #1433 ) ;
#4647 = ORIENTED_EDGE ( 'NONE', *, *, #6992, .T. ) ;
#4648 = SURFACE_SIDE_STYLE ('',( #7805 ) ) ;
#4649 = CARTESIAN_POINT ( 'NONE',  ( 4.399999999999999467, 3.500000000000000000, 0.000000000000000000 ) ) ;
#4650 = CARTESIAN_POINT ( 'NONE',  ( -6.305925830945598776, 6.704630743366732482, -0.7110617430582412135 ) ) ;
#4651 = PRESENTATION_LAYER_ASSIGNMENT (  '', '', ( #3313 ) ) ;
#4652 = FILL_AREA_STYLE ('',( #793 ) ) ;
#4653 = DIRECTION ( 'NONE',  ( 0.000000000000000000, 0.000000000000000000, 1.000000000000000000 ) ) ;
#4654 = EDGE_CURVE ( 'NONE', #9381, #3837, #1240, .T. ) ;
#4655 = CARTESIAN_POINT ( 'NONE',  ( 6.287205726393079175, -1.999999999999999556, -2.830212172457903019 ) ) ;
#4656 = ORIENTED_EDGE ( 'NONE', *, *, #1036, .F. ) ;
#4657 = ORIENTED_EDGE ( 'NONE', *, *, #1618, .F. ) ;
#4658 = FILL_AREA_STYLE_COLOUR ( '', #1767 ) ;
#4659 = VERTEX_POINT ( 'NONE', #3514 ) ;
#4660 = PRESENTATION_LAYER_ASSIGNMENT (  '', '', ( #6984 ) ) ;
#4661 = CARTESIAN_POINT ( 'NONE',  ( 1.891518204694825345, 5.435424868893539596, 3.600000000000003642 ) ) ;
#4662 = DIRECTION ( 'NONE',  ( -1.000000000000000000, 1.053031360026544826E-16, -3.491483361109382461E-15 ) ) ;
#4663 = VERTEX_POINT ( 'NONE', #8231 ) ;
#4664 = VERTEX_POINT ( 'NONE', #7304 ) ;
#4665 = SURFACE_STYLE_USAGE ( .BOTH. , #4008 ) ;
#4666 = CARTESIAN_POINT ( 'NONE',  ( 4.999999999999992895, -6.000000000000000000, 3.299999999999999822 ) ) ;
#4667 = CARTESIAN_POINT ( 'NONE',  ( 1.899999999999999911, -1.500000000000000000, 5.500000000000000000 ) ) ;
#4668 = CARTESIAN_POINT ( 'NONE',  ( -3.949999999999999734, -4.750000000000000000, 3.200000000000000178 ) ) ;
#4669 = COLOUR_RGB ( '',0.7529411764705882248, 0.7529411764705882248, 0.7529411764705882248 ) ;
#4670 = FILL_AREA_STYLE_COLOUR ( '', #10275 ) ;
#4671 = DIRECTION ( 'NONE',  ( 1.222978688985946960E-15, 1.000000000000000000, 0.000000000000000000 ) ) ;
#4672 = ORIENTED_EDGE ( 'NONE', *, *, #6193, .T. ) ;
#4673 = UNCERTAINTY_MEASURE_WITH_UNIT (LENGTH_MEASURE( 1.000000000000000082E-05 ), #9485, 'distance_accuracy_value', 'NONE');
#4674 = CARTESIAN_POINT ( 'NONE',  ( 6.041480816619167804, 6.704630743366732482, -0.8527262566030727742 ) ) ;
#4675 = FACE_OUTER_BOUND ( 'NONE', #8729, .T. ) ;
#4676 =( NAMED_UNIT ( * ) SI_UNIT ( $, .STERADIAN. ) SOLID_ANGLE_UNIT ( ) );
#4677 = ORIENTED_EDGE ( 'NONE', *, *, #1964, .T. ) ;
#4678 = DIRECTION ( 'NONE',  ( -0.000000000000000000, -0.000000000000000000, -1.000000000000000000 ) ) ;
#4679 = EDGE_CURVE ( 'NONE', #5216, #4997, #1922, .T. ) ;
#4680 = LINE ( 'NONE', #10198, #4700 ) ;
#4681 = ORIENTED_EDGE ( 'NONE', *, *, #3899, .T. ) ;
#4682 =( NAMED_UNIT ( * ) PLANE_ANGLE_UNIT ( ) SI_UNIT ( $, .RADIAN. ) );
#4683 = UNCERTAINTY_MEASURE_WITH_UNIT (LENGTH_MEASURE( 1.000000000000000082E-05 ), #5607, 'distance_accuracy_value', 'NONE');
#4684 = CARTESIAN_POINT ( 'NONE',  ( 6.000000000000000000, 3.499999999999999556, 0.4000000000000000222 ) ) ;
#4685 = EDGE_CURVE ( 'NONE', #5861, #2601, #8743, .T. ) ;
#4686 = CARTESIAN_POINT ( 'NONE',  ( -6.000000000000000000, 5.000000000000000000, 0.4000000000000000222 ) ) ;
#4687 = DIRECTION ( 'NONE',  ( -0.4961328535521695726, 0.000000000000000000, 0.8682466191274121892 ) ) ;
#4688 = UNCERTAINTY_MEASURE_WITH_UNIT (LENGTH_MEASURE( 1.000000000000000082E-05 ), #847, 'distance_accuracy_value', 'NONE');
#4689 = LINE ( 'NONE', #9370, #3816 ) ;
#4690 = VERTEX_POINT ( 'NONE', #2605 ) ;
#4691 =( LENGTH_UNIT ( ) NAMED_UNIT ( * ) SI_UNIT ( .MILLI., .METRE. ) );
#4692 = AXIS2_PLACEMENT_3D ( 'NONE', #9838, #5996, #9165 ) ;
#4693 = FILL_AREA_STYLE_COLOUR ( '', #7240 ) ;
#4694 = LINE ( 'NONE', #5421, #8887 ) ;
#4695 = PRESENTATION_STYLE_ASSIGNMENT (( #6406 ) ) ;
#4696 = VECTOR ( 'NONE', #8957, 1000.000000000000000 ) ;
#4697 =( GEOMETRIC_REPRESENTATION_CONTEXT ( 3 ) GLOBAL_UNCERTAINTY_ASSIGNED_CONTEXT ( ( #9980 ) ) GLOBAL_UNIT_ASSIGNED_CONTEXT ( ( #4228, #208, #5831 ) ) REPRESENTATION_CONTEXT ( 'NONE', 'WORKASPACE' ) );
#4698 = COLOUR_RGB ( '',0.7529411764705882248, 0.7529411764705882248, 0.7529411764705882248 ) ;
#4699 = PLANE ( 'NONE',  #8200 ) ;
#4700 = VECTOR ( 'NONE', #4793, 1000.000000000000000 ) ;
#4701 = PRESENTATION_STYLE_ASSIGNMENT (( #5476 ) ) ;
#4702 = EDGE_CURVE ( 'NONE', #7068, #81, #7459, .T. ) ;
#4703 = TOROIDAL_SURFACE ( 'NONE', #160, 0.7999999999999977129, 0.1999999999999994282 ) ;
#4704 =( GEOMETRIC_REPRESENTATION_CONTEXT ( 3 ) GLOBAL_UNCERTAINTY_ASSIGNED_CONTEXT ( ( #3969 ) ) GLOBAL_UNIT_ASSIGNED_CONTEXT ( ( #1867, #970, #6580 ) ) REPRESENTATION_CONTEXT ( 'NONE', 'WORKASPACE' ) );
#4705 = PRESENTATION_LAYER_ASSIGNMENT (  '', '', ( #6181 ) ) ;
#4706 = ORIENTED_EDGE ( 'NONE', *, *, #2722, .F. ) ;
#4707 = FACE_OUTER_BOUND ( 'NONE', #2058, .T. ) ;
#4708 = ORIENTED_EDGE ( 'NONE', *, *, #9632, .T. ) ;
#4709 = DIRECTION ( 'NONE',  ( -1.000000000000000000, -2.035455951726861688E-30, 1.256337252201736110E-14 ) ) ;
#4710 = VERTEX_POINT ( 'NONE', #3413 ) ;
#4711 =( GEOMETRIC_REPRESENTATION_CONTEXT ( 3 ) GLOBAL_UNCERTAINTY_ASSIGNED_CONTEXT ( ( #7526 ) ) GLOBAL_UNIT_ASSIGNED_CONTEXT ( ( #2195, #3902, #10184 ) ) REPRESENTATION_CONTEXT ( 'NONE', 'WORKASPACE' ) );
#4712 = DIRECTION ( 'NONE',  ( -0.000000000000000000, 1.000000000000000000, -0.000000000000000000 ) ) ;
#4713 = CARTESIAN_POINT ( 'NONE',  ( -4.999999999999995559, 6.000000000000000000, 0.2000000000000000944 ) ) ;
#4714 = FILL_AREA_STYLE_COLOUR ( '', #3077 ) ;
#4715 = ADVANCED_FACE ( 'NONE', ( #1707 ), #7256, .F. ) ;
#4716 = ADVANCED_FACE ( 'NONE', ( #4153 ), #5263, .T. ) ;
#4717 = SURFACE_STYLE_FILL_AREA ( #645 ) ;
#4718 = ORIENTED_EDGE ( 'NONE', *, *, #7316, .F. ) ;
#4719 = AXIS2_PLACEMENT_3D ( 'NONE', #8502, #1446, #3730 ) ;
#4720 = CARTESIAN_POINT ( 'NONE',  ( 0.8000000000000000444, -4.500000000000002665, -1.199999999999998845 ) ) ;
#4721 = PRESENTATION_LAYER_ASSIGNMENT (  '', '', ( #4202 ) ) ;
#4722 = EDGE_CURVE ( 'NONE', #5321, #4893, #3084, .T. ) ;
#4723 = ORIENTED_EDGE ( 'NONE', *, *, #770, .T. ) ;
#4724 = PRESENTATION_LAYER_ASSIGNMENT (  '', '', ( #13 ) ) ;
#4725 = DIRECTION ( 'NONE',  ( -0.000000000000000000, -0.000000000000000000, 1.000000000000000000 ) ) ;
#4726 = CARTESIAN_POINT ( 'NONE',  ( 5.700000000000000178, 5.000000000000000000, 3.500000000000000000 ) ) ;
#4727 = CARTESIAN_POINT ( 'NONE',  ( 6.000000000000000000, 0.000000000000000000, 3.300000000000000711 ) ) ;
#4728 = EDGE_CURVE ( 'NONE', #7916, #3178, #6009, .T. ) ;
#4729 = PRESENTATION_LAYER_ASSIGNMENT (  '', '', ( #185 ) ) ;
#4730 = CARTESIAN_POINT ( 'NONE',  ( -5.000000000000000000, 5.000000000000000000, 0.2000000000000000944 ) ) ;
#4731 = LINE ( 'NONE', #6282, #4472 ) ;
#4732 = DIRECTION ( 'NONE',  ( 0.000000000000000000, 1.000000000000000000, 0.000000000000000000 ) ) ;
#4733 = ORIENTED_EDGE ( 'NONE', *, *, #3689, .F. ) ;
#4734 =( LENGTH_UNIT ( ) NAMED_UNIT ( * ) SI_UNIT ( .MILLI., .METRE. ) );
#4735 = DIRECTION ( 'NONE',  ( -0.000000000000000000, 1.000000000000000000, -0.000000000000000000 ) ) ;
#4736 = PRESENTATION_LAYER_ASSIGNMENT (  '', '', ( #7551 ) ) ;
#4737 = CARTESIAN_POINT ( 'NONE',  ( 4.999999999999996447, -5.800000000000000711, 0.2000000000000000944 ) ) ;
#4738 = ORIENTED_EDGE ( 'NONE', *, *, #7314, .T. ) ;
#4739 = DIRECTION ( 'NONE',  ( 1.445602896647339508E-15, 0.000000000000000000, -1.000000000000000000 ) ) ;
#4740 = SURFACE_STYLE_FILL_AREA ( #6228 ) ;
#4741 = VERTEX_POINT ( 'NONE', #447 ) ;
#4742 =( LENGTH_UNIT ( ) NAMED_UNIT ( * ) SI_UNIT ( .MILLI., .METRE. ) );
#4743 = MECHANICAL_DESIGN_GEOMETRIC_PRESENTATION_REPRESENTATION (  '', ( #4254 ), #199 ) ;
#4744 = FILL_AREA_STYLE_COLOUR ( '', #2749 ) ;
#4745 = EDGE_CURVE ( 'NONE', #5019, #4765, #8392, .T. ) ;
#4746 = CARTESIAN_POINT ( 'NONE',  ( -0.4999999999999986122, -4.500000000000002665, -1.500000000000000666 ) ) ;
#4747 = CARTESIAN_POINT ( 'NONE',  ( 5.271558449006360725, 1.324581074942564163, 3.200000000000008171 ) ) ;
#4748 = EDGE_CURVE ( 'NONE', #9261, #8649, #7423, .T. ) ;
#4749 = ORIENTED_EDGE ( 'NONE', *, *, #1789, .T. ) ;
#4750 = MECHANICAL_DESIGN_GEOMETRIC_PRESENTATION_REPRESENTATION (  '', ( #8904 ), #1393 ) ;
#4751 =( GEOMETRIC_REPRESENTATION_CONTEXT ( 3 ) GLOBAL_UNCERTAINTY_ASSIGNED_CONTEXT ( ( #2785 ) ) GLOBAL_UNIT_ASSIGNED_CONTEXT ( ( #8939, #1783, #9938 ) ) REPRESENTATION_CONTEXT ( 'NONE', 'WORKASPACE' ) );
#4752 = PRESENTATION_STYLE_ASSIGNMENT (( #584 ) ) ;
#4753 = ORIENTED_EDGE ( 'NONE', *, *, #4881, .F. ) ;
#4754 = AXIS2_PLACEMENT_3D ( 'NONE', #7324, #2420, #985 ) ;
#4755 = CARTESIAN_POINT ( 'NONE',  ( -6.420179204657451955, -2.062903407891059970, -3.202181546672993484 ) ) ;
#4756 = SURFACE_SIDE_STYLE ('',( #6191 ) ) ;
#4757 = STYLED_ITEM ( 'NONE', ( #1061 ), #2834 ) ;
#4758 = CARTESIAN_POINT ( 'NONE',  ( 6.000000000000015099, -2.000000000000000000, 5.364159265358978246 ) ) ;
#4759 = ADVANCED_FACE ( 'NONE', ( #2073, #3621 ), #6888, .T. ) ;
#4760 = DIRECTION ( 'NONE',  ( -3.449361270584263663E-33, 1.000000000000000000, -4.900241895855865745E-16 ) ) ;
#4761 = ORIENTED_EDGE ( 'NONE', *, *, #10243, .F. ) ;
#4762 =( GEOMETRIC_REPRESENTATION_CONTEXT ( 3 ) GLOBAL_UNCERTAINTY_ASSIGNED_CONTEXT ( ( #10356 ) ) GLOBAL_UNIT_ASSIGNED_CONTEXT ( ( #7739, #2154, #3853 ) ) REPRESENTATION_CONTEXT ( 'NONE', 'WORKASPACE' ) );
#4763 = ORIENTED_EDGE ( 'NONE', *, *, #7372, .T. ) ;
#4764 = FILL_AREA_STYLE ('',( #9590 ) ) ;
#4765 = VERTEX_POINT ( 'NONE', #2927 ) ;
#4766 = CARTESIAN_POINT ( 'NONE',  ( -5.432699878978648478, -2.263624949574429834, 3.199999999999989075 ) ) ;
#4767 = CARTESIAN_POINT ( 'NONE',  ( 5.000000000000000000, -5.700000000000001066, 3.500000000000000000 ) ) ;
#4768 = COLOUR_RGB ( '',0.6470588235294117974, 0.6196078431372549211, 0.5882352941176470784 ) ;
#4769 = DIRECTION ( 'NONE',  ( 0.000000000000000000, 0.000000000000000000, -1.000000000000000000 ) ) ;
#4770 = ADVANCED_FACE ( 'NONE', ( #2023 ), #8496, .F. ) ;
#4771 = VECTOR ( 'NONE', #10333, 1000.000000000000000 ) ;
#4772 = CARTESIAN_POINT ( 'NONE',  ( -6.547679712131303731, -2.999999999999999112, -2.979052028523559326 ) ) ;
#4773 = DIRECTION ( 'NONE',  ( -0.8682466191274125222, 0.000000000000000000, -0.4961328535521690175 ) ) ;
#4774 = ORIENTED_EDGE ( 'NONE', *, *, #1203, .F. ) ;
#4775 = PRESENTATION_STYLE_ASSIGNMENT (( #5692 ) ) ;
#4776 = SURFACE_STYLE_USAGE ( .BOTH. , #8768 ) ;
#4777 = STYLED_ITEM ( 'NONE', ( #7855 ), #4796 ) ;
#4778 = EDGE_CURVE ( 'NONE', #1087, #5903, #562, .T. ) ;
#4779 = ORIENTED_EDGE ( 'NONE', *, *, #6950, .T. ) ;
#4780 = SURFACE_STYLE_FILL_AREA ( #4827 ) ;
#4781 = ORIENTED_EDGE ( 'NONE', *, *, #6273, .F. ) ;
#4782 =( NAMED_UNIT ( * ) SI_UNIT ( $, .STERADIAN. ) SOLID_ANGLE_UNIT ( ) );
#4783 =( GEOMETRIC_REPRESENTATION_CONTEXT ( 3 ) GLOBAL_UNCERTAINTY_ASSIGNED_CONTEXT ( ( #3108 ) ) GLOBAL_UNIT_ASSIGNED_CONTEXT ( ( #1941, #5870, #5135 ) ) REPRESENTATION_CONTEXT ( 'NONE', 'WORKASPACE' ) );
#4784 = DIRECTION ( 'NONE',  ( 0.6105579948610704299, -0.2543991645254627953, 0.7499999999999836797 ) ) ;
#4785 = SURFACE_STYLE_FILL_AREA ( #981 ) ;
#4786 = CARTESIAN_POINT ( 'NONE',  ( -6.649999999999999467, 2.000000000000000000, -2.094532406675940983 ) ) ;
#4787 = ORIENTED_EDGE ( 'NONE', *, *, #5760, .T. ) ;
#4788 = DIRECTION ( 'NONE',  ( 1.000000000000000000, -1.355252715606882022E-16, 0.000000000000000000 ) ) ;
#4789 = CARTESIAN_POINT ( 'NONE',  ( -4.713095711004410049, -3.950851657416640350, 3.499999999999997780 ) ) ;
#4790 = UNCERTAINTY_MEASURE_WITH_UNIT (LENGTH_MEASURE( 1.000000000000000082E-05 ), #6060, 'distance_accuracy_value', 'NONE');
#4791 = FILL_AREA_STYLE_COLOUR ( '', #10142 ) ;
#4792 = EDGE_LOOP ( 'NONE', ( #5481, #10200, #4414, #1972 ) ) ;
#4793 = DIRECTION ( 'NONE',  ( 0.000000000000000000, -1.000000000000000000, -0.000000000000000000 ) ) ;
#4794 = ORIENTED_EDGE ( 'NONE', *, *, #7371, .T. ) ;
#4795 = DIRECTION ( 'NONE',  ( -0.000000000000000000, 0.000000000000000000, 1.000000000000000000 ) ) ;
#4796 = ADVANCED_FACE ( 'NONE', ( #3826 ), #6303, .T. ) ;
#4797 = TOROIDAL_SURFACE ( 'NONE', #7758, 5.885424868893529116, 0.4000000000000000777 ) ;
#4798 = DIRECTION ( 'NONE',  ( -1.000000000000000000, 0.000000000000000000, 0.000000000000000000 ) ) ;
#4799 = SURFACE_STYLE_FILL_AREA ( #6398 ) ;
#4800 = MECHANICAL_DESIGN_GEOMETRIC_PRESENTATION_REPRESENTATION (  '', ( #4319 ), #6135 ) ;
#4801 = FILL_AREA_STYLE ('',( #10021 ) ) ;
#4802 = UNCERTAINTY_MEASURE_WITH_UNIT (LENGTH_MEASURE( 1.000000000000000082E-05 ), #3815, 'distance_accuracy_value', 'NONE');
#4803 = CARTESIAN_POINT ( 'NONE',  ( -6.159705218919229175, -2.937096592108938697, -3.053341690607342507 ) ) ;
#4804 =( LENGTH_UNIT ( ) NAMED_UNIT ( * ) SI_UNIT ( .MILLI., .METRE. ) );
#4805 = DIRECTION ( 'NONE',  ( -1.000000000000000000, 0.000000000000000000, 0.000000000000000000 ) ) ;
#4806 = CARTESIAN_POINT ( 'NONE',  ( 6.958519183380836637, 3.000000000000000000, -1.929257140873637644 ) ) ;
#4807 = TOROIDAL_SURFACE ( 'NONE', #6, 5.435424868893793615, 0.3999999999999737654 ) ;
#4808 = STYLED_ITEM ( 'NONE', ( #8191 ), #713 ) ;
#4809 = PRESENTATION_LAYER_ASSIGNMENT (  '', '', ( #7950 ) ) ;
#4810 = CARTESIAN_POINT ( 'NONE',  ( 2.369809963617258328E-14, -1.675920573226535806E-14, 3.499999999999983125 ) ) ;
#4811 = ORIENTED_EDGE ( 'NONE', *, *, #5371, .F. ) ;
#4812 =( LENGTH_UNIT ( ) NAMED_UNIT ( * ) SI_UNIT ( .MILLI., .METRE. ) );
#4813 = EDGE_LOOP ( 'NONE', ( #1715, #8276, #6635, #7435 ) ) ;
#4814 =( LENGTH_UNIT ( ) NAMED_UNIT ( * ) SI_UNIT ( .MILLI., .METRE. ) );
#4815 = ORIENTED_EDGE ( 'NONE', *, *, #9185, .F. ) ;
#4816 =( NAMED_UNIT ( * ) SI_UNIT ( $, .STERADIAN. ) SOLID_ANGLE_UNIT ( ) );
#4817 = DIRECTION ( 'NONE',  ( -0.000000000000000000, 1.000000000000000000, -0.000000000000000000 ) ) ;
#4818 = CARTESIAN_POINT ( 'NONE',  ( 4.526465001667451027, -3.975217565217817661, 3.577896733784646788 ) ) ;
#4819 = PRESENTATION_LAYER_ASSIGNMENT (  '', '', ( #6648 ) ) ;
#4820 = DIRECTION ( 'NONE',  ( 4.078315292499108944E-47, -1.000000000000000000, -9.403954806578348233E-32 ) ) ;
#4821 = FACE_OUTER_BOUND ( 'NONE', #7475, .T. ) ;
#4822 = VERTEX_POINT ( 'NONE', #3226 ) ;
#4823 = CARTESIAN_POINT ( 'NONE',  ( -4.750000000000000000, 4.750000000000000000, 3.600000000000001421 ) ) ;
#4824 = VECTOR ( 'NONE', #8271, 1000.000000000000227 ) ;
#4825 = COLOUR_RGB ( '',1.000000000000000000, 1.000000000000000000, 1.000000000000000000 ) ;
#4826 = ORIENTED_EDGE ( 'NONE', *, *, #9480, .T. ) ;
#4827 = FILL_AREA_STYLE ('',( #5554 ) ) ;
#4828 = ORIENTED_EDGE ( 'NONE', *, *, #5800, .F. ) ;
#4829 = DIRECTION ( 'NONE',  ( 0.000000000000000000, -0.000000000000000000, -1.000000000000000000 ) ) ;
#4830 = DIRECTION ( 'NONE',  ( 0.000000000000000000, 0.000000000000000000, -1.000000000000000000 ) ) ;
#4831 = CARTESIAN_POINT ( 'NONE',  ( 6.000000000000000000, 4.999999999999992895, 3.300000000000000711 ) ) ;
#4832 = SURFACE_SIDE_STYLE ('',( #5655 ) ) ;
#4833 = AXIS2_PLACEMENT_3D ( 'NONE', #9719, #1836, #7483 ) ;
#4834 = CARTESIAN_POINT ( 'NONE',  ( 0.000000000000000000, 4.500000000000003553, -1.500000000000000000 ) ) ;
#4835 = EDGE_CURVE ( 'NONE', #415, #5829, #10322, .T. ) ;
#4836 = FACE_OUTER_BOUND ( 'NONE', #3082, .T. ) ;
#4837 = ORIENTED_EDGE ( 'NONE', *, *, #6776, .T. ) ;
#4838 = CARTESIAN_POINT ( 'NONE',  ( 5.000000000000000000, -5.800000000000000711, 3.499999999999999556 ) ) ;
#4839 = CARTESIAN_POINT ( 'NONE',  ( 1.899999999999999911, 1.599999999999999867, 5.500000000000000000 ) ) ;
#4840 = CARTESIAN_POINT ( 'NONE',  ( -4.750000000000000000, -4.750000000000000000, 3.500000000000000444 ) ) ;
#4841 = ORIENTED_EDGE ( 'NONE', *, *, #697, .T. ) ;
#4842 = PRESENTATION_STYLE_ASSIGNMENT (( #2522 ) ) ;
#4843 = ADVANCED_FACE ( 'NONE', ( #6349 ), #7756, .F. ) ;
#4844 = UNCERTAINTY_MEASURE_WITH_UNIT (LENGTH_MEASURE( 1.000000000000000082E-05 ), #2, 'distance_accuracy_value', 'NONE');
#4845 = ORIENTED_EDGE ( 'NONE', *, *, #2436, .T. ) ;
#4846 = DIRECTION ( 'NONE',  ( 0.000000000000000000, -1.000000000000000000, 0.000000000000000000 ) ) ;
#4847 = CARTESIAN_POINT ( 'NONE',  ( -6.693412330956371115, 2.000000000000000000, -2.119339049353549331 ) ) ;
#4848 = DIRECTION ( 'NONE',  ( 0.000000000000000000, 0.000000000000000000, -1.000000000000000000 ) ) ;
#4849 = FILL_AREA_STYLE ('',( #2584 ) ) ;
#4850 = DIRECTION ( 'NONE',  ( 0.000000000000000000, 1.000000000000000000, 1.591495317436620009E-13 ) ) ;
#4851 = DIRECTION ( 'NONE',  ( -0.8682466191274308409, 0.000000000000000000, 0.4961328535521369321 ) ) ;
#4852 = VECTOR ( 'NONE', #2646, 1000.000000000000000 ) ;
#4853 = CARTESIAN_POINT ( 'NONE',  ( -2.249999999999989342, 5.399999999999928413, 3.200000000000000622 ) ) ;
#4854 =( NAMED_UNIT ( * ) SI_UNIT ( $, .STERADIAN. ) SOLID_ANGLE_UNIT ( ) );
#4855 = CARTESIAN_POINT ( 'NONE',  ( 1.389056478433061903, 5.528157206495048825, 3.500000000000001776 ) ) ;
#4856 = SURFACE_STYLE_USAGE ( .BOTH. , #3340 ) ;
#4857 = CARTESIAN_POINT ( 'NONE',  ( -5.000000000000000000, -5.000000000000000000, 3.299999999999999822 ) ) ;
#4858 = EDGE_CURVE ( 'NONE', #2067, #1336, #7586, .T. ) ;
#4859 = SURFACE_STYLE_USAGE ( .BOTH. , #1648 ) ;
#4860 = VERTEX_POINT ( 'NONE', #2281 ) ;
#4861 = VECTOR ( 'NONE', #2913, 1000.000000000000000 ) ;
#4862 = DIRECTION ( 'NONE',  ( 0.000000000000000000, 0.000000000000000000, -1.000000000000000000 ) ) ;
#4863 = ORIENTED_EDGE ( 'NONE', *, *, #4518, .T. ) ;
#4864 = ORIENTED_EDGE ( 'NONE', *, *, #846, .T. ) ;
#4865 = CIRCLE ( 'NONE', #9334, 0.1999999999999996503 ) ;
#4866 = PRESENTATION_LAYER_ASSIGNMENT (  '', '', ( #4875 ) ) ;
#4867 = CARTESIAN_POINT ( 'NONE',  ( 5.288437921472676884, 1.656780849603764594, 3.599999790631639662 ) ) ;
#4868 = CARTESIAN_POINT ( 'NONE',  ( -1.899999999999999911, 1.599999999999999867, 5.500000000000000000 ) ) ;
#4869 = PRESENTATION_STYLE_ASSIGNMENT (( #6262 ) ) ;
#4870 = SURFACE_STYLE_FILL_AREA ( #10025 ) ;
#4871 = CARTESIAN_POINT ( 'NONE',  ( 1.899999999999999911, 1.599999999999999867, 5.500000000000000000 ) ) ;
#4872 = DIRECTION ( 'NONE',  ( 1.084202172485503842E-15, 1.000000000000000000, 0.000000000000000000 ) ) ;
#4873 = AXIS2_PLACEMENT_3D ( 'NONE', #1898, #9669, #1741 ) ;
#4874 = VECTOR ( 'NONE', #374, 1000.000000000000000 ) ;
#4875 = STYLED_ITEM ( 'NONE', ( #8365 ), #1361 ) ;
#4876 = CARTESIAN_POINT ( 'NONE',  ( -6.299999999999994493, -2.999999999999999112, 0.06415926535897724381 ) ) ;
#4877 = ORIENTED_EDGE ( 'NONE', *, *, #1605, .T. ) ;
#4878 = ORIENTED_EDGE ( 'NONE', *, *, #181, .T. ) ;
#4879 = CARTESIAN_POINT ( 'NONE',  ( 5.676923076923075406, -2.365384615384625189, 3.499999999999996891 ) ) ;
#4880 =( NAMED_UNIT ( * ) SI_UNIT ( $, .STERADIAN. ) SOLID_ANGLE_UNIT ( ) );
#4881 = EDGE_CURVE ( 'NONE', #3129, #2790, #8644, .T. ) ;
#4882 = MECHANICAL_DESIGN_GEOMETRIC_PRESENTATION_REPRESENTATION (  '', ( #665 ), #7031 ) ;
#4883 = CIRCLE ( 'NONE', #7530, 0.2999999999999999334 ) ;
#4884 = DIRECTION ( 'NONE',  ( -1.000000000000000000, 0.000000000000000000, 0.000000000000000000 ) ) ;
#4885 =( NAMED_UNIT ( * ) SI_UNIT ( $, .STERADIAN. ) SOLID_ANGLE_UNIT ( ) );
#4886 = DIRECTION ( 'NONE',  ( -1.000000000000000000, 0.000000000000000000, 6.071532165918861434E-14 ) ) ;
#4887 = MECHANICAL_DESIGN_GEOMETRIC_PRESENTATION_REPRESENTATION (  '', ( #6366 ), #8685 ) ;
#4888 = CARTESIAN_POINT ( 'NONE',  ( 5.271558449006362501, -1.324581074942563053, 3.600000000000001421 ) ) ;
#4889 = VECTOR ( 'NONE', #7813, 1000.000000000000000 ) ;
#4890 = EDGE_CURVE ( 'NONE', #8718, #10006, #5061, .T. ) ;
#4891 = DIRECTION ( 'NONE',  ( 0.000000000000000000, 0.000000000000000000, 1.000000000000000000 ) ) ;
#4892 = LINE ( 'NONE', #5041, #4433 ) ;
#4893 = VERTEX_POINT ( 'NONE', #4855 ) ;
#4894 = DIRECTION ( 'NONE',  ( -1.000000000000000000, 5.329070518200750605E-15, 0.000000000000000000 ) ) ;
#4895 =( NAMED_UNIT ( * ) PLANE_ANGLE_UNIT ( ) SI_UNIT ( $, .RADIAN. ) );
#4896 = COLOUR_RGB ( '',1.000000000000000000, 1.000000000000000000, 1.000000000000000000 ) ;
#4897 = DIRECTION ( 'NONE',  ( 0.000000000000000000, 0.000000000000000000, -1.000000000000000000 ) ) ;
#4898 = ORIENTED_EDGE ( 'NONE', *, *, #358, .T. ) ;
#4899 =( NAMED_UNIT ( * ) PLANE_ANGLE_UNIT ( ) SI_UNIT ( $, .RADIAN. ) );
#4900 = PRESENTATION_STYLE_ASSIGNMENT (( #8101 ) ) ;
#4901 = EDGE_CURVE ( 'NONE', #8828, #9103, #3944, .T. ) ;
#4902 = ORIENTED_EDGE ( 'NONE', *, *, #8678, .F. ) ;
#4903 = AXIS2_PLACEMENT_3D ( 'NONE', #8425, #1163, #1273 ) ;
#4904 = DIRECTION ( 'NONE',  ( 0.6414968937217182532, -0.1611885087261840932, 0.7500000000000103251 ) ) ;
#4905 = PRESENTATION_LAYER_ASSIGNMENT (  '', '', ( #10044 ) ) ;
#4906 = COLOUR_RGB ( '',0.2980392156862745057, 0.2980392156862745057, 0.2980392156862745057 ) ;
#4907 = ADVANCED_FACE ( 'NONE', ( #5842 ), #7908, .T. ) ;
#4908 = CARTESIAN_POINT ( 'NONE',  ( 1.599999999996263078, 1.600000000000000089, 6.999999999999999112 ) ) ;
#4909 = EDGE_CURVE ( 'NONE', #1552, #8193, #7255, .T. ) ;
#4910 = DIRECTION ( 'NONE',  ( 1.000000000000000000, 0.000000000000000000, 0.000000000000000000 ) ) ;
#4911 = SURFACE_SIDE_STYLE ('',( #4296 ) ) ;
#4912 = VECTOR ( 'NONE', #8653, 1000.000000000000000 ) ;
#4913 = ORIENTED_EDGE ( 'NONE', *, *, #9845, .T. ) ;
#4914 = CARTESIAN_POINT ( 'NONE',  ( -4.399999999999998579, 3.499999999999999556, 0.000000000000000000 ) ) ;
#4915 = LINE ( 'NONE', #3400, #6730 ) ;
#4916 =( GEOMETRIC_REPRESENTATION_CONTEXT ( 3 ) GLOBAL_UNCERTAINTY_ASSIGNED_CONTEXT ( ( #4973 ) ) GLOBAL_UNIT_ASSIGNED_CONTEXT ( ( #7428, #4515, #10034 ) ) REPRESENTATION_CONTEXT ( 'NONE', 'WORKASPACE' ) );
#4917 = PRESENTATION_LAYER_ASSIGNMENT (  '', '', ( #9389 ) ) ;
#4918 = ORIENTED_EDGE ( 'NONE', *, *, #2938, .T. ) ;
#4919 = EDGE_CURVE ( 'NONE', #7748, #974, #278, .T. ) ;
#4920 = DIRECTION ( 'NONE',  ( -0.4733177335606112979, 0.4620284873220099064, 0.7499999999999875655 ) ) ;
#4921 = EDGE_LOOP ( 'NONE', ( #4498, #7693, #3054, #2975, #10154, #10165 ) ) ;
#4922 = SURFACE_STYLE_FILL_AREA ( #3407 ) ;
#4923 = ORIENTED_EDGE ( 'NONE', *, *, #1940, .F. ) ;
#4924 = STYLED_ITEM ( 'NONE', ( #9714 ), #3174 ) ;
#4925 = AXIS2_PLACEMENT_3D ( 'NONE', #4181, #1002, #4027 ) ;
#4926 = FILL_AREA_STYLE ('',( #237 ) ) ;
#4927 = DIRECTION ( 'NONE',  ( -1.000000000000000000, 0.000000000000000000, 0.000000000000000000 ) ) ;
#4928 = CIRCLE ( 'NONE', #3244, 0.03542486889428469315 ) ;
#4929 = PRESENTATION_STYLE_ASSIGNMENT (( #6320 ) ) ;
#4930 =( GEOMETRIC_REPRESENTATION_CONTEXT ( 3 ) GLOBAL_UNCERTAINTY_ASSIGNED_CONTEXT ( ( #4266 ) ) GLOBAL_UNIT_ASSIGNED_CONTEXT ( ( #9774, #5198, #2738 ) ) REPRESENTATION_CONTEXT ( 'NONE', 'WORKASPACE' ) );
#4931 = EDGE_CURVE ( 'NONE', #1639, #2124, #7338, .T. ) ;
#4932 = STYLED_ITEM ( 'NONE', ( #10248 ), #2883 ) ;
#4933 = ORIENTED_EDGE ( 'NONE', *, *, #9632, .F. ) ;
#4934 =( NAMED_UNIT ( * ) PLANE_ANGLE_UNIT ( ) SI_UNIT ( $, .RADIAN. ) );
#4935 = ORIENTED_EDGE ( 'NONE', *, *, #9871, .T. ) ;
#4936 = MECHANICAL_DESIGN_GEOMETRIC_PRESENTATION_REPRESENTATION (  '', ( #3927 ), #8235 ) ;
#4937 = DIRECTION ( 'NONE',  ( 0.000000000000000000, -0.000000000000000000, -1.000000000000000000 ) ) ;
#4938 = DIRECTION ( 'NONE',  ( -1.000000000000000000, 0.000000000000000000, 0.000000000000000000 ) ) ;
#4939 = CARTESIAN_POINT ( 'NONE',  ( 5.326365084182684839, -1.738219812852884516, 3.599999952015911830 ) ) ;
#4940 = UNCERTAINTY_MEASURE_WITH_UNIT (LENGTH_MEASURE( 1.000000000000000082E-05 ), #5899, 'distance_accuracy_value', 'NONE');
#4941 = LINE ( 'NONE', #1777, #7250 ) ;
#4942 = DIRECTION ( 'NONE',  ( -1.000000000000000000, 1.222978688985946960E-15, 0.000000000000000000 ) ) ;
#4943 = DIRECTION ( 'NONE',  ( -1.000000000000000000, 0.000000000000000000, 0.000000000000000000 ) ) ;
#4944 = ORIENTED_EDGE ( 'NONE', *, *, #5652, .F. ) ;
#4945 = DIRECTION ( 'NONE',  ( 0.000000000000000000, 1.000000000000000000, -0.000000000000000000 ) ) ;
#4946 = CARTESIAN_POINT ( 'NONE',  ( -6.958519183380836637, -1.999999999999999112, -1.929257140873639864 ) ) ;
#4947 = CARTESIAN_POINT ( 'NONE',  ( 6.000000000000023981, 2.000000000000000000, 7.064159265358981088 ) ) ;
#4948 = DIRECTION ( 'NONE',  ( -1.655013885906414568E-14, -7.106684625222797983E-17, -1.000000000000000000 ) ) ;
#4949 = EDGE_LOOP ( 'NONE', ( #2349, #2344 ) ) ;
#4950 = FILL_AREA_STYLE ('',( #103 ) ) ;
#4951 = SURFACE_STYLE_FILL_AREA ( #2482 ) ;
#4952 = VERTEX_POINT ( 'NONE', #3396 ) ;
#4953 = CARTESIAN_POINT ( 'NONE',  ( 9.184547653667787528E-17, -4.500000000000002665, -1.500000000000000444 ) ) ;
#4954 = LINE ( 'NONE', #5103, #4057 ) ;
#4955 = VECTOR ( 'NONE', #3420, 1000.000000000000000 ) ;
#4956 = AXIS2_PLACEMENT_3D ( 'NONE', #4810, #2286, #795 ) ;
#4957 =( NAMED_UNIT ( * ) PLANE_ANGLE_UNIT ( ) SI_UNIT ( $, .RADIAN. ) );
#4958 =( NAMED_UNIT ( * ) SI_UNIT ( $, .STERADIAN. ) SOLID_ANGLE_UNIT ( ) );
#4959 =( NAMED_UNIT ( * ) SI_UNIT ( $, .STERADIAN. ) SOLID_ANGLE_UNIT ( ) );
#4960 = DIRECTION ( 'NONE',  ( 0.4722150451494406265, 0.000000000000000000, 0.8814833810881017584 ) ) ;
#4961 =( LENGTH_UNIT ( ) NAMED_UNIT ( * ) SI_UNIT ( .MILLI., .METRE. ) );
#4962 = DIRECTION ( 'NONE',  ( -1.000000000000000000, 0.000000000000000000, -4.336808689942028583E-16 ) ) ;
#4963 = COLOUR_RGB ( '',1.000000000000000000, 1.000000000000000000, 1.000000000000000000 ) ;
#4964 = VERTEX_POINT ( 'NONE', #6558 ) ;
#4965 = FILL_AREA_STYLE ('',( #5949 ) ) ;
#4966 = LINE ( 'NONE', #1751, #3205 ) ;
#4967 = VECTOR ( 'NONE', #5941, 1000.000000000000000 ) ;
#4968 = VERTEX_POINT ( 'NONE', #9737 ) ;
#4969 = DIRECTION ( 'NONE',  ( -1.000000000000000000, 0.000000000000000000, 0.000000000000000000 ) ) ;
#4970 = ORIENTED_EDGE ( 'NONE', *, *, #5629, .F. ) ;
#4971 = SURFACE_STYLE_FILL_AREA ( #7815 ) ;
#4972 = VERTEX_POINT ( 'NONE', #904 ) ;
#4973 = UNCERTAINTY_MEASURE_WITH_UNIT (LENGTH_MEASURE( 1.000000000000000082E-05 ), #7428, 'distance_accuracy_value', 'NONE');
#4974 = CARTESIAN_POINT ( 'NONE',  ( 5.309449475999093337, 1.707749888575543773, 3.599999494599994243 ) ) ;
#4975 = PLANE ( 'NONE',  #8879 ) ;
#4976 = COLOUR_RGB ( '',0.7529411764705882248, 0.7529411764705882248, 0.7529411764705882248 ) ;
#4977 = CYLINDRICAL_SURFACE ( 'NONE', #901, 0.4500000000000001221 ) ;
#4978 = AXIS2_PLACEMENT_3D ( 'NONE', #7994, #97, #6542 ) ;
#4979 = EDGE_CURVE ( 'NONE', #646, #1812, #4611, .T. ) ;
#4980 = CARTESIAN_POINT ( 'NONE',  ( -5.999999999999993783, -1.999999999999999556, -0.6874509908007685466 ) ) ;
#4981 = B_SPLINE_CURVE_WITH_KNOTS ( 'NONE', 3,
 ( #3066, #694, #7245, #7141 ),
 .UNSPECIFIED., .F., .F.,
 ( 4, 4 ),
 ( 0.000000000000000000, 1.000000000000000000 ),
 .UNSPECIFIED. ) ;
#4982 = ORIENTED_EDGE ( 'NONE', *, *, #7048, .F. ) ;
#4983 = CARTESIAN_POINT ( 'NONE',  ( -6.287205726393079175, 2.000000000000000888, -2.830212172457901243 ) ) ;
#4984 = ORIENTED_EDGE ( 'NONE', *, *, #6240, .F. ) ;
#4985 = CARTESIAN_POINT ( 'NONE',  ( -1.805822456941786891, -5.500000000000000000, 3.588570143277481694 ) ) ;
#4986 = VECTOR ( 'NONE', #2656, 1000.000000000000000 ) ;
#4987 = PRESENTATION_LAYER_ASSIGNMENT (  '', '', ( #9797 ) ) ;
#4988 = DIRECTION ( 'NONE',  ( -0.4733177335606395530, -0.4620284873219573929, 0.7500000000000021094 ) ) ;
#4989 = CIRCLE ( 'NONE', #1301, 0.3500000041649586890 ) ;
#4990 = FACE_OUTER_BOUND ( 'NONE', #4792, .T. ) ;
#4991 = SURFACE_STYLE_FILL_AREA ( #6331 ) ;
#4992 = ORIENTED_EDGE ( 'NONE', *, *, #4452, .F. ) ;
#4993 =( NAMED_UNIT ( * ) PLANE_ANGLE_UNIT ( ) SI_UNIT ( $, .RADIAN. ) );
#4994 = PLANE ( 'NONE',  #8109 ) ;
#4995 = CARTESIAN_POINT ( 'NONE',  ( 6.473259784098476466, 2.499999999999999556, -3.109289021392665830 ) ) ;
#4996 = FILL_AREA_STYLE ('',( #6711 ) ) ;
#4997 = VERTEX_POINT ( 'NONE', #8950 ) ;
#4998 = CARTESIAN_POINT ( 'NONE',  ( -6.694074169054411882, -1.999999999999998668, -2.070921654418468982 ) ) ;
#4999 = ORIENTED_EDGE ( 'NONE', *, *, #7659, .T. ) ;
#5000 = FACE_OUTER_BOUND ( 'NONE', #6415, .T. ) ;
#5001 = DIRECTION ( 'NONE',  ( -0.1611885087261650806, -0.6414968937216836142, 0.7500000000000439648 ) ) ;
#5002 = LINE ( 'NONE', #2580, #9383 ) ;
#5003 = FILL_AREA_STYLE ('',( #8994 ) ) ;
#5004 = DIRECTION ( 'NONE',  ( 0.000000000000000000, 1.000000000000000000, 0.000000000000000000 ) ) ;
#5005 = LINE ( 'NONE', #4294, #5141 ) ;
#5006 = ADVANCED_FACE ( 'NONE', ( #4080 ), #1646, .F. ) ;
#5007 = EDGE_CURVE ( 'NONE', #7903, #2116, #6026, .T. ) ;
#5008 = EDGE_LOOP ( 'NONE', ( #5993, #6624, #8544, #1476 ) ) ;
#5009 = DIRECTION ( 'NONE',  ( 0.000000000000000000, -1.000000000000000000, 0.000000000000000000 ) ) ;
#5010 = CARTESIAN_POINT ( 'NONE',  ( -6.693412330956371115, 2.000000000000000444, -2.119339049353549331 ) ) ;
#5011 = UNCERTAINTY_MEASURE_WITH_UNIT (LENGTH_MEASURE( 1.000000000000000082E-05 ), #3336, 'distance_accuracy_value', 'NONE');
#5012 = ORIENTED_EDGE ( 'NONE', *, *, #989, .T. ) ;
#5013 = EDGE_CURVE ( 'NONE', #4464, #3022, #4444, .T. ) ;
#5014 = PLANE ( 'NONE',  #1507 ) ;
#5015 = CARTESIAN_POINT ( 'NONE',  ( -6.000000000000000000, 3.000000000000000000, 3.500000000000000000 ) ) ;
#5016 = MECHANICAL_DESIGN_GEOMETRIC_PRESENTATION_REPRESENTATION (  '', ( #796 ), #5338 ) ;
#5017 = CYLINDRICAL_SURFACE ( 'NONE', #5056, 0.3499999999999996447 ) ;
#5018 = SURFACE_STYLE_USAGE ( .BOTH. , #4358 ) ;
#5019 = VERTEX_POINT ( 'NONE', #2813 ) ;
#5020 =( NAMED_UNIT ( * ) PLANE_ANGLE_UNIT ( ) SI_UNIT ( $, .RADIAN. ) );
#5021 = ORIENTED_EDGE ( 'NONE', *, *, #10310, .T. ) ;
#5022 = DIRECTION ( 'NONE',  ( -0.2436941190233414267, -0.9698521414903602533, 4.070361146124164586E-15 ) ) ;
#5023 = DIRECTION ( 'NONE',  ( -1.000000000000000000, 0.000000000000000000, 1.224227167328599510E-14 ) ) ;
#5024 = EDGE_CURVE ( 'NONE', #4017, #7709, #5997, .T. ) ;
#5025 = SURFACE_STYLE_USAGE ( .BOTH. , #4411 ) ;
#5026 = FACE_OUTER_BOUND ( 'NONE', #7407, .T. ) ;
#5027 = COLOUR_RGB ( '',0.6470588235294117974, 0.6196078431372549211, 0.5882352941176470784 ) ;
#5028 = ORIENTED_EDGE ( 'NONE', *, *, #8285, .F. ) ;
#5029 = LINE ( 'NONE', #4317, #10266 ) ;
#5030 = EDGE_LOOP ( 'NONE', ( #8859, #3627, #2504, #9 ) ) ;
#5031 = CIRCLE ( 'NONE', #3704, 0.8000000000000020428 ) ;
#5032 = EDGE_CURVE ( 'NONE', #9381, #4522, #4395, .T. ) ;
#5033 = DIRECTION ( 'NONE',  ( 0.6985214149036225173, -0.7155891509246359306, 5.127815794399387394E-14 ) ) ;
#5034 = EDGE_CURVE ( 'NONE', #1685, #4741, #9167, .T. ) ;
#5035 = SURFACE_STYLE_FILL_AREA ( #3525 ) ;
#5036 = STYLED_ITEM ( 'NONE', ( #3863 ), #8190 ) ;
#5037 = EDGE_CURVE ( 'NONE', #5924, #2777, #7597, .T. ) ;
#5038 = DIRECTION ( 'NONE',  ( 1.000000000000000000, -0.000000000000000000, -0.000000000000000000 ) ) ;
#5039 = SURFACE_SIDE_STYLE ('',( #4329 ) ) ;
#5040 = ORIENTED_EDGE ( 'NONE', *, *, #2555, .F. ) ;
#5041 = CARTESIAN_POINT ( 'NONE',  ( -6.000000000000023981, 2.000000000000000000, 7.064159265358981088 ) ) ;
#5042 = ORIENTED_EDGE ( 'NONE', *, *, #9022, .T. ) ;
#5043 = AXIS2_PLACEMENT_3D ( 'NONE', #1405, #7770, #6996 ) ;
#5044 = SURFACE_SIDE_STYLE ('',( #2517 ) ) ;
#5045 = AXIS2_PLACEMENT_3D ( 'NONE', #8420, #10038, #1893 ) ;
#5046 = EDGE_CURVE ( 'NONE', #6338, #5891, #5697, .T. ) ;
#5047 = DIRECTION ( 'NONE',  ( -0.4961328535521692396, 9.637352644315592778E-16, -0.8682466191274121892 ) ) ;
#5048 = SURFACE_STYLE_USAGE ( .BOTH. , #3489 ) ;
#5049 = ORIENTED_EDGE ( 'NONE', *, *, #4216, .F. ) ;
#5050 = FILL_AREA_STYLE ('',( #4338 ) ) ;
#5051 = DIRECTION ( 'NONE',  ( 1.000000000000000000, 0.000000000000000000, 0.000000000000000000 ) ) ;
#5052 = VERTEX_POINT ( 'NONE', #9062 ) ;
#5053 = PRESENTATION_LAYER_ASSIGNMENT (  '', '', ( #5884 ) ) ;
#5054 = FACE_OUTER_BOUND ( 'NONE', #5506, .T. ) ;
#5055 = EDGE_CURVE ( 'NONE', #3178, #3860, #1329, .T. ) ;
#5056 = AXIS2_PLACEMENT_3D ( 'NONE', #3716, #9172, #2065 ) ;
#5057 = CARTESIAN_POINT ( 'NONE',  ( 6.159705218919228287, 2.937096592108939141, -3.053341690607343395 ) ) ;
#5058 = CARTESIAN_POINT ( 'NONE',  ( 0.000000000000000000, -5.800000000000000711, 0.2000000000000000944 ) ) ;
#5059 = CARTESIAN_POINT ( 'NONE',  ( 5.800000000000000711, -3.499999999999999556, 0.2000000000000000944 ) ) ;
#5060 = CARTESIAN_POINT ( 'NONE',  ( 6.287205726393077398, 3.000000000000000000, -2.830212172457903019 ) ) ;
#5061 = LINE ( 'NONE', #952, #9584 ) ;
#5062 = EDGE_LOOP ( 'NONE', ( #396, #234, #9463, #6646 ) ) ;
#5063 = PLANE ( 'NONE',  #1696 ) ;
#5064 = ORIENTED_EDGE ( 'NONE', *, *, #846, .F. ) ;
#5065 = CARTESIAN_POINT ( 'NONE',  ( 6.420179204657448402, 2.062903407891060414, -3.202181546672993484 ) ) ;
#5066 =( GEOMETRIC_REPRESENTATION_CONTEXT ( 3 ) GLOBAL_UNCERTAINTY_ASSIGNED_CONTEXT ( ( #1827 ) ) GLOBAL_UNIT_ASSIGNED_CONTEXT ( ( #6132, #5945, #1225 ) ) REPRESENTATION_CONTEXT ( 'NONE', 'WORKASPACE' ) );
#5067 = CARTESIAN_POINT ( 'NONE',  ( -4.999999999999995559, 5.800000000000000711, 3.500000000000000888 ) ) ;
#5068 = EDGE_CURVE ( 'NONE', #1600, #1349, #9348, .T. ) ;
#5069 = EDGE_LOOP ( 'NONE', ( #4351, #4427, #9322, #2264 ) ) ;
#5070 = LINE ( 'NONE', #172, #1201 ) ;
#5071 = ORIENTED_EDGE ( 'NONE', *, *, #948, .T. ) ;
#5072 = ORIENTED_EDGE ( 'NONE', *, *, #2606, .T. ) ;
#5073 = AXIS2_PLACEMENT_3D ( 'NONE', #640, #8763, #1607 ) ;
#5074 = CARTESIAN_POINT ( 'NONE',  ( 5.272824288042015972, 1.605008235498162739, 3.599999996058157237 ) ) ;
#5075 =( LENGTH_UNIT ( ) NAMED_UNIT ( * ) SI_UNIT ( .MILLI., .METRE. ) );
#5076 = DIRECTION ( 'NONE',  ( -0.000000000000000000, 1.000000000000000000, -0.000000000000000000 ) ) ;
#5077 = STYLED_ITEM ( 'NONE', ( #5912 ), #3560 ) ;
#5078 = COLOUR_RGB ( '',0.7529411764705882248, 0.7529411764705882248, 0.7529411764705882248 ) ;
#5079 = ORIENTED_EDGE ( 'NONE', *, *, #9053, .T. ) ;
#5080 = LINE ( 'NONE', #8178, #5280 ) ;
#5081 = VERTEX_POINT ( 'NONE', #8380 ) ;
#5082 = EDGE_CURVE ( 'NONE', #539, #6461, #6858, .T. ) ;
#5083 = CARTESIAN_POINT ( 'NONE',  ( -6.349999999999997868, 6.704630743366732482, -0.6874509908007693237 ) ) ;
#5084 = CARTESIAN_POINT ( 'NONE',  ( 3.949999999999999734, 4.750000000000000000, 3.499999999999999556 ) ) ;
#5085 = COLOUR_RGB ( '',0.2980392156862745057, 0.2980392156862745057, 0.2980392156862745057 ) ;
#5086 = LINE ( 'NONE', #5128, #4271 ) ;
#5087 = DIRECTION ( 'NONE',  ( 3.082282563894075765E-31, 1.027427521298013869E-31, -1.000000000000000000 ) ) ;
#5088 = CARTESIAN_POINT ( 'NONE',  ( -3.600000000000001421, -5.500000000000000000, 3.594753153809546742 ) ) ;
#5089 = UNCERTAINTY_MEASURE_WITH_UNIT (LENGTH_MEASURE( 1.000000000000000082E-05 ), #599, 'distance_accuracy_value', 'NONE');
#5090 = PRESENTATION_LAYER_ASSIGNMENT (  '', '', ( #8057 ) ) ;
#5091 = PRESENTATION_LAYER_ASSIGNMENT (  '', '', ( #7576 ) ) ;
#5092 = FILL_AREA_STYLE_COLOUR ( '', #9586 ) ;
#5093 = ORIENTED_EDGE ( 'NONE', *, *, #4322, .T. ) ;
#5094 = SURFACE_STYLE_USAGE ( .BOTH. , #1261 ) ;
#5095 = VERTEX_POINT ( 'NONE', #2114 ) ;
#5096 = VECTOR ( 'NONE', #7848, 1000.000000000000000 ) ;
#5097 = SURFACE_STYLE_FILL_AREA ( #1887 ) ;
#5098 = SURFACE_STYLE_USAGE ( .BOTH. , #1947 ) ;
#5099 = ORIENTED_EDGE ( 'NONE', *, *, #9534, .F. ) ;
#5100 = CARTESIAN_POINT ( 'NONE',  ( 5.549999999999999822, 4.750000000000000000, 3.499999999999999556 ) ) ;
#5101 = EDGE_LOOP ( 'NONE', ( #2666, #1209, #2322, #9933, #9200, #8382, #5049, #1108, #5600, #8335, #8761, #990, #171 ) ) ;
#5102 = MECHANICAL_DESIGN_GEOMETRIC_PRESENTATION_REPRESENTATION (  '', ( #7091 ), #1914 ) ;
#5103 = CARTESIAN_POINT ( 'NONE',  ( 5.000000000000000000, -5.800000000000000711, 3.500000000000000000 ) ) ;
#5104 = CARTESIAN_POINT ( 'NONE',  ( 6.420179204657453731, -2.062903407891059970, -3.202181546672992596 ) ) ;
#5105 = FILL_AREA_STYLE_COLOUR ( '', #9238 ) ;
#5106 = PLANE ( 'NONE',  #776 ) ;
#5107 = CARTESIAN_POINT ( 'NONE',  ( -6.159705218919227399, -2.937096592108939141, -3.053341690607341619 ) ) ;
#5108 = ADVANCED_FACE ( 'NONE', ( #8434 ), #6038, .T. ) ;
#5109 = FILL_AREA_STYLE_COLOUR ( '', #9021 ) ;
#5110 = ORIENTED_EDGE ( 'NONE', *, *, #2222, .T. ) ;
#5111 = UNCERTAINTY_MEASURE_WITH_UNIT (LENGTH_MEASURE( 1.000000000000000082E-05 ), #7379, 'distance_accuracy_value', 'NONE');
#5112 = EDGE_LOOP ( 'NONE', ( #162, #6361, #3161, #5894 ) ) ;
#5113 = CARTESIAN_POINT ( 'NONE',  ( 0.000000000000000000, 0.000000000000000000, 3.500000000000000000 ) ) ;
#5114 = DIRECTION ( 'NONE',  ( 1.256337252201736110E-14, 5.292964219878090180E-15, 1.000000000000000000 ) ) ;
#5115 = ORIENTED_EDGE ( 'NONE', *, *, #5037, .T. ) ;
#5116 = ORIENTED_EDGE ( 'NONE', *, *, #3541, .F. ) ;
#5117 = AXIS2_PLACEMENT_3D ( 'NONE', #58, #4645, #8747 ) ;
#5118 = DIRECTION ( 'NONE',  ( 3.006455034846200772E-16, -6.012910069692402531E-16, 1.000000000000000000 ) ) ;
#5119 = CARTESIAN_POINT ( 'NONE',  ( -6.047284773946952114E-14, 3.362388395648687634E-13, 3.500000000000172751 ) ) ;
#5120 = CARTESIAN_POINT ( 'NONE',  ( -6.299999999999996270, -2.999999999999999112, -0.6874509908007693237 ) ) ;
#5121 = FILL_AREA_STYLE ('',( #3468 ) ) ;
#5122 = PRESENTATION_LAYER_ASSIGNMENT (  '', '', ( #1939 ) ) ;
#5123 = ORIENTED_EDGE ( 'NONE', *, *, #8333, .T. ) ;
#5124 = CARTESIAN_POINT ( 'NONE',  ( 3.949999999999999734, -4.750000000000000000, 3.499999999999997780 ) ) ;
#5125 = ORIENTED_EDGE ( 'NONE', *, *, #8795, .T. ) ;
#5126 = PRESENTATION_STYLE_ASSIGNMENT (( #3473 ) ) ;
#5127 = COLOUR_RGB ( '',0.7529411764705882248, 0.7529411764705882248, 0.7529411764705882248 ) ;
#5128 = CARTESIAN_POINT ( 'NONE',  ( -6.300000004164958867, -1.999999999999999112, 1.414159265358978290 ) ) ;
#5129 = DIRECTION ( 'NONE',  ( 0.000000000000000000, 0.000000000000000000, -1.000000000000000000 ) ) ;
#5130 = DIRECTION ( 'NONE',  ( -1.000000000000000000, 0.000000000000000000, 1.084202172485511060E-14 ) ) ;
#5131 = UNCERTAINTY_MEASURE_WITH_UNIT (LENGTH_MEASURE( 1.000000000000000082E-05 ), #2159, 'distance_accuracy_value', 'NONE');
#5132 = CIRCLE ( 'NONE', #3479, 0.9999999999912745352 ) ;
#5133 = CIRCLE ( 'NONE', #274, 0.8000000000000055955 ) ;
#5134 =( GEOMETRIC_REPRESENTATION_CONTEXT ( 3 ) GLOBAL_UNCERTAINTY_ASSIGNED_CONTEXT ( ( #4300 ) ) GLOBAL_UNIT_ASSIGNED_CONTEXT ( ( #3823, #8303, #1337 ) ) REPRESENTATION_CONTEXT ( 'NONE', 'WORKASPACE' ) );
#5135 =( NAMED_UNIT ( * ) SI_UNIT ( $, .STERADIAN. ) SOLID_ANGLE_UNIT ( ) );
#5136 = ORIENTED_EDGE ( 'NONE', *, *, #9968, .F. ) ;
#5137 = CARTESIAN_POINT ( 'NONE',  ( 5.000000000000000000, 5.000000000000000000, 3.500000000000000000 ) ) ;
#5138 = ORIENTED_EDGE ( 'NONE', *, *, #8089, .T. ) ;
#5139 = CARTESIAN_POINT ( 'NONE',  ( 5.400000000000026112, 1.891518204694821348, 3.199999999999962874 ) ) ;
#5140 = SURFACE_STYLE_USAGE ( .BOTH. , #5980 ) ;
#5141 = VECTOR ( 'NONE', #2752, 1000.000000000000000 ) ;
#5142 = DIRECTION ( 'NONE',  ( 0.000000000000000000, 0.000000000000000000, -1.000000000000000000 ) ) ;
#5143 = DIRECTION ( 'NONE',  ( -1.000000000000000000, 0.000000000000000000, 0.000000000000000000 ) ) ;
#5144 = CARTESIAN_POINT ( 'NONE',  ( -6.650000000000001243, -2.999999999999999112, -2.094532406675943648 ) ) ;
#5145 = COLOUR_RGB ( '',1.000000000000000000, 1.000000000000000000, 1.000000000000000000 ) ;
#5146 = ORIENTED_EDGE ( 'NONE', *, *, #9450, .T. ) ;
#5147 = LINE ( 'NONE', #3033, #4874 ) ;
#5148 = CARTESIAN_POINT ( 'NONE',  ( -0.5000000000000004441, -4.500000000000002665, -1.200000000000000622 ) ) ;
#5149 = ADVANCED_FACE ( 'NONE', ( #5460 ), #5356, .T. ) ;
#5150 = CARTESIAN_POINT ( 'NONE',  ( 6.649999999999999467, 2.000000000000000000, -2.094532406675940983 ) ) ;
#5151 = CARTESIAN_POINT ( 'NONE',  ( 0.000000000000000000, 0.000000000000000000, 4.299999999999999822 ) ) ;
#5152 = STYLED_ITEM ( 'NONE', ( #7017 ), #10118 ) ;
#5153 = DIRECTION ( 'NONE',  ( 1.055607311520603873E-62, 1.000000000000000000, 1.027427521298030948E-31 ) ) ;
#5154 = FILL_AREA_STYLE_COLOUR ( '', #9121 ) ;
#5155 = DIRECTION ( 'NONE',  ( 0.000000000000000000, 0.000000000000000000, -1.000000000000000000 ) ) ;
#5156 = EDGE_CURVE ( 'NONE', #8260, #1235, #8736, .T. ) ;
#5157 = CARTESIAN_POINT ( 'NONE',  ( -1.788623860227315676, -5.500440179941445962, 3.585041640414893482 ) ) ;
#5158 = AXIS2_PLACEMENT_3D ( 'NONE', #10218, #10272, #4760 ) ;
#5159 = LINE ( 'NONE', #2756, #8665 ) ;
#5160 = DIRECTION ( 'NONE',  ( 0.000000000000000000, -0.000000000000000000, -1.000000000000000000 ) ) ;
#5161 = ORIENTED_EDGE ( 'NONE', *, *, #1799, .T. ) ;
#5162 = STYLED_ITEM ( 'NONE', ( #8417 ), #10326 ) ;
#5163 = CARTESIAN_POINT ( 'NONE',  ( -2.166916829160916310E-16, -5.174999999999998934, 3.499999999999998668 ) ) ;
#5164 = FILL_AREA_STYLE_COLOUR ( '', #2607 ) ;
#5165 = ORIENTED_EDGE ( 'NONE', *, *, #3202, .F. ) ;
#5166 = FILL_AREA_STYLE ('',( #1974 ) ) ;
#5167 = ORIENTED_EDGE ( 'NONE', *, *, #4037, .F. ) ;
#5168 =( NAMED_UNIT ( * ) PLANE_ANGLE_UNIT ( ) SI_UNIT ( $, .RADIAN. ) );
#5169 = SURFACE_STYLE_USAGE ( .BOTH. , #5325 ) ;
#5170 =( NAMED_UNIT ( * ) PLANE_ANGLE_UNIT ( ) SI_UNIT ( $, .RADIAN. ) );
#5171 = EDGE_CURVE ( 'NONE', #5924, #733, #4390, .T. ) ;
#5172 = SURFACE_SIDE_STYLE ('',( #6940 ) ) ;
#5173 = EDGE_CURVE ( 'NONE', #5875, #9961, #6355, .T. ) ;
#5174 = FACE_OUTER_BOUND ( 'NONE', #6474, .T. ) ;
#5175 = VECTOR ( 'NONE', #6653, 1000.000000000000000 ) ;
#5176 = UNCERTAINTY_MEASURE_WITH_UNIT (LENGTH_MEASURE( 1.000000000000000082E-05 ), #8949, 'distance_accuracy_value', 'NONE');
#5177 = PRESENTATION_STYLE_ASSIGNMENT (( #4201 ) ) ;
#5178 = EDGE_CURVE ( 'NONE', #4664, #3347, #4680, .T. ) ;
#5179 = ORIENTED_EDGE ( 'NONE', *, *, #3631, .T. ) ;
#5180 = DIRECTION ( 'NONE',  ( 0.000000000000000000, 0.000000000000000000, -1.000000000000000000 ) ) ;
#5181 = ORIENTED_EDGE ( 'NONE', *, *, #1203, .T. ) ;
#5182 = DIRECTION ( 'NONE',  ( 0.000000000000000000, 0.000000000000000000, -1.000000000000000000 ) ) ;
#5183 = AXIS2_PLACEMENT_3D ( 'NONE', #6625, #7189, #5627 ) ;
#5184 = CARTESIAN_POINT ( 'NONE',  ( 4.713095711004419819, 3.950851657416638574, 3.499999999999998668 ) ) ;
#5185 = UNCERTAINTY_MEASURE_WITH_UNIT (LENGTH_MEASURE( 1.000000000000000082E-05 ), #1545, 'distance_accuracy_value', 'NONE');
#5186 = PRESENTATION_LAYER_ASSIGNMENT (  '', '', ( #7005 ) ) ;
#5187 = SURFACE_STYLE_FILL_AREA ( #2787 ) ;
#5188 = VERTEX_POINT ( 'NONE', #1424 ) ;
#5189 = EDGE_CURVE ( 'NONE', #4952, #2288, #1846, .T. ) ;
#5190 = PRESENTATION_STYLE_ASSIGNMENT (( #5094 ) ) ;
#5191 = VERTEX_POINT ( 'NONE', #6175 ) ;
#5192 = FILL_AREA_STYLE ('',( #1991 ) ) ;
#5193 =( NAMED_UNIT ( * ) SI_UNIT ( $, .STERADIAN. ) SOLID_ANGLE_UNIT ( ) );
#5194 = MECHANICAL_DESIGN_GEOMETRIC_PRESENTATION_REPRESENTATION (  '', ( #3010 ), #5683 ) ;
#5195 = DIRECTION ( 'NONE',  ( -1.000000000000000000, 0.000000000000000000, 0.000000000000000000 ) ) ;
#5196 = APPLICATION_PROTOCOL_DEFINITION ( 'draft international standard', 'automotive_design', 1998, #9150 ) ;
#5197 = VECTOR ( 'NONE', #2414, 1000.000000000000000 ) ;
#5198 =( NAMED_UNIT ( * ) PLANE_ANGLE_UNIT ( ) SI_UNIT ( $, .RADIAN. ) );
#5199 = FACE_OUTER_BOUND ( 'NONE', #6391, .T. ) ;
#5200 = EDGE_CURVE ( 'NONE', #6122, #2894, #9856, .T. ) ;
#5201 = COLOUR_RGB ( '',0.7529411764705882248, 0.7529411764705882248, 0.7529411764705882248 ) ;
#5202 = COLOUR_RGB ( '',1.000000000000000000, 1.000000000000000000, 1.000000000000000000 ) ;
#5203 = DIRECTION ( 'NONE',  ( 1.000000000000000000, 0.000000000000000000, -0.000000000000000000 ) ) ;
#5204 = FILL_AREA_STYLE ('',( #6031 ) ) ;
#5205 = AXIS2_PLACEMENT_3D ( 'NONE', #508, #2310, #10083 ) ;
#5206 = ORIENTED_EDGE ( 'NONE', *, *, #9312, .F. ) ;
#5207 = CARTESIAN_POINT ( 'NONE',  ( 4.999999999999996447, -4.999999999999993783, 0.1999999999999985401 ) ) ;
#5208 = DIRECTION ( 'NONE',  ( -0.000000000000000000, 1.000000000000000000, -0.000000000000000000 ) ) ;
#5209 = EDGE_CURVE ( 'NONE', #2067, #490, #779, .T. ) ;
#5210 = CARTESIAN_POINT ( 'NONE',  ( -5.254550725525326982, -1.462164709833353449, 3.599999999873101597 ) ) ;
#5211 = DIRECTION ( 'NONE',  ( 1.058592843975275355E-14, 2.512674504403129539E-14, -1.000000000000000000 ) ) ;
#5212 = DIRECTION ( 'NONE',  ( -1.000000000000000000, 0.000000000000000000, 0.000000000000000000 ) ) ;
#5213 =( GEOMETRIC_REPRESENTATION_CONTEXT ( 3 ) GLOBAL_UNCERTAINTY_ASSIGNED_CONTEXT ( ( #7086 ) ) GLOBAL_UNIT_ASSIGNED_CONTEXT ( ( #8454, #10022, #2974 ) ) REPRESENTATION_CONTEXT ( 'NONE', 'WORKASPACE' ) );
#5214 = VECTOR ( 'NONE', #241, 1000.000000000000000 ) ;
#5215 = LINE ( 'NONE', #9169, #1870 ) ;
#5216 = VERTEX_POINT ( 'NONE', #3053 ) ;
#5217 = AXIS2_PLACEMENT_3D ( 'NONE', #8777, #9651, #4886 ) ;
#5218 = DIRECTION ( 'NONE',  ( 0.000000000000000000, 0.000000000000000000, 1.000000000000000000 ) ) ;
#5219 = ADVANCED_FACE ( 'NONE', ( #6130 ), #832, .T. ) ;
#5220 =( NAMED_UNIT ( * ) SI_UNIT ( $, .STERADIAN. ) SOLID_ANGLE_UNIT ( ) );
#5221 = EDGE_CURVE ( 'NONE', #2592, #2067, #2178, .T. ) ;
#5222 = CARTESIAN_POINT ( 'NONE',  ( -6.547679712131308172, -1.999999999999997335, -2.979052028523549112 ) ) ;
#5223 = DIRECTION ( 'NONE',  ( -1.000000000000000000, 1.355252715606882022E-16, 0.000000000000000000 ) ) ;
#5224 = ORIENTED_EDGE ( 'NONE', *, *, #9288, .T. ) ;
#5225 = CARTESIAN_POINT ( 'NONE',  ( -5.800000000000000711, 4.999999999999993783, 0.1999999999999957090 ) ) ;
#5226 = EDGE_LOOP ( 'NONE', ( #9620, #5165 ) ) ;
#5227 = CARTESIAN_POINT ( 'NONE',  ( 5.277469577783175936, 1.621726653768865711, 3.599999994700597394 ) ) ;
#5228 = PLANE ( 'NONE',  #2388 ) ;
#5229 = CARTESIAN_POINT ( 'NONE',  ( 0.9999999999941167061, 1.880790961326725235E-31, 7.300000000043382897 ) ) ;
#5230 = FILL_AREA_STYLE_COLOUR ( '', #239 ) ;
#5231 = LINE ( 'NONE', #8541, #7668 ) ;
#5232 = EDGE_CURVE ( 'NONE', #4177, #7939, #8791, .T. ) ;
#5233 = DIRECTION ( 'NONE',  ( -1.000000000000000000, 0.000000000000000000, 0.000000000000000000 ) ) ;
#5234 = AXIS2_PLACEMENT_3D ( 'NONE', #8024, #21, #9489 ) ;
#5235 = VERTEX_POINT ( 'NONE', #9723 ) ;
#5236 = VERTEX_POINT ( 'NONE', #836 ) ;
#5237 = PRESENTATION_LAYER_ASSIGNMENT (  '', '', ( #5897 ) ) ;
#5238 = SURFACE_STYLE_FILL_AREA ( #10074 ) ;
#5239 = EDGE_CURVE ( 'NONE', #2815, #646, #8203, .T. ) ;
#5240 = SURFACE_SIDE_STYLE ('',( #5035 ) ) ;
#5241 = STYLED_ITEM ( 'NONE', ( #1706 ), #6081 ) ;
#5242 = UNCERTAINTY_MEASURE_WITH_UNIT (LENGTH_MEASURE( 1.000000000000000082E-05 ), #3351, 'distance_accuracy_value', 'NONE');
#5243 = STYLED_ITEM ( 'NONE', ( #6440 ), #2920 ) ;
#5244 = PRESENTATION_STYLE_ASSIGNMENT (( #2187 ) ) ;
#5245 = EDGE_LOOP ( 'NONE', ( #4811, #7096, #1988, #4126 ) ) ;
#5246 = FACE_BOUND ( 'NONE', #3345, .T. ) ;
#5247 = ORIENTED_EDGE ( 'NONE', *, *, #7917, .F. ) ;
#5248 = COLOUR_RGB ( '',1.000000000000000000, 1.000000000000000000, 1.000000000000000000 ) ;
#5249 =( NAMED_UNIT ( * ) SI_UNIT ( $, .STERADIAN. ) SOLID_ANGLE_UNIT ( ) );
#5250 = CARTESIAN_POINT ( 'NONE',  ( -1.599999999999998979, -6.000000000000000000, 3.299999999999999822 ) ) ;
#5251 =( NAMED_UNIT ( * ) PLANE_ANGLE_UNIT ( ) SI_UNIT ( $, .RADIAN. ) );
#5252 = AXIS2_PLACEMENT_3D ( 'NONE', #1628, #3317, #6484 ) ;
#5253 = SPHERICAL_SURFACE ( 'NONE', #3247, 0.3000000000000002665 ) ;
#5254 = AXIS2_PLACEMENT_3D ( 'NONE', #4908, #3333, #1795 ) ;
#5255 = DIRECTION ( 'NONE',  ( 0.1179568432022815305, 0.9713257602420880543, 0.2064278339562815312 ) ) ;
#5256 =( NAMED_UNIT ( * ) SI_UNIT ( $, .STERADIAN. ) SOLID_ANGLE_UNIT ( ) );
#5257 = VECTOR ( 'NONE', #1356, 1000.000000000000000 ) ;
#5258 = SURFACE_SIDE_STYLE ('',( #2048 ) ) ;
#5259 = ORIENTED_EDGE ( 'NONE', *, *, #10296, .T. ) ;
#5260 = DIRECTION ( 'NONE',  ( 0.000000000000000000, -1.000000000000000000, -2.466431482431477230E-16 ) ) ;
#5261 = DIRECTION ( 'NONE',  ( 0.000000000000000000, 0.000000000000000000, -1.000000000000000000 ) ) ;
#5262 = SURFACE_SIDE_STYLE ('',( #1222 ) ) ;
#5263 = TOROIDAL_SURFACE ( 'NONE', #723, 5.275000000000003020, 0.1000000000000022121 ) ;
#5264 = AXIS2_PLACEMENT_3D ( 'NONE', #2712, #9082, #6578 ) ;
#5265 = CARTESIAN_POINT ( 'NONE',  ( -1.873585899494648377, -5.430545867047719355, 3.600000000000003642 ) ) ;
#5266 =( LENGTH_UNIT ( ) NAMED_UNIT ( * ) SI_UNIT ( .MILLI., .METRE. ) );
#5267 = SURFACE_STYLE_FILL_AREA ( #2056 ) ;
#5268 = ORIENTED_EDGE ( 'NONE', *, *, #7346, .T. ) ;
#5269 = PRESENTATION_LAYER_ASSIGNMENT (  '', '', ( #1406 ) ) ;
#5270 = VECTOR ( 'NONE', #6408, 1000.000000000000000 ) ;
#5271 = CARTESIAN_POINT ( 'NONE',  ( -4.400000000000000355, -3.500000000000000000, 0.4000000000000000222 ) ) ;
#5272 = LINE ( 'NONE', #3667, #2192 ) ;
#5273 = LINE ( 'NONE', #1290, #1599 ) ;
#5274 = ORIENTED_EDGE ( 'NONE', *, *, #7361, .T. ) ;
#5275 = ORIENTED_EDGE ( 'NONE', *, *, #3483, .T. ) ;
#5276 = MECHANICAL_DESIGN_GEOMETRIC_PRESENTATION_REPRESENTATION (  '', ( #9416 ), #4605 ) ;
#5277 =( NAMED_UNIT ( * ) SI_UNIT ( $, .STERADIAN. ) SOLID_ANGLE_UNIT ( ) );
#5278 = DIRECTION ( 'NONE',  ( 0.000000000000000000, -0.000000000000000000, -1.000000000000000000 ) ) ;
#5279 = CARTESIAN_POINT ( 'NONE',  ( 1.899999999999999911, -1.599999999999999867, 5.500000000000000000 ) ) ;
#5280 = VECTOR ( 'NONE', #7515, 1000.000000000000227 ) ;
#5281 = FILL_AREA_STYLE_COLOUR ( '', #769 ) ;
#5282 = ORIENTED_EDGE ( 'NONE', *, *, #2240, .F. ) ;
#5283 = CARTESIAN_POINT ( 'NONE',  ( -1.462164714140030464, 5.254537717835757960, 3.600000000000002309 ) ) ;
#5284 = DIRECTION ( 'NONE',  ( 0.000000000000000000, 1.000000000000000000, 0.000000000000000000 ) ) ;
#5285 = VERTEX_POINT ( 'NONE', #6611 ) ;
#5286 = EDGE_CURVE ( 'NONE', #2524, #6660, #939, .T. ) ;
#5287 = CARTESIAN_POINT ( 'NONE',  ( 6.300000004164958867, 1.409726619599058317, 0.7999999999999999334 ) ) ;
#5288 = CARTESIAN_POINT ( 'NONE',  ( 6.694074169054405665, -2.999999999999999556, -2.070921654418471647 ) ) ;
#5289 = CARTESIAN_POINT ( 'NONE',  ( -6.000000000000000000, 3.000000000000000000, 0.1999999999999997058 ) ) ;
#5290 =( GEOMETRIC_REPRESENTATION_CONTEXT ( 3 ) GLOBAL_UNCERTAINTY_ASSIGNED_CONTEXT ( ( #680 ) ) GLOBAL_UNIT_ASSIGNED_CONTEXT ( ( #10166, #2750, #9210 ) ) REPRESENTATION_CONTEXT ( 'NONE', 'WORKASPACE' ) );
#5291 = SURFACE_SIDE_STYLE ('',( #1407 ) ) ;
#5292 = ORIENTED_EDGE ( 'NONE', *, *, #7671, .F. ) ;
#5293 = FILL_AREA_STYLE_COLOUR ( '', #3597 ) ;
#5294 = AXIS2_PLACEMENT_3D ( 'NONE', #2317, #1631, #3154 ) ;
#5295 = LINE ( 'NONE', #6553, #3580 ) ;
#5296 = SURFACE_STYLE_FILL_AREA ( #1155 ) ;
#5297 = CARTESIAN_POINT ( 'NONE',  ( 6.041480816619161587, -6.704630743366731593, -0.8527262566030737734 ) ) ;
#5298 = CARTESIAN_POINT ( 'NONE',  ( -1.599999999999999867, 5.435424868894478401, 3.600000000000000089 ) ) ;
#5299 = PLANE ( 'NONE',  #8515 ) ;
#5300 = FACE_OUTER_BOUND ( 'NONE', #6211, .T. ) ;
#5301 = AXIS2_PLACEMENT_3D ( 'NONE', #3463, #9906, #9174 ) ;
#5302 = MECHANICAL_DESIGN_GEOMETRIC_PRESENTATION_REPRESENTATION (  '', ( #9787 ), #6230 ) ;
#5303 = FILL_AREA_STYLE ('',( #4670 ) ) ;
#5304 = ORIENTED_EDGE ( 'NONE', *, *, #7163, .T. ) ;
#5305 = AXIS2_PLACEMENT_3D ( 'NONE', #8687, #4136, #2489 ) ;
#5306 = ORIENTED_EDGE ( 'NONE', *, *, #4881, .T. ) ;
#5307 = DIRECTION ( 'NONE',  ( -1.000000000000000000, 8.881784197001252323E-16, 4.936205012942143035E-16 ) ) ;
#5308 = CARTESIAN_POINT ( 'NONE',  ( 0.000000000000000000, -1.500000000000000000, 5.500000000000000000 ) ) ;
#5309 = AXIS2_PLACEMENT_3D ( 'NONE', #2412, #4829, #30 ) ;
#5310 = CARTESIAN_POINT ( 'NONE',  ( -1.891518204694832672, -5.435006281036325326, 3.600000000000003197 ) ) ;
#5311 = CARTESIAN_POINT ( 'NONE',  ( -5.700000000000001954, 1.756407519426517183E-14, 3.500000000000001332 ) ) ;
#5312 = SURFACE_STYLE_USAGE ( .BOTH. , #1280 ) ;
#5313 = CARTESIAN_POINT ( 'NONE',  ( -4.399999999999998579, 5.000000000000000000, 0.000000000000000000 ) ) ;
#5314 = ORIENTED_EDGE ( 'NONE', *, *, #4269, .F. ) ;
#5315 = CIRCLE ( 'NONE', #8298, 0.1999999999999996503 ) ;
#5316 = DIRECTION ( 'NONE',  ( 0.8682466191274124112, 0.000000000000000000, -0.4961328535521690730 ) ) ;
#5317 = EDGE_CURVE ( 'NONE', #2231, #7175, #992, .T. ) ;
#5318 = CARTESIAN_POINT ( 'NONE',  ( -6.650000000000001243, -6.704630743366730705, -2.094532406675943648 ) ) ;
#5319 = ORIENTED_EDGE ( 'NONE', *, *, #4909, .F. ) ;
#5320 = EDGE_CURVE ( 'NONE', #6333, #7939, #9676, .T. ) ;
#5321 = VERTEX_POINT ( 'NONE', #8835 ) ;
#5322 = PRESENTATION_STYLE_ASSIGNMENT (( #3772 ) ) ;
#5323 = LINE ( 'NONE', #5420, #4099 ) ;
#5324 = ADVANCED_FACE ( 'NONE', ( #9573 ), #4127, .T. ) ;
#5325 = SURFACE_SIDE_STYLE ('',( #1977 ) ) ;
#5326 =( LENGTH_UNIT ( ) NAMED_UNIT ( * ) SI_UNIT ( .MILLI., .METRE. ) );
#5327 = VECTOR ( 'NONE', #4175, 1000.000000000000000 ) ;
#5328 = SURFACE_STYLE_USAGE ( .BOTH. , #3674 ) ;
#5329 = DIRECTION ( 'NONE',  ( 1.000000000000000000, 0.000000000000000000, -0.000000000000000000 ) ) ;
#5330 = ORIENTED_EDGE ( 'NONE', *, *, #3799, .T. ) ;
#5331 = ORIENTED_EDGE ( 'NONE', *, *, #7185, .T. ) ;
#5332 = SURFACE_STYLE_FILL_AREA ( #8456 ) ;
#5333 = ADVANCED_FACE ( 'NONE', ( #5770 ), #3384, .F. ) ;
#5334 = UNCERTAINTY_MEASURE_WITH_UNIT (LENGTH_MEASURE( 1.000000000000000082E-05 ), #217, 'distance_accuracy_value', 'NONE');
#5335 =( NAMED_UNIT ( * ) PLANE_ANGLE_UNIT ( ) SI_UNIT ( $, .RADIAN. ) );
#5336 = SURFACE_STYLE_FILL_AREA ( #2139 ) ;
#5337 = VERTEX_POINT ( 'NONE', #4340 ) ;
#5338 =( GEOMETRIC_REPRESENTATION_CONTEXT ( 3 ) GLOBAL_UNCERTAINTY_ASSIGNED_CONTEXT ( ( #1633 ) ) GLOBAL_UNIT_ASSIGNED_CONTEXT ( ( #2670, #4209, #2558 ) ) REPRESENTATION_CONTEXT ( 'NONE', 'WORKASPACE' ) );
#5339 = EDGE_LOOP ( 'NONE', ( #461, #772, #7012, #4733, #2502, #6014, #4301, #1019, #9564, #9237, #7536, #1496, #5028, #7233, #4763 ) ) ;
#5340 = EDGE_CURVE ( 'NONE', #654, #9229, #5986, .T. ) ;
#5341 = DIRECTION ( 'NONE',  ( -1.000000000000000000, 0.000000000000000000, 0.000000000000000000 ) ) ;
#5342 = FILL_AREA_STYLE ('',( #1410 ) ) ;
#5343 = SURFACE_STYLE_FILL_AREA ( #1411 ) ;
#5344 = FACE_OUTER_BOUND ( 'NONE', #4070, .T. ) ;
#5345 = DIRECTION ( 'NONE',  ( -2.203483674300796874E-31, 1.000000000000000000, -2.961358209323485106E-15 ) ) ;
#5346 = AXIS2_PLACEMENT_3D ( 'NONE', #2055, #433, #4349 ) ;
#5347 = DIRECTION ( 'NONE',  ( 0.8682466191274124112, 0.000000000000000000, -0.4961328535521690730 ) ) ;
#5348 = VERTEX_POINT ( 'NONE', #9050 ) ;
#5349 = AXIS2_PLACEMENT_3D ( 'NONE', #3675, #2131, #2172 ) ;
#5350 = ORIENTED_EDGE ( 'NONE', *, *, #6129, .F. ) ;
#5351 = LINE ( 'NONE', #8481, #7116 ) ;
#5352 =( LENGTH_UNIT ( ) NAMED_UNIT ( * ) SI_UNIT ( .MILLI., .METRE. ) );
#5353 = MECHANICAL_DESIGN_GEOMETRIC_PRESENTATION_REPRESENTATION (  '', ( #8509 ), #3906 ) ;
#5354 = CARTESIAN_POINT ( 'NONE',  ( -1.866468089771020189, -5.424452636960006124, 3.600000000000003197 ) ) ;
#5355 = FACE_OUTER_BOUND ( 'NONE', #261, .T. ) ;
#5356 = SPHERICAL_SURFACE ( 'NONE', #7026, 0.2999999999999999334 ) ;
#5357 = DIRECTION ( 'NONE',  ( -0.000000000000000000, -0.000000000000000000, 1.000000000000000000 ) ) ;
#5358 = ADVANCED_FACE ( 'NONE', ( #5300 ), #3695, .F. ) ;
#5359 = ORIENTED_EDGE ( 'NONE', *, *, #4385, .T. ) ;
#5360 =( GEOMETRIC_REPRESENTATION_CONTEXT ( 3 ) GLOBAL_UNCERTAINTY_ASSIGNED_CONTEXT ( ( #10319 ) ) GLOBAL_UNIT_ASSIGNED_CONTEXT ( ( #9124, #3559, #8066 ) ) REPRESENTATION_CONTEXT ( 'NONE', 'WORKASPACE' ) );
#5361 = CIRCLE ( 'NONE', #8513, 0.3499999999999996447 ) ;
#5362 =( GEOMETRIC_REPRESENTATION_CONTEXT ( 3 ) GLOBAL_UNCERTAINTY_ASSIGNED_CONTEXT ( ( #9195 ) ) GLOBAL_UNIT_ASSIGNED_CONTEXT ( ( #6972, #5513, #4282 ) ) REPRESENTATION_CONTEXT ( 'NONE', 'WORKASPACE' ) );
#5363 = SURFACE_STYLE_USAGE ( .BOTH. , #2165 ) ;
#5364 = FILL_AREA_STYLE ('',( #6139 ) ) ;
#5365 = EDGE_LOOP ( 'NONE', ( #2327, #3618, #6196, #2610 ) ) ;
#5366 = AXIS2_PLACEMENT_3D ( 'NONE', #4435, #1269, #465 ) ;
#5367 = PRESENTATION_LAYER_ASSIGNMENT (  '', '', ( #10028 ) ) ;
#5368 = CARTESIAN_POINT ( 'NONE',  ( 6.000000000000000000, 0.000000000000000000, 0.1999999999999999556 ) ) ;
#5369 = CARTESIAN_POINT ( 'NONE',  ( 6.693412330956371115, 3.000000000000000000, -2.119339049353548443 ) ) ;
#5370 = CARTESIAN_POINT ( 'NONE',  ( 6.420179204657453731, -2.062903407891059526, -3.202181546672992596 ) ) ;
#5371 = EDGE_CURVE ( 'NONE', #1840, #6693, #5929, .T. ) ;
#5372 = AXIS2_PLACEMENT_3D ( 'NONE', #4730, #3201, #9505 ) ;
#5373 = DIRECTION ( 'NONE',  ( -0.4819066211576255032, -0.2377525341402909609, -0.8433503074015629153 ) ) ;
#5374 = AXIS2_PLACEMENT_3D ( 'NONE', #3507, #8911, #5950 ) ;
#5375 = AXIS2_PLACEMENT_3D ( 'NONE', #10055, #7504, #3614 ) ;
#5376 = VERTEX_POINT ( 'NONE', #2099 ) ;
#5377 = ORIENTED_EDGE ( 'NONE', *, *, #9413, .F. ) ;
#5378 = SURFACE_STYLE_USAGE ( .BOTH. , #5544 ) ;
#5379 = VERTEX_POINT ( 'NONE', #1268 ) ;
#5380 = PRESENTATION_LAYER_ASSIGNMENT (  '', '', ( #2716 ) ) ;
#5381 = DIRECTION ( 'NONE',  ( -0.000000000000000000, -0.000000000000000000, 1.000000000000000000 ) ) ;
#5382 = EDGE_CURVE ( 'NONE', #2105, #7351, #4400, .T. ) ;
#5383 = PRESENTATION_LAYER_ASSIGNMENT (  '', '', ( #1040 ) ) ;
#5384 = DIRECTION ( 'NONE',  ( 0.4722150451494406265, 0.000000000000000000, -0.8814833810881017584 ) ) ;
#5385 = ORIENTED_EDGE ( 'NONE', *, *, #6436, .T. ) ;
#5386 = DIRECTION ( 'NONE',  ( 0.000000000000000000, 0.000000000000000000, -1.000000000000000000 ) ) ;
#5387 = CARTESIAN_POINT ( 'NONE',  ( -6.693412330956371115, 3.000000000000000000, -2.119339049353549331 ) ) ;
#5388 = MECHANICAL_DESIGN_GEOMETRIC_PRESENTATION_REPRESENTATION (  '', ( #3578 ), #1880 ) ;
#5389 = SURFACE_SIDE_STYLE ('',( #5343 ) ) ;
#5390 = PLANE ( 'NONE',  #5205 ) ;
#5391 =( GEOMETRIC_REPRESENTATION_CONTEXT ( 3 ) GLOBAL_UNCERTAINTY_ASSIGNED_CONTEXT ( ( #8169 ) ) GLOBAL_UNIT_ASSIGNED_CONTEXT ( ( #1100, #2792, #2038 ) ) REPRESENTATION_CONTEXT ( 'NONE', 'WORKASPACE' ) );
#5392 = PRESENTATION_STYLE_ASSIGNMENT (( #2197 ) ) ;
#5393 = AXIS2_PLACEMENT_3D ( 'NONE', #9662, #4948, #2519 ) ;
#5394 = SURFACE_STYLE_FILL_AREA ( #5303 ) ;
#5395 = CARTESIAN_POINT ( 'NONE',  ( -2.249999999999989342, 5.399999999999928413, 3.499999999999999556 ) ) ;
#5396 = EDGE_LOOP ( 'NONE', ( #5700, #3851, #5883, #5598 ) ) ;
#5397 = UNCERTAINTY_MEASURE_WITH_UNIT (LENGTH_MEASURE( 1.000000000000000082E-05 ), #8601, 'distance_accuracy_value', 'NONE');
#5398 = MECHANICAL_DESIGN_GEOMETRIC_PRESENTATION_REPRESENTATION (  '', ( #4924 ), #9078 ) ;
#5399 = CARTESIAN_POINT ( 'NONE',  ( 6.000000000000000000, -2.000000000000000000, 1.146410165690350924 ) ) ;
#5400 = CIRCLE ( 'NONE', #3429, 5.275000000000003908 ) ;
#5401 = CARTESIAN_POINT ( 'NONE',  ( -4.150000000000000355, 0.000000000000000000, 3.500000000000000000 ) ) ;
#5402 = SURFACE_STYLE_FILL_AREA ( #7840 ) ;
#5403 = DIRECTION ( 'NONE',  ( -0.000000000000000000, -0.000000000000000000, 1.000000000000000000 ) ) ;
#5404 = COLOUR_RGB ( '',1.000000000000000000, 1.000000000000000000, 1.000000000000000000 ) ;
#5405 = STYLED_ITEM ( 'NONE', ( #6302 ), #977 ) ;
#5406 = ADVANCED_FACE ( 'NONE', ( #7535 ), #1519, .T. ) ;
#5407 = EDGE_LOOP ( 'NONE', ( #4316, #7563, #4376, #1010 ) ) ;
#5408 = PRESENTATION_STYLE_ASSIGNMENT (( #679 ) ) ;
#5409 = EDGE_LOOP ( 'NONE', ( #6151, #740, #8487, #5614 ) ) ;
#5410 = FACE_OUTER_BOUND ( 'NONE', #10135, .T. ) ;
#5411 = AXIS2_PLACEMENT_3D ( 'NONE', #2909, #9835, #9998 ) ;
#5412 =( GEOMETRIC_REPRESENTATION_CONTEXT ( 3 ) GLOBAL_UNCERTAINTY_ASSIGNED_CONTEXT ( ( #2085 ) ) GLOBAL_UNIT_ASSIGNED_CONTEXT ( ( #7919, #8605, #1452 ) ) REPRESENTATION_CONTEXT ( 'NONE', 'WORKASPACE' ) );
#5413 = CARTESIAN_POINT ( 'NONE',  ( -6.000000000000015099, -1.999999999999999112, 5.364159265358978246 ) ) ;
#5414 = PRESENTATION_STYLE_ASSIGNMENT (( #8799 ) ) ;
#5415 = UNCERTAINTY_MEASURE_WITH_UNIT (LENGTH_MEASURE( 1.000000000000000082E-05 ), #2385, 'distance_accuracy_value', 'NONE');
#5416 = EDGE_CURVE ( 'NONE', #8551, #6736, #2186, .T. ) ;
#5417 = CARTESIAN_POINT ( 'NONE',  ( -6.000000000000000000, 2.000000000000000000, 0.1999999999999997058 ) ) ;
#5418 = VERTEX_POINT ( 'NONE', #2987 ) ;
#5419 = COLOUR_RGB ( '',1.000000000000000000, 1.000000000000000000, 1.000000000000000000 ) ;
#5420 = CARTESIAN_POINT ( 'NONE',  ( -2.263624949574436052, -5.432699878978660024, 3.600000000000001421 ) ) ;
#5421 = CARTESIAN_POINT ( 'NONE',  ( -1.600000000000000089, -1.899999999999999689, 7.299999999999998934 ) ) ;
#5422 = DIRECTION ( 'NONE',  ( -4.336808689942028583E-16, -9.403954806578348233E-32, 1.000000000000000000 ) ) ;
#5423 = COLOUR_RGB ( '',0.7529411764705882248, 0.7529411764705882248, 0.7529411764705882248 ) ;
#5424 =( LENGTH_UNIT ( ) NAMED_UNIT ( * ) SI_UNIT ( .MILLI., .METRE. ) );
#5425 =( GEOMETRIC_REPRESENTATION_CONTEXT ( 3 ) GLOBAL_UNCERTAINTY_ASSIGNED_CONTEXT ( ( #7232 ) ) GLOBAL_UNIT_ASSIGNED_CONTEXT ( ( #7311, #4934, #7871 ) ) REPRESENTATION_CONTEXT ( 'NONE', 'WORKASPACE' ) );
#5426 = VERTEX_POINT ( 'NONE', #6328 ) ;
#5427 =( NAMED_UNIT ( * ) PLANE_ANGLE_UNIT ( ) SI_UNIT ( $, .RADIAN. ) );
#5428 = ORIENTED_EDGE ( 'NONE', *, *, #1136, .T. ) ;
#5429 = CARTESIAN_POINT ( 'NONE',  ( 6.649999999999999467, 2.000000000000000000, -2.094532406675940983 ) ) ;
#5430 = ORIENTED_EDGE ( 'NONE', *, *, #4424, .F. ) ;
#5431 = CARTESIAN_POINT ( 'NONE',  ( -1.462164714140032684, 5.819112848942159744, 3.200000000000009504 ) ) ;
#5432 =( NAMED_UNIT ( * ) PLANE_ANGLE_UNIT ( ) SI_UNIT ( $, .RADIAN. ) );
#5433 =( LENGTH_UNIT ( ) NAMED_UNIT ( * ) SI_UNIT ( .MILLI., .METRE. ) );
#5434 = ORIENTED_EDGE ( 'NONE', *, *, #6240, .T. ) ;
#5435 = AXIS2_PLACEMENT_3D ( 'NONE', #4415, #2778, #9815 ) ;
#5436 = FILL_AREA_STYLE ('',( #647 ) ) ;
#5437 = CIRCLE ( 'NONE', #4956, 6.149999999999975486 ) ;
#5438 = ORIENTED_EDGE ( 'NONE', *, *, #184, .T. ) ;
#5439 = EDGE_CURVE ( 'NONE', #8193, #1497, #9449, .T. ) ;
#5440 = SURFACE_STYLE_USAGE ( .BOTH. , #2189 ) ;
#5441 = CARTESIAN_POINT ( 'NONE',  ( -1.891518204694831118, 5.435424868893540484, 3.199999999999999734 ) ) ;
#5442 = STYLED_ITEM ( 'NONE', ( #9271 ), #9000 ) ;
#5443 = PRESENTATION_STYLE_ASSIGNMENT (( #3042 ) ) ;
#5444 = AXIS2_PLACEMENT_3D ( 'NONE', #8424, #8268, #7439 ) ;
#5445 = DIRECTION ( 'NONE',  ( -0.000000000000000000, 0.000000000000000000, -1.000000000000000000 ) ) ;
#5446 =( NAMED_UNIT ( * ) PLANE_ANGLE_UNIT ( ) SI_UNIT ( $, .RADIAN. ) );
#5447 = ADVANCED_FACE ( 'NONE', ( #9503 ), #5390, .F. ) ;
#5448 = CARTESIAN_POINT ( 'NONE',  ( -6.700000000000001066, -2.999999999999999112, -2.094532406675943648 ) ) ;
#5449 = PRESENTATION_LAYER_ASSIGNMENT (  '', '', ( #9949 ) ) ;
#5450 = AXIS2_PLACEMENT_3D ( 'NONE', #8884, #4942, #8092 ) ;
#5451 = LINE ( 'NONE', #6167, #10111 ) ;
#5452 = SURFACE_STYLE_USAGE ( .BOTH. , #1417 ) ;
#5453 = VERTEX_POINT ( 'NONE', #2945 ) ;
#5454 = DIRECTION ( 'NONE',  ( 0.000000000000000000, -1.000000000000000000, 0.000000000000000000 ) ) ;
#5455 = SURFACE_STYLE_FILL_AREA ( #5611 ) ;
#5456 = PRESENTATION_LAYER_ASSIGNMENT (  '', '', ( #4319 ) ) ;
#5457 = SURFACE_STYLE_FILL_AREA ( #4634 ) ;
#5458 = ORIENTED_EDGE ( 'NONE', *, *, #5024, .F. ) ;
#5459 = DIRECTION ( 'NONE',  ( 0.000000000000000000, 3.657375328517790370E-12, 1.000000000000000000 ) ) ;
#5460 = FACE_OUTER_BOUND ( 'NONE', #5925, .T. ) ;
#5461 = EDGE_LOOP ( 'NONE', ( #7377, #7108 ) ) ;
#5462 = PRESENTATION_LAYER_ASSIGNMENT (  '', '', ( #2619 ) ) ;
#5463 = FILL_AREA_STYLE_COLOUR ( '', #2810 ) ;
#5464 = AXIS2_PLACEMENT_3D ( 'NONE', #5441, #10297, #2307 ) ;
#5465 = EDGE_CURVE ( 'NONE', #7403, #6660, #6117, .T. ) ;
#5466 = CYLINDRICAL_SURFACE ( 'NONE', #425, 0.3500000041649586890 ) ;
#5467 =( NAMED_UNIT ( * ) PLANE_ANGLE_UNIT ( ) SI_UNIT ( $, .RADIAN. ) );
#5468 = ADVANCED_FACE ( 'NONE', ( #5344 ), #661, .F. ) ;
#5469 = VERTEX_POINT ( 'NONE', #9605 ) ;
#5470 = SURFACE_SIDE_STYLE ('',( #9476 ) ) ;
#5471 = DIRECTION ( 'NONE',  ( -0.4961328535521687955, 0.000000000000000000, -0.8682466191274125222 ) ) ;
#5472 = SURFACE_STYLE_FILL_AREA ( #9424 ) ;
#5473 = AXIS2_PLACEMENT_3D ( 'NONE', #9785, #1166, #2689 ) ;
#5474 = CARTESIAN_POINT ( 'NONE',  ( 6.693412330956371115, -2.000000000000000000, -2.119339049353551996 ) ) ;
#5475 = EDGE_CURVE ( 'NONE', #6338, #709, #3426, .T. ) ;
#5476 = SURFACE_STYLE_USAGE ( .BOTH. , #1547 ) ;
#5477 = COLOUR_RGB ( '',0.7529411764705882248, 0.7529411764705882248, 0.7529411764705882248 ) ;
#5478 =( LENGTH_UNIT ( ) NAMED_UNIT ( * ) SI_UNIT ( .MILLI., .METRE. ) );
#5479 = EDGE_LOOP ( 'NONE', ( #9406, #1533, #7230, #7043 ) ) ;
#5480 = EDGE_LOOP ( 'NONE', ( #3293, #8020, #9307, #2451 ) ) ;
#5481 = ORIENTED_EDGE ( 'NONE', *, *, #3162, .F. ) ;
#5482 = VECTOR ( 'NONE', #142, 1000.000000000000000 ) ;
#5483 = EDGE_CURVE ( 'NONE', #3737, #1150, #2618, .T. ) ;
#5484 = CARTESIAN_POINT ( 'NONE',  ( -4.526465001667443033, 3.975217565217819882, 3.577896733784647676 ) ) ;
#5485 = DIRECTION ( 'NONE',  ( -0.000000000000000000, -0.000000000000000000, 1.000000000000000000 ) ) ;
#5486 = SURFACE_SIDE_STYLE ('',( #7150 ) ) ;
#5487 = EDGE_CURVE ( 'NONE', #5739, #8668, #8932, .T. ) ;
#5488 = DIRECTION ( 'NONE',  ( 5.292964219876516403E-15, 1.256337252201566032E-14, 1.000000000000000000 ) ) ;
#5489 = DIRECTION ( 'NONE',  ( -1.000000000000000000, 0.000000000000000000, 0.000000000000000000 ) ) ;
#5490 = VERTEX_POINT ( 'NONE', #1772 ) ;
#5491 =( LENGTH_UNIT ( ) NAMED_UNIT ( * ) SI_UNIT ( .MILLI., .METRE. ) );
#5492 = EDGE_CURVE ( 'NONE', #5453, #8551, #669, .T. ) ;
#5493 = MECHANICAL_DESIGN_GEOMETRIC_PRESENTATION_REPRESENTATION (  '', ( #8310 ), #9637 ) ;
#5494 = ORIENTED_EDGE ( 'NONE', *, *, #1296, .F. ) ;
#5495 = DIRECTION ( 'NONE',  ( 0.000000000000000000, 0.000000000000000000, -1.000000000000000000 ) ) ;
#5496 = FACE_OUTER_BOUND ( 'NONE', #1530, .T. ) ;
#5497 = DIRECTION ( 'NONE',  ( 1.000000000000000000, 0.000000000000000000, -0.000000000000000000 ) ) ;
#5498 = DIRECTION ( 'NONE',  ( 0.000000000000000000, 0.000000000000000000, 1.000000000000000000 ) ) ;
#5499 = FILL_AREA_STYLE_COLOUR ( '', #6190 ) ;
#5500 =( LENGTH_UNIT ( ) NAMED_UNIT ( * ) SI_UNIT ( .MILLI., .METRE. ) );
#5501 = ADVANCED_FACE ( 'NONE', ( #6595 ), #4166, .F. ) ;
#5502 = EDGE_CURVE ( 'NONE', #2664, #7382, #993, .T. ) ;
#5503 =( GEOMETRIC_REPRESENTATION_CONTEXT ( 3 ) GLOBAL_UNCERTAINTY_ASSIGNED_CONTEXT ( ( #2363 ) ) GLOBAL_UNIT_ASSIGNED_CONTEXT ( ( #6697, #5916, #5756 ) ) REPRESENTATION_CONTEXT ( 'NONE', 'WORKASPACE' ) );
#5504 = LINE ( 'NONE', #8620, #5957 ) ;
#5505 = CARTESIAN_POINT ( 'NONE',  ( -1.462164714140030464, 5.819112848942165073, 3.599999999999995648 ) ) ;
#5506 = EDGE_LOOP ( 'NONE', ( #5319, #4557, #7146, #7310 ) ) ;
#5507 = CARTESIAN_POINT ( 'NONE',  ( -6.299999999999997158, -6.704630743366730705, -0.6874509908007694348 ) ) ;
#5508 = DIRECTION ( 'NONE',  ( 1.000000000000000000, 0.000000000000000000, -0.000000000000000000 ) ) ;
#5509 = CARTESIAN_POINT ( 'NONE',  ( 6.305925830945591670, -2.000000000000000000, -0.7110617430582412135 ) ) ;
#5510 = DIRECTION ( 'NONE',  ( 0.000000000000000000, 0.000000000000000000, -1.000000000000000000 ) ) ;
#5511 = ORIENTED_EDGE ( 'NONE', *, *, #4078, .F. ) ;
#5512 = DIRECTION ( 'NONE',  ( -2.035455951755865763E-30, 1.000000000000000000, -1.256337252201266738E-14 ) ) ;
#5513 =( NAMED_UNIT ( * ) PLANE_ANGLE_UNIT ( ) SI_UNIT ( $, .RADIAN. ) );
#5514 = ORIENTED_EDGE ( 'NONE', *, *, #4432, .F. ) ;
#5515 = EDGE_CURVE ( 'NONE', #8148, #1322, #9666, .T. ) ;
#5516 = DIRECTION ( 'NONE',  ( 0.8682466191274124112, 0.000000000000000000, -0.4961328535521690730 ) ) ;
#5517 = UNCERTAINTY_MEASURE_WITH_UNIT (LENGTH_MEASURE( 1.000000000000000082E-05 ), #1852, 'distance_accuracy_value', 'NONE');
#5518 = SURFACE_SIDE_STYLE ('',( #1585 ) ) ;
#5519 = AXIS2_PLACEMENT_3D ( 'NONE', #5535, #3287, #3175 ) ;
#5520 = STYLED_ITEM ( 'NONE', ( #7522 ), #5632 ) ;
#5521 = EDGE_CURVE ( 'NONE', #5856, #9160, #6479, .T. ) ;
#5522 = SURFACE_STYLE_FILL_AREA ( #7958 ) ;
#5523 = UNCERTAINTY_MEASURE_WITH_UNIT (LENGTH_MEASURE( 1.000000000000000082E-05 ), #7619, 'distance_accuracy_value', 'NONE');
#5524 = ORIENTED_EDGE ( 'NONE', *, *, #2452, .F. ) ;
#5525 = CARTESIAN_POINT ( 'NONE',  ( -6.159705218919231839, -2.937096592108938697, -3.053341690607345615 ) ) ;
#5526 = AXIS2_PLACEMENT_3D ( 'NONE', #10197, #8675, #7646 ) ;
#5527 = DIRECTION ( 'NONE',  ( 0.000000000000000000, 1.000000000000000000, 0.000000000000000000 ) ) ;
#5528 = MECHANICAL_DESIGN_GEOMETRIC_PRESENTATION_REPRESENTATION (  '', ( #3544 ), #4697 ) ;
#5529 = ORIENTED_EDGE ( 'NONE', *, *, #7928, .F. ) ;
#5530 = COLOUR_RGB ( '',0.2980392156862745057, 0.2980392156862745057, 0.2980392156862745057 ) ;
#5531 = CARTESIAN_POINT ( 'NONE',  ( 0.000000000000000000, 5.800000000000000711, 0.2000000000000000944 ) ) ;
#5532 = DIRECTION ( 'NONE',  ( 1.000000000000000000, 0.000000000000000000, -5.421010862435353587E-16 ) ) ;
#5533 = VECTOR ( 'NONE', #10001, 1000.000000000000227 ) ;
#5534 = EDGE_CURVE ( 'NONE', #8962, #10006, #5706, .T. ) ;
#5535 = CARTESIAN_POINT ( 'NONE',  ( 6.212785798360252798, 2.499999999999999556, -2.960449165327014853 ) ) ;
#5536 = ADVANCED_FACE ( 'NONE', ( #3363 ), #8878, .T. ) ;
#5537 = CARTESIAN_POINT ( 'NONE',  ( -6.349999999999996980, -6.704630743366730705, -0.6874509908007693237 ) ) ;
#5538 = CIRCLE ( 'NONE', #4873, 0.03542486889692494229 ) ;
#5539 = AXIS2_PLACEMENT_3D ( 'NONE', #870, #4100, #6468 ) ;
#5540 = ORIENTED_EDGE ( 'NONE', *, *, #7794, .T. ) ;
#5541 = EDGE_LOOP ( 'NONE', ( #8501, #4160 ) ) ;
#5542 = ORIENTED_EDGE ( 'NONE', *, *, #1763, .T. ) ;
#5543 = STYLED_ITEM ( 'NONE', ( #2799 ), #5358 ) ;
#5544 = SURFACE_SIDE_STYLE ('',( #1354 ) ) ;
#5545 = SURFACE_STYLE_USAGE ( .BOTH. , #9385 ) ;
#5546 = CARTESIAN_POINT ( 'NONE',  ( 6.547679712131309060, -1.999999999999999556, -2.979052028523548667 ) ) ;
#5547 = FILL_AREA_STYLE ('',( #3998 ) ) ;
#5548 = VERTEX_POINT ( 'NONE', #4326 ) ;
#5549 =( GEOMETRIC_REPRESENTATION_CONTEXT ( 3 ) GLOBAL_UNCERTAINTY_ASSIGNED_CONTEXT ( ( #6243 ) ) GLOBAL_UNIT_ASSIGNED_CONTEXT ( ( #7879, #7115, #6219 ) ) REPRESENTATION_CONTEXT ( 'NONE', 'WORKASPACE' ) );
#5550 = LINE ( 'NONE', #3300, #2695 ) ;
#5551 = AXIS2_PLACEMENT_3D ( 'NONE', #534, #2826, #6147 ) ;
#5552 = FILL_AREA_STYLE ('',( #3139 ) ) ;
#5553 = ORIENTED_EDGE ( 'NONE', *, *, #404, .F. ) ;
#5554 = FILL_AREA_STYLE_COLOUR ( '', #9756 ) ;
#5555 = ORIENTED_EDGE ( 'NONE', *, *, #2856, .T. ) ;
#5556 = CIRCLE ( 'NONE', #3898, 0.03542486889731959188 ) ;
#5557 = EDGE_CURVE ( 'NONE', #4968, #4663, #7829, .T. ) ;
#5558 = FILL_AREA_STYLE ('',( #6432 ) ) ;
#5559 = CARTESIAN_POINT ( 'NONE',  ( 6.953886316694598335, 6.704630743366732482, -2.268178905419202529 ) ) ;
#5560 = PRESENTATION_STYLE_ASSIGNMENT (( #722 ) ) ;
#5561 =( LENGTH_UNIT ( ) NAMED_UNIT ( * ) SI_UNIT ( .MILLI., .METRE. ) );
#5562 =( LENGTH_UNIT ( ) NAMED_UNIT ( * ) SI_UNIT ( .MILLI., .METRE. ) );
#5563 = ORIENTED_EDGE ( 'NONE', *, *, #7954, .T. ) ;
#5564 = CIRCLE ( 'NONE', #1212, 0.7999999999999994893 ) ;
#5565 = DIRECTION ( 'NONE',  ( -0.000000000000000000, -0.000000000000000000, 1.000000000000000000 ) ) ;
#5566 = LINE ( 'NONE', #2261, #2115 ) ;
#5567 = SURFACE_STYLE_USAGE ( .BOTH. , #2362 ) ;
#5568 = AXIS2_PLACEMENT_3D ( 'NONE', #6587, #2409, #6527 ) ;
#5569 = DIRECTION ( 'NONE',  ( 0.000000000000000000, 0.000000000000000000, -1.000000000000000000 ) ) ;
#5570 = ORIENTED_EDGE ( 'NONE', *, *, #4104, .T. ) ;
#5571 = EDGE_LOOP ( 'NONE', ( #5282, #2496, #8069, #9828 ) ) ;
#5572 = CARTESIAN_POINT ( 'NONE',  ( 1.866168552841450223, -5.424745029542519248, 3.600000000000001421 ) ) ;
#5573 = DIRECTION ( 'NONE',  ( 1.000000000000000000, -2.710505431213761578E-16, -0.000000000000000000 ) ) ;
#5574 = MECHANICAL_DESIGN_GEOMETRIC_PRESENTATION_REPRESENTATION (  '', ( #5241 ), #1215 ) ;
#5575 = MECHANICAL_DESIGN_GEOMETRIC_PRESENTATION_REPRESENTATION (  '', ( #6217 ), #6906 ) ;
#5576 = CARTESIAN_POINT ( 'NONE',  ( 5.435424868894227046, 1.891518204694830452, 3.600000000000001421 ) ) ;
#5577 =( NAMED_UNIT ( * ) PLANE_ANGLE_UNIT ( ) SI_UNIT ( $, .RADIAN. ) );
#5578 = CARTESIAN_POINT ( 'NONE',  ( -6.000000000000000000, 5.000000000000000000, 3.500000000000000000 ) ) ;
#5579 = PRESENTATION_LAYER_ASSIGNMENT (  '', '', ( #8904 ) ) ;
#5580 =( NAMED_UNIT ( * ) PLANE_ANGLE_UNIT ( ) SI_UNIT ( $, .RADIAN. ) );
#5581 = SURFACE_STYLE_USAGE ( .BOTH. , #7625 ) ;
#5582 = CARTESIAN_POINT ( 'NONE',  ( 9.184547653667727131E-17, 4.500000000000002665, -1.499999999999999112 ) ) ;
#5583 =( GEOMETRIC_REPRESENTATION_CONTEXT ( 3 ) GLOBAL_UNCERTAINTY_ASSIGNED_CONTEXT ( ( #4844 ) ) GLOBAL_UNIT_ASSIGNED_CONTEXT ( ( #2, #1688, #216 ) ) REPRESENTATION_CONTEXT ( 'NONE', 'WORKASPACE' ) );
#5584 = DIRECTION ( 'NONE',  ( -0.4722150451494367962, 0.000000000000000000, 0.8814833810881038678 ) ) ;
#5585 = ORIENTED_EDGE ( 'NONE', *, *, #2587, .F. ) ;
#5586 =( LENGTH_UNIT ( ) NAMED_UNIT ( * ) SI_UNIT ( .MILLI., .METRE. ) );
#5587 = VERTEX_POINT ( 'NONE', #1826 ) ;
#5588 = VERTEX_POINT ( 'NONE', #7470 ) ;
#5589 = DIRECTION ( 'NONE',  ( -1.000000000000000000, -0.000000000000000000, 0.000000000000000000 ) ) ;
#5590 = STYLED_ITEM ( 'NONE', ( #4869 ), #4566 ) ;
#5591 = CARTESIAN_POINT ( 'NONE',  ( 1.600000000000000089, 1.599999999999999867, 7.000000000000130562 ) ) ;
#5592 = CARTESIAN_POINT ( 'NONE',  ( 6.420179204657448402, 2.062903407891060414, -3.202181546672993484 ) ) ;
#5593 = PRESENTATION_STYLE_ASSIGNMENT (( #2399 ) ) ;
#5594 = VERTEX_POINT ( 'NONE', #2032 ) ;
#5595 =( NAMED_UNIT ( * ) SI_UNIT ( $, .STERADIAN. ) SOLID_ANGLE_UNIT ( ) );
#5596 = COLOUR_RGB ( '',1.000000000000000000, 1.000000000000000000, 1.000000000000000000 ) ;
#5597 = AXIS2_PLACEMENT_3D ( 'NONE', #10324, #2442, #5532 ) ;
#5598 = ORIENTED_EDGE ( 'NONE', *, *, #5082, .T. ) ;
#5599 = DIRECTION ( 'NONE',  ( 5.025349008806200386E-14, 2.117185687950617605E-14, -1.000000000000000000 ) ) ;
#5600 = ORIENTED_EDGE ( 'NONE', *, *, #4835, .F. ) ;
#5601 = FILL_AREA_STYLE_COLOUR ( '', #2901 ) ;
#5602 = EDGE_CURVE ( 'NONE', #1685, #6842, #6850, .T. ) ;
#5603 = FILL_AREA_STYLE ('',( #6431 ) ) ;
#5604 = CARTESIAN_POINT ( 'NONE',  ( 4.400000000000000355, 3.500000000000000000, 0.4000000000000000222 ) ) ;
#5605 = DIRECTION ( 'NONE',  ( -0.000000000000000000, 1.000000000000000000, -0.000000000000000000 ) ) ;
#5606 = FILL_AREA_STYLE_COLOUR ( '', #8855 ) ;
#5607 =( LENGTH_UNIT ( ) NAMED_UNIT ( * ) SI_UNIT ( .MILLI., .METRE. ) );
#5608 = FILL_AREA_STYLE ('',( #3262 ) ) ;
#5609 = ORIENTED_EDGE ( 'NONE', *, *, #3162, .T. ) ;
#5610 =( NAMED_UNIT ( * ) PLANE_ANGLE_UNIT ( ) SI_UNIT ( $, .RADIAN. ) );
#5611 = FILL_AREA_STYLE ('',( #7121 ) ) ;
#5612 = UNCERTAINTY_MEASURE_WITH_UNIT (LENGTH_MEASURE( 1.000000000000000082E-05 ), #6857, 'distance_accuracy_value', 'NONE');
#5613 = SURFACE_SIDE_STYLE ('',( #5457 ) ) ;
#5614 = ORIENTED_EDGE ( 'NONE', *, *, #9653, .T. ) ;
#5615 = CARTESIAN_POINT ( 'NONE',  ( 1.599999999999999867, -5.435424868893540484, 3.199999999999999734 ) ) ;
#5616 = ORIENTED_EDGE ( 'NONE', *, *, #9495, .T. ) ;
#5617 =( LENGTH_UNIT ( ) NAMED_UNIT ( * ) SI_UNIT ( .MILLI., .METRE. ) );
#5618 = FILL_AREA_STYLE_COLOUR ( '', #5201 ) ;
#5619 = AXIS2_PLACEMENT_3D ( 'NONE', #2638, #8992, #5936 ) ;
#5620 = AXIS2_PLACEMENT_3D ( 'NONE', #1702, #6416, #8760 ) ;
#5621 = SURFACE_STYLE_USAGE ( .BOTH. , #2433 ) ;
#5622 = SURFACE_SIDE_STYLE ('',( #5522 ) ) ;
#5623 = DIRECTION ( 'NONE',  ( -1.000000000000000000, 1.055607311520602361E-62, 1.027427521298027226E-31 ) ) ;
#5624 = CARTESIAN_POINT ( 'NONE',  ( 0.000000000000000000, -6.000000000000000000, 0.2000000000000000944 ) ) ;
#5625 =( NAMED_UNIT ( * ) SI_UNIT ( $, .STERADIAN. ) SOLID_ANGLE_UNIT ( ) );
#5626 =( NAMED_UNIT ( * ) PLANE_ANGLE_UNIT ( ) SI_UNIT ( $, .RADIAN. ) );
#5627 = DIRECTION ( 'NONE',  ( 0.000000000000000000, 0.000000000000000000, 1.000000000000000000 ) ) ;
#5628 = PRESENTATION_LAYER_ASSIGNMENT (  '', '', ( #4641 ) ) ;
#5629 = EDGE_CURVE ( 'NONE', #1076, #2821, #3865, .T. ) ;
#5630 =( GEOMETRIC_REPRESENTATION_CONTEXT ( 3 ) GLOBAL_UNCERTAINTY_ASSIGNED_CONTEXT ( ( #1123 ) ) GLOBAL_UNIT_ASSIGNED_CONTEXT ( ( #2191, #10339, #2144 ) ) REPRESENTATION_CONTEXT ( 'NONE', 'WORKASPACE' ) );
#5631 = CARTESIAN_POINT ( 'NONE',  ( 5.800000000000000711, 3.499999999999999556, 0.2000000000000000944 ) ) ;
#5632 = ADVANCED_FACE ( 'NONE', ( #1039 ), #1256, .T. ) ;
#5633 = ORIENTED_EDGE ( 'NONE', *, *, #7810, .T. ) ;
#5634 = EDGE_LOOP ( 'NONE', ( #4203, #2741, #6340, #6033 ) ) ;
#5635 = VERTEX_POINT ( 'NONE', #6654 ) ;
#5636 = EDGE_CURVE ( 'NONE', #308, #187, #4421, .T. ) ;
#5637 = VECTOR ( 'NONE', #4735, 1000.000000000000000 ) ;
#5638 = CARTESIAN_POINT ( 'NONE',  ( 5.295048634330625781, 1.673936527433671051, 3.599999654498287072 ) ) ;
#5639 = CARTESIAN_POINT ( 'NONE',  ( 3.950851657416640350, -4.713095711004415378, 3.499999999999998224 ) ) ;
#5640 = AXIS2_PLACEMENT_3D ( 'NONE', #7001, #10180, #9396 ) ;
#5641 = PRESENTATION_STYLE_ASSIGNMENT (( #10227 ) ) ;
#5642 = CARTESIAN_POINT ( 'NONE',  ( -4.999999999999997335, -5.799999999999998046, 3.299999999999998490 ) ) ;
#5643 = ORIENTED_EDGE ( 'NONE', *, *, #2564, .T. ) ;
#5644 = AXIS2_PLACEMENT_3D ( 'NONE', #1819, #8924, #9025 ) ;
#5645 = EDGE_CURVE ( 'NONE', #5019, #9552, #2682, .T. ) ;
#5646 =( LENGTH_UNIT ( ) NAMED_UNIT ( * ) SI_UNIT ( .MILLI., .METRE. ) );
#5647 = COLOUR_RGB ( '',0.7529411764705882248, 0.7529411764705882248, 0.7529411764705882248 ) ;
#5648 = ORIENTED_EDGE ( 'NONE', *, *, #6554, .F. ) ;
#5649 = SURFACE_STYLE_USAGE ( .BOTH. , #7107 ) ;
#5650 = ORIENTED_EDGE ( 'NONE', *, *, #3696, .F. ) ;
#5651 = CARTESIAN_POINT ( 'NONE',  ( -1.839795834025949040, -5.499999999977941201, 3.592487498617054964 ) ) ;
#5652 = EDGE_CURVE ( 'NONE', #5964, #2393, #5866, .T. ) ;
#5653 = DIRECTION ( 'NONE',  ( -1.053031360026544826E-16, -1.000000000000000000, -0.000000000000000000 ) ) ;
#5654 = CARTESIAN_POINT ( 'NONE',  ( -5.819112848942190830, 1.462164714140030686, 3.500000000000084821 ) ) ;
#5655 = SURFACE_STYLE_FILL_AREA ( #1623 ) ;
#5656 = PRESENTATION_LAYER_ASSIGNMENT (  '', '', ( #4354 ) ) ;
#5657 = SURFACE_STYLE_FILL_AREA ( #7370 ) ;
#5658 = EDGE_CURVE ( 'NONE', #2907, #4690, #7174, .T. ) ;
#5659 = EDGE_CURVE ( 'NONE', #4663, #5854, #8161, .T. ) ;
#5660 = LINE ( 'NONE', #3864, #9578 ) ;
#5661 = FACE_OUTER_BOUND ( 'NONE', #10328, .T. ) ;
#5662 = ORIENTED_EDGE ( 'NONE', *, *, #4256, .T. ) ;
#5663 = CARTESIAN_POINT ( 'NONE',  ( 6.473259784098480019, -2.499999999999999556, -3.109289021392667163 ) ) ;
#5664 = CARTESIAN_POINT ( 'NONE',  ( 6.300000000000014921, -2.000000000000000000, 5.364159265358977358 ) ) ;
#5665 = DIRECTION ( 'NONE',  ( 0.000000000000000000, 0.000000000000000000, 1.000000000000000000 ) ) ;
#5666 = ORIENTED_EDGE ( 'NONE', *, *, #7501, .F. ) ;
#5667 = SURFACE_SIDE_STYLE ('',( #7124 ) ) ;
#5668 = UNCERTAINTY_MEASURE_WITH_UNIT (LENGTH_MEASURE( 1.000000000000000082E-05 ), #318, 'distance_accuracy_value', 'NONE');
#5669 = ORIENTED_EDGE ( 'NONE', *, *, #2564, .F. ) ;
#5670 = TOROIDAL_SURFACE ( 'NONE', #9650, 5.275000000000003020, 0.1000000000000022121 ) ;
#5671 = DIRECTION ( 'NONE',  ( 1.053031360026544826E-16, 1.000000000000000000, 0.000000000000000000 ) ) ;
#5672 =( LENGTH_UNIT ( ) NAMED_UNIT ( * ) SI_UNIT ( .MILLI., .METRE. ) );
#5673 = STYLED_ITEM ( 'NONE', ( #9739 ), #1759 ) ;
#5674 = FACE_OUTER_BOUND ( 'NONE', #3472, .T. ) ;
#5675 = SURFACE_SIDE_STYLE ('',( #4184 ) ) ;
#5676 = EDGE_CURVE ( 'NONE', #10149, #6427, #3016, .T. ) ;
#5677 = DIRECTION ( 'NONE',  ( -1.000000000000000000, -0.000000000000000000, 0.000000000000000000 ) ) ;
#5678 = SURFACE_SIDE_STYLE ('',( #1749 ) ) ;
#5679 = SURFACE_STYLE_USAGE ( .BOTH. , #64 ) ;
#5680 = CIRCLE ( 'NONE', #1502, 0.4000000000002206790 ) ;
#5681 =( NAMED_UNIT ( * ) SI_UNIT ( $, .STERADIAN. ) SOLID_ANGLE_UNIT ( ) );
#5682 = ORIENTED_EDGE ( 'NONE', *, *, #5317, .F. ) ;
#5683 =( GEOMETRIC_REPRESENTATION_CONTEXT ( 3 ) GLOBAL_UNCERTAINTY_ASSIGNED_CONTEXT ( ( #2774 ) ) GLOBAL_UNIT_ASSIGNED_CONTEXT ( ( #7688, #6872, #9305 ) ) REPRESENTATION_CONTEXT ( 'NONE', 'WORKASPACE' ) );
#5684 = ORIENTED_EDGE ( 'NONE', *, *, #7826, .F. ) ;
#5685 = ORIENTED_EDGE ( 'NONE', *, *, #2538, .T. ) ;
#5686 =( GEOMETRIC_REPRESENTATION_CONTEXT ( 3 ) GLOBAL_UNCERTAINTY_ASSIGNED_CONTEXT ( ( #1540 ) ) GLOBAL_UNIT_ASSIGNED_CONTEXT ( ( #7601, #10150, #6787 ) ) REPRESENTATION_CONTEXT ( 'NONE', 'WORKASPACE' ) );
#5687 =( GEOMETRIC_REPRESENTATION_CONTEXT ( 3 ) GLOBAL_UNCERTAINTY_ASSIGNED_CONTEXT ( ( #3212 ) ) GLOBAL_UNIT_ASSIGNED_CONTEXT ( ( #2739, #2251, #10183 ) ) REPRESENTATION_CONTEXT ( 'NONE', 'WORKASPACE' ) );
#5688 = CARTESIAN_POINT ( 'NONE',  ( -5.800000000000001599, 4.999999999999996447, -8.402566836762659364E-16 ) ) ;
#5689 = CARTESIAN_POINT ( 'NONE',  ( 6.000000000000000000, -5.000000000000000888, 3.500000000000000000 ) ) ;
#5690 = CARTESIAN_POINT ( 'NONE',  ( 0.000000000000000000, 0.000000000000000000, 3.049999999999998934 ) ) ;
#5691 = CARTESIAN_POINT ( 'NONE',  ( 6.250000000000003553, -2.499999999999999556, -3.500000000000002665 ) ) ;
#5692 = SURFACE_STYLE_USAGE ( .BOTH. , #3137 ) ;
#5693 = CIRCLE ( 'NONE', #3879, 0.1000000000000020040 ) ;
#5694 = PRESENTATION_LAYER_ASSIGNMENT (  '', '', ( #3544 ) ) ;
#5695 =( GEOMETRIC_REPRESENTATION_CONTEXT ( 3 ) GLOBAL_UNCERTAINTY_ASSIGNED_CONTEXT ( ( #1192 ) ) GLOBAL_UNIT_ASSIGNED_CONTEXT ( ( #9572, #4899, #8790 ) ) REPRESENTATION_CONTEXT ( 'NONE', 'WORKASPACE' ) );
#5696 = CARTESIAN_POINT ( 'NONE',  ( 4.750000000000000000, -4.750000000000000000, 3.499999999999997780 ) ) ;
#5697 = CIRCLE ( 'NONE', #10024, 0.1999999999999996503 ) ;
#5698 = EDGE_LOOP ( 'NONE', ( #8548, #444, #5179, #8215 ) ) ;
#5699 =( NAMED_UNIT ( * ) PLANE_ANGLE_UNIT ( ) SI_UNIT ( $, .RADIAN. ) );
#5700 = ORIENTED_EDGE ( 'NONE', *, *, #6076, .T. ) ;
#5701 =( NAMED_UNIT ( * ) PLANE_ANGLE_UNIT ( ) SI_UNIT ( $, .RADIAN. ) );
#5702 = AXIS2_PLACEMENT_3D ( 'NONE', #929, #9764, #7321 ) ;
#5703 = STYLED_ITEM ( 'NONE', ( #1924 ), #7624 ) ;
#5704 = CARTESIAN_POINT ( 'NONE',  ( -2.250000000001159073, 5.435424868894951800, 3.599999999999998757 ) ) ;
#5705 = CARTESIAN_POINT ( 'NONE',  ( 4.750000000000000000, 4.750000000000000000, 3.200000000000000178 ) ) ;
#5706 = LINE ( 'NONE', #7216, #641 ) ;
#5707 = PRESENTATION_LAYER_ASSIGNMENT (  '', '', ( #179 ) ) ;
#5708 = DIRECTION ( 'NONE',  ( 1.000000000000000000, -0.000000000000000000, 0.000000000000000000 ) ) ;
#5709 = CARTESIAN_POINT ( 'NONE',  ( 5.528157206495054155, 1.389056478433037034, 3.499999999999997780 ) ) ;
#5710 =( NAMED_UNIT ( * ) SI_UNIT ( $, .STERADIAN. ) SOLID_ANGLE_UNIT ( ) );
#5711 =( GEOMETRIC_REPRESENTATION_CONTEXT ( 3 ) GLOBAL_UNCERTAINTY_ASSIGNED_CONTEXT ( ( #1775 ) ) GLOBAL_UNIT_ASSIGNED_CONTEXT ( ( #4291, #1060, #9211 ) ) REPRESENTATION_CONTEXT ( 'NONE', 'WORKASPACE' ) );
#5712 = ORIENTED_EDGE ( 'NONE', *, *, #8236, .F. ) ;
#5713 = DIRECTION ( 'NONE',  ( -1.000000000000000000, 0.000000000000000000, -0.000000000000000000 ) ) ;
#5714 = CARTESIAN_POINT ( 'NONE',  ( 5.204170427930421283E-15, -3.469446951953614189E-15, 3.500000000000000000 ) ) ;
#5715 = CARTESIAN_POINT ( 'NONE',  ( 4.231862696384007162E-16, 5.175000000000002487, 3.500000000000001332 ) ) ;
#5716 = CARTESIAN_POINT ( 'NONE',  ( -4.750000000000000000, -4.750000000000000000, 3.200000000000000178 ) ) ;
#5717 = ORIENTED_EDGE ( 'NONE', *, *, #9798, .F. ) ;
#5718 =( NAMED_UNIT ( * ) PLANE_ANGLE_UNIT ( ) SI_UNIT ( $, .RADIAN. ) );
#5719 = EDGE_CURVE ( 'NONE', #760, #4972, #5031, .T. ) ;
#5720 = ORIENTED_EDGE ( 'NONE', *, *, #8449, .T. ) ;
#5721 = CARTESIAN_POINT ( 'NONE',  ( -5.676923076923080735, -2.365384615384602984, 3.499999999999983125 ) ) ;
#5722 = VECTOR ( 'NONE', #802, 1000.000000000000000 ) ;
#5723 = CARTESIAN_POINT ( 'NONE',  ( -5.999999999999997335, 0.000000000000000000, -0.6874509908007687686 ) ) ;
#5724 = AXIS2_PLACEMENT_3D ( 'NONE', #1565, #5495, #4565 ) ;
#5725 = CYLINDRICAL_SURFACE ( 'NONE', #3249, 0.3499999999999996447 ) ;
#5726 = EDGE_CURVE ( 'NONE', #2393, #7426, #5680, .T. ) ;
#5727 = DIRECTION ( 'NONE',  ( -1.222978688985946960E-15, 1.000000000000000000, 0.000000000000000000 ) ) ;
#5728 = COLOUR_RGB ( '',0.7529411764705882248, 0.7529411764705882248, 0.7529411764705882248 ) ;
#5729 = FACE_OUTER_BOUND ( 'NONE', #9738, .T. ) ;
#5730 =( LENGTH_UNIT ( ) NAMED_UNIT ( * ) SI_UNIT ( .MILLI., .METRE. ) );
#5731 = CARTESIAN_POINT ( 'NONE',  ( -6.958519183380836637, -2.999999999999999112, -1.929257140873640308 ) ) ;
#5732 = COLOUR_RGB ( '',0.2980392156862745057, 0.2980392156862745057, 0.2980392156862745057 ) ;
#5733 = FILL_AREA_STYLE_COLOUR ( '', #8293 ) ;
#5734 = AXIS2_PLACEMENT_3D ( 'NONE', #6023, #3741, #4570 ) ;
#5735 = ORIENTED_EDGE ( 'NONE', *, *, #8575, .F. ) ;
#5736 = FILL_AREA_STYLE ('',( #8283 ) ) ;
#5737 = ORIENTED_EDGE ( 'NONE', *, *, #9209, .T. ) ;
#5738 =( NAMED_UNIT ( * ) PLANE_ANGLE_UNIT ( ) SI_UNIT ( $, .RADIAN. ) );
#5739 = VERTEX_POINT ( 'NONE', #5289 ) ;
#5740 = AXIS2_PLACEMENT_3D ( 'NONE', #9563, #95, #8782 ) ;
#5741 = CARTESIAN_POINT ( 'NONE',  ( 5.320624714195950844, 1.729627008494047935, 3.599999573604474090 ) ) ;
#5742 = DIRECTION ( 'NONE',  ( 0.000000000000000000, -1.000000000000000000, 0.000000000000000000 ) ) ;
#5743 = DIRECTION ( 'NONE',  ( 0.000000000000000000, 0.000000000000000000, -1.000000000000000000 ) ) ;
#5744 = VECTOR ( 'NONE', #2589, 1000.000000000000227 ) ;
#5745 = AXIS2_PLACEMENT_3D ( 'NONE', #4471, #6106, #496 ) ;
#5746 = DIRECTION ( 'NONE',  ( -1.000000000000000000, 0.000000000000000000, 0.000000000000000000 ) ) ;
#5747 = CIRCLE ( 'NONE', #5411, 0.5645751311063404998 ) ;
#5748 = VERTEX_POINT ( 'NONE', #7867 ) ;
#5749 = DIRECTION ( 'NONE',  ( -0.4722150451494426249, 0.000000000000000000, 0.8814833810881007592 ) ) ;
#5750 = ORIENTED_EDGE ( 'NONE', *, *, #3696, .T. ) ;
#5751 = PRESENTATION_LAYER_ASSIGNMENT (  '', '', ( #3603 ) ) ;
#5752 = COLOUR_RGB ( '',1.000000000000000000, 1.000000000000000000, 1.000000000000000000 ) ;
#5753 = DIRECTION ( 'NONE',  ( 0.000000000000000000, -1.000000000000000000, 0.000000000000000000 ) ) ;
#5754 = AXIS2_PLACEMENT_3D ( 'NONE', #526, #3715, #10151 ) ;
#5755 =( LENGTH_UNIT ( ) NAMED_UNIT ( * ) SI_UNIT ( .MILLI., .METRE. ) );
#5756 =( NAMED_UNIT ( * ) SI_UNIT ( $, .STERADIAN. ) SOLID_ANGLE_UNIT ( ) );
#5757 = AXIS2_PLACEMENT_3D ( 'NONE', #3871, #7963, #692 ) ;
#5758 = CARTESIAN_POINT ( 'NONE',  ( 5.307474137095584688, -1.701696602982069928, 3.599999989381702736 ) ) ;
#5759 = AXIS2_PLACEMENT_3D ( 'NONE', #7257, #7819, #6369 ) ;
#5760 = EDGE_CURVE ( 'NONE', #5854, #2231, #7344, .T. ) ;
#5761 = UNCERTAINTY_MEASURE_WITH_UNIT (LENGTH_MEASURE( 1.000000000000000082E-05 ), #5646, 'distance_accuracy_value', 'NONE');
#5762 = ADVANCED_FACE ( 'NONE', ( #7715 ), #9437, .T. ) ;
#5763 = ORIENTED_EDGE ( 'NONE', *, *, #1964, .F. ) ;
#5764 = SURFACE_STYLE_FILL_AREA ( #3320 ) ;
#5765 = EDGE_CURVE ( 'NONE', #636, #3835, #6061, .T. ) ;
#5766 = LINE ( 'NONE', #4124, #8316 ) ;
#5767 = SURFACE_STYLE_FILL_AREA ( #4996 ) ;
#5768 = ORIENTED_EDGE ( 'NONE', *, *, #5557, .F. ) ;
#5769 = SURFACE_SIDE_STYLE ('',( #938 ) ) ;
#5770 = FACE_OUTER_BOUND ( 'NONE', #7843, .T. ) ;
#5771 = ORIENTED_EDGE ( 'NONE', *, *, #8902, .T. ) ;
#5772 = CARTESIAN_POINT ( 'NONE',  ( -6.650000000000000355, -1.999999999999999112, -2.094532406675943648 ) ) ;
#5773 = SURFACE_STYLE_USAGE ( .BOTH. , #8839 ) ;
#5774 = CARTESIAN_POINT ( 'NONE',  ( 6.958519183380836637, -6.704630743366731593, -1.929257140873639864 ) ) ;
#5775 = SURFACE_STYLE_FILL_AREA ( #4849 ) ;
#5776 = FACE_OUTER_BOUND ( 'NONE', #2360, .T. ) ;
#5777 = CARTESIAN_POINT ( 'NONE',  ( -5.271558449006367830, -1.324581074942560832, 3.600000000000000977 ) ) ;
#5778 = EDGE_CURVE ( 'NONE', #1071, #3237, #10344, .T. ) ;
#5779 =( NAMED_UNIT ( * ) SI_UNIT ( $, .STERADIAN. ) SOLID_ANGLE_UNIT ( ) );
#5780 = ADVANCED_FACE ( 'NONE', ( #9245 ), #7707, .T. ) ;
#5781 = CARTESIAN_POINT ( 'NONE',  ( -5.609556424471081826, 1.676841459417429459, 3.500000000000003997 ) ) ;
#5782 = CARTESIAN_POINT ( 'NONE',  ( -6.212785798360253686, 2.499999999999999556, -2.960449165327015297 ) ) ;
#5783 = COLOUR_RGB ( '',1.000000000000000000, 1.000000000000000000, 1.000000000000000000 ) ;
#5784 = ORIENTED_EDGE ( 'NONE', *, *, #10137, .F. ) ;
#5785 = CARTESIAN_POINT ( 'NONE',  ( 5.999999999999998224, -2.000000000000000000, 0.1999999999999997058 ) ) ;
#5786 = ORIENTED_EDGE ( 'NONE', *, *, #1567, .T. ) ;
#5787 = CARTESIAN_POINT ( 'NONE',  ( -6.420179204657451955, 2.937096592108938253, -3.202181546672994372 ) ) ;
#5788 = EDGE_CURVE ( 'NONE', #7274, #1131, #1711, .T. ) ;
#5789 = CARTESIAN_POINT ( 'NONE',  ( 5.549999999999999822, -4.750000000000000000, 3.200000000000000178 ) ) ;
#5790 = ADVANCED_FACE ( 'NONE', ( #4821 ), #9596, .T. ) ;
#5791 = AXIS2_PLACEMENT_3D ( 'NONE', #10045, #4579, #2910 ) ;
#5792 = ORIENTED_EDGE ( 'NONE', *, *, #8676, .T. ) ;
#5793 = CIRCLE ( 'NONE', #1283, 6.149999999999997691 ) ;
#5794 = CARTESIAN_POINT ( 'NONE',  ( 0.4999999999999987232, 4.500000000000002665, -1.199999999999996625 ) ) ;
#5795 = ORIENTED_EDGE ( 'NONE', *, *, #7928, .T. ) ;
#5796 = SURFACE_SIDE_STYLE ('',( #2709 ) ) ;
#5797 = ORIENTED_EDGE ( 'NONE', *, *, #5317, .T. ) ;
#5798 = UNCERTAINTY_MEASURE_WITH_UNIT (LENGTH_MEASURE( 1.000000000000000082E-05 ), #8559, 'distance_accuracy_value', 'NONE');
#5799 = SURFACE_STYLE_USAGE ( .BOTH. , #9749 ) ;
#5800 = EDGE_CURVE ( 'NONE', #5469, #9261, #2545, .T. ) ;
#5801 = DIRECTION ( 'NONE',  ( -0.8682466191274162970, 1.445602896647328070E-15, 0.4961328535521621341 ) ) ;
#5802 = SURFACE_STYLE_USAGE ( .BOTH. , #9640 ) ;
#5803 = AXIS2_PLACEMENT_3D ( 'NONE', #5225, #3511, #6006 ) ;
#5804 = CIRCLE ( 'NONE', #3983, 5.700000000000247979 ) ;
#5805 = FILL_AREA_STYLE ('',( #6643 ) ) ;
#5806 = VECTOR ( 'NONE', #7135, 1000.000000000000114 ) ;
#5807 = EDGE_CURVE ( 'NONE', #1173, #8716, #3186, .T. ) ;
#5808 = EDGE_LOOP ( 'NONE', ( #2234, #1068, #10304, #5662, #8031, #3000, #4006 ) ) ;
#5809 =( NAMED_UNIT ( * ) PLANE_ANGLE_UNIT ( ) SI_UNIT ( $, .RADIAN. ) );
#5810 = ORIENTED_EDGE ( 'NONE', *, *, #1882, .F. ) ;
#5811 = SURFACE_SIDE_STYLE ('',( #812 ) ) ;
#5812 = CIRCLE ( 'NONE', #1299, 0.4000000000000062395 ) ;
#5813 = DIRECTION ( 'NONE',  ( 0.000000000000000000, 0.000000000000000000, -1.000000000000000000 ) ) ;
#5814 = EDGE_CURVE ( 'NONE', #646, #974, #8709, .T. ) ;
#5815 = PRESENTATION_STYLE_ASSIGNMENT (( #90 ) ) ;
#5816 = UNCERTAINTY_MEASURE_WITH_UNIT (LENGTH_MEASURE( 1.000000000000000082E-05 ), #9290, 'distance_accuracy_value', 'NONE');
#5817 = CIRCLE ( 'NONE', #10305, 0.1999999999999996503 ) ;
#5818 = MECHANICAL_DESIGN_GEOMETRIC_PRESENTATION_REPRESENTATION (  '', ( #1634 ), #2468 ) ;
#5819 = CARTESIAN_POINT ( 'NONE',  ( -5.800000000000001599, -4.999999999999997335, 3.500000000000000444 ) ) ;
#5820 = DIRECTION ( 'NONE',  ( 0.000000000000000000, 1.000000000000000000, -5.158108633760871650E-16 ) ) ;
#5821 = ORIENTED_EDGE ( 'NONE', *, *, #3487, .F. ) ;
#5822 =( NAMED_UNIT ( * ) PLANE_ANGLE_UNIT ( ) SI_UNIT ( $, .RADIAN. ) );
#5823 = VERTEX_POINT ( 'NONE', #753 ) ;
#5824 = SURFACE_STYLE_USAGE ( .BOTH. , #6486 ) ;
#5825 = AXIS2_PLACEMENT_3D ( 'NONE', #4840, #620, #8788 ) ;
#5826 =( NAMED_UNIT ( * ) SI_UNIT ( $, .STERADIAN. ) SOLID_ANGLE_UNIT ( ) );
#5827 = SURFACE_STYLE_FILL_AREA ( #3535 ) ;
#5828 =( NAMED_UNIT ( * ) SI_UNIT ( $, .STERADIAN. ) SOLID_ANGLE_UNIT ( ) );
#5829 = VERTEX_POINT ( 'NONE', #3047 ) ;
#5830 = VERTEX_POINT ( 'NONE', #3133 ) ;
#5831 =( NAMED_UNIT ( * ) SI_UNIT ( $, .STERADIAN. ) SOLID_ANGLE_UNIT ( ) );
#5832 = EDGE_CURVE ( 'NONE', #5548, #8478, #4413, .T. ) ;
#5833 = EDGE_CURVE ( 'NONE', #4090, #8148, #8811, .T. ) ;
#5834 = DIRECTION ( 'NONE',  ( 0.4961328535521676852, 0.000000000000000000, 0.8682466191274131884 ) ) ;
#5835 = DIRECTION ( 'NONE',  ( 0.000000000000000000, 0.000000000000000000, -1.000000000000000000 ) ) ;
#5836 =( NAMED_UNIT ( * ) PLANE_ANGLE_UNIT ( ) SI_UNIT ( $, .RADIAN. ) );
#5837 = DIRECTION ( 'NONE',  ( -1.000000000000000000, 0.000000000000000000, 0.000000000000000000 ) ) ;
#5838 = DIRECTION ( 'NONE',  ( -1.000000000000000000, 0.000000000000000000, 0.000000000000000000 ) ) ;
#5839 = DIRECTION ( 'NONE',  ( -9.768964762094919400E-31, 1.000000000000000000, 2.797941090285171111E-16 ) ) ;
#5840 = FACE_OUTER_BOUND ( 'NONE', #3934, .T. ) ;
#5841 = CARTESIAN_POINT ( 'NONE',  ( 1.899999999999999689, 1.599999999999999423, 7.000000000000048850 ) ) ;
#5842 = FACE_OUTER_BOUND ( 'NONE', #9862, .T. ) ;
#5843 = PRESENTATION_LAYER_ASSIGNMENT (  '', '', ( #8658 ) ) ;
#5844 = ORIENTED_EDGE ( 'NONE', *, *, #6618, .T. ) ;
#5845 = CARTESIAN_POINT ( 'NONE',  ( -6.159705218919226510, 2.937096592108939141, -3.053341690607342507 ) ) ;
#5846 = UNCERTAINTY_MEASURE_WITH_UNIT (LENGTH_MEASURE( 1.000000000000000082E-05 ), #2846, 'distance_accuracy_value', 'NONE');
#5847 = ORIENTED_EDGE ( 'NONE', *, *, #10092, .F. ) ;
#5848 = EDGE_CURVE ( 'NONE', #8452, #6987, #7100, .T. ) ;
#5849 = EDGE_CURVE ( 'NONE', #4361, #4564, #7550, .T. ) ;
#5850 =( NAMED_UNIT ( * ) SI_UNIT ( $, .STERADIAN. ) SOLID_ANGLE_UNIT ( ) );
#5851 = CIRCLE ( 'NONE', #7000, 0.4000000000000109579 ) ;
#5852 = VERTEX_POINT ( 'NONE', #6990 ) ;
#5853 = DIRECTION ( 'NONE',  ( 0.000000000000000000, 0.000000000000000000, 1.000000000000000000 ) ) ;
#5854 = VERTEX_POINT ( 'NONE', #7201 ) ;
#5855 = CARTESIAN_POINT ( 'NONE',  ( 4.399999999999999467, 5.000000000000000000, 0.000000000000000000 ) ) ;
#5856 = VERTEX_POINT ( 'NONE', #6315 ) ;
#5857 = CYLINDRICAL_SURFACE ( 'NONE', #1549, 1.000000000000000000 ) ;
#5858 = EDGE_CURVE ( 'NONE', #5052, #3971, #9547, .T. ) ;
#5859 = DIRECTION ( 'NONE',  ( -1.256337252201622514E-14, 5.292964219876873757E-15, -1.000000000000000000 ) ) ;
#5860 = CIRCLE ( 'NONE', #7831, 0.2999999999999981570 ) ;
#5861 = VERTEX_POINT ( 'NONE', #10167 ) ;
#5862 = CARTESIAN_POINT ( 'NONE',  ( -1.600000000000000089, 1.599999999999999867, 6.999999999999999112 ) ) ;
#5863 = EDGE_LOOP ( 'NONE', ( #3760, #6511, #2950, #810 ) ) ;
#5864 = AXIS2_PLACEMENT_3D ( 'NONE', #7820, #8606, #5489 ) ;
#5865 = FACE_OUTER_BOUND ( 'NONE', #362, .T. ) ;
#5866 = LINE ( 'NONE', #5088, #485 ) ;
#5867 = AXIS2_PLACEMENT_3D ( 'NONE', #4190, #8219, #3401 ) ;
#5868 = PRESENTATION_LAYER_ASSIGNMENT (  '', '', ( #9512 ) ) ;
#5869 = PRESENTATION_LAYER_ASSIGNMENT (  '', '', ( #4536 ) ) ;
#5870 =( NAMED_UNIT ( * ) PLANE_ANGLE_UNIT ( ) SI_UNIT ( $, .RADIAN. ) );
#5871 = ORIENTED_EDGE ( 'NONE', *, *, #7917, .T. ) ;
#5872 = EDGE_CURVE ( 'NONE', #4968, #6545, #3992, .T. ) ;
#5873 = LINE ( 'NONE', #1884, #1228 ) ;
#5874 = VECTOR ( 'NONE', #7538, 1000.000000000000000 ) ;
#5875 = VERTEX_POINT ( 'NONE', #2341 ) ;
#5876 = AXIS2_PLACEMENT_3D ( 'NONE', #4823, #6372, #8866 ) ;
#5877 = SURFACE_SIDE_STYLE ('',( #6854 ) ) ;
#5878 = DIRECTION ( 'NONE',  ( 1.000000000000000000, 0.000000000000000000, -0.000000000000000000 ) ) ;
#5879 = DIRECTION ( 'NONE',  ( -5.292964219876011532E-15, -1.256337252201300185E-14, -1.000000000000000000 ) ) ;
#5880 = FACE_OUTER_BOUND ( 'NONE', #7814, .T. ) ;
#5881 = EDGE_LOOP ( 'NONE', ( #5123, #7281, #9153, #5712 ) ) ;
#5882 = CARTESIAN_POINT ( 'NONE',  ( -6.000000000000015099, -1.999999999999999556, 5.364159265358978246 ) ) ;
#5883 = ORIENTED_EDGE ( 'NONE', *, *, #7936, .F. ) ;
#5884 = STYLED_ITEM ( 'NONE', ( #2136 ), #8696 ) ;
#5885 = LINE ( 'NONE', #7333, #8016 ) ;
#5886 =( NAMED_UNIT ( * ) SI_UNIT ( $, .STERADIAN. ) SOLID_ANGLE_UNIT ( ) );
#5887 = CARTESIAN_POINT ( 'NONE',  ( -5.435424868894190631, -1.891518204694834226, 3.600000000000000089 ) ) ;
#5888 = PRESENTATION_STYLE_ASSIGNMENT (( #2488 ) ) ;
#5889 = DIRECTION ( 'NONE',  ( -0.000000000000000000, 1.000000000000000000, 0.000000000000000000 ) ) ;
#5890 =( GEOMETRIC_REPRESENTATION_CONTEXT ( 3 ) GLOBAL_UNCERTAINTY_ASSIGNED_CONTEXT ( ( #7322 ) ) GLOBAL_UNIT_ASSIGNED_CONTEXT ( ( #1998, #6470, #3943 ) ) REPRESENTATION_CONTEXT ( 'NONE', 'WORKASPACE' ) );
#5891 = VERTEX_POINT ( 'NONE', #4713 ) ;
#5892 = CARTESIAN_POINT ( 'NONE',  ( 7.947500464712013685E-16, 8.673617379884035472E-16, 3.349999999999985878 ) ) ;
#5893 = PRESENTATION_STYLE_ASSIGNMENT (( #5679 ) ) ;
#5894 = ORIENTED_EDGE ( 'NONE', *, *, #5922, .F. ) ;
#5895 = CARTESIAN_POINT ( 'NONE',  ( -4.750000000000000000, -4.750000000000000000, 3.500000000000000444 ) ) ;
#5896 = MECHANICAL_DESIGN_GEOMETRIC_PRESENTATION_REPRESENTATION (  '', ( #3044 ), #5066 ) ;
#5897 = STYLED_ITEM ( 'NONE', ( #6853 ), #3331 ) ;
#5898 = FILL_AREA_STYLE_COLOUR ( '', #7581 ) ;
#5899 =( LENGTH_UNIT ( ) NAMED_UNIT ( * ) SI_UNIT ( .MILLI., .METRE. ) );
#5900 = CARTESIAN_POINT ( 'NONE',  ( -5.254550725525326982, -1.462164709833353449, 3.599999999873101597 ) ) ;
#5901 = EDGE_LOOP ( 'NONE', ( #8284, #1787, #7136, #6951 ) ) ;
#5902 = CARTESIAN_POINT ( 'NONE',  ( -6.694074169054411882, -1.999999999999999112, -2.070921654418468982 ) ) ;
#5903 = VERTEX_POINT ( 'NONE', #7864 ) ;
#5904 = DIRECTION ( 'NONE',  ( 3.552713678800500929E-15, 1.000000000000000000, 2.990115465170370240E-14 ) ) ;
#5905 =( NAMED_UNIT ( * ) PLANE_ANGLE_UNIT ( ) SI_UNIT ( $, .RADIAN. ) );
#5906 = FILL_AREA_STYLE_COLOUR ( '', #3388 ) ;
#5907 = UNCERTAINTY_MEASURE_WITH_UNIT (LENGTH_MEASURE( 1.000000000000000082E-05 ), #4961, 'distance_accuracy_value', 'NONE');
#5908 = VECTOR ( 'NONE', #9130, 1000.000000000000000 ) ;
#5909 =( GEOMETRIC_REPRESENTATION_CONTEXT ( 3 ) GLOBAL_UNCERTAINTY_ASSIGNED_CONTEXT ( ( #2655 ) ) GLOBAL_UNIT_ASSIGNED_CONTEXT ( ( #1154, #6814, #5249 ) ) REPRESENTATION_CONTEXT ( 'NONE', 'WORKASPACE' ) );
#5910 = EDGE_LOOP ( 'NONE', ( #3117, #2210, #6647, #2822 ) ) ;
#5911 = ORIENTED_EDGE ( 'NONE', *, *, #8861, .T. ) ;
#5912 = PRESENTATION_STYLE_ASSIGNMENT (( #9240 ) ) ;
#5913 = DIRECTION ( 'NONE',  ( -0.000000000000000000, -1.000000000000000000, -0.000000000000000000 ) ) ;
#5914 = PRESENTATION_STYLE_ASSIGNMENT (( #2724 ) ) ;
#5915 = ADVANCED_FACE ( 'NONE', ( #3937 ), #693, .T. ) ;
#5916 =( NAMED_UNIT ( * ) PLANE_ANGLE_UNIT ( ) SI_UNIT ( $, .RADIAN. ) );
#5917 = DIRECTION ( 'NONE',  ( 0.000000000000000000, 0.000000000000000000, 1.000000000000000000 ) ) ;
#5918 = UNCERTAINTY_MEASURE_WITH_UNIT (LENGTH_MEASURE( 1.000000000000000082E-05 ), #2193, 'distance_accuracy_value', 'NONE');
#5919 =( GEOMETRIC_REPRESENTATION_CONTEXT ( 3 ) GLOBAL_UNCERTAINTY_ASSIGNED_CONTEXT ( ( #3410 ) ) GLOBAL_UNIT_ASSIGNED_CONTEXT ( ( #9579, #4957, #9523 ) ) REPRESENTATION_CONTEXT ( 'NONE', 'WORKASPACE' ) );
#5920 = MECHANICAL_DESIGN_GEOMETRIC_PRESENTATION_REPRESENTATION (  '', ( #4092 ), #9899 ) ;
#5921 = AXIS2_PLACEMENT_3D ( 'NONE', #7975, #4769, #7202 ) ;
#5922 = EDGE_CURVE ( 'NONE', #1235, #9997, #7974, .T. ) ;
#5923 = MECHANICAL_DESIGN_GEOMETRIC_PRESENTATION_REPRESENTATION (  '', ( #7892 ), #2411 ) ;
#5924 = VERTEX_POINT ( 'NONE', #4661 ) ;
#5925 = EDGE_LOOP ( 'NONE', ( #4022, #7339, #3074 ) ) ;
#5926 = COLOUR_RGB ( '',1.000000000000000000, 1.000000000000000000, 1.000000000000000000 ) ;
#5927 = SURFACE_STYLE_USAGE ( .BOTH. , #9202 ) ;
#5928 = DIRECTION ( 'NONE',  ( -1.000000000000000000, 0.000000000000000000, -0.000000000000000000 ) ) ;
#5929 = LINE ( 'NONE', #8262, #8860 ) ;
#5930 = AXIS2_PLACEMENT_3D ( 'NONE', #9477, #5527, #2330 ) ;
#5931 = EDGE_LOOP ( 'NONE', ( #2182, #6460 ) ) ;
#5932 = PRESENTATION_LAYER_ASSIGNMENT (  '', '', ( #2245 ) ) ;
#5933 = CARTESIAN_POINT ( 'NONE',  ( -1.600000000000000089, 1.599999999999999867, 5.500000000000000000 ) ) ;
#5934 = SURFACE_STYLE_USAGE ( .BOTH. , #6449 ) ;
#5935 = MECHANICAL_DESIGN_GEOMETRIC_PRESENTATION_REPRESENTATION (  '', ( #7093 ), #1748 ) ;
#5936 = DIRECTION ( 'NONE',  ( -1.000000000000000000, 0.000000000000000000, 0.000000000000000000 ) ) ;
#5937 = PLANE ( 'NONE',  #6206 ) ;
#5938 = UNCERTAINTY_MEASURE_WITH_UNIT (LENGTH_MEASURE( 1.000000000000000082E-05 ), #9171, 'distance_accuracy_value', 'NONE');
#5939 = EDGE_CURVE ( 'NONE', #8927, #1611, #7817, .T. ) ;
#5940 = SURFACE_STYLE_USAGE ( .BOTH. , #8427 ) ;
#5941 = DIRECTION ( 'NONE',  ( -0.000000000000000000, -1.000000000000000000, -0.000000000000000000 ) ) ;
#5942 = EDGE_CURVE ( 'NONE', #2601, #539, #2039, .T. ) ;
#5943 = STYLED_ITEM ( 'NONE', ( #6585 ), #2577 ) ;
#5944 =( GEOMETRIC_REPRESENTATION_CONTEXT ( 3 ) GLOBAL_UNCERTAINTY_ASSIGNED_CONTEXT ( ( #2687 ) ) GLOBAL_UNIT_ASSIGNED_CONTEXT ( ( #8804, #909, #959 ) ) REPRESENTATION_CONTEXT ( 'NONE', 'WORKASPACE' ) );
#5945 =( NAMED_UNIT ( * ) PLANE_ANGLE_UNIT ( ) SI_UNIT ( $, .RADIAN. ) );
#5946 = UNCERTAINTY_MEASURE_WITH_UNIT (LENGTH_MEASURE( 1.000000000000000082E-05 ), #2157, 'distance_accuracy_value', 'NONE');
#5947 = ORIENTED_EDGE ( 'NONE', *, *, #1454, .T. ) ;
#5948 = EDGE_CURVE ( 'NONE', #8373, #466, #10051, .T. ) ;
#5949 = FILL_AREA_STYLE_COLOUR ( '', #6530 ) ;
#5950 = DIRECTION ( 'NONE',  ( 0.000000000000000000, 1.000000000000000000, -1.224227167331806861E-14 ) ) ;
#5951 =( NAMED_UNIT ( * ) PLANE_ANGLE_UNIT ( ) SI_UNIT ( $, .RADIAN. ) );
#5952 = DIRECTION ( 'NONE',  ( -0.4961328535521692396, 0.000000000000000000, -0.8682466191274121892 ) ) ;
#5953 = ORIENTED_EDGE ( 'NONE', *, *, #10285, .T. ) ;
#5954 = DIRECTION ( 'NONE',  ( 1.000000000000000000, 0.000000000000000000, 0.000000000000000000 ) ) ;
#5955 = ORIENTED_EDGE ( 'NONE', *, *, #9807, .F. ) ;
#5956 = PRESENTATION_LAYER_ASSIGNMENT (  '', '', ( #743 ) ) ;
#5957 = VECTOR ( 'NONE', #4521, 1000.000000000000000 ) ;
#5958 = CARTESIAN_POINT ( 'NONE',  ( 8.398468719939000747E-16, 7.771680869430060362E-16, 3.500000000000004885 ) ) ;
#5959 = CARTESIAN_POINT ( 'NONE',  ( 0.7999999999999994893, -4.500000000000003553, 0.000000000000000000 ) ) ;
#5960 = DIRECTION ( 'NONE',  ( 0.1611885087261710203, 0.6414968937217156997, 0.7500000000000153211 ) ) ;
#5961 = EDGE_CURVE ( 'NONE', #2116, #7903, #5564, .T. ) ;
#5962 = FILL_AREA_STYLE ('',( #9087 ) ) ;
#5963 = COLOUR_RGB ( '',0.7529411764705882248, 0.7529411764705882248, 0.7529411764705882248 ) ;
#5964 = VERTEX_POINT ( 'NONE', #1920 ) ;
#5965 = CARTESIAN_POINT ( 'NONE',  ( 5.549999999999999822, 4.750000000000000000, 3.600000000000001421 ) ) ;
#5966 = ORIENTED_EDGE ( 'NONE', *, *, #8130, .T. ) ;
#5967 = PLANE ( 'NONE',  #2384 ) ;
#5968 = MECHANICAL_DESIGN_GEOMETRIC_PRESENTATION_REPRESENTATION (  '', ( #2800 ), #1441 ) ;
#5969 = STYLED_ITEM ( 'NONE', ( #7058 ), #9648 ) ;
#5970 = EDGE_CURVE ( 'NONE', #10277, #5348, #7254, .T. ) ;
#5971 =( NAMED_UNIT ( * ) SI_UNIT ( $, .STERADIAN. ) SOLID_ANGLE_UNIT ( ) );
#5972 = SURFACE_STYLE_USAGE ( .BOTH. , #2783 ) ;
#5973 = CARTESIAN_POINT ( 'NONE',  ( 4.341536639986063761, 4.054821420274920207, 3.598611123188930616 ) ) ;
#5974 = UNCERTAINTY_MEASURE_WITH_UNIT (LENGTH_MEASURE( 1.000000000000000082E-05 ), #8485, 'distance_accuracy_value', 'NONE');
#5975 = EDGE_CURVE ( 'NONE', #8783, #5081, #7053, .T. ) ;
#5976 = PRESENTATION_STYLE_ASSIGNMENT (( #6601 ) ) ;
#5977 = ORIENTED_EDGE ( 'NONE', *, *, #7443, .T. ) ;
#5978 = DIRECTION ( 'NONE',  ( -1.000000000000000000, 0.000000000000000000, 0.000000000000000000 ) ) ;
#5979 = ORIENTED_EDGE ( 'NONE', *, *, #4144, .T. ) ;
#5980 = SURFACE_SIDE_STYLE ('',( #1888 ) ) ;
#5981 = DIRECTION ( 'NONE',  ( 1.053031360026544826E-16, 1.000000000000000000, 0.000000000000000000 ) ) ;
#5982 = MECHANICAL_DESIGN_GEOMETRIC_PRESENTATION_REPRESENTATION (  '', ( #3313 ), #2817 ) ;
#5983 = SURFACE_STYLE_FILL_AREA ( #1213 ) ;
#5984 = DIRECTION ( 'NONE',  ( 0.000000000000000000, 0.000000000000000000, 1.000000000000000000 ) ) ;
#5985 = SURFACE_STYLE_USAGE ( .BOTH. , #6818 ) ;
#5986 = LINE ( 'NONE', #9254, #2530 ) ;
#5987 = VECTOR ( 'NONE', #9581, 1000.000000000000000 ) ;
#5988 = VERTEX_POINT ( 'NONE', #1865 ) ;
#5989 = EDGE_CURVE ( 'NONE', #4997, #9027, #2497, .T. ) ;
#5990 = ADVANCED_FACE ( 'NONE', ( #75 ), #4975, .F. ) ;
#5991 =( GEOMETRIC_REPRESENTATION_CONTEXT ( 3 ) GLOBAL_UNCERTAINTY_ASSIGNED_CONTEXT ( ( #2621 ) ) GLOBAL_UNIT_ASSIGNED_CONTEXT ( ( #7561, #8132, #6582 ) ) REPRESENTATION_CONTEXT ( 'NONE', 'WORKASPACE' ) );
#5992 = LINE ( 'NONE', #427, #7277 ) ;
#5993 = ORIENTED_EDGE ( 'NONE', *, *, #132, .F. ) ;
#5994 = SURFACE_STYLE_USAGE ( .BOTH. , #6035 ) ;
#5995 = DIRECTION ( 'NONE',  ( 0.000000000000000000, -2.797941090285171111E-16, 1.000000000000000000 ) ) ;
#5996 = DIRECTION ( 'NONE',  ( 0.000000000000000000, 1.000000000000000000, 0.000000000000000000 ) ) ;
#5997 = LINE ( 'NONE', #6783, #8850 ) ;
#5998 = EDGE_CURVE ( 'NONE', #5823, #1617, #9054, .T. ) ;
#5999 = CARTESIAN_POINT ( 'NONE',  ( -5.699999999999997513, 1.891518204694833116, 3.500000000000002220 ) ) ;
#6000 = ORIENTED_EDGE ( 'NONE', *, *, #5948, .T. ) ;
#6001 = VECTOR ( 'NONE', #1994, 1000.000000000000000 ) ;
#6002 = SURFACE_STYLE_USAGE ( .BOTH. , #1229 ) ;
#6003 = DIRECTION ( 'NONE',  ( 1.355252715606882022E-16, 1.000000000000000000, -0.000000000000000000 ) ) ;
#6004 = ORIENTED_EDGE ( 'NONE', *, *, #2557, .F. ) ;
#6005 = EDGE_CURVE ( 'NONE', #1017, #1651, #25, .T. ) ;
#6006 = DIRECTION ( 'NONE',  ( -4.336808689942074534E-15, 0.000000000000000000, -1.000000000000000000 ) ) ;
#6007 = ORIENTED_EDGE ( 'NONE', *, *, #9947, .F. ) ;
#6008 = CARTESIAN_POINT ( 'NONE',  ( 5.263543069950419095, 1.562740220136263236, 3.600000000150505919 ) ) ;
#6009 = LINE ( 'NONE', #5369, #2425 ) ;
#6010 = DIRECTION ( 'NONE',  ( 0.000000000000000000, -1.000000000000000000, 0.000000000000000000 ) ) ;
#6011 = DIRECTION ( 'NONE',  ( 0.000000000000000000, 0.000000000000000000, -1.000000000000000000 ) ) ;
#6012 = EDGE_LOOP ( 'NONE', ( #4331, #9281, #10058, #8833 ) ) ;
#6013 = LINE ( 'NONE', #8401, #1396 ) ;
#6014 = ORIENTED_EDGE ( 'NONE', *, *, #7371, .F. ) ;
#6015 = AXIS2_PLACEMENT_3D ( 'NONE', #7558, #8340, #1139 ) ;
#6016 = AXIS2_PLACEMENT_3D ( 'NONE', #6993, #10286, #2181 ) ;
#6017 = ORIENTED_EDGE ( 'NONE', *, *, #4931, .T. ) ;
#6018 = VERTEX_POINT ( 'NONE', #8126 ) ;
#6019 = PRESENTATION_STYLE_ASSIGNMENT (( #10081 ) ) ;
#6020 = AXIS2_PLACEMENT_3D ( 'NONE', #2321, #9360, #5512 ) ;
#6021 = DIRECTION ( 'NONE',  ( 0.4722150451494399603, 0.000000000000000000, 0.8814833810881022025 ) ) ;
#6022 = VECTOR ( 'NONE', #5516, 1000.000000000000000 ) ;
#6023 = CARTESIAN_POINT ( 'NONE',  ( 0.5000000000000004441, -4.500000000000002665, -1.200000000000000178 ) ) ;
#6024 = CARTESIAN_POINT ( 'NONE',  ( -1.899999999999999911, -1.599999999999998979, 5.500000000000000000 ) ) ;
#6025 = DIRECTION ( 'NONE',  ( -1.053031360026544826E-16, -1.000000000000000000, -0.000000000000000000 ) ) ;
#6026 = CIRCLE ( 'NONE', #7839, 0.7999999999999994893 ) ;
#6027 = CARTESIAN_POINT ( 'NONE',  ( 5.000000000000000000, -5.000000000000001776, 3.300000000000001155 ) ) ;
#6028 = AXIS2_PLACEMENT_3D ( 'NONE', #4132, #8105, #4904 ) ;
#6029 = CIRCLE ( 'NONE', #5043, 0.3000000000000935807 ) ;
#6030 = CARTESIAN_POINT ( 'NONE',  ( 6.041480816619163363, 2.000000000000000000, -0.8527262566030738844 ) ) ;
#6031 = FILL_AREA_STYLE_COLOUR ( '', #9372 ) ;
#6032 = COLOUR_RGB ( '',0.7529411764705882248, 0.7529411764705882248, 0.7529411764705882248 ) ;
#6033 = ORIENTED_EDGE ( 'NONE', *, *, #501, .T. ) ;
#6034 = FILL_AREA_STYLE ('',( #1164 ) ) ;
#6035 = SURFACE_SIDE_STYLE ('',( #1374 ) ) ;
#6036 = CARTESIAN_POINT ( 'NONE',  ( -1.867067163629643645, -5.423867851795479034, 3.600000000000003197 ) ) ;
#6037 = CARTESIAN_POINT ( 'NONE',  ( -1.600000000000000311, -1.899999999999999467, 6.999999999999999112 ) ) ;
#6038 = PLANE ( 'NONE',  #3714 ) ;
#6039 = DIRECTION ( 'NONE',  ( 0.000000000000000000, 1.000000000000000000, 0.000000000000000000 ) ) ;
#6040 = ORIENTED_EDGE ( 'NONE', *, *, #7080, .F. ) ;
#6041 = COLOUR_RGB ( '',0.7529411764705882248, 0.7529411764705882248, 0.7529411764705882248 ) ;
#6042 = CARTESIAN_POINT ( 'NONE',  ( -5.999999999999998224, -1.999999999999999112, 0.1999999999999999556 ) ) ;
#6043 = MECHANICAL_DESIGN_GEOMETRIC_PRESENTATION_REPRESENTATION (  '', ( #7373 ), #3393 ) ;
#6044 = EDGE_CURVE ( 'NONE', #5348, #1840, #8214, .T. ) ;
#6045 = SURFACE_STYLE_USAGE ( .BOTH. , #7552 ) ;
#6046 = ORIENTED_EDGE ( 'NONE', *, *, #8913, .T. ) ;
#6047 =( LENGTH_UNIT ( ) NAMED_UNIT ( * ) SI_UNIT ( .MILLI., .METRE. ) );
#6048 = VERTEX_POINT ( 'NONE', #968 ) ;
#6049 = CLOSED_SHELL ( 'NONE', ( #226, #3678, #3846, #4013, #5006, #9006, #3331, #5219, #4566, #6264, #7039, #8015, #713, #2867, #8589, #635, #4716, #4619, #2747, #195, #1014, #1951, #5790, #7750, #1645, #1723, #3647, #5108, #5536, #7294, #1659, #6766, #1028, #6481, #3935, #982, #209, #9196, #2834, #4796, #7481, #8724, #7392, #4307, #1491, #4284, #52, #8696, #6396, #9524, #689, #662, #1361, #3018, #4907, #6092, #10088, #5406, #7011, #263, #9831, #5468, #7330, #977, #5358, #849, #3036, #8550, #1698, #8190, #9648, #3953, #4288, #6859, #6081, #9982, #87, #7473, #9179, #9773, #1344, #3560, #6612, #1759, #5990, #9166, #7874, #2366, #9163, #7158, #9364, #10260, #5, #2263, #10326, #8439, #1323, #4113, #4843, #7647, #10099, #6091, #9320, #6844, #6393, #8084, #1431, #6519, #6873, #9071, #9611, #2660, #76, #9994, #393, #5762, #9929, #1483, #8431, #4155, #1316, #837, #2723, #6644, #9993, #4770, #8706, #2386, #5333, #7327, #419, #3056, #2883, #7624, #6547, #9819, #5447, #3804, #7057, #4470, #9000, #215, #6213, #4461, #2277, #1151, #5780, #2499, #2692, #3583, #342, #7502, #9946, #716, #7177, #1935, #424, #3684, #1293, #7570, #2398, #360, #5501, #2705, #3094, #2992, #2419, #9600, #3718, #3613, #10159, #9244, #2370, #8727, #10118, #5324, #3174, #5915, #8246, #9733, #2895, #6847, #2149, #6250, #7658, #9554, #1747, #3160, #2045, #1467, #1831, #7822, #4715, #3327, #5632, #136, #8684, #8896, #3653, #3449, #2396, #3389, #9769, #3508, #3395, #6265, #2577, #2920, #54, #178, #7637, #4759, #1383, #5149, #6308, #2989, #2523, #571, #3830 ) ) ;
#6050 = CARTESIAN_POINT ( 'NONE',  ( 5.276068237945835016, 1.616631298310558185, 3.600000000000002753 ) ) ;
#6051 = FACE_OUTER_BOUND ( 'NONE', #7672, .T. ) ;
#6052 = PRESENTATION_STYLE_ASSIGNMENT (( #2877 ) ) ;
#6053 = COLOUR_RGB ( '',0.7529411764705882248, 0.7529411764705882248, 0.7529411764705882248 ) ;
#6054 = CARTESIAN_POINT ( 'NONE',  ( 5.800000000000000711, 5.000000000000000000, 0.000000000000000000 ) ) ;
#6055 = AXIS2_PLACEMENT_3D ( 'NONE', #3890, #2343, #9544 ) ;
#6056 = ORIENTED_EDGE ( 'NONE', *, *, #600, .T. ) ;
#6057 = ORIENTED_EDGE ( 'NONE', *, *, #6600, .F. ) ;
#6058 = CARTESIAN_POINT ( 'NONE',  ( 0.000000000000000000, -6.000000000000000000, 3.500000000000000000 ) ) ;
#6059 = UNCERTAINTY_MEASURE_WITH_UNIT (LENGTH_MEASURE( 1.000000000000000082E-05 ), #4477, 'distance_accuracy_value', 'NONE');
#6060 =( LENGTH_UNIT ( ) NAMED_UNIT ( * ) SI_UNIT ( .MILLI., .METRE. ) );
#6061 = LINE ( 'NONE', #6156, #4528 ) ;
#6062 = VECTOR ( 'NONE', #9613, 1000.000000000000000 ) ;
#6063 = UNCERTAINTY_MEASURE_WITH_UNIT (LENGTH_MEASURE( 1.000000000000000082E-05 ), #1760, 'distance_accuracy_value', 'NONE');
#6064 = SURFACE_STYLE_USAGE ( .BOTH. , #9391 ) ;
#6065 = EDGE_LOOP ( 'NONE', ( #5563, #9456, #5514, #10265 ) ) ;
#6066 = CARTESIAN_POINT ( 'NONE',  ( -0.9999999999912745352, 1.224646798890152505E-16, 7.299999999986539478 ) ) ;
#6067 = CARTESIAN_POINT ( 'NONE',  ( 0.000000000000000000, -4.500000000000003553, -1.500000000000000000 ) ) ;
#6068 = DIRECTION ( 'NONE',  ( -1.000000000000000000, 2.361671833053707148E-47, 1.883124184714193481E-15 ) ) ;
#6069 = SHAPE_DEFINITION_REPRESENTATION ( #9159, #9095 ) ;
#6070 = PRESENTATION_LAYER_ASSIGNMENT (  '', '', ( #4757 ) ) ;
#6071 = SURFACE_STYLE_FILL_AREA ( #463 ) ;
#6072 = EDGE_CURVE ( 'NONE', #4150, #6569, #8230, .T. ) ;
#6073 = MECHANICAL_DESIGN_GEOMETRIC_PRESENTATION_REPRESENTATION (  '', ( #10072 ), #6915 ) ;
#6074 = PRESENTATION_STYLE_ASSIGNMENT (( #3595 ) ) ;
#6075 =( GEOMETRIC_REPRESENTATION_CONTEXT ( 3 ) GLOBAL_UNCERTAINTY_ASSIGNED_CONTEXT ( ( #253 ) ) GLOBAL_UNIT_ASSIGNED_CONTEXT ( ( #10340, #1717, #3090 ) ) REPRESENTATION_CONTEXT ( 'NONE', 'WORKASPACE' ) );
#6076 = EDGE_CURVE ( 'NONE', #6461, #3891, #699, .T. ) ;
#6077 = STYLED_ITEM ( 'NONE', ( #2961 ), #635 ) ;
#6078 = COLOUR_RGB ( '',0.7529411764705882248, 0.7529411764705882248, 0.7529411764705882248 ) ;
#6079 = CARTESIAN_POINT ( 'NONE',  ( -6.300000002082479789, 3.000000000000000000, -0.6874509908007694348 ) ) ;
#6080 = ORIENTED_EDGE ( 'NONE', *, *, #5998, .F. ) ;
#6081 = ADVANCED_FACE ( 'NONE', ( #2657 ), #5857, .T. ) ;
#6082 = VERTEX_POINT ( 'NONE', #6837 ) ;
#6083 = CARTESIAN_POINT ( 'NONE',  ( 6.000000000000000000, -3.000000000000000000, 1.146410165690350924 ) ) ;
#6084 = DIRECTION ( 'NONE',  ( -1.000000000000000000, 3.701697761654398882E-15, 6.169496269423930820E-15 ) ) ;
#6085 = CIRCLE ( 'NONE', #7743, 3.950000000000000178 ) ;
#6086 = DIRECTION ( 'NONE',  ( 0.000000000000000000, 0.000000000000000000, 1.000000000000000000 ) ) ;
#6087 = ORIENTED_EDGE ( 'NONE', *, *, #9799, .T. ) ;
#6088 = DIRECTION ( 'NONE',  ( -0.000000000000000000, -0.000000000000000000, 1.000000000000000000 ) ) ;
#6089 = AXIS2_PLACEMENT_3D ( 'NONE', #7556, #402, #6797 ) ;
#6090 = FILL_AREA_STYLE_COLOUR ( '', #2244 ) ;
#6091 = ADVANCED_FACE ( 'NONE', ( #446 ), #5228, .F. ) ;
#6092 = ADVANCED_FACE ( 'NONE', ( #6051 ), #482, .T. ) ;
#6093 = ORIENTED_EDGE ( 'NONE', *, *, #3899, .F. ) ;
#6094 = ORIENTED_EDGE ( 'NONE', *, *, #2544, .T. ) ;
#6095 = STYLED_ITEM ( 'NONE', ( #1714 ), #2499 ) ;
#6096 = LINE ( 'NONE', #9277, #4586 ) ;
#6097 = FILL_AREA_STYLE ('',( #9231 ) ) ;
#6098 = SURFACE_STYLE_USAGE ( .BOTH. , #9131 ) ;
#6099 = EDGE_CURVE ( 'NONE', #2421, #1322, #4542, .T. ) ;
#6100 = EDGE_CURVE ( 'NONE', #5875, #7553, #2769, .T. ) ;
#6101 = FACE_OUTER_BOUND ( 'NONE', #913, .T. ) ;
#6102 = ORIENTED_EDGE ( 'NONE', *, *, #2046, .T. ) ;
#6103 = SURFACE_STYLE_USAGE ( .BOTH. , #8453 ) ;
#6104 =( NAMED_UNIT ( * ) SI_UNIT ( $, .STERADIAN. ) SOLID_ANGLE_UNIT ( ) );
#6105 = VERTEX_POINT ( 'NONE', #2479 ) ;
#6106 = DIRECTION ( 'NONE',  ( -0.8682466191274125222, 0.000000000000000000, 0.4961328535521689620 ) ) ;
#6107 =( LENGTH_UNIT ( ) NAMED_UNIT ( * ) SI_UNIT ( .MILLI., .METRE. ) );
#6108 = DIRECTION ( 'NONE',  ( -0.000000000000000000, -0.000000000000000000, 1.000000000000000000 ) ) ;
#6109 = CARTESIAN_POINT ( 'NONE',  ( -2.249999999999969358, -5.435424868893704797, 3.600000000000001421 ) ) ;
#6110 = CIRCLE ( 'NONE', #3801, 4.150000000000000355 ) ;
#6111 = TOROIDAL_SURFACE ( 'NONE', #1609, 0.03542486889355464519, 0.4000000000000163425 ) ;
#6112 = ORIENTED_EDGE ( 'NONE', *, *, #1493, .F. ) ;
#6113 = AXIS2_PLACEMENT_3D ( 'NONE', #2751, #5208, #5261 ) ;
#6114 = EDGE_CURVE ( 'NONE', #1966, #3896, #143, .T. ) ;
#6115 = LINE ( 'NONE', #8565, #4429 ) ;
#6116 = FILL_AREA_STYLE_COLOUR ( '', #3713 ) ;
#6117 = LINE ( 'NONE', #9297, #1011 ) ;
#6118 =( GEOMETRIC_REPRESENTATION_CONTEXT ( 3 ) GLOBAL_UNCERTAINTY_ASSIGNED_CONTEXT ( ( #1419 ) ) GLOBAL_UNIT_ASSIGNED_CONTEXT ( ( #1020, #7406, #2966 ) ) REPRESENTATION_CONTEXT ( 'NONE', 'WORKASPACE' ) );
#6119 = CIRCLE ( 'NONE', #9133, 0.4000000000000174527 ) ;
#6120 =( GEOMETRIC_REPRESENTATION_CONTEXT ( 3 ) GLOBAL_UNCERTAINTY_ASSIGNED_CONTEXT ( ( #6678 ) ) GLOBAL_UNIT_ASSIGNED_CONTEXT ( ( #1313, #4516, #4332 ) ) REPRESENTATION_CONTEXT ( 'NONE', 'WORKASPACE' ) );
#6121 = CARTESIAN_POINT ( 'NONE',  ( 6.349999999999996092, -2.000000000000000000, -0.6874509908007693237 ) ) ;
#6122 = VERTEX_POINT ( 'NONE', #7328 ) ;
#6123 = ORIENTED_EDGE ( 'NONE', *, *, #7487, .T. ) ;
#6124 = TOROIDAL_SURFACE ( 'NONE', #5473, 0.4999999999999987232, 0.3000000000000022093 ) ;
#6125 = FILL_AREA_STYLE ('',( #7836 ) ) ;
#6126 = DIRECTION ( 'NONE',  ( -1.000000000000000000, 0.000000000000000000, 0.000000000000000000 ) ) ;
#6127 = CARTESIAN_POINT ( 'NONE',  ( -1.881843041410428352, -5.435424868893512063, 3.600000000000003642 ) ) ;
#6128 = CARTESIAN_POINT ( 'NONE',  ( 1.462164714140041788, -5.819112848942162408, 3.500000000000004885 ) ) ;
#6129 = EDGE_CURVE ( 'NONE', #6457, #6122, #7854, .T. ) ;
#6130 = FACE_OUTER_BOUND ( 'NONE', #5881, .T. ) ;
#6131 = PRESENTATION_LAYER_ASSIGNMENT (  '', '', ( #8470 ) ) ;
#6132 =( LENGTH_UNIT ( ) NAMED_UNIT ( * ) SI_UNIT ( .MILLI., .METRE. ) );
#6133 = ORIENTED_EDGE ( 'NONE', *, *, #2096, .T. ) ;
#6134 = DIRECTION ( 'NONE',  ( 5.292964219876011532E-15, 1.256337252201300185E-14, 1.000000000000000000 ) ) ;
#6135 =( GEOMETRIC_REPRESENTATION_CONTEXT ( 3 ) GLOBAL_UNCERTAINTY_ASSIGNED_CONTEXT ( ( #7784 ) ) GLOBAL_UNIT_ASSIGNED_CONTEXT ( ( #7762, #10164, #493 ) ) REPRESENTATION_CONTEXT ( 'NONE', 'WORKASPACE' ) );
#6136 = MECHANICAL_DESIGN_GEOMETRIC_PRESENTATION_REPRESENTATION (  '', ( #9809 ), #6970 ) ;
#6137 = FILL_AREA_STYLE_COLOUR ( '', #5419 ) ;
#6138 = FACE_OUTER_BOUND ( 'NONE', #1982, .T. ) ;
#6139 = FILL_AREA_STYLE_COLOUR ( '', #3132 ) ;
#6140 = ORIENTED_EDGE ( 'NONE', *, *, #7237, .T. ) ;
#6141 = CARTESIAN_POINT ( 'NONE',  ( -5.424745029542530794, -1.866168552841443562, 3.600000000000000533 ) ) ;
#6142 = CARTESIAN_POINT ( 'NONE',  ( 6.694074169054405665, -6.704630743366731593, -2.070921654418471203 ) ) ;
#6143 = CARTESIAN_POINT ( 'NONE',  ( -5.000000000000000000, -5.000000000000000000, 3.500000000000000000 ) ) ;
#6144 = CIRCLE ( 'NONE', #4174, 0.03542486889355871138 ) ;
#6145 = PRESENTATION_STYLE_ASSIGNMENT (( #5328 ) ) ;
#6146 = EDGE_CURVE ( 'NONE', #591, #1071, #4694, .T. ) ;
#6147 = DIRECTION ( 'NONE',  ( 0.1611885087261777649, -0.6414968937216474210, 0.7500000000000722755 ) ) ;
#6148 = CARTESIAN_POINT ( 'NONE',  ( -3.600000000000001421, -6.000000000000000000, 3.644339654338649925 ) ) ;
#6149 = VERTEX_POINT ( 'NONE', #9721 ) ;
#6150 = FACE_OUTER_BOUND ( 'NONE', #799, .T. ) ;
#6151 = ORIENTED_EDGE ( 'NONE', *, *, #6404, .T. ) ;
#6152 = FACE_OUTER_BOUND ( 'NONE', #3637, .T. ) ;
#6153 = SURFACE_STYLE_FILL_AREA ( #10126 ) ;
#6154 = DIRECTION ( 'NONE',  ( 0.000000000000000000, 0.000000000000000000, -1.000000000000000000 ) ) ;
#6155 = DIRECTION ( 'NONE',  ( 0.000000000000000000, 0.000000000000000000, -1.000000000000000000 ) ) ;
#6156 = CARTESIAN_POINT ( 'NONE',  ( -6.000000000000000000, 0.000000000000000000, 0.1999999999999997613 ) ) ;
#6157 = VERTEX_POINT ( 'NONE', #1438 ) ;
#6158 = DIRECTION ( 'NONE',  ( 0.000000000000000000, 0.000000000000000000, -1.000000000000000000 ) ) ;
#6159 = VERTEX_POINT ( 'NONE', #6544 ) ;
#6160 = SURFACE_STYLE_FILL_AREA ( #10233 ) ;
#6161 = AXIS2_PLACEMENT_3D ( 'NONE', #3026, #639, #1499 ) ;
#6162 = DIRECTION ( 'NONE',  ( -5.181040781584184917E-11, 1.000000000000000000, 1.633531273211531549E-13 ) ) ;
#6163 = DIRECTION ( 'NONE',  ( -1.000000000000000000, 0.000000000000000000, 0.000000000000000000 ) ) ;
#6164 = CARTESIAN_POINT ( 'NONE',  ( -6.000000000000000000, 3.499999999999999556, 3.500000000000000000 ) ) ;
#6165 = EDGE_CURVE ( 'NONE', #8925, #2708, #1681, .T. ) ;
#6166 = AXIS2_PLACEMENT_3D ( 'NONE', #7745, #3911, #7842 ) ;
#6167 = CARTESIAN_POINT ( 'NONE',  ( -4.150000000000000355, 0.000000000000000000, 3.049999999999998934 ) ) ;
#6168 = VERTEX_POINT ( 'NONE', #4069 ) ;
#6169 = AXIS2_PLACEMENT_3D ( 'NONE', #388, #6134, #4493 ) ;
#6170 = EDGE_LOOP ( 'NONE', ( #7605, #7148, #7639, #2166, #243 ) ) ;
#6171 = CYLINDRICAL_SURFACE ( 'NONE', #7139, 0.04999999999999969746 ) ;
#6172 = MECHANICAL_DESIGN_GEOMETRIC_PRESENTATION_REPRESENTATION (  '', ( #5520 ), #8339 ) ;
#6173 = CARTESIAN_POINT ( 'NONE',  ( -1.891518204694832672, -5.435424868893512063, 3.600000000000003197 ) ) ;
#6174 = PRESENTATION_STYLE_ASSIGNMENT (( #4491 ) ) ;
#6175 = CARTESIAN_POINT ( 'NONE',  ( -6.287205726393079175, -1.999999999999998668, -2.830212172457900799 ) ) ;
#6176 = SURFACE_SIDE_STYLE ('',( #2999 ) ) ;
#6177 = ORIENTED_EDGE ( 'NONE', *, *, #8233, .F. ) ;
#6178 = VECTOR ( 'NONE', #8945, 1000.000000000000000 ) ;
#6179 = CARTESIAN_POINT ( 'NONE',  ( 0.000000000000000000, -4.500000000000003553, -9.796850830579017080E-17 ) ) ;
#6180 = AXIS2_PLACEMENT_3D ( 'NONE', #3861, #9363, #7129 ) ;
#6181 = STYLED_ITEM ( 'NONE', ( #3158 ), #1344 ) ;
#6182 = PRESENTATION_LAYER_ASSIGNMENT (  '', '', ( #2348 ) ) ;
#6183 = CARTESIAN_POINT ( 'NONE',  ( -6.349999999999997868, 3.000000000000000000, -0.6874509908007693237 ) ) ;
#6184 =( NAMED_UNIT ( * ) SI_UNIT ( $, .STERADIAN. ) SOLID_ANGLE_UNIT ( ) );
#6185 = CARTESIAN_POINT ( 'NONE',  ( 6.547679712131308172, 3.000000000000000444, -2.979052028523551332 ) ) ;
#6186 = EDGE_LOOP ( 'NONE', ( #4408, #10020, #6727, #2275, #7094 ) ) ;
#6187 = AXIS2_PLACEMENT_3D ( 'NONE', #6961, #1673, #881 ) ;
#6188 = DIRECTION ( 'NONE',  ( -1.000000000000000000, 0.000000000000000000, 0.000000000000000000 ) ) ;
#6189 =( NAMED_UNIT ( * ) SI_UNIT ( $, .STERADIAN. ) SOLID_ANGLE_UNIT ( ) );
#6190 = COLOUR_RGB ( '',0.7529411764705882248, 0.7529411764705882248, 0.7529411764705882248 ) ;
#6191 = SURFACE_STYLE_FILL_AREA ( #9426 ) ;
#6192 = FACE_OUTER_BOUND ( 'NONE', #2990, .T. ) ;
#6193 = EDGE_CURVE ( 'NONE', #9757, #6987, #7393, .T. ) ;
#6194 = CIRCLE ( 'NONE', #7695, 0.8000000000000003775 ) ;
#6195 = MECHANICAL_DESIGN_GEOMETRIC_PRESENTATION_REPRESENTATION (  '', ( #9037 ), #3397 ) ;
#6196 = ORIENTED_EDGE ( 'NONE', *, *, #9978, .T. ) ;
#6197 = ORIENTED_EDGE ( 'NONE', *, *, #10296, .F. ) ;
#6198 = EDGE_LOOP ( 'NONE', ( #7997, #5438, #3072, #10162 ) ) ;
#6199 = CIRCLE ( 'NONE', #9877, 0.8000000000000064837 ) ;
#6200 = CARTESIAN_POINT ( 'NONE',  ( -5.999999999999993783, -2.999999999999999556, -0.6874509908007685466 ) ) ;
#6201 =( NAMED_UNIT ( * ) PLANE_ANGLE_UNIT ( ) SI_UNIT ( $, .RADIAN. ) );
#6202 = CARTESIAN_POINT ( 'NONE',  ( 4.112287655965717548, -4.256400429113919692, 3.598706940622507400 ) ) ;
#6203 = FACE_OUTER_BOUND ( 'NONE', #8629, .T. ) ;
#6204 =( NAMED_UNIT ( * ) SI_UNIT ( $, .STERADIAN. ) SOLID_ANGLE_UNIT ( ) );
#6205 = ORIENTED_EDGE ( 'NONE', *, *, #8714, .F. ) ;
#6206 = AXIS2_PLACEMENT_3D ( 'NONE', #5151, #3650, #4484 ) ;
#6207 = PRESENTATION_STYLE_ASSIGNMENT (( #1895 ) ) ;
#6208 =( GEOMETRIC_REPRESENTATION_CONTEXT ( 3 ) GLOBAL_UNCERTAINTY_ASSIGNED_CONTEXT ( ( #6807 ) ) GLOBAL_UNIT_ASSIGNED_CONTEXT ( ( #7977, #3242, #4047 ) ) REPRESENTATION_CONTEXT ( 'NONE', 'WORKASPACE' ) );
#6209 = MECHANICAL_DESIGN_GEOMETRIC_PRESENTATION_REPRESENTATION (  '', ( #1375 ), #3051 ) ;
#6210 = PLANE ( 'NONE',  #905 ) ;
#6211 = EDGE_LOOP ( 'NONE', ( #5430, #4761, #7516, #2874 ) ) ;
#6212 = CARTESIAN_POINT ( 'NONE',  ( 6.287205726393076510, 2.000000000000000888, -2.830212172457903463 ) ) ;
#6213 = ADVANCED_FACE ( 'NONE', ( #7229 ), #3012, .T. ) ;
#6214 = PRESENTATION_STYLE_ASSIGNMENT (( #8661 ) ) ;
#6215 = VECTOR ( 'NONE', #9492, 1000.000000000000000 ) ;
#6216 = LINE ( 'NONE', #10238, #7675 ) ;
#6217 = STYLED_ITEM ( 'NONE', ( #3319 ), #2989 ) ;
#6218 = EDGE_CURVE ( 'NONE', #8571, #3585, #7235, .T. ) ;
#6219 =( NAMED_UNIT ( * ) SI_UNIT ( $, .STERADIAN. ) SOLID_ANGLE_UNIT ( ) );
#6220 = EDGE_CURVE ( 'NONE', #4659, #591, #2733, .T. ) ;
#6221 = AXIS2_PLACEMENT_3D ( 'NONE', #4248, #7411, #292 ) ;
#6222 = DIRECTION ( 'NONE',  ( -0.4961328535521692396, 0.000000000000000000, -0.8682466191274121892 ) ) ;
#6223 = ORIENTED_EDGE ( 'NONE', *, *, #247, .T. ) ;
#6224 = UNCERTAINTY_MEASURE_WITH_UNIT (LENGTH_MEASURE( 1.000000000000000082E-05 ), #2780, 'distance_accuracy_value', 'NONE');
#6225 = PRESENTATION_LAYER_ASSIGNMENT (  '', '', ( #9728 ) ) ;
#6226 =( GEOMETRIC_REPRESENTATION_CONTEXT ( 3 ) GLOBAL_UNCERTAINTY_ASSIGNED_CONTEXT ( ( #8793 ) ) GLOBAL_UNIT_ASSIGNED_CONTEXT ( ( #1588, #3729, #6896 ) ) REPRESENTATION_CONTEXT ( 'NONE', 'WORKASPACE' ) );
#6227 = CARTESIAN_POINT ( 'NONE',  ( 6.000000000000000000, -5.000000000000000888, 0.1999999999999993450 ) ) ;
#6228 = FILL_AREA_STYLE ('',( #3159 ) ) ;
#6229 = STYLED_ITEM ( 'NONE', ( #725 ), #4307 ) ;
#6230 =( GEOMETRIC_REPRESENTATION_CONTEXT ( 3 ) GLOBAL_UNCERTAINTY_ASSIGNED_CONTEXT ( ( #4367 ) ) GLOBAL_UNIT_ASSIGNED_CONTEXT ( ( #2071, #5168, #10112 ) ) REPRESENTATION_CONTEXT ( 'NONE', 'WORKASPACE' ) );
#6231 =( GEOMETRIC_REPRESENTATION_CONTEXT ( 3 ) GLOBAL_UNCERTAINTY_ASSIGNED_CONTEXT ( ( #9763 ) ) GLOBAL_UNIT_ASSIGNED_CONTEXT ( ( #1315, #7778, #2847 ) ) REPRESENTATION_CONTEXT ( 'NONE', 'WORKASPACE' ) );
#6232 = EDGE_LOOP ( 'NONE', ( #8546, #4082, #3142, #994 ) ) ;
#6233 = FACE_OUTER_BOUND ( 'NONE', #6186, .T. ) ;
#6234 = UNCERTAINTY_MEASURE_WITH_UNIT (LENGTH_MEASURE( 1.000000000000000082E-05 ), #4804, 'distance_accuracy_value', 'NONE');
#6235 = CARTESIAN_POINT ( 'NONE',  ( -1.899999999999999911, 0.000000000000000000, 5.500000000000000000 ) ) ;
#6236 = MECHANICAL_DESIGN_GEOMETRIC_PRESENTATION_REPRESENTATION (  '', ( #3414 ), #193 ) ;
#6237 = EDGE_CURVE ( 'NONE', #2028, #7851, #8553, .T. ) ;
#6238 = SURFACE_SIDE_STYLE ('',( #683 ) ) ;
#6239 = STYLED_ITEM ( 'NONE', ( #4249 ), #4716 ) ;
#6240 = EDGE_CURVE ( 'NONE', #2288, #2664, #9892, .T. ) ;
#6241 = COLOUR_RGB ( '',0.7529411764705882248, 0.7529411764705882248, 0.7529411764705882248 ) ;
#6242 = DIRECTION ( 'NONE',  ( 0.000000000000000000, 0.000000000000000000, -1.000000000000000000 ) ) ;
#6243 = UNCERTAINTY_MEASURE_WITH_UNIT (LENGTH_MEASURE( 1.000000000000000082E-05 ), #7879, 'distance_accuracy_value', 'NONE');
#6244 = VERTEX_POINT ( 'NONE', #4649 ) ;
#6245 = CIRCLE ( 'NONE', #1742, 0.4000000000000392686 ) ;
#6246 = DIRECTION ( 'NONE',  ( -0.1179568432022814334, 0.9713257602420880543, 0.2064278339562815312 ) ) ;
#6247 = FILL_AREA_STYLE ('',( #4693 ) ) ;
#6248 = FILL_AREA_STYLE_COLOUR ( '', #6747 ) ;
#6249 = DIRECTION ( 'NONE',  ( -0.000000000000000000, -0.000000000000000000, 1.000000000000000000 ) ) ;
#6250 = ADVANCED_FACE ( 'NONE', ( #7806, #10213 ), #3064, .T. ) ;
#6251 = CARTESIAN_POINT ( 'NONE',  ( -4.999999999999992895, 6.000000000000000000, 3.500000000000000000 ) ) ;
#6252 = VECTOR ( 'NONE', #8765, 1000.000000000000000 ) ;
#6253 = SURFACE_STYLE_FILL_AREA ( #1649 ) ;
#6254 = TOROIDAL_SURFACE ( 'NONE', #3453, 5.885424868893506911, 0.4000000000000089595 ) ;
#6255 = EDGE_LOOP ( 'NONE', ( #2832, #9849, #6963, #3769 ) ) ;
#6256 = CARTESIAN_POINT ( 'NONE',  ( 1.599999999995427746, 1.599999999999899059, 7.299999999999998934 ) ) ;
#6257 = ORIENTED_EDGE ( 'NONE', *, *, #7266, .F. ) ;
#6258 = CARTESIAN_POINT ( 'NONE',  ( 5.700000000000001066, -2.250000000001067146, 3.499999999999996447 ) ) ;
#6259 = VERTEX_POINT ( 'NONE', #9990 ) ;
#6260 = FACE_BOUND ( 'NONE', #4949, .T. ) ;
#6261 = CARTESIAN_POINT ( 'NONE',  ( 0.000000000000000000, 4.500000000000003553, -9.796850830579017080E-17 ) ) ;
#6262 = SURFACE_STYLE_USAGE ( .BOTH. , #8025 ) ;
#6264 = ADVANCED_FACE ( 'NONE', ( #6770 ), #38, .T. ) ;
#6263 = CARTESIAN_POINT ( 'NONE',  ( 5.999999999999993783, -2.000000000000000000, -0.6874509908007685466 ) ) ;
#6265 = ADVANCED_FACE ( 'NONE', ( #5880 ), #422, .T. ) ;
#6266 = DIRECTION ( 'NONE',  ( 3.632077277824436021E-13, -0.1833657963927316226, 0.9830447521416607604 ) ) ;
#6267 = ORIENTED_EDGE ( 'NONE', *, *, #6753, .F. ) ;
#6268 = COLOUR_RGB ( '',0.2980392156862745057, 0.2980392156862745057, 0.2980392156862745057 ) ;
#6269 = DIRECTION ( 'NONE',  ( -0.000000000000000000, -1.000000000000000000, -0.000000000000000000 ) ) ;
#6270 = AXIS2_PLACEMENT_3D ( 'NONE', #5537, #7092, #698 ) ;
#6271 =( LENGTH_UNIT ( ) NAMED_UNIT ( * ) SI_UNIT ( .MILLI., .METRE. ) );
#6272 = ORIENTED_EDGE ( 'NONE', *, *, #9681, .T. ) ;
#6273 = EDGE_CURVE ( 'NONE', #953, #5924, #9395, .T. ) ;
#6274 = CARTESIAN_POINT ( 'NONE',  ( 5.000000000000000000, 5.000000000000000000, 3.500000000000000000 ) ) ;
#6275 =( GEOMETRIC_REPRESENTATION_CONTEXT ( 3 ) GLOBAL_UNCERTAINTY_ASSIGNED_CONTEXT ( ( #4688 ) ) GLOBAL_UNIT_ASSIGNED_CONTEXT ( ( #847, #5577, #6184 ) ) REPRESENTATION_CONTEXT ( 'NONE', 'WORKASPACE' ) );
#6276 = MECHANICAL_DESIGN_GEOMETRIC_PRESENTATION_REPRESENTATION (  '', ( #6442 ), #5290 ) ;
#6277 = CARTESIAN_POINT ( 'NONE',  ( -1.600000000000094902, 1.899999999999999689, 5.500000000000000000 ) ) ;
#6278 = DIRECTION ( 'NONE',  ( 0.000000000000000000, 1.000000000000000000, -0.000000000000000000 ) ) ;
#6279 = EDGE_CURVE ( 'NONE', #6461, #6573, #6957, .T. ) ;
#6280 = DIRECTION ( 'NONE',  ( 0.000000000000000000, 0.000000000000000000, 1.000000000000000000 ) ) ;
#6281 = CIRCLE ( 'NONE', #2445, 0.8000000000000003775 ) ;
#6282 = CARTESIAN_POINT ( 'NONE',  ( 4.399999999999999467, 5.000000000000000000, 0.000000000000000000 ) ) ;
#6283 = LINE ( 'NONE', #5222, #3764 ) ;
#6284 = ORIENTED_EDGE ( 'NONE', *, *, #1161, .F. ) ;
#6285 = DIRECTION ( 'NONE',  ( -1.000000000000000000, 0.000000000000000000, 0.000000000000000000 ) ) ;
#6286 = CARTESIAN_POINT ( 'NONE',  ( 6.000000000000000000, 5.000000000000000000, 0.4000000000000000222 ) ) ;
#6287 =( GEOMETRIC_REPRESENTATION_CONTEXT ( 3 ) GLOBAL_UNCERTAINTY_ASSIGNED_CONTEXT ( ( #2259 ) ) GLOBAL_UNIT_ASSIGNED_CONTEXT ( ( #72, #5738, #2450 ) ) REPRESENTATION_CONTEXT ( 'NONE', 'WORKASPACE' ) );
#6288 = EDGE_CURVE ( 'NONE', #6444, #3504, #9562, .T. ) ;
#6289 = CARTESIAN_POINT ( 'NONE',  ( 1.599999999999999867, -5.435424868894465966, 3.600000000000000089 ) ) ;
#6290 = ORIENTED_EDGE ( 'NONE', *, *, #9336, .F. ) ;
#6291 = EDGE_CURVE ( 'NONE', #7946, #2428, #6115, .T. ) ;
#6292 = PRESENTATION_STYLE_ASSIGNMENT (( #3810 ) ) ;
#6293 = VECTOR ( 'NONE', #7226, 1000.000000000000000 ) ;
#6294 = ORIENTED_EDGE ( 'NONE', *, *, #6099, .F. ) ;
#6295 = FACE_OUTER_BOUND ( 'NONE', #8389, .T. ) ;
#6296 =( GEOMETRIC_REPRESENTATION_CONTEXT ( 3 ) GLOBAL_UNCERTAINTY_ASSIGNED_CONTEXT ( ( #10194 ) ) GLOBAL_UNIT_ASSIGNED_CONTEXT ( ( #6047, #8491, #4539 ) ) REPRESENTATION_CONTEXT ( 'NONE', 'WORKASPACE' ) );
#6297 = SURFACE_SIDE_STYLE ('',( #3112 ) ) ;
#6298 = LINE ( 'NONE', #2324, #6574 ) ;
#6299 = DIRECTION ( 'NONE',  ( -1.027427521298027226E-31, -1.027427521298021533E-31, -1.000000000000000000 ) ) ;
#6300 = ORIENTED_EDGE ( 'NONE', *, *, #1112, .F. ) ;
#6301 = SURFACE_SIDE_STYLE ('',( #3118 ) ) ;
#6302 = PRESENTATION_STYLE_ASSIGNMENT (( #3120 ) ) ;
#6303 = PLANE ( 'NONE',  #5930 ) ;
#6304 = AXIS2_PLACEMENT_3D ( 'NONE', #5059, #320, #5155 ) ;
#6305 = DIRECTION ( 'NONE',  ( -7.950815931560229639E-15, -1.000000000000000000, 1.301042606982582917E-14 ) ) ;
#6306 =( NAMED_UNIT ( * ) PLANE_ANGLE_UNIT ( ) SI_UNIT ( $, .RADIAN. ) );
#6307 = DIRECTION ( 'NONE',  ( -0.4722150451494404044, 0.000000000000000000, 0.8814833810881018694 ) ) ;
#6308 = ADVANCED_FACE ( 'NONE', ( #1462 ), #5253, .T. ) ;
#6309 = ORIENTED_EDGE ( 'NONE', *, *, #10179, .F. ) ;
#6310 = ORIENTED_EDGE ( 'NONE', *, *, #3487, .T. ) ;
#6311 = PRESENTATION_STYLE_ASSIGNMENT (( #7044 ) ) ;
#6312 = ORIENTED_EDGE ( 'NONE', *, *, #9480, .F. ) ;
#6313 = AXIS2_PLACEMENT_3D ( 'NONE', #8326, #3705, #1376 ) ;
#6314 = CARTESIAN_POINT ( 'NONE',  ( -4.627117972768563625, 3.954822068327818574, 3.555859740947653780 ) ) ;
#6315 = CARTESIAN_POINT ( 'NONE',  ( -4.399999999999998579, -5.000000000000000888, 0.000000000000000000 ) ) ;
#6316 = DIRECTION ( 'NONE',  ( 0.000000000000000000, 0.000000000000000000, 1.000000000000000000 ) ) ;
#6317 = CARTESIAN_POINT ( 'NONE',  ( 6.953886316694598335, -6.704630743366731593, -2.268178905419202973 ) ) ;
#6318 = CARTESIAN_POINT ( 'NONE',  ( 0.000000000000000000, -4.500000000000003553, 0.000000000000000000 ) ) ;
#6319 = ORIENTED_EDGE ( 'NONE', *, *, #8913, .F. ) ;
#6320 = SURFACE_STYLE_USAGE ( .BOTH. , #4049 ) ;
#6321 = SURFACE_SIDE_STYLE ('',( #26 ) ) ;
#6322 =( LENGTH_UNIT ( ) NAMED_UNIT ( * ) SI_UNIT ( .MILLI., .METRE. ) );
#6323 = ORIENTED_EDGE ( 'NONE', *, *, #2977, .T. ) ;
#6324 =( NAMED_UNIT ( * ) PLANE_ANGLE_UNIT ( ) SI_UNIT ( $, .RADIAN. ) );
#6325 = CYLINDRICAL_SURFACE ( 'NONE', #5640, 0.4500000000000001221 ) ;
#6326 = DIRECTION ( 'NONE',  ( -1.000000000000000000, 0.000000000000000000, 0.000000000000000000 ) ) ;
#6327 = LINE ( 'NONE', #5559, #1152 ) ;
#6328 = CARTESIAN_POINT ( 'NONE',  ( -4.399999999999998579, 4.999999999999999112, 0.000000000000000000 ) ) ;
#6329 = CARTESIAN_POINT ( 'NONE',  ( -1.725115800834499558, -5.500000000000000000, 3.572418321856495549 ) ) ;
#6330 = COLOUR_RGB ( '',0.7529411764705882248, 0.7529411764705882248, 0.7529411764705882248 ) ;
#6331 = FILL_AREA_STYLE ('',( #7990 ) ) ;
#6332 = DIRECTION ( 'NONE',  ( 5.025349008805825520E-14, -2.117185687950486023E-14, -1.000000000000000000 ) ) ;
#6333 = VERTEX_POINT ( 'NONE', #2250 ) ;
#6334 = DIRECTION ( 'NONE',  ( -0.000000000000000000, -1.000000000000000000, -0.000000000000000000 ) ) ;
#6335 = FILL_AREA_STYLE ('',( #2318 ) ) ;
#6336 = UNCERTAINTY_MEASURE_WITH_UNIT (LENGTH_MEASURE( 1.000000000000000082E-05 ), #6478, 'distance_accuracy_value', 'NONE');
#6337 = SURFACE_SIDE_STYLE ('',( #5402 ) ) ;
#6338 = VERTEX_POINT ( 'NONE', #7827 ) ;
#6339 = PRESENTATION_STYLE_ASSIGNMENT (( #2367 ) ) ;
#6340 = ORIENTED_EDGE ( 'NONE', *, *, #2484, .F. ) ;
#6341 = STYLED_ITEM ( 'NONE', ( #8280 ), #7874 ) ;
#6342 = AXIS2_PLACEMENT_3D ( 'NONE', #1308, #6108, #8463 ) ;
#6343 = SURFACE_SIDE_STYLE ('',( #3968 ) ) ;
#6344 = SURFACE_STYLE_FILL_AREA ( #1539 ) ;
#6345 = UNCERTAINTY_MEASURE_WITH_UNIT (LENGTH_MEASURE( 1.000000000000000082E-05 ), #7733, 'distance_accuracy_value', 'NONE');
#6346 = FACE_OUTER_BOUND ( 'NONE', #5396, .T. ) ;
#6347 = PRODUCT_DEFINITION ( 'UNKNOWN', '', #6426, #1854 ) ;
#6348 = FILL_AREA_STYLE ('',( #6405 ) ) ;
#6349 = FACE_OUTER_BOUND ( 'NONE', #7834, .T. ) ;
#6350 = AXIS2_PLACEMENT_3D ( 'NONE', #9269, #3761, #4533 ) ;
#6351 = VECTOR ( 'NONE', #3758, 1000.000000000000000 ) ;
#6352 = ORIENTED_EDGE ( 'NONE', *, *, #6114, .T. ) ;
#6353 = FILL_AREA_STYLE_COLOUR ( '', #2662 ) ;
#6354 =( NAMED_UNIT ( * ) SI_UNIT ( $, .STERADIAN. ) SOLID_ANGLE_UNIT ( ) );
#6355 = CIRCLE ( 'NONE', #8012, 0.7999999999999994893 ) ;
#6356 = LINE ( 'NONE', #4806, #3727 ) ;
#6357 = EDGE_CURVE ( 'NONE', #8674, #8156, #1224, .T. ) ;
#6358 = PRESENTATION_STYLE_ASSIGNMENT (( #8698 ) ) ;
#6359 = STYLED_ITEM ( 'NONE', ( #6074 ), #8439 ) ;
#6360 =( GEOMETRIC_REPRESENTATION_CONTEXT ( 3 ) GLOBAL_UNCERTAINTY_ASSIGNED_CONTEXT ( ( #8187 ) ) GLOBAL_UNIT_ASSIGNED_CONTEXT ( ( #8506, #4616, #2982 ) ) REPRESENTATION_CONTEXT ( 'NONE', 'WORKASPACE' ) );
#6361 = ORIENTED_EDGE ( 'NONE', *, *, #382, .F. ) ;
#6362 = FACE_OUTER_BOUND ( 'NONE', #8287, .T. ) ;
#6363 = ORIENTED_EDGE ( 'NONE', *, *, #871, .T. ) ;
#6364 = FACE_OUTER_BOUND ( 'NONE', #1132, .T. ) ;
#6365 = ORIENTED_EDGE ( 'NONE', *, *, #1596, .T. ) ;
#6366 = STYLED_ITEM ( 'NONE', ( #4900 ), #5333 ) ;
#6367 = PRESENTATION_STYLE_ASSIGNMENT (( #5378 ) ) ;
#6368 =( NAMED_UNIT ( * ) PLANE_ANGLE_UNIT ( ) SI_UNIT ( $, .RADIAN. ) );
#6369 = DIRECTION ( 'NONE',  ( -1.000000000000000000, 0.000000000000000000, -5.421010862427526114E-16 ) ) ;
#6370 = SURFACE_STYLE_FILL_AREA ( #5547 ) ;
#6371 = VERTEX_POINT ( 'NONE', #4666 ) ;
#6372 = DIRECTION ( 'NONE',  ( 0.000000000000000000, 0.000000000000000000, -1.000000000000000000 ) ) ;
#6373 = AXIS2_PLACEMENT_3D ( 'NONE', #3981, #8803, #1595 ) ;
#6374 = PRESENTATION_LAYER_ASSIGNMENT (  '', '', ( #10203 ) ) ;
#6375 = ORIENTED_EDGE ( 'NONE', *, *, #707, .F. ) ;
#6376 = FILL_AREA_STYLE_COLOUR ( '', #6268 ) ;
#6377 = ORIENTED_EDGE ( 'NONE', *, *, #9670, .T. ) ;
#6378 =( NAMED_UNIT ( * ) SI_UNIT ( $, .STERADIAN. ) SOLID_ANGLE_UNIT ( ) );
#6379 = DIRECTION ( 'NONE',  ( -1.000000000000000000, 1.084202172485503842E-15, 0.000000000000000000 ) ) ;
#6380 = DIRECTION ( 'NONE',  ( -1.000000000000000000, 0.000000000000000000, 0.000000000000000000 ) ) ;
#6381 = TOROIDAL_SURFACE ( 'NONE', #3218, 0.03542486889351274121, 0.4000000000000188405 ) ;
#6382 = DIRECTION ( 'NONE',  ( 1.000000000000000000, 0.000000000000000000, -0.000000000000000000 ) ) ;
#6383 = SURFACE_STYLE_USAGE ( .BOTH. , #823 ) ;
#6384 = EDGE_LOOP ( 'NONE', ( #3458, #7795, #1616, #8455 ) ) ;
#6385 = FACE_OUTER_BOUND ( 'NONE', #4225, .T. ) ;
#6386 = SURFACE_STYLE_USAGE ( .BOTH. , #5613 ) ;
#6387 = VERTEX_POINT ( 'NONE', #659 ) ;
#6388 = EDGE_CURVE ( 'NONE', #7553, #8828, #9073, .T. ) ;
#6389 = DIRECTION ( 'NONE',  ( -1.000000000000000000, 0.000000000000000000, 0.000000000000000000 ) ) ;
#6390 = UNCERTAINTY_MEASURE_WITH_UNIT (LENGTH_MEASURE( 1.000000000000000082E-05 ), #6841, 'distance_accuracy_value', 'NONE');
#6391 = EDGE_LOOP ( 'NONE', ( #9770, #7566, #550, #7196 ) ) ;
#6392 = DIRECTION ( 'NONE',  ( -0.8814833810881022025, 0.000000000000000000, -0.4722150451494400158 ) ) ;
#6393 = ADVANCED_FACE ( 'NONE', ( #7728 ), #10036, .T. ) ;
#6394 = DIRECTION ( 'NONE',  ( -0.000000000000000000, -1.000000000000000000, -0.000000000000000000 ) ) ;
#6395 = PRESENTATION_LAYER_ASSIGNMENT (  '', '', ( #4254 ) ) ;
#6396 = ADVANCED_FACE ( 'NONE', ( #7160 ), #2354, .F. ) ;
#6397 = STYLED_ITEM ( 'NONE', ( #309 ), #2992 ) ;
#6398 = FILL_AREA_STYLE ('',( #7236 ) ) ;
#6399 = CYLINDRICAL_SURFACE ( 'NONE', #7886, 4.150000000000000355 ) ;
#6400 = FILL_AREA_STYLE ('',( #5164 ) ) ;
#6401 = CIRCLE ( 'NONE', #7568, 6.149999999999987921 ) ;
#6402 = PRESENTATION_LAYER_ASSIGNMENT (  '', '', ( #3067 ) ) ;
#6403 = CARTESIAN_POINT ( 'NONE',  ( -0.7999999999999994893, -4.500000000000003553, -9.796850830579017080E-17 ) ) ;
#6404 = EDGE_CURVE ( 'NONE', #4056, #3482, #4101, .T. ) ;
#6405 = FILL_AREA_STYLE_COLOUR ( '', #210 ) ;
#6406 = SURFACE_STYLE_USAGE ( .BOTH. , #1592 ) ;
#6407 = FILL_AREA_STYLE_COLOUR ( '', #633 ) ;
#6408 = DIRECTION ( 'NONE',  ( 0.000000000000000000, -0.000000000000000000, -1.000000000000000000 ) ) ;
#6409 = MECHANICAL_DESIGN_GEOMETRIC_PRESENTATION_REPRESENTATION (  '', ( #9567 ), #6226 ) ;
#6410 = FACE_OUTER_BOUND ( 'NONE', #6684, .T. ) ;
#6411 = AXIS2_PLACEMENT_3D ( 'NONE', #7533, #9936, #5195 ) ;
#6412 = PRESENTATION_STYLE_ASSIGNMENT (( #3232 ) ) ;
#6413 = STYLED_ITEM ( 'NONE', ( #9607 ), #689 ) ;
#6414 = ORIENTED_EDGE ( 'NONE', *, *, #7962, .T. ) ;
#6415 = EDGE_LOOP ( 'NONE', ( #474, #5685, #4913, #8688, #7264, #6492, #139, #4273 ) ) ;
#6416 = DIRECTION ( 'NONE',  ( 0.000000000000000000, -1.000000000000000000, 0.000000000000000000 ) ) ;
#6417 = ORIENTED_EDGE ( 'NONE', *, *, #8517, .T. ) ;
#6418 = DIRECTION ( 'NONE',  ( -1.000000000000000000, -1.222978688985946960E-15, 0.000000000000000000 ) ) ;
#6419 = FILL_AREA_STYLE ('',( #4044 ) ) ;
#6420 = LINE ( 'NONE', #3888, #8067 ) ;
#6421 = EDGE_CURVE ( 'NONE', #5216, #4512, #2239, .T. ) ;
#6422 = AXIS2_PLACEMENT_3D ( 'NONE', #6317, #9641, #3185 ) ;
#6423 = LINE ( 'NONE', #7920, #4771 ) ;
#6424 = EDGE_CURVE ( 'NONE', #7382, #8165, #3257, .T. ) ;
#6425 = ORIENTED_EDGE ( 'NONE', *, *, #5046, .T. ) ;
#6426 = PRODUCT_DEFINITION_FORMATION_WITH_SPECIFIED_SOURCE ( 'ANY', '', #390, .NOT_KNOWN. ) ;
#6427 = VERTEX_POINT ( 'NONE', #719 ) ;
#6428 = FACE_OUTER_BOUND ( 'NONE', #8789, .T. ) ;
#6429 = ORIENTED_EDGE ( 'NONE', *, *, #1618, .T. ) ;
#6430 = PRESENTATION_STYLE_ASSIGNMENT (( #84 ) ) ;
#6431 = FILL_AREA_STYLE_COLOUR ( '', #8118 ) ;
#6432 = FILL_AREA_STYLE_COLOUR ( '', #6241 ) ;
#6433 = CARTESIAN_POINT ( 'NONE',  ( 6.300000004034803425, -3.000000000000000000, 0.06415926535897724381 ) ) ;
#6434 = FILL_AREA_STYLE_COLOUR ( '', #6041 ) ;
#6435 = FILL_AREA_STYLE_COLOUR ( '', #9690 ) ;
#6436 = EDGE_CURVE ( 'NONE', #9758, #4106, #4591, .T. ) ;
#6437 =( LENGTH_UNIT ( ) NAMED_UNIT ( * ) SI_UNIT ( .MILLI., .METRE. ) );
#6438 = ORIENTED_EDGE ( 'NONE', *, *, #2526, .T. ) ;
#6439 = AXIS2_PLACEMENT_3D ( 'NONE', #1115, #5004, #1796 ) ;
#6440 = PRESENTATION_STYLE_ASSIGNMENT (( #9771 ) ) ;
#6441 = SURFACE_STYLE_USAGE ( .BOTH. , #5044 ) ;
#6442 = STYLED_ITEM ( 'NONE', ( #2179 ), #1951 ) ;
#6443 = DIRECTION ( 'NONE',  ( 0.4961328535521690730, 0.000000000000000000, -0.8682466191274124112 ) ) ;
#6444 = VERTEX_POINT ( 'NONE', #7984 ) ;
#6445 = CARTESIAN_POINT ( 'NONE',  ( 1.899999999999999911, -1.599999999999910161, 6.999999999999999112 ) ) ;
#6446 = DIRECTION ( 'NONE',  ( -1.084202172485503842E-15, 1.000000000000000000, 0.000000000000000000 ) ) ;
#6447 = ORIENTED_EDGE ( 'NONE', *, *, #5814, .T. ) ;
#6448 = SURFACE_STYLE_FILL_AREA ( #9779 ) ;
#6449 = SURFACE_SIDE_STYLE ('',( #7437 ) ) ;
#6450 = SURFACE_STYLE_USAGE ( .BOTH. , #4180 ) ;
#6451 = STYLED_ITEM ( 'NONE', ( #10331 ), #3684 ) ;
#6452 = DIRECTION ( 'NONE',  ( 0.000000000000000000, 1.000000000000000000, 0.000000000000000000 ) ) ;
#6453 = FILL_AREA_STYLE ('',( #8004 ) ) ;
#6454 = EDGE_CURVE ( 'NONE', #7426, #5588, #9603, .T. ) ;
#6455 = CARTESIAN_POINT ( 'NONE',  ( 1.880790961326725235E-31, 1.880790961326725235E-31, 7.300000000043382897 ) ) ;
#6456 =( LENGTH_UNIT ( ) NAMED_UNIT ( * ) SI_UNIT ( .MILLI., .METRE. ) );
#6457 = VERTEX_POINT ( 'NONE', #7215 ) ;
#6458 = STYLED_ITEM ( 'NONE', ( #7609 ), #837 ) ;
#6459 = MECHANICAL_DESIGN_GEOMETRIC_PRESENTATION_REPRESENTATION (  '', ( #9797 ), #9966 ) ;
#6460 = ORIENTED_EDGE ( 'NONE', *, *, #3759, .F. ) ;
#6461 = VERTEX_POINT ( 'NONE', #5704 ) ;
#6462 = ORIENTED_EDGE ( 'NONE', *, *, #8853, .T. ) ;
#6463 = MECHANICAL_DESIGN_GEOMETRIC_PRESENTATION_REPRESENTATION (  '', ( #3495 ), #10133 ) ;
#6464 = SURFACE_STYLE_USAGE ( .BOTH. , #4198 ) ;
#6465 = DIRECTION ( 'NONE',  ( 0.000000000000000000, 0.000000000000000000, -1.000000000000000000 ) ) ;
#6466 = CIRCLE ( 'NONE', #3140, 0.3499999999999996447 ) ;
#6467 =( NAMED_UNIT ( * ) PLANE_ANGLE_UNIT ( ) SI_UNIT ( $, .RADIAN. ) );
#6468 = DIRECTION ( 'NONE',  ( 0.000000000000000000, -1.000000000000000000, -2.514091994169285222E-16 ) ) ;
#6469 = STYLED_ITEM ( 'NONE', ( #9917 ), #215 ) ;
#6470 =( NAMED_UNIT ( * ) PLANE_ANGLE_UNIT ( ) SI_UNIT ( $, .RADIAN. ) );
#6471 = PRESENTATION_LAYER_ASSIGNMENT (  '', '', ( #460 ) ) ;
#6472 = MANIFOLD_SOLID_BREP ( 'NONE', #6049 ) ;
#6473 = ORIENTED_EDGE ( 'NONE', *, *, #6689, .F. ) ;
#6474 = EDGE_LOOP ( 'NONE', ( #2540, #351, #9392 ) ) ;
#6475 = SURFACE_SIDE_STYLE ('',( #9760 ) ) ;
#6476 = TOROIDAL_SURFACE ( 'NONE', #5158, 5.885424868893535333, 0.4000000000000033529 ) ;
#6477 =( NAMED_UNIT ( * ) PLANE_ANGLE_UNIT ( ) SI_UNIT ( $, .RADIAN. ) );
#6478 =( LENGTH_UNIT ( ) NAMED_UNIT ( * ) SI_UNIT ( .MILLI., .METRE. ) );
#6479 = LINE ( 'NONE', #9558, #820 ) ;
#6480 = CARTESIAN_POINT ( 'NONE',  ( 5.284750124092056467, -1.644351019653345070, 3.599999997733140056 ) ) ;
#6481 = ADVANCED_FACE ( 'NONE', ( #7519 ), #31, .T. ) ;
#6482 = FILL_AREA_STYLE ('',( #8143 ) ) ;
#6483 = CARTESIAN_POINT ( 'NONE',  ( 0.000000000000000000, -6.000000000000000000, 3.299999999999999822 ) ) ;
#6484 = DIRECTION ( 'NONE',  ( -1.000000000000000000, 7.228014483234880795E-15, 0.000000000000000000 ) ) ;
#6485 = ORIENTED_EDGE ( 'NONE', *, *, #9216, .T. ) ;
#6486 = SURFACE_SIDE_STYLE ('',( #5764 ) ) ;
#6487 = CARTESIAN_POINT ( 'NONE',  ( 5.435424868893540484, -1.599999999999999867, 3.199999999999999734 ) ) ;
#6488 = DIRECTION ( 'NONE',  ( -1.000000000000000000, -1.084202172485503842E-15, 0.000000000000000000 ) ) ;
#6489 = ORIENTED_EDGE ( 'NONE', *, *, #4426, .T. ) ;
#6490 = PRESENTATION_STYLE_ASSIGNMENT (( #3326 ) ) ;
#6491 = DIRECTION ( 'NONE',  ( -0.000000000000000000, -1.000000000000000000, -0.000000000000000000 ) ) ;
#6492 = ORIENTED_EDGE ( 'NONE', *, *, #410, .T. ) ;
#6493 = PRESENTATION_STYLE_ASSIGNMENT (( #4638 ) ) ;
#6494 = AXIS2_PLACEMENT_3D ( 'NONE', #3172, #2536, #9630 ) ;
#6495 = DIRECTION ( 'NONE',  ( -0.000000000000000000, -0.000000000000000000, 1.000000000000000000 ) ) ;
#6496 = FACE_OUTER_BOUND ( 'NONE', #7329, .T. ) ;
#6497 = CARTESIAN_POINT ( 'NONE',  ( -4.999999999999998224, -5.000000000000000888, 0.1999999999999971245 ) ) ;
#6498 = PRESENTATION_LAYER_ASSIGNMENT (  '', '', ( #3522 ) ) ;
#6499 = SURFACE_STYLE_USAGE ( .BOTH. , #1591 ) ;
#6500 = ORIENTED_EDGE ( 'NONE', *, *, #8285, .T. ) ;
#6501 = CARTESIAN_POINT ( 'NONE',  ( 5.435424868893528938, 2.250000000002593481, 3.199999999999981526 ) ) ;
#6502 = DIRECTION ( 'NONE',  ( -1.000000000000000000, 0.000000000000000000, 0.000000000000000000 ) ) ;
#6503 = LINE ( 'NONE', #9688, #8667 ) ;
#6504 = COLOUR_RGB ( '',0.2980392156862745057, 0.2980392156862745057, 0.2980392156862745057 ) ;
#6505 = CARTESIAN_POINT ( 'NONE',  ( -2.263624949575236744, 5.432699878980547403, 3.600000000000000533 ) ) ;
#6506 = ORIENTED_EDGE ( 'NONE', *, *, #7156, .F. ) ;
#6507 = VECTOR ( 'NONE', #6621, 1000.000000000000000 ) ;
#6508 = PLANE ( 'NONE',  #2368 ) ;
#6509 = VERTEX_POINT ( 'NONE', #8306 ) ;
#6510 = FILL_AREA_STYLE_COLOUR ( '', #4976 ) ;
#6511 = ORIENTED_EDGE ( 'NONE', *, *, #1752, .T. ) ;
#6512 = CIRCLE ( 'NONE', #649, 0.7999999999999994893 ) ;
#6513 = AXIS2_PLACEMENT_3D ( 'NONE', #1788, #8838, #3273 ) ;
#6514 = VECTOR ( 'NONE', #4059, 1000.000000000000000 ) ;
#6515 = DIRECTION ( 'NONE',  ( -5.292964219874702812E-15, 1.256337252201266738E-14, 1.000000000000000000 ) ) ;
#6516 = CARTESIAN_POINT ( 'NONE',  ( 6.300000000000000711, -2.000000000000000000, 1.414159265358978290 ) ) ;
#6517 = CARTESIAN_POINT ( 'NONE',  ( -6.953886316694598335, -6.704630743366730705, -2.268178905419203861 ) ) ;
#6518 = AXIS2_PLACEMENT_3D ( 'NONE', #4226, #2633, #10355 ) ;
#6519 = ADVANCED_FACE ( 'NONE', ( #190 ), #8139, .F. ) ;
#6520 =( NAMED_UNIT ( * ) PLANE_ANGLE_UNIT ( ) SI_UNIT ( $, .RADIAN. ) );
#6521 = AXIS2_PLACEMENT_3D ( 'NONE', #8055, #6551, #996 ) ;
#6522 = FILL_AREA_STYLE_COLOUR ( '', #5477 ) ;
#6523 = EDGE_CURVE ( 'NONE', #2708, #4106, #4263, .T. ) ;
#6524 = EDGE_LOOP ( 'NONE', ( #3822, #2924, #6633, #257 ) ) ;
#6525 = DIRECTION ( 'NONE',  ( -0.6414968937218082923, -0.1611885087261584470, 0.7499999999999388267 ) ) ;
#6526 = ORIENTED_EDGE ( 'NONE', *, *, #8517, .F. ) ;
#6527 = DIRECTION ( 'NONE',  ( -1.000000000000000000, -7.228014483238640506E-15, -2.732189474664206266E-13 ) ) ;
#6528 = DIRECTION ( 'NONE',  ( 1.000000000000000000, -1.053031360026544826E-16, 0.000000000000000000 ) ) ;
#6529 = PRESENTATION_LAYER_ASSIGNMENT (  '', '', ( #3726 ) ) ;
#6530 = COLOUR_RGB ( '',1.000000000000000000, 1.000000000000000000, 1.000000000000000000 ) ;
#6531 = CARTESIAN_POINT ( 'NONE',  ( -6.000000000000000000, -5.000000000000000000, 0.4000000000000000222 ) ) ;
#6532 =( NAMED_UNIT ( * ) PLANE_ANGLE_UNIT ( ) SI_UNIT ( $, .RADIAN. ) );
#6533 = MECHANICAL_DESIGN_GEOMETRIC_PRESENTATION_REPRESENTATION (  '', ( #176 ), #9203 ) ;
#6534 = CARTESIAN_POINT ( 'NONE',  ( 5.261766151086463061, -1.556267106944594358, 3.599999654498289736 ) ) ;
#6535 = PRESENTATION_LAYER_ASSIGNMENT (  '', '', ( #7373 ) ) ;
#6536 =( NAMED_UNIT ( * ) PLANE_ANGLE_UNIT ( ) SI_UNIT ( $, .RADIAN. ) );
#6537 = EDGE_CURVE ( 'NONE', #654, #6168, #5086, .T. ) ;
#6538 = CARTESIAN_POINT ( 'NONE',  ( 5.999999999999993783, -2.000000000000000000, -0.6874509908007687686 ) ) ;
#6539 = DIRECTION ( 'NONE',  ( 1.000000000000000000, 0.000000000000000000, -0.000000000000000000 ) ) ;
#6540 = ORIENTED_EDGE ( 'NONE', *, *, #7345, .T. ) ;
#6541 =( NAMED_UNIT ( * ) PLANE_ANGLE_UNIT ( ) SI_UNIT ( $, .RADIAN. ) );
#6542 = DIRECTION ( 'NONE',  ( -1.000000000000000000, 0.000000000000000000, -3.009265538105064779E-31 ) ) ;
#6543 = CIRCLE ( 'NONE', #7540, 4.150000000000000355 ) ;
#6544 = CARTESIAN_POINT ( 'NONE',  ( -1.891518204694828675, 5.700000000000000178, 3.500000000000000000 ) ) ;
#6545 = VERTEX_POINT ( 'NONE', #6652 ) ;
#6546 = CARTESIAN_POINT ( 'NONE',  ( 6.349999999999996092, -6.704630743366731593, -0.6874509908007693237 ) ) ;
#6547 = ADVANCED_FACE ( 'NONE', ( #9818 ), #8247, .T. ) ;
#6548 = ORIENTED_EDGE ( 'NONE', *, *, #3168, .F. ) ;
#6549 = DIRECTION ( 'NONE',  ( -3.491483361109382461E-15, 0.000000000000000000, -1.000000000000000000 ) ) ;
#6550 = EDGE_CURVE ( 'NONE', #5861, #2231, #7248, .T. ) ;
#6551 = DIRECTION ( 'NONE',  ( 0.000000000000000000, 0.000000000000000000, 1.000000000000000000 ) ) ;
#6552 = STYLED_ITEM ( 'NONE', ( #9593 ), #5915 ) ;
#6553 = CARTESIAN_POINT ( 'NONE',  ( -6.000000000000000000, 3.499999999999999556, 0.4000000000000000222 ) ) ;
#6554 = EDGE_CURVE ( 'NONE', #3728, #4186, #4419, .T. ) ;
#6555 = VECTOR ( 'NONE', #9445, 1000.000000000000000 ) ;
#6556 = SURFACE_STYLE_USAGE ( .BOTH. , #9836 ) ;
#6557 = FILL_AREA_STYLE ('',( #321 ) ) ;
#6558 = CARTESIAN_POINT ( 'NONE',  ( -3.600000000000001421, -6.000000000000000000, 0.2000000000000000944 ) ) ;
#6559 = STYLED_ITEM ( 'NONE', ( #2169 ), #6091 ) ;
#6560 = ORIENTED_EDGE ( 'NONE', *, *, #1790, .F. ) ;
#6561 = CARTESIAN_POINT ( 'NONE',  ( -2.166916829160916310E-16, 1.734723475976807094E-15, 3.500000000000000000 ) ) ;
#6562 = DIRECTION ( 'NONE',  ( 1.222978688985946960E-15, -1.000000000000000000, 0.000000000000000000 ) ) ;
#6563 = UNCERTAINTY_MEASURE_WITH_UNIT (LENGTH_MEASURE( 1.000000000000000082E-05 ), #9923, 'distance_accuracy_value', 'NONE');
#6564 = EDGE_CURVE ( 'NONE', #8962, #8300, #2086, .T. ) ;
#6565 = CARTESIAN_POINT ( 'NONE',  ( 6.694074169054405665, -3.000000000000000000, -2.070921654418471647 ) ) ;
#6566 = AXIS2_PLACEMENT_3D ( 'NONE', #2422, #5565, #8784 ) ;
#6567 = DIRECTION ( 'NONE',  ( -1.000000000000000000, 0.000000000000000000, 1.914908421497441485E-15 ) ) ;
#6568 = COLOUR_RGB ( '',0.2980392156862745057, 0.2980392156862745057, 0.2980392156862745057 ) ;
#6569 = VERTEX_POINT ( 'NONE', #9243 ) ;
#6570 = CARTESIAN_POINT ( 'NONE',  ( 0.4999999999999988343, -4.500000000000002665, -1.500000000000000222 ) ) ;
#6571 = EDGE_LOOP ( 'NONE', ( #2917, #9519, #6852, #4878 ) ) ;
#6572 = PRESENTATION_STYLE_ASSIGNMENT (( #6685 ) ) ;
#6573 = VERTEX_POINT ( 'NONE', #3734 ) ;
#6574 = VECTOR ( 'NONE', #9188, 1000.000000000000227 ) ;
#6575 = FILL_AREA_STYLE_COLOUR ( '', #105 ) ;
#6576 = CARTESIAN_POINT ( 'NONE',  ( 6.420179204657453731, -2.937096592108939586, -3.202181546672993484 ) ) ;
#6577 = DIRECTION ( 'NONE',  ( -1.000000000000000000, -0.000000000000000000, -0.000000000000000000 ) ) ;
#6578 = DIRECTION ( 'NONE',  ( 1.000000000000000000, -2.710505431213761578E-16, 0.000000000000000000 ) ) ;
#6579 = MECHANICAL_DESIGN_GEOMETRIC_PRESENTATION_REPRESENTATION (  '', ( #36 ), #4098 ) ;
#6580 =( NAMED_UNIT ( * ) SI_UNIT ( $, .STERADIAN. ) SOLID_ANGLE_UNIT ( ) );
#6581 = VECTOR ( 'NONE', #7623, 1000.000000000000000 ) ;
#6582 =( NAMED_UNIT ( * ) SI_UNIT ( $, .STERADIAN. ) SOLID_ANGLE_UNIT ( ) );
#6583 = VECTOR ( 'NONE', #673, 1000.000000000000000 ) ;
#6584 = EDGE_LOOP ( 'NONE', ( #6604, #9746, #2104, #7051 ) ) ;
#6585 = PRESENTATION_STYLE_ASSIGNMENT (( #3571 ) ) ;
#6586 = ORIENTED_EDGE ( 'NONE', *, *, #7346, .F. ) ;
#6587 = CARTESIAN_POINT ( 'NONE',  ( 5.400000000000076739, 2.250000000000024425, 3.499999999999916511 ) ) ;
#6588 = MECHANICAL_DESIGN_GEOMETRIC_PRESENTATION_REPRESENTATION (  '', ( #8737 ), #4439 ) ;
#6589 =( GEOMETRIC_REPRESENTATION_CONTEXT ( 3 ) GLOBAL_UNCERTAINTY_ASSIGNED_CONTEXT ( ( #6759 ) ) GLOBAL_UNIT_ASSIGNED_CONTEXT ( ( #6743, #5905, #9912 ) ) REPRESENTATION_CONTEXT ( 'NONE', 'WORKASPACE' ) );
#6590 = EDGE_CURVE ( 'NONE', #2428, #7453, #6902, .T. ) ;
#6591 = FILL_AREA_STYLE_COLOUR ( '', #3308 ) ;
#6592 = EDGE_CURVE ( 'NONE', #81, #9599, #8461, .T. ) ;
#6593 = FILL_AREA_STYLE ('',( #1825 ) ) ;
#6594 = SURFACE_STYLE_USAGE ( .BOTH. , #9708 ) ;
#6595 = FACE_OUTER_BOUND ( 'NONE', #416, .T. ) ;
#6596 = CARTESIAN_POINT ( 'NONE',  ( 5.270126084680318179, -1.595182922203961962, 3.599999937117452031 ) ) ;
#6597 = AXIS2_PLACEMENT_3D ( 'NONE', #7088, #3015, #7190 ) ;
#6598 = UNCERTAINTY_MEASURE_WITH_UNIT (LENGTH_MEASURE( 1.000000000000000082E-05 ), #8341, 'distance_accuracy_value', 'NONE');
#6599 = DIRECTION ( 'NONE',  ( -4.900241895855846023E-16, -4.900241895855865745E-16, -1.000000000000000000 ) ) ;
#6600 = EDGE_CURVE ( 'NONE', #3347, #7661, #2180, .T. ) ;
#6601 = SURFACE_STYLE_USAGE ( .BOTH. , #6761 ) ;
#6602 = ORIENTED_EDGE ( 'NONE', *, *, #4164, .F. ) ;
#6603 = CARTESIAN_POINT ( 'NONE',  ( 0.000000000000000000, 0.000000000000000000, 4.299999999999999822 ) ) ;
#6604 = ORIENTED_EDGE ( 'NONE', *, *, #8902, .F. ) ;
#6605 = MECHANICAL_DESIGN_GEOMETRIC_PRESENTATION_REPRESENTATION (  '', ( #4297 ), #242 ) ;
#6606 =( NAMED_UNIT ( * ) SI_UNIT ( $, .STERADIAN. ) SOLID_ANGLE_UNIT ( ) );
#6607 = SURFACE_SIDE_STYLE ('',( #5827 ) ) ;
#6608 = PRESENTATION_STYLE_ASSIGNMENT (( #5048 ) ) ;
#6609 = ORIENTED_EDGE ( 'NONE', *, *, #8749, .T. ) ;
#6610 = SURFACE_STYLE_FILL_AREA ( #2632 ) ;
#6611 = CARTESIAN_POINT ( 'NONE',  ( 5.435424868893548478, -1.891518204694834671, 3.599999999999999201 ) ) ;
#6612 = ADVANCED_FACE ( 'NONE', ( #6203 ), #4553, .T. ) ;
#6613 = ORIENTED_EDGE ( 'NONE', *, *, #3343, .T. ) ;
#6614 = DIRECTION ( 'NONE',  ( -1.000000000000000000, 0.000000000000000000, 0.000000000000000000 ) ) ;
#6615 = PRESENTATION_LAYER_ASSIGNMENT (  '', '', ( #5943 ) ) ;
#6616 = DIRECTION ( 'NONE',  ( 0.000000000000000000, 0.000000000000000000, 1.000000000000000000 ) ) ;
#6617 =( NAMED_UNIT ( * ) PLANE_ANGLE_UNIT ( ) SI_UNIT ( $, .RADIAN. ) );
#6618 = EDGE_CURVE ( 'NONE', #2520, #1812, #9328, .T. ) ;
#6619 = CYLINDRICAL_SURFACE ( 'NONE', #3475, 0.3500000041649588001 ) ;
#6620 =( NAMED_UNIT ( * ) PLANE_ANGLE_UNIT ( ) SI_UNIT ( $, .RADIAN. ) );
#6621 = DIRECTION ( 'NONE',  ( -0.000000000000000000, -1.000000000000000000, -0.000000000000000000 ) ) ;
#6622 = FILL_AREA_STYLE ('',( #3501 ) ) ;
#6623 = STYLED_ITEM ( 'NONE', ( #157 ), #9179 ) ;
#6624 = ORIENTED_EDGE ( 'NONE', *, *, #7289, .T. ) ;
#6625 = CARTESIAN_POINT ( 'NONE',  ( 5.000000000000000000, -5.800000000000000711, 3.299999999999999822 ) ) ;
#6626 = FILL_AREA_STYLE_COLOUR ( '', #1031 ) ;
#6627 = CIRCLE ( 'NONE', #5444, 0.1999999999999996503 ) ;
#6628 = ORIENTED_EDGE ( 'NONE', *, *, #8746, .F. ) ;
#6629 = LINE ( 'NONE', #9897, #483 ) ;
#6630 = MECHANICAL_DESIGN_GEOMETRIC_PRESENTATION_REPRESENTATION (  '', ( #2953 ), #8610 ) ;
#6631 = DIRECTION ( 'NONE',  ( -1.000000000000000000, 0.000000000000000000, 0.000000000000000000 ) ) ;
#6632 = COLOUR_RGB ( '',0.7529411764705882248, 0.7529411764705882248, 0.7529411764705882248 ) ;
#6633 = ORIENTED_EDGE ( 'NONE', *, *, #3046, .T. ) ;
#6634 = DIRECTION ( 'NONE',  ( 2.961358209323463018E-15, -2.961358209323485106E-15, -1.000000000000000000 ) ) ;
#6635 = ORIENTED_EDGE ( 'NONE', *, *, #8577, .T. ) ;
#6636 = FILL_AREA_STYLE ('',( #7506 ) ) ;
#6637 = ORIENTED_EDGE ( 'NONE', *, *, #6849, .F. ) ;
#6638 = UNCERTAINTY_MEASURE_WITH_UNIT (LENGTH_MEASURE( 1.000000000000000082E-05 ), #3529, 'distance_accuracy_value', 'NONE');
#6639 = CARTESIAN_POINT ( 'NONE',  ( -4.999999999999999112, -5.800000000000000711, -5.285485590866834116E-16 ) ) ;
#6640 = SURFACE_STYLE_FILL_AREA ( #3297 ) ;
#6641 = PRESENTATION_LAYER_ASSIGNMENT (  '', '', ( #757 ) ) ;
#6642 = PRESENTATION_LAYER_ASSIGNMENT (  '', '', ( #2802 ) ) ;
#6643 = FILL_AREA_STYLE_COLOUR ( '', #10189 ) ;
#6644 = ADVANCED_FACE ( 'NONE', ( #6845 ), #8549, .T. ) ;
#6645 = DIRECTION ( 'NONE',  ( 0.000000000000000000, 0.000000000000000000, -1.000000000000000000 ) ) ;
#6646 = ORIENTED_EDGE ( 'NONE', *, *, #6682, .T. ) ;
#6647 = ORIENTED_EDGE ( 'NONE', *, *, #1480, .T. ) ;
#6648 = STYLED_ITEM ( 'NONE', ( #7468 ), #9819 ) ;
#6649 = DIRECTION ( 'NONE',  ( -0.000000000000000000, -0.000000000000000000, 1.000000000000000000 ) ) ;
#6650 = CARTESIAN_POINT ( 'NONE',  ( -1.676841459417441227, 5.609556424471087155, 3.499999999999996891 ) ) ;
#6651 = STYLED_ITEM ( 'NONE', ( #3779 ), #342 ) ;
#6652 = CARTESIAN_POINT ( 'NONE',  ( -5.549999999999999822, 4.750000000000000000, 3.200000000000000178 ) ) ;
#6653 = DIRECTION ( 'NONE',  ( -0.4961328535521667971, 0.000000000000000000, -0.8682466191274137435 ) ) ;
#6654 = CARTESIAN_POINT ( 'NONE',  ( -3.600000000000000977, -5.800000000000000711, 3.500000000000000000 ) ) ;
#6655 = UNCERTAINTY_MEASURE_WITH_UNIT (LENGTH_MEASURE( 1.000000000000000082E-05 ), #9501, 'distance_accuracy_value', 'NONE');
#6656 = AXIS2_PLACEMENT_3D ( 'NONE', #5664, #98, #3211 ) ;
#6657 = VECTOR ( 'NONE', #3605, 1000.000000000000000 ) ;
#6658 = VERTEX_POINT ( 'NONE', #1503 ) ;
#6659 =( LENGTH_UNIT ( ) NAMED_UNIT ( * ) SI_UNIT ( .MILLI., .METRE. ) );
#6660 = VERTEX_POINT ( 'NONE', #4772 ) ;
#6661 = LINE ( 'NONE', #4839, #763 ) ;
#6662 = COLOUR_RGB ( '',1.000000000000000000, 1.000000000000000000, 1.000000000000000000 ) ;
#6663 =( NAMED_UNIT ( * ) PLANE_ANGLE_UNIT ( ) SI_UNIT ( $, .RADIAN. ) );
#6664 = ORIENTED_EDGE ( 'NONE', *, *, #4901, .F. ) ;
#6665 =( LENGTH_UNIT ( ) NAMED_UNIT ( * ) SI_UNIT ( .MILLI., .METRE. ) );
#6666 =( NAMED_UNIT ( * ) SI_UNIT ( $, .STERADIAN. ) SOLID_ANGLE_UNIT ( ) );
#6667 = EDGE_LOOP ( 'NONE', ( #3945, #3989, #2440, #3103, #6257, #9219 ) ) ;
#6668 =( NAMED_UNIT ( * ) SI_UNIT ( $, .STERADIAN. ) SOLID_ANGLE_UNIT ( ) );
#6669 = DIRECTION ( 'NONE',  ( 0.8682466191274260670, 0.000000000000000000, -0.4961328535521452032 ) ) ;
#6670 = FILL_AREA_STYLE_COLOUR ( '', #2786 ) ;
#6671 = UNCERTAINTY_MEASURE_WITH_UNIT (LENGTH_MEASURE( 1.000000000000000082E-05 ), #5478, 'distance_accuracy_value', 'NONE');
#6672 =( NAMED_UNIT ( * ) SI_UNIT ( $, .STERADIAN. ) SOLID_ANGLE_UNIT ( ) );
#6673 = SURFACE_STYLE_FILL_AREA ( #6557 ) ;
#6674 = LINE ( 'NONE', #9217, #10016 ) ;
#6675 = EDGE_LOOP ( 'NONE', ( #9633, #7486, #1104, #2037 ) ) ;
#6676 =( NAMED_UNIT ( * ) PLANE_ANGLE_UNIT ( ) SI_UNIT ( $, .RADIAN. ) );
#6677 = CARTESIAN_POINT ( 'NONE',  ( -1.599999999999998979, -5.800000000000000711, 0.2000000000000000944 ) ) ;
#6678 = UNCERTAINTY_MEASURE_WITH_UNIT (LENGTH_MEASURE( 1.000000000000000082E-05 ), #1313, 'distance_accuracy_value', 'NONE');
#6679 = ORIENTED_EDGE ( 'NONE', *, *, #7521, .T. ) ;
#6680 = DIRECTION ( 'NONE',  ( 0.000000000000000000, 1.000000000000000000, 0.000000000000000000 ) ) ;
#6681 = LINE ( 'NONE', #7297, #9916 ) ;
#6682 = EDGE_CURVE ( 'NONE', #7103, #1564, #3939, .T. ) ;
#6683 = CARTESIAN_POINT ( 'NONE',  ( 5.399999999999989697, -1.891518204694838667, 3.500000000000006661 ) ) ;
#6684 = EDGE_LOOP ( 'NONE', ( #9198, #2602 ) ) ;
#6685 = SURFACE_STYLE_USAGE ( .BOTH. , #5796 ) ;
#6686 = ORIENTED_EDGE ( 'NONE', *, *, #509, .F. ) ;
#6687 = CARTESIAN_POINT ( 'NONE',  ( 5.254422251325213011, 1.473101149670923204, 3.599999943260397739 ) ) ;
#6688 = PRESENTATION_STYLE_ASSIGNMENT (( #5802 ) ) ;
#6689 = EDGE_CURVE ( 'NONE', #4298, #8522, #4603, .T. ) ;
#6690 = DIRECTION ( 'NONE',  ( 1.000000000000000000, 0.000000000000000000, 2.534909507749887485E-14 ) ) ;
#6691 = CIRCLE ( 'NONE', #3870, 0.04999999999999969746 ) ;
#6692 = AXIS2_PLACEMENT_3D ( 'NONE', #405, #6010, #9318 ) ;
#6693 = VERTEX_POINT ( 'NONE', #5691 ) ;
#6694 = FACE_OUTER_BOUND ( 'NONE', #8757, .T. ) ;
#6695 = ORIENTED_EDGE ( 'NONE', *, *, #9222, .T. ) ;
#6696 = DIRECTION ( 'NONE',  ( -0.000000000000000000, -0.000000000000000000, 1.000000000000000000 ) ) ;
#6697 =( LENGTH_UNIT ( ) NAMED_UNIT ( * ) SI_UNIT ( .MILLI., .METRE. ) );
#6698 = CIRCLE ( 'NONE', #4210, 4.150000000000000355 ) ;
#6699 = UNCERTAINTY_MEASURE_WITH_UNIT (LENGTH_MEASURE( 1.000000000000000082E-05 ), #2491, 'distance_accuracy_value', 'NONE');
#6700 = AXIS2_PLACEMENT_3D ( 'NONE', #8149, #7384, #5051 ) ;
#6701 = EDGE_CURVE ( 'NONE', #3272, #4765, #1745, .T. ) ;
#6702 = LINE ( 'NONE', #1149, #7588 ) ;
#6703 = VERTEX_POINT ( 'NONE', #77 ) ;
#6704 = CIRCLE ( 'NONE', #8679, 0.04999999999999969746 ) ;
#6705 = VERTEX_POINT ( 'NONE', #6263 ) ;
#6706 = AXIS2_PLACEMENT_3D ( 'NONE', #1663, #4156, #4872 ) ;
#6707 = SURFACE_STYLE_FILL_AREA ( #4378 ) ;
#6708 = CARTESIAN_POINT ( 'NONE',  ( -1.600000000000001865, -5.500000000000000000, 3.536043781389899721 ) ) ;
#6709 = STYLED_ITEM ( 'NONE', ( #5560 ), #5447 ) ;
#6710 = PLANE ( 'NONE',  #965 ) ;
#6711 = FILL_AREA_STYLE_COLOUR ( '', #7571 ) ;
#6712 = FILL_AREA_STYLE ('',( #1838 ) ) ;
#6713 = DIRECTION ( 'NONE',  ( 0.8682466191274126333, 0.000000000000000000, -0.4961328535521689065 ) ) ;
#6714 = ORIENTED_EDGE ( 'NONE', *, *, #5502, .F. ) ;
#6715 = FACE_OUTER_BOUND ( 'NONE', #2807, .T. ) ;
#6716 = VECTOR ( 'NONE', #4015, 1000.000000000000000 ) ;
#6717 = FACE_OUTER_BOUND ( 'NONE', #5062, .T. ) ;
#6718 = PRESENTATION_LAYER_ASSIGNMENT (  '', '', ( #8867 ) ) ;
#6719 = DIRECTION ( 'NONE',  ( -2.478176394252578183E-15, 0.000000000000000000, -1.000000000000000000 ) ) ;
#6720 = DIRECTION ( 'NONE',  ( 0.000000000000000000, 0.000000000000000000, -1.000000000000000000 ) ) ;
#6721 = PRESENTATION_STYLE_ASSIGNMENT (( #2952 ) ) ;
#6722 = CARTESIAN_POINT ( 'NONE',  ( 5.700000000000000178, -1.891518204694824457, 3.500000000000003109 ) ) ;
#6723 = CARTESIAN_POINT ( 'NONE',  ( 6.300000004099882034, -3.000000000000000000, 0.7999999999999999334 ) ) ;
#6724 = EDGE_CURVE ( 'NONE', #9461, #1131, #8680, .T. ) ;
#6725 = EDGE_LOOP ( 'NONE', ( #5275, #5771, #6087, #1636 ) ) ;
#6726 = SURFACE_SIDE_STYLE ('',( #3503 ) ) ;
#6727 = ORIENTED_EDGE ( 'NONE', *, *, #10301, .F. ) ;
#6728 = EDGE_CURVE ( 'NONE', #8955, #8452, #7587, .T. ) ;
#6729 = DIRECTION ( 'NONE',  ( 1.000000000000000000, 0.000000000000000000, -0.000000000000000000 ) ) ;
#6730 = VECTOR ( 'NONE', #6562, 1000.000000000000000 ) ;
#6731 = MECHANICAL_DESIGN_GEOMETRIC_PRESENTATION_REPRESENTATION (  '', ( #7551 ), #8881 ) ;
#6732 = DIRECTION ( 'NONE',  ( -0.000000000000000000, 1.000000000000000000, -0.000000000000000000 ) ) ;
#6733 = EDGE_CURVE ( 'NONE', #5587, #4369, #56, .T. ) ;
#6734 = CARTESIAN_POINT ( 'NONE',  ( -2.751817581163404025, -5.500000000000000000, 3.499999999999997780 ) ) ;
#6735 = DIRECTION ( 'NONE',  ( -1.000000000000000000, 0.000000000000000000, 0.000000000000000000 ) ) ;
#6736 = VERTEX_POINT ( 'NONE', #10283 ) ;
#6737 = CARTESIAN_POINT ( 'NONE',  ( 5.819112848942155303, -1.462164714140037569, 3.200000000000025491 ) ) ;
#6738 = ORIENTED_EDGE ( 'NONE', *, *, #10310, .F. ) ;
#6739 = AXIS2_PLACEMENT_3D ( 'NONE', #1081, #9808, #7303 ) ;
#6740 = CARTESIAN_POINT ( 'NONE',  ( -1.599999999999999867, -5.435424868893540484, 3.199999999999999734 ) ) ;
#6741 = DIRECTION ( 'NONE',  ( 0.000000000000000000, 0.000000000000000000, 1.000000000000000000 ) ) ;
#6742 = AXIS2_PLACEMENT_3D ( 'NONE', #418, #366, #4277 ) ;
#6743 =( LENGTH_UNIT ( ) NAMED_UNIT ( * ) SI_UNIT ( .MILLI., .METRE. ) );
#6744 = EDGE_CURVE ( 'NONE', #7087, #2894, #6423, .T. ) ;
#6745 = CARTESIAN_POINT ( 'NONE',  ( -4.999999999999998224, -6.000000000000000000, 3.500000000000000000 ) ) ;
#6746 = UNCERTAINTY_MEASURE_WITH_UNIT (LENGTH_MEASURE( 1.000000000000000082E-05 ), #8590, 'distance_accuracy_value', 'NONE');
#6747 = COLOUR_RGB ( '',0.7529411764705882248, 0.7529411764705882248, 0.7529411764705882248 ) ;
#6748 = FACE_OUTER_BOUND ( 'NONE', #6384, .T. ) ;
#6749 = AXIS2_PLACEMENT_3D ( 'NONE', #9675, #2375, #4026 ) ;
#6750 = ORIENTED_EDGE ( 'NONE', *, *, #8676, .F. ) ;
#6751 =( NAMED_UNIT ( * ) PLANE_ANGLE_UNIT ( ) SI_UNIT ( $, .RADIAN. ) );
#6752 = ORIENTED_EDGE ( 'NONE', *, *, #4685, .T. ) ;
#6753 = EDGE_CURVE ( 'NONE', #7914, #1021, #2397, .T. ) ;
#6754 = FILL_AREA_STYLE ('',( #2219 ) ) ;
#6755 = EDGE_CURVE ( 'NONE', #3216, #5594, #4116, .T. ) ;
#6756 = CIRCLE ( 'NONE', #2921, 0.5645751311063543776 ) ;
#6757 = SURFACE_STYLE_FILL_AREA ( #7520 ) ;
#6758 = DIRECTION ( 'NONE',  ( -1.000000000000000000, -0.000000000000000000, -0.000000000000000000 ) ) ;
#6759 = UNCERTAINTY_MEASURE_WITH_UNIT (LENGTH_MEASURE( 1.000000000000000082E-05 ), #6743, 'distance_accuracy_value', 'NONE');
#6760 = AXIS2_PLACEMENT_3D ( 'NONE', #8375, #6867, #7592 ) ;
#6761 = SURFACE_SIDE_STYLE ('',( #9197 ) ) ;
#6762 = ORIENTED_EDGE ( 'NONE', *, *, #6820, .F. ) ;
#6763 = DIRECTION ( 'NONE',  ( -0.4620284873220488753, -0.4733177335606064684, 0.7499999999999669154 ) ) ;
#6764 = EDGE_LOOP ( 'NONE', ( #3652, #6438, #1550, #4158 ) ) ;
#6765 = PLANE ( 'NONE',  #8049 ) ;
#6766 = ADVANCED_FACE ( 'NONE', ( #4046 ), #7203, .T. ) ;
#6767 = CARTESIAN_POINT ( 'NONE',  ( -6.349999999999997868, 2.000000000000000000, -0.6874509908007693237 ) ) ;
#6768 =( NAMED_UNIT ( * ) PLANE_ANGLE_UNIT ( ) SI_UNIT ( $, .RADIAN. ) );
#6769 =( LENGTH_UNIT ( ) NAMED_UNIT ( * ) SI_UNIT ( .MILLI., .METRE. ) );
#6770 = FACE_OUTER_BOUND ( 'NONE', #3570, .T. ) ;
#6771 = CARTESIAN_POINT ( 'NONE',  ( -5.400000000000070521, -2.250000000000019984, 3.499999999999967581 ) ) ;
#6772 = STYLED_ITEM ( 'NONE', ( #4695 ), #4843 ) ;
#6773 = EDGE_LOOP ( 'NONE', ( #8701, #5115, #1885, #4286 ) ) ;
#6774 = VECTOR ( 'NONE', #7611, 1000.000000000000000 ) ;
#6775 = PRESENTATION_STYLE_ASSIGNMENT (( #5934 ) ) ;
#6776 = EDGE_CURVE ( 'NONE', #2790, #9840, #3778, .T. ) ;
#6777 = CARTESIAN_POINT ( 'NONE',  ( -3.600000000000000533, -5.499999999999999112, 3.499999999999999112 ) ) ;
#6778 = FILL_AREA_STYLE ('',( #5154 ) ) ;
#6779 = CARTESIAN_POINT ( 'NONE',  ( -5.435424868893541372, -2.250000000001342038, 3.199999999999961542 ) ) ;
#6780 = DIRECTION ( 'NONE',  ( 0.000000000000000000, -1.000000000000000000, 0.000000000000000000 ) ) ;
#6781 = DIRECTION ( 'NONE',  ( 1.224646799147350989E-16, 1.000000000000000000, 0.000000000000000000 ) ) ;
#6782 = B_SPLINE_CURVE_WITH_KNOTS ( 'NONE', 3,
 ( #9680, #8751, #4032, #8112 ),
 .UNSPECIFIED., .F., .F.,
 ( 4, 4 ),
 ( 1.648557836140767151E-17, 4.169202251358285584E-05 ),
 .UNSPECIFIED. ) ;
#6783 = CARTESIAN_POINT ( 'NONE',  ( 6.953886316694595671, -6.704630743366731593, -2.268178905419202085 ) ) ;
#6784 = CIRCLE ( 'NONE', #1262, 0.4000000000000019096 ) ;
#6785 = DIRECTION ( 'NONE',  ( -0.000000000000000000, 2.861215661182131111E-16, -1.000000000000000000 ) ) ;
#6786 = ORIENTED_EDGE ( 'NONE', *, *, #1306, .T. ) ;
#6787 =( NAMED_UNIT ( * ) SI_UNIT ( $, .STERADIAN. ) SOLID_ANGLE_UNIT ( ) );
#6788 =( NAMED_UNIT ( * ) PLANE_ANGLE_UNIT ( ) SI_UNIT ( $, .RADIAN. ) );
#6789 = DIRECTION ( 'NONE',  ( -0.000000000000000000, -0.000000000000000000, 1.000000000000000000 ) ) ;
#6790 = ORIENTED_EDGE ( 'NONE', *, *, #5636, .T. ) ;
#6791 = CARTESIAN_POINT ( 'NONE',  ( -6.000000000000000000, 3.000000000000000000, 1.146410165690350924 ) ) ;
#6792 = ORIENTED_EDGE ( 'NONE', *, *, #4835, .T. ) ;
#6793 = CIRCLE ( 'NONE', #5117, 0.3500000041649586890 ) ;
#6794 = VECTOR ( 'NONE', #7539, 1000.000000000000000 ) ;
#6795 = DIRECTION ( 'NONE',  ( 0.8814833810881018694, -0.000000000000000000, 0.4722150451494406820 ) ) ;
#6796 = FILL_AREA_STYLE ('',( #9962 ) ) ;
#6797 = DIRECTION ( 'NONE',  ( -1.000000000000000000, 0.000000000000000000, 0.000000000000000000 ) ) ;
#6798 = CIRCLE ( 'NONE', #5791, 0.3000000000000164202 ) ;
#6799 = DIRECTION ( 'NONE',  ( 0.000000000000000000, -1.000000000000000000, 0.000000000000000000 ) ) ;
#6800 = EDGE_LOOP ( 'NONE', ( #5633, #3295, #3490, #2933, #8313, #4129 ) ) ;
#6801 =( NAMED_UNIT ( * ) SI_UNIT ( $, .STERADIAN. ) SOLID_ANGLE_UNIT ( ) );
#6802 = VERTEX_POINT ( 'NONE', #2772 ) ;
#6803 = AXIS2_PLACEMENT_3D ( 'NONE', #9718, #140, #1047 ) ;
#6804 = DIRECTION ( 'NONE',  ( -1.222978688985946960E-15, -1.000000000000000000, 0.000000000000000000 ) ) ;
#6805 = PRESENTATION_STYLE_ASSIGNMENT (( #741 ) ) ;
#6806 = CARTESIAN_POINT ( 'NONE',  ( 3.950851657416640350, 4.713095711004416266, 3.499999999999998224 ) ) ;
#6807 = UNCERTAINTY_MEASURE_WITH_UNIT (LENGTH_MEASURE( 1.000000000000000082E-05 ), #7977, 'distance_accuracy_value', 'NONE');
#6808 = TOROIDAL_SURFACE ( 'NONE', #2293, 0.5645751311064380884, 0.3999999999999608313 ) ;
#6809 = COLOUR_RGB ( '',1.000000000000000000, 1.000000000000000000, 1.000000000000000000 ) ;
#6810 = AXIS2_PLACEMENT_3D ( 'NONE', #189, #5653, #8181 ) ;
#6811 = ORIENTED_EDGE ( 'NONE', *, *, #8080, .T. ) ;
#6812 = CARTESIAN_POINT ( 'NONE',  ( -1.899999999999999911, -1.599999999999998979, 6.999999999999999112 ) ) ;
#6813 = ORIENTED_EDGE ( 'NONE', *, *, #404, .T. ) ;
#6814 =( NAMED_UNIT ( * ) PLANE_ANGLE_UNIT ( ) SI_UNIT ( $, .RADIAN. ) );
#6815 = LINE ( 'NONE', #9204, #7898 ) ;
#6816 = AXIS2_PLACEMENT_3D ( 'NONE', #4632, #1326, #4488 ) ;
#6817 =( NAMED_UNIT ( * ) SI_UNIT ( $, .STERADIAN. ) SOLID_ANGLE_UNIT ( ) );
#6818 = SURFACE_SIDE_STYLE ('',( #262 ) ) ;
#6819 = COLOUR_RGB ( '',1.000000000000000000, 1.000000000000000000, 1.000000000000000000 ) ;
#6820 = EDGE_CURVE ( 'NONE', #6387, #7204, #6085, .T. ) ;
#6821 = PRESENTATION_LAYER_ASSIGNMENT (  '', '', ( #6469 ) ) ;
#6822 = SURFACE_STYLE_USAGE ( .BOTH. , #7440 ) ;
#6823 = ORIENTED_EDGE ( 'NONE', *, *, #9487, .F. ) ;
#6824 = DIRECTION ( 'NONE',  ( -1.055607311520602361E-62, 1.000000000000000000, -1.027427521298021533E-31 ) ) ;
#6825 = SURFACE_STYLE_FILL_AREA ( #431 ) ;
#6826 = CARTESIAN_POINT ( 'NONE',  ( -1.873146540890585188, -5.431294269963916399, 3.600000000000003642 ) ) ;
#6827 = APPLICATION_CONTEXT ( 'automotive_design' ) ;
#6828 = STYLED_ITEM ( 'NONE', ( #451 ), #360 ) ;
#6829 = CARTESIAN_POINT ( 'NONE',  ( -6.305925830945592558, -6.704630743366730705, -0.7110617430582415466 ) ) ;
#6830 = DIRECTION ( 'NONE',  ( -0.7155891509246474769, 0.6985214149036104159, -1.951563910473930385E-14 ) ) ;
#6831 = EDGE_LOOP ( 'NONE', ( #6473, #9493, #173, #1089, #10314, #7529 ) ) ;
#6832 = PRESENTATION_STYLE_ASSIGNMENT (( #2918 ) ) ;
#6833 = CARTESIAN_POINT ( 'NONE',  ( -6.305925830945592558, -1.999999999999999112, -0.7110617430582416576 ) ) ;
#6834 = ORIENTED_EDGE ( 'NONE', *, *, #7006, .T. ) ;
#6835 = ORIENTED_EDGE ( 'NONE', *, *, #2113, .T. ) ;
#6836 = FILL_AREA_STYLE_COLOUR ( '', #2121 ) ;
#6837 = CARTESIAN_POINT ( 'NONE',  ( 2.250000000001050271, 5.699999999999998401, 3.500000000000000444 ) ) ;
#6838 = LINE ( 'NONE', #1239, #729 ) ;
#6839 = SURFACE_STYLE_FILL_AREA ( #4255 ) ;
#6840 = ORIENTED_EDGE ( 'NONE', *, *, #5082, .F. ) ;
#6841 =( LENGTH_UNIT ( ) NAMED_UNIT ( * ) SI_UNIT ( .MILLI., .METRE. ) );
#6842 = VERTEX_POINT ( 'NONE', #5120 ) ;
#6843 = CARTESIAN_POINT ( 'NONE',  ( -3.600000000000001421, -5.800000000000000711, 3.299999999999999822 ) ) ;
#6844 = ADVANCED_FACE ( 'NONE', ( #8292 ), #295, .F. ) ;
#6845 = FACE_OUTER_BOUND ( 'NONE', #4105, .T. ) ;
#6846 =( NAMED_UNIT ( * ) SI_UNIT ( $, .STERADIAN. ) SOLID_ANGLE_UNIT ( ) );
#6847 = ADVANCED_FACE ( 'NONE', ( #8864 ), #4977, .T. ) ;
#6848 = DIRECTION ( 'NONE',  ( -1.000000000000000000, 0.000000000000000000, 0.000000000000000000 ) ) ;
#6849 = EDGE_CURVE ( 'NONE', #1812, #5829, #4600, .T. ) ;
#6850 = CIRCLE ( 'NONE', #9180, 0.04999999999999969746 ) ;
#6851 = CARTESIAN_POINT ( 'NONE',  ( 2.250000000000018208, 5.400000000000054534, 3.199999999999997513 ) ) ;
#6852 = ORIENTED_EDGE ( 'NONE', *, *, #2892, .T. ) ;
#6853 = PRESENTATION_STYLE_ASSIGNMENT (( #1989 ) ) ;
#6854 = SURFACE_STYLE_FILL_AREA ( #5192 ) ;
#6855 = VECTOR ( 'NONE', #5573, 1000.000000000000000 ) ;
#6856 = PRESENTATION_LAYER_ASSIGNMENT (  '', '', ( #7524 ) ) ;
#6857 =( LENGTH_UNIT ( ) NAMED_UNIT ( * ) SI_UNIT ( .MILLI., .METRE. ) );
#6858 = CIRCLE ( 'NONE', #1680, 0.03542486889737423567 ) ;
#6859 = ADVANCED_FACE ( 'NONE', ( #9964 ), #4502, .F. ) ;
#6860 = SURFACE_STYLE_FILL_AREA ( #2804 ) ;
#6861 = CIRCLE ( 'NONE', #3543, 0.3500000041649588001 ) ;
#6862 = COLOUR_RGB ( '',0.7529411764705882248, 0.7529411764705882248, 0.7529411764705882248 ) ;
#6863 = CARTESIAN_POINT ( 'NONE',  ( 5.000000000000000000, 5.000000000000000000, 0.000000000000000000 ) ) ;
#6864 = ORIENTED_EDGE ( 'NONE', *, *, #9402, .F. ) ;
#6865 = MECHANICAL_DESIGN_GEOMETRIC_PRESENTATION_REPRESENTATION (  '', ( #4223 ), #4711 ) ;
#6866 = ORIENTED_EDGE ( 'NONE', *, *, #2240, .T. ) ;
#6867 = DIRECTION ( 'NONE',  ( 0.000000000000000000, 0.000000000000000000, -1.000000000000000000 ) ) ;
#6868 = CARTESIAN_POINT ( 'NONE',  ( -5.000000000000000888, -5.799999999999999822, 3.500000000000000444 ) ) ;
#6869 =( NAMED_UNIT ( * ) PLANE_ANGLE_UNIT ( ) SI_UNIT ( $, .RADIAN. ) );
#6870 = EDGE_CURVE ( 'NONE', #7709, #6658, #9247, .T. ) ;
#6871 = CARTESIAN_POINT ( 'NONE',  ( -1.813899683336629209, -5.475767218231009537, 3.594982460002423608 ) ) ;
#6872 =( NAMED_UNIT ( * ) PLANE_ANGLE_UNIT ( ) SI_UNIT ( $, .RADIAN. ) );
#6873 = ADVANCED_FACE ( 'NONE', ( #2128 ), #3775, .F. ) ;
#6874 = CARTESIAN_POINT ( 'NONE',  ( -5.800000000000000711, 5.000000000000000000, 0.000000000000000000 ) ) ;
#6875 = PRESENTATION_LAYER_ASSIGNMENT (  '', '', ( #4229 ) ) ;
#6876 = MECHANICAL_DESIGN_GEOMETRIC_PRESENTATION_REPRESENTATION (  '', ( #9504 ), #2340 ) ;
#6877 = FILL_AREA_STYLE_COLOUR ( '', #6053 ) ;
#6878 = ORIENTED_EDGE ( 'NONE', *, *, #232, .T. ) ;
#6879 = STYLED_ITEM ( 'NONE', ( #7652 ), #52 ) ;
#6880 = CARTESIAN_POINT ( 'NONE',  ( 4.999999999999999112, 5.800000000000000711, 3.300000000000005596 ) ) ;
#6881 = EDGE_CURVE ( 'NONE', #2483, #7087, #6838, .T. ) ;
#6882 =( GEOMETRIC_REPRESENTATION_CONTEXT ( 3 ) GLOBAL_UNCERTAINTY_ASSIGNED_CONTEXT ( ( #3867 ) ) GLOBAL_UNIT_ASSIGNED_CONTEXT ( ( #7404, #1130, #3461 ) ) REPRESENTATION_CONTEXT ( 'NONE', 'WORKASPACE' ) );
#6883 = PRESENTATION_STYLE_ASSIGNMENT (( #477 ) ) ;
#6884 = CARTESIAN_POINT ( 'NONE',  ( 0.000000000000000000, 0.000000000000000000, 3.500000000000000000 ) ) ;
#6885 = EDGE_LOOP ( 'NONE', ( #7456, #7548, #7655, #8893 ) ) ;
#6886 = ORIENTED_EDGE ( 'NONE', *, *, #10146, .F. ) ;
#6887 = COLOUR_RGB ( '',0.2980392156862745057, 0.2980392156862745057, 0.2980392156862745057 ) ;
#6888 = PLANE ( 'NONE',  #8075 ) ;
#6889 = EDGE_CURVE ( 'NONE', #9629, #6149, #4981, .T. ) ;
#6890 = MECHANICAL_DESIGN_GEOMETRIC_PRESENTATION_REPRESENTATION (  '', ( #10044 ), #2034 ) ;
#6891 = SURFACE_STYLE_FILL_AREA ( #3827 ) ;
#6892 = FILL_AREA_STYLE_COLOUR ( '', #9471 ) ;
#6893 = EDGE_CURVE ( 'NONE', #9260, #6998, #2880, .T. ) ;
#6894 = VECTOR ( 'NONE', #5589, 1000.000000000000000 ) ;
#6895 = ORIENTED_EDGE ( 'NONE', *, *, #1306, .F. ) ;
#6896 =( NAMED_UNIT ( * ) SI_UNIT ( $, .STERADIAN. ) SOLID_ANGLE_UNIT ( ) );
#6897 = SURFACE_SIDE_STYLE ('',( #2831 ) ) ;
#6898 = ORIENTED_EDGE ( 'NONE', *, *, #8511, .F. ) ;
#6899 = FILL_AREA_STYLE ('',( #3933 ) ) ;
#6900 =( GEOMETRIC_REPRESENTATION_CONTEXT ( 3 ) GLOBAL_UNCERTAINTY_ASSIGNED_CONTEXT ( ( #3099 ) ) GLOBAL_UNIT_ASSIGNED_CONTEXT ( ( #1933, #7621, #8243 ) ) REPRESENTATION_CONTEXT ( 'NONE', 'WORKASPACE' ) );
#6901 = UNCERTAINTY_MEASURE_WITH_UNIT (LENGTH_MEASURE( 1.000000000000000082E-05 ), #8127, 'distance_accuracy_value', 'NONE');
#6902 = LINE ( 'NONE', #2978, #8406 ) ;
#6903 = SURFACE_STYLE_FILL_AREA ( #9329 ) ;
#6904 = SURFACE_STYLE_FILL_AREA ( #3083 ) ;
#6905 = UNCERTAINTY_MEASURE_WITH_UNIT (LENGTH_MEASURE( 1.000000000000000082E-05 ), #1317, 'distance_accuracy_value', 'NONE');
#6906 =( GEOMETRIC_REPRESENTATION_CONTEXT ( 3 ) GLOBAL_UNCERTAINTY_ASSIGNED_CONTEXT ( ( #9017 ) ) GLOBAL_UNIT_ASSIGNED_CONTEXT ( ( #4018, #6541, #6606 ) ) REPRESENTATION_CONTEXT ( 'NONE', 'WORKASPACE' ) );
#6907 = ORIENTED_EDGE ( 'NONE', *, *, #3620, .F. ) ;
#6908 = EDGE_CURVE ( 'NONE', #4589, #8177, #8755, .T. ) ;
#6909 = SURFACE_STYLE_USAGE ( .BOTH. , #3144 ) ;
#6910 = DIRECTION ( 'NONE',  ( -1.883124184714193481E-15, -9.387336522804436264E-31, -1.000000000000000000 ) ) ;
#6911 = COLOUR_RGB ( '',0.7529411764705882248, 0.7529411764705882248, 0.7529411764705882248 ) ;
#6912 = DIRECTION ( 'NONE',  ( -1.000000000000000000, -0.000000000000000000, -0.000000000000000000 ) ) ;
#6913 =( GEOMETRIC_REPRESENTATION_CONTEXT ( 3 ) GLOBAL_UNCERTAINTY_ASSIGNED_CONTEXT ( ( #6390 ) ) GLOBAL_UNIT_ASSIGNED_CONTEXT ( ( #6841, #2273, #1538 ) ) REPRESENTATION_CONTEXT ( 'NONE', 'WORKASPACE' ) );
#6914 =( NAMED_UNIT ( * ) SI_UNIT ( $, .STERADIAN. ) SOLID_ANGLE_UNIT ( ) );
#6915 =( GEOMETRIC_REPRESENTATION_CONTEXT ( 3 ) GLOBAL_UNCERTAINTY_ASSIGNED_CONTEXT ( ( #1355 ) ) GLOBAL_UNIT_ASSIGNED_CONTEXT ( ( #3265, #4895, #7467 ) ) REPRESENTATION_CONTEXT ( 'NONE', 'WORKASPACE' ) );
#6916 = LINE ( 'NONE', #4386, #353 ) ;
#6917 = CIRCLE ( 'NONE', #1244, 0.3499999999999996447 ) ;
#6918 = DIRECTION ( 'NONE',  ( 0.000000000000000000, 0.000000000000000000, -1.000000000000000000 ) ) ;
#6919 = ORIENTED_EDGE ( 'NONE', *, *, #7772, .T. ) ;
#6920 = EDGE_LOOP ( 'NONE', ( #6290, #6093, #1032, #2242, #2019, #7447, #9443, #3640, #1494, #8735, #9589, #2993, #6686, #7684, #9090, #2573 ) ) ;
#6921 =( LENGTH_UNIT ( ) NAMED_UNIT ( * ) SI_UNIT ( .MILLI., .METRE. ) );
#6922 = SURFACE_STYLE_FILL_AREA ( #3750 ) ;
#6923 = CARTESIAN_POINT ( 'NONE',  ( -1.899999999999999911, 1.599999999999999867, 5.500000000000000000 ) ) ;
#6924 = EDGE_CURVE ( 'NONE', #9552, #5019, #1578, .T. ) ;
#6925 = AXIS2_PLACEMENT_3D ( 'NONE', #5690, #8076, #4927 ) ;
#6926 = AXIS2_PLACEMENT_3D ( 'NONE', #1610, #4820, #803 ) ;
#6927 = CARTESIAN_POINT ( 'NONE',  ( 0.000000000000000000, 0.000000000000000000, 3.500000000000000000 ) ) ;
#6928 = LINE ( 'NONE', #676, #4379 ) ;
#6929 = DIRECTION ( 'NONE',  ( 0.000000000000000000, 0.000000000000000000, -1.000000000000000000 ) ) ;
#6930 = ORIENTED_EDGE ( 'NONE', *, *, #9468, .T. ) ;
#6931 = DIRECTION ( 'NONE',  ( -1.960096758342356159E-15, 1.960096758342354581E-15, 1.000000000000000000 ) ) ;
#6932 = MECHANICAL_DESIGN_GEOMETRIC_PRESENTATION_REPRESENTATION (  '', ( #6772 ), #1913 ) ;
#6933 = AXIS2_PLACEMENT_3D ( 'NONE', #4857, #742, #4805 ) ;
#6934 =( NAMED_UNIT ( * ) PLANE_ANGLE_UNIT ( ) SI_UNIT ( $, .RADIAN. ) );
#6935 = CARTESIAN_POINT ( 'NONE',  ( -6.041480816619161587, -2.999999999999999112, -0.8527262566030744395 ) ) ;
#6936 = DIRECTION ( 'NONE',  ( 0.000000000000000000, -1.000000000000000000, 0.000000000000000000 ) ) ;
#6937 = ORIENTED_EDGE ( 'NONE', *, *, #4728, .T. ) ;
#6938 = CARTESIAN_POINT ( 'NONE',  ( 1.599999999999997868, 1.899999999999999911, 7.000000000000130562 ) ) ;
#6939 = DIRECTION ( 'NONE',  ( -0.4961328535521698502, 0.000000000000000000, -0.8682466191274119671 ) ) ;
#6940 = SURFACE_STYLE_FILL_AREA ( #4460 ) ;
#6941 =( LENGTH_UNIT ( ) NAMED_UNIT ( * ) SI_UNIT ( .MILLI., .METRE. ) );
#6942 =( GEOMETRIC_REPRESENTATION_CONTEXT ( 3 ) GLOBAL_UNCERTAINTY_ASSIGNED_CONTEXT ( ( #9369 ) ) GLOBAL_UNIT_ASSIGNED_CONTEXT ( ( #7799, #7900, #10263 ) ) REPRESENTATION_CONTEXT ( 'NONE', 'WORKASPACE' ) );
#6943 = ORIENTED_EDGE ( 'NONE', *, *, #6550, .T. ) ;
#6944 = CARTESIAN_POINT ( 'NONE',  ( 2.263624949574436052, 5.432699878978661800, 3.200000000000013944 ) ) ;
#6945 = ORIENTED_EDGE ( 'NONE', *, *, #1799, .F. ) ;
#6946 = LINE ( 'NONE', #1352, #3967 ) ;
#6947 = CARTESIAN_POINT ( 'NONE',  ( -4.112287655965717548, 4.256400429113919692, 3.598706940622504735 ) ) ;
#6948 = CARTESIAN_POINT ( 'NONE',  ( 5.000000000000000000, -5.000000000000000000, 3.500000000000000000 ) ) ;
#6949 = CARTESIAN_POINT ( 'NONE',  ( -6.000000000000000000, 2.000000000000000000, 1.146410165690350924 ) ) ;
#6950 = EDGE_CURVE ( 'NONE', #5469, #8794, #7424, .T. ) ;
#6951 = ORIENTED_EDGE ( 'NONE', *, *, #1614, .F. ) ;
#6952 =( GEOMETRIC_REPRESENTATION_CONTEXT ( 3 ) GLOBAL_UNCERTAINTY_ASSIGNED_CONTEXT ( ( #9066 ) ) GLOBAL_UNIT_ASSIGNED_CONTEXT ( ( #1903, #8842, #8059 ) ) REPRESENTATION_CONTEXT ( 'NONE', 'WORKASPACE' ) );
#6953 = AXIS2_PLACEMENT_3D ( 'NONE', #9352, #2198, #10090 ) ;
#6954 = ORIENTED_EDGE ( 'NONE', *, *, #5872, .T. ) ;
#6955 = FILL_AREA_STYLE_COLOUR ( '', #1214 ) ;
#6956 = AXIS2_PLACEMENT_3D ( 'NONE', #5663, #7276, #8983 ) ;
#6957 = LINE ( 'NONE', #5298, #8562 ) ;
#6958 = SURFACE_SIDE_STYLE ('',( #6071 ) ) ;
#6959 = CIRCLE ( 'NONE', #5803, 0.1999999999999973743 ) ;
#6960 = PRESENTATION_LAYER_ASSIGNMENT (  '', '', ( #5969 ) ) ;
#6961 = CARTESIAN_POINT ( 'NONE',  ( 6.212785798360255463, -2.499999999999999556, -2.960449165327015741 ) ) ;
#6962 = SURFACE_SIDE_STYLE ('',( #5394 ) ) ;
#6963 = ORIENTED_EDGE ( 'NONE', *, *, #6165, .F. ) ;
#6964 = DIRECTION ( 'NONE',  ( -0.000000000000000000, -0.000000000000000000, 1.000000000000000000 ) ) ;
#6965 = EDGE_LOOP ( 'NONE', ( #5669, #4826, #29, #2218, #566, #10211, #5947, #9041 ) ) ;
#6966 = AXIS2_PLACEMENT_3D ( 'NONE', #4122, #3102, #1474 ) ;
#6967 = FILL_AREA_STYLE_COLOUR ( '', #1731 ) ;
#6968 = FILL_AREA_STYLE ('',( #10144 ) ) ;
#6969 = CARTESIAN_POINT ( 'NONE',  ( -6.349999999999997868, 6.704630743366732482, -0.6874509908007693237 ) ) ;
#6970 =( GEOMETRIC_REPRESENTATION_CONTEXT ( 3 ) GLOBAL_UNCERTAINTY_ASSIGNED_CONTEXT ( ( #9895 ) ) GLOBAL_UNIT_ASSIGNED_CONTEXT ( ( #1798, #8948, #4235 ) ) REPRESENTATION_CONTEXT ( 'NONE', 'WORKASPACE' ) );
#6971 = SURFACE_SIDE_STYLE ('',( #8525 ) ) ;
#6972 =( LENGTH_UNIT ( ) NAMED_UNIT ( * ) SI_UNIT ( .MILLI., .METRE. ) );
#6973 = CIRCLE ( 'NONE', #8305, 0.2999999999999973244 ) ;
#6974 = PRESENTATION_STYLE_ASSIGNMENT (( #9576 ) ) ;
#6975 = ORIENTED_EDGE ( 'NONE', *, *, #8145, .T. ) ;
#6976 = CYLINDRICAL_SURFACE ( 'NONE', #854, 0.3499999999999996447 ) ;
#6977 = PRESENTATION_STYLE_ASSIGNMENT (( #2016 ) ) ;
#6978 = UNCERTAINTY_MEASURE_WITH_UNIT (LENGTH_MEASURE( 1.000000000000000082E-05 ), #5586, 'distance_accuracy_value', 'NONE');
#6979 = DIRECTION ( 'NONE',  ( 0.000000000000000000, 0.000000000000000000, -1.000000000000000000 ) ) ;
#6980 = ORIENTED_EDGE ( 'NONE', *, *, #4410, .F. ) ;
#6981 = LINE ( 'NONE', #2667, #9291 ) ;
#6982 = FILL_AREA_STYLE_COLOUR ( '', #3245 ) ;
#6983 = DIRECTION ( 'NONE',  ( -0.000000000000000000, 0.000000000000000000, 1.000000000000000000 ) ) ;
#6984 = STYLED_ITEM ( 'NONE', ( #10353 ), #10159 ) ;
#6985 = EDGE_CURVE ( 'NONE', #3179, #490, #4292, .T. ) ;
#6986 = VERTEX_POINT ( 'NONE', #5474 ) ;
#6987 = VERTEX_POINT ( 'NONE', #10215 ) ;
#6988 = LINE ( 'NONE', #7665, #9777 ) ;
#6989 = ORIENTED_EDGE ( 'NONE', *, *, #3322, .F. ) ;
#6990 = CARTESIAN_POINT ( 'NONE',  ( -6.958519183380840190, 2.000000000000000000, -1.929257140873634979 ) ) ;
#6991 = CARTESIAN_POINT ( 'NONE',  ( -5.400000000000010125, -1.891518204694830452, 3.199999999999949551 ) ) ;
#6992 = EDGE_CURVE ( 'NONE', #4106, #5891, #3980, .T. ) ;
#6993 = CARTESIAN_POINT ( 'NONE',  ( 5.204170427930421283E-15, -3.469446951953614189E-15, 3.500000000000000000 ) ) ;
#6994 = EDGE_LOOP ( 'NONE', ( #7708, #3942, #6937, #4359, #6919, #3385, #4306 ) ) ;
#6995 = MECHANICAL_DESIGN_GEOMETRIC_PRESENTATION_REPRESENTATION (  '', ( #4366 ), #3693 ) ;
#6996 = DIRECTION ( 'NONE',  ( -1.000000000000000000, -2.891205793293776560E-15, 0.000000000000000000 ) ) ;
#6997 = CARTESIAN_POINT ( 'NONE',  ( 1.599999999999029754, 1.899999999999999689, 7.000000000000098588 ) ) ;
#6998 = VERTEX_POINT ( 'NONE', #3173 ) ;
#6999 = LINE ( 'NONE', #6212, #2205 ) ;
#7000 = AXIS2_PLACEMENT_3D ( 'NONE', #4766, #3886, #595 ) ;
#7001 = CARTESIAN_POINT ( 'NONE',  ( -6.212785798360253686, 2.499999999999999556, -2.960449165327015297 ) ) ;
#7002 = DIRECTION ( 'NONE',  ( 5.292964219874702812E-15, -1.256337252201266738E-14, -1.000000000000000000 ) ) ;
#7003 = SURFACE_STYLE_FILL_AREA ( #2899 ) ;
#7004 = EDGE_CURVE ( 'NONE', #4056, #8674, #2084, .T. ) ;
#7005 = STYLED_ITEM ( 'NONE', ( #7986 ), #5536 ) ;
#7006 = EDGE_CURVE ( 'NONE', #5587, #5285, #7704, .T. ) ;
#7007 = CIRCLE ( 'NONE', #5346, 4.924999999999997158 ) ;
#7008 = PRESENTATION_STYLE_ASSIGNMENT (( #7682 ) ) ;
#7009 = DIRECTION ( 'NONE',  ( -1.000000000000000000, 0.000000000000000000, -4.896908669312479531E-14 ) ) ;
#7010 = MECHANICAL_DESIGN_GEOMETRIC_PRESENTATION_REPRESENTATION (  '', ( #3013 ), #2171 ) ;
#7011 = ADVANCED_FACE ( 'NONE', ( #8694 ), #4699, .T. ) ;
#7012 = ORIENTED_EDGE ( 'NONE', *, *, #9765, .F. ) ;
#7013 = MECHANICAL_DESIGN_GEOMETRIC_PRESENTATION_REPRESENTATION (  '', ( #3536 ), #828 ) ;
#7014 = DIRECTION ( 'NONE',  ( -0.000000000000000000, -0.000000000000000000, 1.000000000000000000 ) ) ;
#7015 = LINE ( 'NONE', #4527, #4334 ) ;
#7016 = VECTOR ( 'NONE', #894, 1000.000000000000000 ) ;
#7017 = PRESENTATION_STYLE_ASSIGNMENT (( #3856 ) ) ;
#7018 = CARTESIAN_POINT ( 'NONE',  ( -3.950000000000000178, 0.000000000000000000, 3.500000000000000000 ) ) ;
#7019 = FILL_AREA_STYLE ('',( #1478 ) ) ;
#7020 = ORIENTED_EDGE ( 'NONE', *, *, #4253, .F. ) ;
#7021 = FACE_OUTER_BOUND ( 'NONE', #5480, .T. ) ;
#7022 = CIRCLE ( 'NONE', #7523, 0.4000000000000475953 ) ;
#7023 = DIRECTION ( 'NONE',  ( -9.984139250517380521E-27, -1.000000000000000000, -3.514479582739302792E-14 ) ) ;
#7024 = CIRCLE ( 'NONE', #7352, 0.1999999999999982070 ) ;
#7025 = CIRCLE ( 'NONE', #8848, 0.1999999999999987899 ) ;
#7026 = AXIS2_PLACEMENT_3D ( 'NONE', #732, #9361, #3960 ) ;
#7027 = PLANE ( 'NONE',  #9452 ) ;
#7028 = DIRECTION ( 'NONE',  ( -1.000000000000000000, 0.000000000000000000, 0.000000000000000000 ) ) ;
#7029 = EDGE_CURVE ( 'NONE', #5594, #129, #2891, .T. ) ;
#7030 = ORIENTED_EDGE ( 'NONE', *, *, #4108, .F. ) ;
#7031 =( GEOMETRIC_REPRESENTATION_CONTEXT ( 3 ) GLOBAL_UNCERTAINTY_ASSIGNED_CONTEXT ( ( #580 ) ) GLOBAL_UNIT_ASSIGNED_CONTEXT ( ( #5500, #10241, #4625 ) ) REPRESENTATION_CONTEXT ( 'NONE', 'WORKASPACE' ) );
#7032 = PRESENTATION_LAYER_ASSIGNMENT (  '', '', ( #5703 ) ) ;
#7033 = DIRECTION ( 'NONE',  ( 1.000000000000000000, 0.000000000000000000, -0.000000000000000000 ) ) ;
#7034 = CARTESIAN_POINT ( 'NONE',  ( 4.750000000000000000, -4.750000000000000000, 3.499999999999997780 ) ) ;
#7035 = PRESENTATION_LAYER_ASSIGNMENT (  '', '', ( #6709 ) ) ;
#7036 = SURFACE_STYLE_USAGE ( .BOTH. , #3230 ) ;
#7037 = FILL_AREA_STYLE_COLOUR ( '', #5027 ) ;
#7038 = CIRCLE ( 'NONE', #8368, 0.3000000000000120348 ) ;
#7039 = ADVANCED_FACE ( 'NONE', ( #1440 ), #7856, .F. ) ;
#7040 =( NAMED_UNIT ( * ) SI_UNIT ( $, .STERADIAN. ) SOLID_ANGLE_UNIT ( ) );
#7041 = ORIENTED_EDGE ( 'NONE', *, *, #7628, .F. ) ;
#7042 = SURFACE_STYLE_FILL_AREA ( #1602 ) ;
#7043 = ORIENTED_EDGE ( 'NONE', *, *, #6005, .T. ) ;
#7044 = SURFACE_STYLE_USAGE ( .BOTH. , #7710 ) ;
#7045 = EDGE_LOOP ( 'NONE', ( #781, #3681, #1434, #701, #6319, #10348, #5206, #144, #3243, #8123, #8704, #3048, #3782, #7119, #10043, #24, #9693, #5494, #6112, #27, #1562, #5682, #10257, #9189, #5768, #3610, #7924, #5099, #7617, #7020, #9154, #8163, #8044, #3398, #9920, #1304, #1294, #9896, #8558, #6989, #4147, #5717, #2290, #7144, #7365, #6714, #4984, #9931, #96, #2030, #7600, #2400, #5553, #349, #1099, #7514, #1183, #5666, #8225, #1053, #4774, #7425, #6548, #628, #9571, #9778, #4467, #8943, #4241 ) ) ;
#7046 = CARTESIAN_POINT ( 'NONE',  ( -4.340453319508778662, 4.055358197899694872, 3.598694560489956729 ) ) ;
#7047 = CARTESIAN_POINT ( 'NONE',  ( -4.999999999999998224, 5.000000000000001776, 3.500000000000000444 ) ) ;
#7048 = EDGE_CURVE ( 'NONE', #7939, #7507, #8064, .T. ) ;
#7049 = CARTESIAN_POINT ( 'NONE',  ( -4.256400429113919692, -4.112287655965717548, 3.598706940622503403 ) ) ;
#7050 = DIRECTION ( 'NONE',  ( -0.000000000000000000, 1.000000000000000000, -0.000000000000000000 ) ) ;
#7051 = ORIENTED_EDGE ( 'NONE', *, *, #811, .T. ) ;
#7052 = DIRECTION ( 'NONE',  ( -1.053031360026544826E-16, -1.000000000000000000, -4.379057701015053347E-47 ) ) ;
#7053 = CIRCLE ( 'NONE', #525, 5.700000000000340350 ) ;
#7054 = AXIS2_PLACEMENT_3D ( 'NONE', #10294, #557, #5341 ) ;
#7055 = EDGE_CURVE ( 'NONE', #81, #2137, #515, .T. ) ;
#7056 = EDGE_LOOP ( 'NONE', ( #9634, #1999, #3464, #4454 ) ) ;
#7057 = ADVANCED_FACE ( 'NONE', ( #907 ), #9065, .F. ) ;
#7058 = PRESENTATION_STYLE_ASSIGNMENT (( #4665 ) ) ;
#7059 = VECTOR ( 'NONE', #10113, 1000.000000000000000 ) ;
#7060 = CARTESIAN_POINT ( 'NONE',  ( 5.800000000000000711, 5.000000000000000888, 0.2000000000000000944 ) ) ;
#7061 =( LENGTH_UNIT ( ) NAMED_UNIT ( * ) SI_UNIT ( .MILLI., .METRE. ) );
#7062 = DIRECTION ( 'NONE',  ( 0.000000000000000000, 0.000000000000000000, 1.000000000000000000 ) ) ;
#7063 = FILL_AREA_STYLE ('',( #10139 ) ) ;
#7064 = PRESENTATION_LAYER_ASSIGNMENT (  '', '', ( #3596 ) ) ;
#7065 = EDGE_CURVE ( 'NONE', #5830, #2351, #6199, .T. ) ;
#7066 =( LENGTH_UNIT ( ) NAMED_UNIT ( * ) SI_UNIT ( .MILLI., .METRE. ) );
#7067 = CARTESIAN_POINT ( 'NONE',  ( -2.888758826083738928E-15, -9.393971860996764743E-15, 3.499999999999996003 ) ) ;
#7068 = VERTEX_POINT ( 'NONE', #1853 ) ;
#7069 = UNCERTAINTY_MEASURE_WITH_UNIT (LENGTH_MEASURE( 1.000000000000000082E-05 ), #4814, 'distance_accuracy_value', 'NONE');
#7070 = AXIS2_PLACEMENT_3D ( 'NONE', #9932, #7673, #6763 ) ;
#7071 =( NAMED_UNIT ( * ) SI_UNIT ( $, .STERADIAN. ) SOLID_ANGLE_UNIT ( ) );
#7072 = MECHANICAL_DESIGN_GEOMETRIC_PRESENTATION_REPRESENTATION (  '', ( #8085 ), #6913 ) ;
#7073 =( NAMED_UNIT ( * ) SI_UNIT ( $, .STERADIAN. ) SOLID_ANGLE_UNIT ( ) );
#7074 = CARTESIAN_POINT ( 'NONE',  ( -6.953886316694598335, 6.704630743366732482, -2.268178905419200309 ) ) ;
#7075 = ORIENTED_EDGE ( 'NONE', *, *, #7671, .T. ) ;
#7076 = DIRECTION ( 'NONE',  ( 1.000000000000000000, 7.600819403908352236E-13, 1.233899253882150501E-15 ) ) ;
#7077 = COLOUR_RGB ( '',1.000000000000000000, 1.000000000000000000, 1.000000000000000000 ) ;
#7078 = EDGE_LOOP ( 'NONE', ( #2922, #3731, #9768, #5350, #10312, #4318, #3929, #9015, #1006, #3037, #4532, #8602, #6309 ) ) ;
#7079 = UNCERTAINTY_MEASURE_WITH_UNIT (LENGTH_MEASURE( 1.000000000000000082E-05 ), #7099, 'distance_accuracy_value', 'NONE');
#7080 = EDGE_CURVE ( 'NONE', #4353, #3122, #4915, .T. ) ;
#7081 = CARTESIAN_POINT ( 'NONE',  ( 6.958519183380841078, 6.704630743366732482, -1.929257140873634757 ) ) ;
#7082 =( GEOMETRIC_REPRESENTATION_CONTEXT ( 3 ) GLOBAL_UNCERTAINTY_ASSIGNED_CONTEXT ( ( #8053 ) ) GLOBAL_UNIT_ASSIGNED_CONTEXT ( ( #6921, #4631, #7071 ) ) REPRESENTATION_CONTEXT ( 'NONE', 'WORKASPACE' ) );
#7083 = DIRECTION ( 'NONE',  ( -0.000000000000000000, 1.000000000000000000, -0.000000000000000000 ) ) ;
#7084 = VECTOR ( 'NONE', #4199, 1000.000000000000000 ) ;
#7085 = CARTESIAN_POINT ( 'NONE',  ( -1.899999999999999911, -1.500000000000000000, 5.500000000000000000 ) ) ;
#7086 = UNCERTAINTY_MEASURE_WITH_UNIT (LENGTH_MEASURE( 1.000000000000000082E-05 ), #8454, 'distance_accuracy_value', 'NONE');
#7087 = VERTEX_POINT ( 'NONE', #5785 ) ;
#7088 = CARTESIAN_POINT ( 'NONE',  ( 2.350208996033833935E-14, -1.656319605643111412E-14, 3.599999999999987210 ) ) ;
#7089 = MECHANICAL_DESIGN_GEOMETRIC_PRESENTATION_REPRESENTATION (  '', ( #3784 ), #4601 ) ;
#7090 = LINE ( 'NONE', #794, #4231 ) ;
#7091 = STYLED_ITEM ( 'NONE', ( #1026 ), #6847 ) ;
#7092 = DIRECTION ( 'NONE',  ( 1.053031360026544826E-16, 1.000000000000000000, 0.000000000000000000 ) ) ;
#7093 = STYLED_ITEM ( 'NONE', ( #8659 ), #2419 ) ;
#7094 = ORIENTED_EDGE ( 'NONE', *, *, #8563, .T. ) ;
#7095 = DIRECTION ( 'NONE',  ( 2.710505431213761578E-16, -1.000000000000000000, 0.000000000000000000 ) ) ;
#7096 = ORIENTED_EDGE ( 'NONE', *, *, #8899, .T. ) ;
#7097 = FACE_OUTER_BOUND ( 'NONE', #9438, .T. ) ;
#7098 = ORIENTED_EDGE ( 'NONE', *, *, #5221, .T. ) ;
#7099 =( LENGTH_UNIT ( ) NAMED_UNIT ( * ) SI_UNIT ( .MILLI., .METRE. ) );
#7100 = LINE ( 'NONE', #4767, #4912 ) ;
#7101 = DIRECTION ( 'NONE',  ( 0.4620284873220146804, 0.4733177335606259528, 0.7499999999999753530 ) ) ;
#7102 = CARTESIAN_POINT ( 'NONE',  ( -2.250000000000023093, -5.435424868893517392, 3.199999999999781242 ) ) ;
#7103 = VERTEX_POINT ( 'NONE', #1802 ) ;
#7104 =( LENGTH_UNIT ( ) NAMED_UNIT ( * ) SI_UNIT ( .MILLI., .METRE. ) );
#7105 = CARTESIAN_POINT ( 'NONE',  ( -1.462164714140032684, 5.254537717835699340, 3.200000000000016609 ) ) ;
#7106 =( BOUNDED_SURFACE ( )  B_SPLINE_SURFACE ( 3, 3, ( 
 ( #5157, #470, #9164, #1169 ),
 ( #6871, #4440, #3658, #10047 ),
 ( #2857, #4393, #7595, #7544 ),
 ( #432, #9264, #6127, #6173 ),
 ( #5354, #6826, #2110, #5310 ),
 ( #572, #8524, #2996, #8483 ),
 ( #6036, #5265, #4529, #7687 ) ),
 .UNSPECIFIED., .F., .F., .T. ) 
 B_SPLINE_SURFACE_WITH_KNOTS ( ( 4, 3, 4 ),
 ( 4, 4 ),
 ( 0.000000000000000000, 1.000000000000000000, 1.011479445286191492 ),
 ( 0.000000000000000000, 1.000000000000000000 ),
 .UNSPECIFIED. ) 
 GEOMETRIC_REPRESENTATION_ITEM ( )  RATIONAL_B_SPLINE_SURFACE ( (
 ( 1.000000000000000000, 0.9477022805563360963, 0.9477022805563360963, 1.000000000000000000),
 ( 0.9937379401274857305, 0.9417677121341739843, 0.9417677121341739843, 0.9937379401274857305),
 ( 0.9937379401274857305, 0.9417677121341739843, 0.9417677121341739843, 0.9937379401274857305),
 ( 1.000000000000000000, 0.9477022805563360963, 0.9477022805563360963, 1.000000000000000000),
 ( 1.000000000000000000, 0.9477022805563360963, 0.9477022805563360963, 1.000000000000000000),
 ( 1.000000000000000000, 0.9477022805563360963, 0.9477022805563360963, 1.000000000000000000),
 ( 1.000000000000000000, 0.9477022805563360963, 0.9477022805563360963, 1.000000000000000000) ) ) 
 REPRESENTATION_ITEM ( '' )  SURFACE ( )  );
#7107 = SURFACE_SIDE_STYLE ('',( #3141 ) ) ;
#7108 = ORIENTED_EDGE ( 'NONE', *, *, #5007, .T. ) ;
#7109 = CYLINDRICAL_SURFACE ( 'NONE', #7054, 0.2999999999999999334 ) ;
#7110 = DIRECTION ( 'NONE',  ( -1.000000000000000000, 0.000000000000000000, 0.000000000000000000 ) ) ;
#7111 = MECHANICAL_DESIGN_GEOMETRIC_PRESENTATION_REPRESENTATION (  '', ( #6623 ), #2957 ) ;
#7112 = VECTOR ( 'NONE', #8477, 1000.000000000000000 ) ;
#7113 = LINE ( 'NONE', #7933, #9824 ) ;
#7114 = AXIS2_PLACEMENT_3D ( 'NONE', #2338, #748, #3988 ) ;
#7115 =( NAMED_UNIT ( * ) PLANE_ANGLE_UNIT ( ) SI_UNIT ( $, .RADIAN. ) );
#7116 = VECTOR ( 'NONE', #7686, 1000.000000000000000 ) ;
#7117 = MECHANICAL_DESIGN_GEOMETRIC_PRESENTATION_REPRESENTATION (  '', ( #1771 ), #4148 ) ;
#7118 = LINE ( 'NONE', #7881, #7239 ) ;
#7119 = ORIENTED_EDGE ( 'NONE', *, *, #249, .F. ) ;
#7120 = SURFACE_SIDE_STYLE ('',( #3907 ) ) ;
#7121 = FILL_AREA_STYLE_COLOUR ( '', #9561 ) ;
#7122 = PRESENTATION_LAYER_ASSIGNMENT (  '', '', ( #9283 ) ) ;
#7123 = ORIENTED_EDGE ( 'NONE', *, *, #7048, .T. ) ;
#7124 = SURFACE_STYLE_FILL_AREA ( #3269 ) ;
#7125 = DIRECTION ( 'NONE',  ( -1.000000000000000000, 0.000000000000000000, 0.000000000000000000 ) ) ;
#7126 = STYLED_ITEM ( 'NONE', ( #8889 ), #9554 ) ;
#7127 = EDGE_CURVE ( 'NONE', #8179, #2815, #2697, .T. ) ;
#7128 = ORIENTED_EDGE ( 'NONE', *, *, #2090, .T. ) ;
#7129 = DIRECTION ( 'NONE',  ( -1.000000000000000000, -2.710505431213761578E-16, 0.000000000000000000 ) ) ;
#7130 = DIRECTION ( 'NONE',  ( -1.000000000000000000, 0.000000000000000000, 0.000000000000000000 ) ) ;
#7131 = STYLED_ITEM ( 'NONE', ( #3335 ), #3953 ) ;
#7132 = CIRCLE ( 'NONE', #8466, 0.8000000000000003775 ) ;
#7133 = PRESENTATION_STYLE_ASSIGNMENT (( #6103 ) ) ;
#7134 = CARTESIAN_POINT ( 'NONE',  ( 5.950000000000000178, 1.409726619599058317, 0.8000000000000000444 ) ) ;
#7135 = DIRECTION ( 'NONE',  ( -0.8682466191274117451, 0.000000000000000000, -0.4961328535521704053 ) ) ;
#7136 = ORIENTED_EDGE ( 'NONE', *, *, #10092, .T. ) ;
#7137 = FILL_AREA_STYLE ('',( #9423 ) ) ;
#7138 = DIRECTION ( 'NONE',  ( 0.9805806756904615895, -0.1961161351404769049, 0.000000000000000000 ) ) ;
#7139 = AXIS2_PLACEMENT_3D ( 'NONE', #6969, #1422, #2108 ) ;
#7140 = SURFACE_SIDE_STYLE ('',( #6903 ) ) ;
#7141 = CARTESIAN_POINT ( 'NONE',  ( -1.599999999999998979, -5.552651906265968940, 3.499999999999987566 ) ) ;
#7142 = DIRECTION ( 'NONE',  ( -1.000000000000000000, 0.000000000000000000, -0.000000000000000000 ) ) ;
#7143 = DIRECTION ( 'NONE',  ( 0.000000000000000000, -1.000000000000000000, 0.000000000000000000 ) ) ;
#7144 = ORIENTED_EDGE ( 'NONE', *, *, #3498, .F. ) ;
#7145 = LINE ( 'NONE', #3177, #1866 ) ;
#7146 = ORIENTED_EDGE ( 'NONE', *, *, #7987, .F. ) ;
#7147 = FACE_OUTER_BOUND ( 'NONE', #6725, .T. ) ;
#7148 = ORIENTED_EDGE ( 'NONE', *, *, #7334, .T. ) ;
#7149 = CARTESIAN_POINT ( 'NONE',  ( -4.399999999999998579, -3.500000000000000000, 0.4000000000000000222 ) ) ;
#7150 = SURFACE_STYLE_FILL_AREA ( #2296 ) ;
#7151 = ORIENTED_EDGE ( 'NONE', *, *, #3105, .T. ) ;
#7152 = DIRECTION ( 'NONE',  ( 1.000000000000000000, -8.673617379884049672E-15, 3.066123743789011709E-11 ) ) ;
#7153 = ORIENTED_EDGE ( 'NONE', *, *, #5832, .T. ) ;
#7154 = CARTESIAN_POINT ( 'NONE',  ( 1.891518204694831118, -5.435424868893540484, 3.199999999999999734 ) ) ;
#7155 = ORIENTED_EDGE ( 'NONE', *, *, #7156, .T. ) ;
#7156 = EDGE_CURVE ( 'NONE', #8402, #286, #4240, .T. ) ;
#7157 = FILL_AREA_STYLE_COLOUR ( '', #1288 ) ;
#7158 = ADVANCED_FACE ( 'NONE', ( #3456 ), #5063, .T. ) ;
#7159 = STYLED_ITEM ( 'NONE', ( #6805 ), #1723 ) ;
#7160 = FACE_OUTER_BOUND ( 'NONE', #6255, .T. ) ;
#7161 = SURFACE_STYLE_FILL_AREA ( #89 ) ;
#7162 = CARTESIAN_POINT ( 'NONE',  ( -1.600000000000000089, 1.599999999999999867, 6.999999999999999112 ) ) ;
#7163 = EDGE_CURVE ( 'NONE', #4710, #4086, #6543, .T. ) ;
#7164 = CARTESIAN_POINT ( 'NONE',  ( -1.789074795565647635, -5.500000000000000000, 3.585218434151942191 ) ) ;
#7165 = CIRCLE ( 'NONE', #2668, 0.04999999999999969746 ) ;
#7166 =( NAMED_UNIT ( * ) SI_UNIT ( $, .STERADIAN. ) SOLID_ANGLE_UNIT ( ) );
#7167 = CARTESIAN_POINT ( 'NONE',  ( 5.400000000000006573, 1.891518204694830008, 3.600000000000000977 ) ) ;
#7168 = ORIENTED_EDGE ( 'NONE', *, *, #6146, .F. ) ;
#7169 = LINE ( 'NONE', #9659, #4578 ) ;
#7170 = CARTESIAN_POINT ( 'NONE',  ( -6.958519183380839301, 3.000000000000000000, -1.929257140873635423 ) ) ;
#7171 = PRESENTATION_STYLE_ASSIGNMENT (( #5567 ) ) ;
#7172 = UNCERTAINTY_MEASURE_WITH_UNIT (LENGTH_MEASURE( 1.000000000000000082E-05 ), #8986, 'distance_accuracy_value', 'NONE');
#7173 = SURFACE_STYLE_USAGE ( .BOTH. , #4020 ) ;
#7174 = B_SPLINE_CURVE_WITH_KNOTS ( 'NONE', 3,
 ( #5184, #8249, #2784, #5973, #9147, #7573, #1986, #413, #3632, #6806 ),
 .UNSPECIFIED., .F., .F.,
 ( 4, 2, 2, 2, 4 ),
 ( 0.000000000000000000, 0.0003028344262384912063, 0.0006056688524769824125, 0.0009085032787154736188, 0.001211337704953964825 ),
 .UNSPECIFIED. ) ;
#7175 = VERTEX_POINT ( 'NONE', #5999 ) ;
#7176 =( NAMED_UNIT ( * ) SI_UNIT ( $, .STERADIAN. ) SOLID_ANGLE_UNIT ( ) );
#7177 = ADVANCED_FACE ( 'NONE', ( #3555 ), #6381, .T. ) ;
#7178 = ORIENTED_EDGE ( 'NONE', *, *, #6523, .T. ) ;
#7179 = PLANE ( 'NONE',  #8353 ) ;
#7180 = DIRECTION ( 'NONE',  ( 0.000000000000000000, 1.000000000000000000, 2.992044408589581621E-14 ) ) ;
#7181 = CIRCLE ( 'NONE', #9183, 0.03542486889416933404 ) ;
#7182 = VECTOR ( 'NONE', #7192, 1000.000000000000000 ) ;
#7183 = LINE ( 'NONE', #5723, #2919 ) ;
#7184 = COLOUR_RGB ( '',0.7529411764705882248, 0.7529411764705882248, 0.7529411764705882248 ) ;
#7185 = EDGE_CURVE ( 'NONE', #6244, #1830, #5215, .T. ) ;
#7186 = STYLED_ITEM ( 'NONE', ( #3001 ), #8084 ) ;
#7187 =( GEOMETRIC_REPRESENTATION_CONTEXT ( 3 ) GLOBAL_UNCERTAINTY_ASSIGNED_CONTEXT ( ( #4375 ) ) GLOBAL_UNIT_ASSIGNED_CONTEXT ( ( #9621, #4130, #6668 ) ) REPRESENTATION_CONTEXT ( 'NONE', 'WORKASPACE' ) );
#7188 = STYLED_ITEM ( 'NONE', ( #1785 ), #1383 ) ;
#7189 = DIRECTION ( 'NONE',  ( -1.000000000000000000, 0.000000000000000000, 0.000000000000000000 ) ) ;
#7190 = DIRECTION ( 'NONE',  ( -1.000000000000000000, 0.000000000000000000, -1.989556187307767442E-15 ) ) ;
#7191 = AXIS2_PLACEMENT_3D ( 'NONE', #7890, #9306, #8526 ) ;
#7192 = DIRECTION ( 'NONE',  ( -1.053031360026544826E-16, -1.000000000000000000, -3.676641472259064878E-31 ) ) ;
#7193 = DIRECTION ( 'NONE',  ( 0.000000000000000000, 0.000000000000000000, -1.000000000000000000 ) ) ;
#7194 = CIRCLE ( 'NONE', #2694, 0.3000000000000007661 ) ;
#7195 = VECTOR ( 'NONE', #2345, 1000.000000000000000 ) ;
#7196 = ORIENTED_EDGE ( 'NONE', *, *, #1194, .F. ) ;
#7197 = CARTESIAN_POINT ( 'NONE',  ( 2.249999999999991118, -5.399999999999905320, 3.600000000000000089 ) ) ;
#7198 = ORIENTED_EDGE ( 'NONE', *, *, #4745, .F. ) ;
#7199 = ORIENTED_EDGE ( 'NONE', *, *, #8367, .F. ) ;
#7200 = DIRECTION ( 'NONE',  ( -0.6414968937217166989, 0.1611885087261842597, 0.7500000000000115463 ) ) ;
#7201 = CARTESIAN_POINT ( 'NONE',  ( -5.676923076923079847, 2.365384615384610978, 3.500000000000002220 ) ) ;
#7202 = DIRECTION ( 'NONE',  ( -1.000000000000000000, 0.000000000000000000, 0.000000000000000000 ) ) ;
#7203 = PLANE ( 'NONE',  #5264 ) ;
#7204 = VERTEX_POINT ( 'NONE', #4397 ) ;
#7205 = CIRCLE ( 'NONE', #5372, 1.000000000000000000 ) ;
#7206 = CIRCLE ( 'NONE', #2706, 5.435424868893528050 ) ;
#7207 = EDGE_CURVE ( 'NONE', #6998, #839, #9047, .T. ) ;
#7208 = FACE_OUTER_BOUND ( 'NONE', #41, .T. ) ;
#7209 = VERTEX_POINT ( 'NONE', #385 ) ;
#7210 = ORIENTED_EDGE ( 'NONE', *, *, #3620, .T. ) ;
#7211 = FACE_OUTER_BOUND ( 'NONE', #2635, .T. ) ;
#7212 = AXIS2_PLACEMENT_3D ( 'NONE', #7197, #3234, #70 ) ;
#7213 = SURFACE_STYLE_FILL_AREA ( #5603 ) ;
#7214 = STYLED_ITEM ( 'NONE', ( #8371 ), #136 ) ;
#7215 = CARTESIAN_POINT ( 'NONE',  ( 6.299999999999994493, -2.000000000000000000, -0.6874509908007694348 ) ) ;
#7216 = CARTESIAN_POINT ( 'NONE',  ( -1.599999999999999423, 1.599999999999999867, 7.299999999999998934 ) ) ;
#7217 = COLOUR_RGB ( '',0.7529411764705882248, 0.7529411764705882248, 0.7529411764705882248 ) ;
#7218 = AXIS2_PLACEMENT_3D ( 'NONE', #8083, #8034, #8928 ) ;
#7219 = CARTESIAN_POINT ( 'NONE',  ( 5.287131114478958338, -1.651312005834308261, 3.599999999108079329 ) ) ;
#7220 = EDGE_CURVE ( 'NONE', #10221, #8980, #9186, .T. ) ;
#7221 = FACE_OUTER_BOUND ( 'NONE', #9486, .T. ) ;
#7222 = FILL_AREA_STYLE_COLOUR ( '', #6911 ) ;
#7223 = ORIENTED_EDGE ( 'NONE', *, *, #4604, .F. ) ;
#7224 =( GEOMETRIC_REPRESENTATION_CONTEXT ( 3 ) GLOBAL_UNCERTAINTY_ASSIGNED_CONTEXT ( ( #10030 ) ) GLOBAL_UNIT_ASSIGNED_CONTEXT ( ( #1555, #6201, #2236 ) ) REPRESENTATION_CONTEXT ( 'NONE', 'WORKASPACE' ) );
#7225 = DIRECTION ( 'NONE',  ( -0.000000000000000000, -1.000000000000000000, -0.000000000000000000 ) ) ;
#7226 = DIRECTION ( 'NONE',  ( 1.000000000000000000, -0.000000000000000000, -0.000000000000000000 ) ) ;
#7227 = SURFACE_STYLE_USAGE ( .BOTH. , #8786 ) ;
#7228 =( LENGTH_UNIT ( ) NAMED_UNIT ( * ) SI_UNIT ( .MILLI., .METRE. ) );
#7229 = FACE_OUTER_BOUND ( 'NONE', #9431, .T. ) ;
#7230 = ORIENTED_EDGE ( 'NONE', *, *, #3309, .T. ) ;
#7231 = DIRECTION ( 'NONE',  ( 0.000000000000000000, 0.000000000000000000, 1.000000000000000000 ) ) ;
#7232 = UNCERTAINTY_MEASURE_WITH_UNIT (LENGTH_MEASURE( 1.000000000000000082E-05 ), #7311, 'distance_accuracy_value', 'NONE');
#7233 = ORIENTED_EDGE ( 'NONE', *, *, #6537, .F. ) ;
#7234 = DIRECTION ( 'NONE',  ( 0.000000000000000000, 0.000000000000000000, -1.000000000000000000 ) ) ;
#7235 = CIRCLE ( 'NONE', #4574, 0.8000000000000003775 ) ;
#7236 = FILL_AREA_STYLE_COLOUR ( '', #3916 ) ;
#7237 = EDGE_CURVE ( 'NONE', #1784, #5426, #2814, .T. ) ;
#7238 = CARTESIAN_POINT ( 'NONE',  ( -5.549999999999999822, -4.750000000000000000, 3.500000000000000444 ) ) ;
#7239 = VECTOR ( 'NONE', #10191, 1000.000000000000227 ) ;
#7240 = COLOUR_RGB ( '',0.7529411764705882248, 0.7529411764705882248, 0.7529411764705882248 ) ;
#7241 =( GEOMETRIC_REPRESENTATION_CONTEXT ( 3 ) GLOBAL_UNCERTAINTY_ASSIGNED_CONTEXT ( ( #6655 ) ) GLOBAL_UNIT_ASSIGNED_CONTEXT ( ( #9501, #6477, #2464 ) ) REPRESENTATION_CONTEXT ( 'NONE', 'WORKASPACE' ) );
#7242 = FILL_AREA_STYLE ('',( #7904 ) ) ;
#7243 = CARTESIAN_POINT ( 'NONE',  ( 6.305925830945598776, 2.000000000000000444, -0.7110617430582395482 ) ) ;
#7244 = PRESENTATION_STYLE_ASSIGNMENT (( #4856 ) ) ;
#7245 = CARTESIAN_POINT ( 'NONE',  ( -1.599999999999998757, -5.536268432464074962, 3.512833527973326930 ) ) ;
#7246 =( LENGTH_UNIT ( ) NAMED_UNIT ( * ) SI_UNIT ( .MILLI., .METRE. ) );
#7247 = VECTOR ( 'NONE', #10226, 1000.000000000000000 ) ;
#7248 = CIRCLE ( 'NONE', #1231, 0.4000000000000001887 ) ;
#7249 =( NAMED_UNIT ( * ) PLANE_ANGLE_UNIT ( ) SI_UNIT ( $, .RADIAN. ) );
#7250 = VECTOR ( 'NONE', #9766, 1000.000000000000227 ) ;
#7251 = FILL_AREA_STYLE_COLOUR ( '', #1532 ) ;
#7252 = VERTEX_POINT ( 'NONE', #2007 ) ;
#7253 = VERTEX_POINT ( 'NONE', #8381 ) ;
#7254 = LINE ( 'NONE', #6576, #2381 ) ;
#7255 = CIRCLE ( 'NONE', #9255, 0.1999999999999996503 ) ;
#7256 = CYLINDRICAL_SURFACE ( 'NONE', #6925, 4.150000000000000355 ) ;
#7257 = CARTESIAN_POINT ( 'NONE',  ( 5.000000000000000888, 5.000000000000000888, 3.500000000000003109 ) ) ;
#7258 = SURFACE_SIDE_STYLE ('',( #6370 ) ) ;
#7259 =( NAMED_UNIT ( * ) PLANE_ANGLE_UNIT ( ) SI_UNIT ( $, .RADIAN. ) );
#7260 = CIRCLE ( 'NONE', #4119, 0.3999999999999833689 ) ;
#7261 =( NAMED_UNIT ( * ) PLANE_ANGLE_UNIT ( ) SI_UNIT ( $, .RADIAN. ) );
#7262 = ORIENTED_EDGE ( 'NONE', *, *, #7266, .T. ) ;
#7263 =( LENGTH_UNIT ( ) NAMED_UNIT ( * ) SI_UNIT ( .MILLI., .METRE. ) );
#7264 = ORIENTED_EDGE ( 'NONE', *, *, #7659, .F. ) ;
#7265 = CARTESIAN_POINT ( 'NONE',  ( -3.600000000000001421, -6.000000000000000000, 0.000000000000000000 ) ) ;
#7266 = EDGE_CURVE ( 'NONE', #2474, #1087, #9511, .T. ) ;
#7267 = MECHANICAL_DESIGN_GEOMETRIC_PRESENTATION_REPRESENTATION (  '', ( #5943 ), #4133 ) ;
#7268 = PRESENTATION_STYLE_ASSIGNMENT (( #4111 ) ) ;
#7269 = DIRECTION ( 'NONE',  ( -1.000000000000000000, 0.000000000000000000, 0.000000000000000000 ) ) ;
#7270 = SURFACE_SIDE_STYLE ('',( #5657 ) ) ;
#7271 = SURFACE_STYLE_USAGE ( .BOTH. , #1333 ) ;
#7272 = DIRECTION ( 'NONE',  ( 1.000000000000000000, 0.000000000000000000, 0.000000000000000000 ) ) ;
#7273 = DIRECTION ( 'NONE',  ( 1.000000000000000000, 0.000000000000000000, 0.000000000000000000 ) ) ;
#7274 = VERTEX_POINT ( 'NONE', #7894 ) ;
#7275 = PRESENTATION_LAYER_ASSIGNMENT (  '', '', ( #5442 ) ) ;
#7276 = DIRECTION ( 'NONE',  ( 0.8682466191274125222, 0.000000000000000000, -0.4961328535521688510 ) ) ;
#7277 = VECTOR ( 'NONE', #268, 1000.000000000000114 ) ;
#7278 = LINE ( 'NONE', #4019, #1968 ) ;
#7279 = FILL_AREA_STYLE_COLOUR ( '', #7972 ) ;
#7280 = DIRECTION ( 'NONE',  ( -1.000000000000000000, 0.000000000000000000, 0.000000000000000000 ) ) ;
#7281 = ORIENTED_EDGE ( 'NONE', *, *, #3360, .T. ) ;
#7282 = DIRECTION ( 'NONE',  ( 0.4819066211576344405, 0.2377525341402921821, -0.8433503074015573642 ) ) ;
#7283 = VERTEX_POINT ( 'NONE', #5572 ) ;
#7284 = DIRECTION ( 'NONE',  ( 0.6614378277661395744, 5.421010862427465372E-14, 0.7500000000000071054 ) ) ;
#7285 = CARTESIAN_POINT ( 'NONE',  ( 6.547679712131308172, 3.000000000000000000, -2.979052028523552664 ) ) ;
#7286 =( GEOMETRIC_REPRESENTATION_CONTEXT ( 3 ) GLOBAL_UNCERTAINTY_ASSIGNED_CONTEXT ( ( #4683 ) ) GLOBAL_UNIT_ASSIGNED_CONTEXT ( ( #5607, #724, #7166 ) ) REPRESENTATION_CONTEXT ( 'NONE', 'WORKASPACE' ) );
#7287 =( NAMED_UNIT ( * ) SI_UNIT ( $, .STERADIAN. ) SOLID_ANGLE_UNIT ( ) );
#7288 = FACE_OUTER_BOUND ( 'NONE', #601, .T. ) ;
#7289 = EDGE_CURVE ( 'NONE', #9324, #5337, #734, .T. ) ;
#7290 = AXIS2_PLACEMENT_3D ( 'NONE', #5714, #830, #4894 ) ;
#7291 = SURFACE_STYLE_USAGE ( .BOTH. , #1120 ) ;
#7292 = DIRECTION ( 'NONE',  ( 0.000000000000000000, 0.000000000000000000, -1.000000000000000000 ) ) ;
#7293 = ORIENTED_EDGE ( 'NONE', *, *, #5189, .T. ) ;
#7294 = ADVANCED_FACE ( 'NONE', ( #6233 ), #4588, .T. ) ;
#7295 = CIRCLE ( 'NONE', #3982, 5.125000000000000888 ) ;
#7296 = AXIS2_PLACEMENT_3D ( 'NONE', #6274, #3041, #609 ) ;
#7297 = CARTESIAN_POINT ( 'NONE',  ( -6.000000000000000000, 5.000000000000000000, 0.4000000000000000222 ) ) ;
#7298 = ORIENTED_EDGE ( 'NONE', *, *, #8596, .T. ) ;
#7299 = DIRECTION ( 'NONE',  ( -1.000000000000000000, 0.000000000000000000, 0.000000000000000000 ) ) ;
#7300 = EDGE_LOOP ( 'NONE', ( #1311, #10108, #1873, #6866 ) ) ;
#7301 = LINE ( 'NONE', #4195, #2614 ) ;
#7302 = ORIENTED_EDGE ( 'NONE', *, *, #1598, .T. ) ;
#7303 = DIRECTION ( 'NONE',  ( 1.000000000000000000, 4.119968255444584897E-14, -2.847837706395028429E-13 ) ) ;
#7304 = CARTESIAN_POINT ( 'NONE',  ( 1.899999999999999911, 1.500000000000000000, 4.299999999999999822 ) ) ;
#7305 = MECHANICAL_DESIGN_GEOMETRIC_PRESENTATION_REPRESENTATION (  '', ( #944 ), #4003 ) ;
#7306 = LINE ( 'NONE', #127, #8017 ) ;
#7307 = AXIS2_PLACEMENT_3D ( 'NONE', #2663, #6799, #2717 ) ;
#7308 = CARTESIAN_POINT ( 'NONE',  ( 0.000000000000000000, 0.000000000000000000, 3.299999999999999378 ) ) ;
#7309 =( GEOMETRIC_REPRESENTATION_CONTEXT ( 3 ) GLOBAL_UNCERTAINTY_ASSIGNED_CONTEXT ( ( #386 ) ) GLOBAL_UNIT_ASSIGNED_CONTEXT ( ( #2518, #1782, #4335 ) ) REPRESENTATION_CONTEXT ( 'NONE', 'WORKASPACE' ) );
#7310 = ORIENTED_EDGE ( 'NONE', *, *, #9022, .F. ) ;
#7311 =( LENGTH_UNIT ( ) NAMED_UNIT ( * ) SI_UNIT ( .MILLI., .METRE. ) );
#7312 = ORIENTED_EDGE ( 'NONE', *, *, #4604, .T. ) ;
#7313 = LINE ( 'NONE', #7265, #4250 ) ;
#7314 = EDGE_CURVE ( 'NONE', #760, #839, #7024, .T. ) ;
#7315 = STYLED_ITEM ( 'NONE', ( #6358 ), #393 ) ;
#7316 = EDGE_CURVE ( 'NONE', #5426, #10008, #2269, .T. ) ;
#7317 = PRESENTATION_STYLE_ASSIGNMENT (( #9034 ) ) ;
#7318 = DIRECTION ( 'NONE',  ( -0.000000000000000000, 6.672013369141566696E-17, -1.000000000000000000 ) ) ;
#7319 = B_SPLINE_CURVE_WITH_KNOTS ( 'NONE', 3,
 ( #2323, #737, #10259, #1428 ),
 .UNSPECIFIED., .F., .F.,
 ( 4, 4 ),
 ( 0.000000000000000000, 1.000000000000000000 ),
 .UNSPECIFIED. ) ;
#7320 = VECTOR ( 'NONE', #8364, 1000.000000000000000 ) ;
#7321 = DIRECTION ( 'NONE',  ( -1.000000000000000000, 0.000000000000000000, 0.000000000000000000 ) ) ;
#7322 = UNCERTAINTY_MEASURE_WITH_UNIT (LENGTH_MEASURE( 1.000000000000000082E-05 ), #1998, 'distance_accuracy_value', 'NONE');
#7323 = SURFACE_STYLE_USAGE ( .BOTH. , #6238 ) ;
#7324 = CARTESIAN_POINT ( 'NONE',  ( 1.891518204694831118, -5.400000000000002132, 3.199999999999999734 ) ) ;
#7325 = ORIENTED_EDGE ( 'NONE', *, *, #8853, .F. ) ;
#7326 = CARTESIAN_POINT ( 'NONE',  ( 5.000000000000000000, 5.800000000000000711, 3.499999999999999556 ) ) ;
#7327 = ADVANCED_FACE ( 'NONE', ( #6295 ), #7179, .F. ) ;
#7328 = CARTESIAN_POINT ( 'NONE',  ( 6.300000002082476236, -2.000000000000000000, 0.7999999999999999334 ) ) ;
#7329 = EDGE_LOOP ( 'NONE', ( #1397, #3709, #7455, #4004 ) ) ;
#7330 = ADVANCED_FACE ( 'NONE', ( #7021 ), #3813, .F. ) ;
#7331 = ORIENTED_EDGE ( 'NONE', *, *, #871, .F. ) ;
#7332 = MECHANICAL_DESIGN_GEOMETRIC_PRESENTATION_REPRESENTATION (  '', ( #8658 ), #5503 ) ;
#7333 = CARTESIAN_POINT ( 'NONE',  ( 6.287205726393079175, -2.000000000000000000, -2.830212172457902575 ) ) ;
#7334 = EDGE_CURVE ( 'NONE', #1950, #6569, #107, .T. ) ;
#7335 = FACE_OUTER_BOUND ( 'NONE', #9161, .T. ) ;
#7336 = PRESENTATION_STYLE_ASSIGNMENT (( #1904 ) ) ;
#7337 = DIRECTION ( 'NONE',  ( 0.1179568432022812946, -0.9713257602420880543, 0.2064278339562816145 ) ) ;
#7338 = LINE ( 'NONE', #117, #1921 ) ;
#7339 = ORIENTED_EDGE ( 'NONE', *, *, #5778, .F. ) ;
#7340 = FILL_AREA_STYLE ('',( #4187 ) ) ;
#7341 = DIRECTION ( 'NONE',  ( 0.000000000000000000, 1.000000000000000000, 1.203706215242012555E-31 ) ) ;
#7342 = VECTOR ( 'NONE', #8852, 1000.000000000000000 ) ;
#7343 = CARTESIAN_POINT ( 'NONE',  ( 5.999999999999997335, 2.000000000000000000, -0.6874509908007685466 ) ) ;
#7344 = CIRCLE ( 'NONE', #6342, 0.3000000000000103140 ) ;
#7345 = EDGE_CURVE ( 'NONE', #5285, #4071, #3712, .T. ) ;
#7346 = EDGE_CURVE ( 'NONE', #9103, #8828, #9673, .T. ) ;
#7347 = ORIENTED_EDGE ( 'NONE', *, *, #7935, .T. ) ;
#7348 = DIRECTION ( 'NONE',  ( -1.224646799147353207E-16, 1.000000000000000000, 4.092895925926416731E-32 ) ) ;
#7349 = ORIENTED_EDGE ( 'NONE', *, *, #7826, .T. ) ;
#7350 = SURFACE_SIDE_STYLE ('',( #4922 ) ) ;
#7351 = VERTEX_POINT ( 'NONE', #5721 ) ;
#7352 = AXIS2_PLACEMENT_3D ( 'NONE', #574, #1481, #3107 ) ;
#7353 = PRESENTATION_LAYER_ASSIGNMENT (  '', '', ( #3536 ) ) ;
#7354 = UNCERTAINTY_MEASURE_WITH_UNIT (LENGTH_MEASURE( 1.000000000000000082E-05 ), #5672, 'distance_accuracy_value', 'NONE');
#7355 = FILL_AREA_STYLE ('',( #6575 ) ) ;
#7356 = SURFACE_STYLE_USAGE ( .BOTH. , #9019 ) ;
#7357 =( NAMED_UNIT ( * ) PLANE_ANGLE_UNIT ( ) SI_UNIT ( $, .RADIAN. ) );
#7358 = VECTOR ( 'NONE', #10147, 1000.000000000000000 ) ;
#7359 = PRESENTATION_STYLE_ASSIGNMENT (( #2659 ) ) ;
#7360 = SURFACE_STYLE_USAGE ( .BOTH. , #8296 ) ;
#7361 = EDGE_CURVE ( 'NONE', #8093, #5418, #4178, .T. ) ;
#7362 = STYLED_ITEM ( 'NONE', ( #108 ), #8246 ) ;
#7363 = PRESENTATION_LAYER_ASSIGNMENT (  '', '', ( #4388 ) ) ;
#7364 = COLOUR_RGB ( '',1.000000000000000000, 1.000000000000000000, 1.000000000000000000 ) ;
#7365 = ORIENTED_EDGE ( 'NONE', *, *, #6424, .F. ) ;
#7366 = VERTEX_POINT ( 'NONE', #2579 ) ;
#7367 = EDGE_CURVE ( 'NONE', #9478, #8600, #5361, .T. ) ;
#7368 =( LENGTH_UNIT ( ) NAMED_UNIT ( * ) SI_UNIT ( .MILLI., .METRE. ) );
#7369 = DIRECTION ( 'NONE',  ( -1.000000000000000000, 3.166821934561777074E-62, -3.082282563894075765E-31 ) ) ;
#7370 = FILL_AREA_STYLE ('',( #6435 ) ) ;
#7371 = EDGE_CURVE ( 'NONE', #10177, #1600, #827, .T. ) ;
#7372 = EDGE_CURVE ( 'NONE', #654, #3022, #10018, .T. ) ;
#7373 = STYLED_ITEM ( 'NONE', ( #2448 ), #8724 ) ;
#7374 = DIRECTION ( 'NONE',  ( -0.9698521414903613636, -0.2436941190233373189, -4.116519880770827806E-14 ) ) ;
#7375 = FACE_OUTER_BOUND ( 'NONE', #5634, .T. ) ;
#7376 = VECTOR ( 'NONE', #8584, 1000.000000000000000 ) ;
#7377 = ORIENTED_EDGE ( 'NONE', *, *, #5961, .T. ) ;
#7378 = DIRECTION ( 'NONE',  ( -1.000000000000000000, 0.000000000000000000, 0.000000000000000000 ) ) ;
#7379 =( LENGTH_UNIT ( ) NAMED_UNIT ( * ) SI_UNIT ( .MILLI., .METRE. ) );
#7380 = AXIS2_PLACEMENT_3D ( 'NONE', #8753, #857, #9479 ) ;
#7381 = DIRECTION ( 'NONE',  ( -1.000000000000000000, -2.168404344971010446E-15, 0.000000000000000000 ) ) ;
#7382 = VERTEX_POINT ( 'NONE', #4072 ) ;
#7383 = CARTESIAN_POINT ( 'NONE',  ( 1.599999999999997868, 1.899999999999999911, 7.299999999999998934 ) ) ;
#7384 = DIRECTION ( 'NONE',  ( 0.000000000000000000, 0.000000000000000000, 1.000000000000000000 ) ) ;
#7385 = ORIENTED_EDGE ( 'NONE', *, *, #3638, .F. ) ;
#7386 = CARTESIAN_POINT ( 'NONE',  ( -6.349999999999996092, -1.999999999999998224, -0.6874509908007693237 ) ) ;
#7387 = CYLINDRICAL_SURFACE ( 'NONE', #6749, 0.4000000000000001887 ) ;
#7388 =( NAMED_UNIT ( * ) SI_UNIT ( $, .STERADIAN. ) SOLID_ANGLE_UNIT ( ) );
#7389 = CARTESIAN_POINT ( 'NONE',  ( -5.800000000000000711, -4.999999999999992895, 3.299999999999999822 ) ) ;
#7390 = FILL_AREA_STYLE ('',( #9837 ) ) ;
#7391 = CARTESIAN_POINT ( 'NONE',  ( -6.349999999999996980, -2.999999999999999556, -0.6874509908007693237 ) ) ;
#7392 = ADVANCED_FACE ( 'NONE', ( #5000 ), #3493, .T. ) ;
#7393 = CIRCLE ( 'NONE', #10219, 0.3999999999999888645 ) ;
#7394 = ORIENTED_EDGE ( 'NONE', *, *, #7987, .T. ) ;
#7395 = CARTESIAN_POINT ( 'NONE',  ( 6.305925830945598776, 6.704630743366732482, -0.7110617430582395482 ) ) ;
#7396 = CARTESIAN_POINT ( 'NONE',  ( 6.000000000000000000, 3.499999999999999556, 0.4000000000000000222 ) ) ;
#7397 = UNCERTAINTY_MEASURE_WITH_UNIT (LENGTH_MEASURE( 1.000000000000000082E-05 ), #4278, 'distance_accuracy_value', 'NONE');
#7398 = ORIENTED_EDGE ( 'NONE', *, *, #997, .T. ) ;
#7399 = DIRECTION ( 'NONE',  ( -0.9230769230769225731, -0.3846153846153858025, -4.531948492596232833E-15 ) ) ;
#7400 = PRESENTATION_LAYER_ASSIGNMENT (  '', '', ( #8555 ) ) ;
#7401 = MECHANICAL_DESIGN_GEOMETRIC_PRESENTATION_REPRESENTATION (  '', ( #5405 ), #10065 ) ;
#7402 =( GEOMETRIC_REPRESENTATION_CONTEXT ( 3 ) GLOBAL_UNCERTAINTY_ASSIGNED_CONTEXT ( ( #9869 ) ) GLOBAL_UNIT_ASSIGNED_CONTEXT ( ( #4279, #1157, #5828 ) ) REPRESENTATION_CONTEXT ( 'NONE', 'WORKASPACE' ) );
#7403 = VERTEX_POINT ( 'NONE', #51 ) ;
#7404 =( LENGTH_UNIT ( ) NAMED_UNIT ( * ) SI_UNIT ( .MILLI., .METRE. ) );
#7405 = ORIENTED_EDGE ( 'NONE', *, *, #8647, .F. ) ;
#7406 =( NAMED_UNIT ( * ) PLANE_ANGLE_UNIT ( ) SI_UNIT ( $, .RADIAN. ) );
#7407 = EDGE_LOOP ( 'NONE', ( #1909, #6205, #6046, #5116, #7823, #4337 ) ) ;
#7408 = CIRCLE ( 'NONE', #5740, 6.149999999999996803 ) ;
#7409 = COLOUR_RGB ( '',0.7529411764705882248, 0.7529411764705882248, 0.7529411764705882248 ) ;
#7410 = DIRECTION ( 'NONE',  ( 0.8682466191274204048, 0.000000000000000000, 0.4961328535521550842 ) ) ;
#7411 = DIRECTION ( 'NONE',  ( -1.000000000000000000, -6.589481020120744713E-11, -1.961777041401343556E-14 ) ) ;
#7412 = DIRECTION ( 'NONE',  ( 0.000000000000000000, 0.000000000000000000, -1.000000000000000000 ) ) ;
#7413 = AXIS2_PLACEMENT_3D ( 'NONE', #1211, #5879, #9827 ) ;
#7414 = DIRECTION ( 'NONE',  ( 0.000000000000000000, -1.000000000000000000, 0.000000000000000000 ) ) ;
#7415 = STYLED_ITEM ( 'NONE', ( #7643 ), #2867 ) ;
#7416 = ORIENTED_EDGE ( 'NONE', *, *, #6985, .F. ) ;
#7417 = ORIENTED_EDGE ( 'NONE', *, *, #7493, .F. ) ;
#7418 = CARTESIAN_POINT ( 'NONE',  ( -5.254334350601863157, 1.462164717133216829, 3.599999968981326681 ) ) ;
#7419 = MECHANICAL_DESIGN_GEOMETRIC_PRESENTATION_REPRESENTATION (  '', ( #5590 ), #5412 ) ;
#7420 = MECHANICAL_DESIGN_GEOMETRIC_PRESENTATION_REPRESENTATION (  '', ( #896 ), #2763 ) ;
#7421 = CARTESIAN_POINT ( 'NONE',  ( 6.000000000000000000, 0.000000000000000000, 0.1999999999999998168 ) ) ;
#7422 = CARTESIAN_POINT ( 'NONE',  ( 0.000000000000000000, 6.000000000000000000, 3.299999999999999822 ) ) ;
#7423 = CIRCLE ( 'NONE', #7742, 0.7999999999999994893 ) ;
#7424 = CIRCLE ( 'NONE', #6933, 1.000000000000000000 ) ;
#7425 = ORIENTED_EDGE ( 'NONE', *, *, #5975, .F. ) ;
#7426 = VERTEX_POINT ( 'NONE', #6109 ) ;
#7427 = STYLED_ITEM ( 'NONE', ( #9767 ), #2370 ) ;
#7428 =( LENGTH_UNIT ( ) NAMED_UNIT ( * ) SI_UNIT ( .MILLI., .METRE. ) );
#7429 = FILL_AREA_STYLE_COLOUR ( '', #275 ) ;
#7430 = DIRECTION ( 'NONE',  ( -1.000000000000000000, 2.035455951733361260E-30, 1.256337252201622514E-14 ) ) ;
#7431 = DIRECTION ( 'NONE',  ( -0.8682466191274124112, -0.000000000000000000, 0.4961328535521690730 ) ) ;
#7432 = ORIENTED_EDGE ( 'NONE', *, *, #6881, .F. ) ;
#7433 = SURFACE_STYLE_USAGE ( .BOTH. , #4281 ) ;
#7434 = FILL_AREA_STYLE ('',( #3537 ) ) ;
#7435 = ORIENTED_EDGE ( 'NONE', *, *, #7185, .F. ) ;
#7436 = CARTESIAN_POINT ( 'NONE',  ( 6.000000000000015099, -2.000000000000000000, 5.364159265358978246 ) ) ;
#7437 = SURFACE_STYLE_FILL_AREA ( #4289 ) ;
#7438 = PRESENTATION_LAYER_ASSIGNMENT (  '', '', ( #7608 ) ) ;
#7439 = DIRECTION ( 'NONE',  ( 0.000000000000000000, 0.000000000000000000, 1.000000000000000000 ) ) ;
#7440 = SURFACE_SIDE_STYLE ('',( #2964 ) ) ;
#7441 =( NAMED_UNIT ( * ) PLANE_ANGLE_UNIT ( ) SI_UNIT ( $, .RADIAN. ) );
#7442 = FILL_AREA_STYLE_COLOUR ( '', #5783 ) ;
#7443 = EDGE_CURVE ( 'NONE', #2337, #1380, #5147, .T. ) ;
#7444 = DIRECTION ( 'NONE',  ( 1.053031360026544826E-16, 1.000000000000000000, 0.000000000000000000 ) ) ;
#7445 = DIRECTION ( 'NONE',  ( 0.000000000000000000, 1.000000000000000000, 0.000000000000000000 ) ) ;
#7446 = CIRCLE ( 'NONE', #8608, 0.3499999999999996447 ) ;
#7447 = ORIENTED_EDGE ( 'NONE', *, *, #498, .F. ) ;
#7448 =( NAMED_UNIT ( * ) SI_UNIT ( $, .STERADIAN. ) SOLID_ANGLE_UNIT ( ) );
#7449 = ORIENTED_EDGE ( 'NONE', *, *, #7610, .T. ) ;
#7450 = SURFACE_STYLE_USAGE ( .BOTH. , #1856 ) ;
#7451 = VECTOR ( 'NONE', #2291, 1000.000000000000000 ) ;
#7452 = COLOUR_RGB ( '',1.000000000000000000, 1.000000000000000000, 1.000000000000000000 ) ;
#7453 = VERTEX_POINT ( 'NONE', #1458 ) ;
#7454 = CARTESIAN_POINT ( 'NONE',  ( -1.599999999999998979, -1.599999999999952127, 7.299999999999998934 ) ) ;
#7455 = ORIENTED_EDGE ( 'NONE', *, *, #3343, .F. ) ;
#7456 = ORIENTED_EDGE ( 'NONE', *, *, #6564, .T. ) ;
#7457 = FACE_OUTER_BOUND ( 'NONE', #7783, .T. ) ;
#7458 = FILL_AREA_STYLE ('',( #3466 ) ) ;
#7459 = LINE ( 'NONE', #1134, #545 ) ;
#7460 = CIRCLE ( 'NONE', #10125, 0.04999999999999969746 ) ;
#7461 = MECHANICAL_DESIGN_GEOMETRIC_PRESENTATION_REPRESENTATION (  '', ( #2802 ), #4328 ) ;
#7462 = FILL_AREA_STYLE ('',( #971 ) ) ;
#7463 = CIRCLE ( 'NONE', #9137, 0.4000000000000352718 ) ;
#7464 = ORIENTED_EDGE ( 'NONE', *, *, #1296, .T. ) ;
#7465 = DIRECTION ( 'NONE',  ( -8.182190046914136800E-17, -1.000000000000000000, 4.383240030748453429E-17 ) ) ;
#7466 = EDGE_LOOP ( 'NONE', ( #6637, #8320, #7347, #6792 ) ) ;
#7467 =( NAMED_UNIT ( * ) SI_UNIT ( $, .STERADIAN. ) SOLID_ANGLE_UNIT ( ) );
#7468 = PRESENTATION_STYLE_ASSIGNMENT (( #9373 ) ) ;
#7469 = SURFACE_STYLE_FILL_AREA ( #4324 ) ;
#7470 = CARTESIAN_POINT ( 'NONE',  ( -1.891518204694831340, -5.435424868893539596, 3.600000000000001421 ) ) ;
#7471 = UNCERTAINTY_MEASURE_WITH_UNIT (LENGTH_MEASURE( 1.000000000000000082E-05 ), #1403, 'distance_accuracy_value', 'NONE');
#7472 = PRESENTATION_LAYER_ASSIGNMENT (  '', '', ( #1634 ) ) ;
#7473 = ADVANCED_FACE ( 'NONE', ( #8264 ), #2243, .F. ) ;
#7474 = FACE_OUTER_BOUND ( 'NONE', #9227, .T. ) ;
#7475 = EDGE_LOOP ( 'NONE', ( #4194, #10332, #9918, #5792 ) ) ;
#7476 = EDGE_CURVE ( 'NONE', #3022, #636, #1109, .T. ) ;
#7477 =( NAMED_UNIT ( * ) PLANE_ANGLE_UNIT ( ) SI_UNIT ( $, .RADIAN. ) );
#7478 = ORIENTED_EDGE ( 'NONE', *, *, #247, .F. ) ;
#7479 = DIRECTION ( 'NONE',  ( -8.673617379884013384E-15, -5.444140508773865327E-12, 1.000000000000000000 ) ) ;
#7480 = FILL_AREA_STYLE_COLOUR ( '', #931 ) ;
#7481 = ADVANCED_FACE ( 'NONE', ( #6715 ), #10132, .T. ) ;
#7482 = AXIS2_PLACEMENT_3D ( 'NONE', #8097, #4224, #7381 ) ;
#7483 = DIRECTION ( 'NONE',  ( -2.478176394252584099E-15, 0.000000000000000000, 1.000000000000000000 ) ) ;
#7484 = PRESENTATION_STYLE_ASSIGNMENT (( #5098 ) ) ;
#7485 = DIRECTION ( 'NONE',  ( 1.091359317269132201E-13, 2.182718634538561519E-14, 1.000000000000000000 ) ) ;
#7486 = ORIENTED_EDGE ( 'NONE', *, *, #4722, .T. ) ;
#7487 = EDGE_CURVE ( 'NONE', #9067, #5453, #9332, .T. ) ;
#7488 = FILL_AREA_STYLE_COLOUR ( '', #9537 ) ;
#7489 = UNCERTAINTY_MEASURE_WITH_UNIT (LENGTH_MEASURE( 1.000000000000000082E-05 ), #3878, 'distance_accuracy_value', 'NONE');
#7490 = SURFACE_STYLE_FILL_AREA ( #1220 ) ;
#7491 = SURFACE_STYLE_FILL_AREA ( #903 ) ;
#7492 = CARTESIAN_POINT ( 'NONE',  ( 6.953886316694596559, -3.000000000000000000, -2.268178905419202529 ) ) ;
#7493 = EDGE_CURVE ( 'NONE', #1611, #4090, #8174, .T. ) ;
#7494 = SURFACE_STYLE_FILL_AREA ( #7390 ) ;
#7495 = CARTESIAN_POINT ( 'NONE',  ( -3.950851657416640350, -4.713095711004409161, 3.500000000000000444 ) ) ;
#7496 = ORIENTED_EDGE ( 'NONE', *, *, #6237, .F. ) ;
#7497 = PRESENTATION_STYLE_ASSIGNMENT (( #9894 ) ) ;
#7498 = UNCERTAINTY_MEASURE_WITH_UNIT (LENGTH_MEASURE( 1.000000000000000082E-05 ), #1716, 'distance_accuracy_value', 'NONE');
#7499 = VERTEX_POINT ( 'NONE', #8552 ) ;
#7500 = CARTESIAN_POINT ( 'NONE',  ( 6.299999999999996270, -3.000000000000000000, 0.06415926535897724381 ) ) ;
#7501 = EDGE_CURVE ( 'NONE', #6987, #8156, #6029, .T. ) ;
#7502 = ADVANCED_FACE ( 'NONE', ( #4000 ), #3188, .F. ) ;
#7503 = COLOUR_RGB ( '',0.7529411764705882248, 0.7529411764705882248, 0.7529411764705882248 ) ;
#7504 = DIRECTION ( 'NONE',  ( 2.168404344971018482E-16, 4.701977403289191086E-32, -1.000000000000000000 ) ) ;
#7505 = VERTEX_POINT ( 'NONE', #7923 ) ;
#7506 = FILL_AREA_STYLE_COLOUR ( '', #9782 ) ;
#7507 = VERTEX_POINT ( 'NONE', #2401 ) ;
#7508 =( LENGTH_UNIT ( ) NAMED_UNIT ( * ) SI_UNIT ( .MILLI., .METRE. ) );
#7509 = SURFACE_SIDE_STYLE ('',( #3774 ) ) ;
#7510 = SURFACE_STYLE_USAGE ( .BOTH. , #1137 ) ;
#7511 = COLOUR_RGB ( '',0.7529411764705882248, 0.7529411764705882248, 0.7529411764705882248 ) ;
#7512 = COLOUR_RGB ( '',1.000000000000000000, 1.000000000000000000, 1.000000000000000000 ) ;
#7513 = PRESENTATION_LAYER_ASSIGNMENT (  '', '', ( #2511 ) ) ;
#7514 = ORIENTED_EDGE ( 'NONE', *, *, #206, .F. ) ;
#7515 = DIRECTION ( 'NONE',  ( 0.4819066211576367165, -0.2377525341402883519, 0.8433503074015572532 ) ) ;
#7516 = ORIENTED_EDGE ( 'NONE', *, *, #9786, .F. ) ;
#7517 = MECHANICAL_DESIGN_GEOMETRIC_PRESENTATION_REPRESENTATION (  '', ( #1672 ), #7670 ) ;
#7518 = DIRECTION ( 'NONE',  ( 0.000000000000000000, -0.2078790956190659789, 0.9781545284895425407 ) ) ;
#7519 = FACE_OUTER_BOUND ( 'NONE', #2542, .T. ) ;
#7520 = FILL_AREA_STYLE ('',( #4325 ) ) ;
#7521 = EDGE_CURVE ( 'NONE', #1917, #3554, #8028, .T. ) ;
#7522 = PRESENTATION_STYLE_ASSIGNMENT (( #4265 ) ) ;
#7523 = AXIS2_PLACEMENT_3D ( 'NONE', #9577, #9832, #5001 ) ;
#7524 = STYLED_ITEM ( 'NONE', ( #2184 ), #7473 ) ;
#7525 = VECTOR ( 'NONE', #10098, 1000.000000000000000 ) ;
#7526 = UNCERTAINTY_MEASURE_WITH_UNIT (LENGTH_MEASURE( 1.000000000000000082E-05 ), #2195, 'distance_accuracy_value', 'NONE');
#7527 =( GEOMETRIC_REPRESENTATION_CONTEXT ( 3 ) GLOBAL_UNCERTAINTY_ASSIGNED_CONTEXT ( ( #5131 ) ) GLOBAL_UNIT_ASSIGNED_CONTEXT ( ( #2159, #9518, #2207 ) ) REPRESENTATION_CONTEXT ( 'NONE', 'WORKASPACE' ) );
#7528 = ORIENTED_EDGE ( 'NONE', *, *, #2062, .T. ) ;
#7529 = ORIENTED_EDGE ( 'NONE', *, *, #1042, .F. ) ;
#7530 = AXIS2_PLACEMENT_3D ( 'NONE', #9440, #2300, #10289 ) ;
#7531 = FACE_OUTER_BOUND ( 'NONE', #3662, .T. ) ;
#7532 = MECHANICAL_DESIGN_GEOMETRIC_PRESENTATION_REPRESENTATION (  '', ( #5543 ), #844 ) ;
#7533 = CARTESIAN_POINT ( 'NONE',  ( -4.750000000000000000, -4.750000000000000000, 3.600000000000001421 ) ) ;
#7534 =( NAMED_UNIT ( * ) PLANE_ANGLE_UNIT ( ) SI_UNIT ( $, .RADIAN. ) );
#7535 = FACE_OUTER_BOUND ( 'NONE', #6667, .T. ) ;
#7536 = ORIENTED_EDGE ( 'NONE', *, *, #7367, .F. ) ;
#7537 = DIRECTION ( 'NONE',  ( 0.000000000000000000, 0.000000000000000000, -1.000000000000000000 ) ) ;
#7538 = DIRECTION ( 'NONE',  ( -1.000000000000000000, 0.000000000000000000, -0.000000000000000000 ) ) ;
#7539 = DIRECTION ( 'NONE',  ( -1.000000000000000000, 0.000000000000000000, -0.000000000000000000 ) ) ;
#7540 = AXIS2_PLACEMENT_3D ( 'NONE', #2161, #5357, #8435 ) ;
#7541 = DIRECTION ( 'NONE',  ( -1.000000000000000000, 0.000000000000000000, 0.000000000000000000 ) ) ;
#7542 =( NAMED_UNIT ( * ) PLANE_ANGLE_UNIT ( ) SI_UNIT ( $, .RADIAN. ) );
#7543 = CARTESIAN_POINT ( 'NONE',  ( 5.435424868893546702, -1.599999999999999867, 3.600000000000000089 ) ) ;
#7544 = CARTESIAN_POINT ( 'NONE',  ( -1.891518204694833560, -5.472118767125913052, 3.600000000000004086 ) ) ;
#7545 = CARTESIAN_POINT ( 'NONE',  ( 6.650000000000000355, -2.000000000000000000, -2.094532406675943648 ) ) ;
#7546 = DIRECTION ( 'NONE',  ( 8.182190046914136800E-17, 1.000000000000000000, -4.383240030748453429E-17 ) ) ;
#7547 = DIRECTION ( 'NONE',  ( -1.000000000000000000, 0.000000000000000000, 0.000000000000000000 ) ) ;
#7548 = ORIENTED_EDGE ( 'NONE', *, *, #2903, .F. ) ;
#7549 = DIRECTION ( 'NONE',  ( 0.000000000000000000, 1.000000000000000000, 0.000000000000000000 ) ) ;
#7550 = CIRCLE ( 'NONE', #3227, 0.8000000000000003775 ) ;
#7551 = STYLED_ITEM ( 'NONE', ( #6430 ), #3449 ) ;
#7552 = SURFACE_SIDE_STYLE ('',( #2066 ) ) ;
#7553 = VERTEX_POINT ( 'NONE', #4720 ) ;
#7554 = ORIENTED_EDGE ( 'NONE', *, *, #7207, .T. ) ;
#7555 = CIRCLE ( 'NONE', #6566, 0.8000000000000003775 ) ;
#7556 = CARTESIAN_POINT ( 'NONE',  ( -6.650000000000001243, -6.704630743366730705, -2.094532406675943648 ) ) ;
#7557 = EDGE_CURVE ( 'NONE', #9140, #3585, #5550, .T. ) ;
#7558 = CARTESIAN_POINT ( 'NONE',  ( 1.600000000000001865, -1.600000000000000089, 7.000000000000000888 ) ) ;
#7559 = UNCERTAINTY_MEASURE_WITH_UNIT (LENGTH_MEASURE( 1.000000000000000082E-05 ), #1043, 'distance_accuracy_value', 'NONE');
#7560 = PRESENTATION_LAYER_ASSIGNMENT (  '', '', ( #6559 ) ) ;
#7561 =( LENGTH_UNIT ( ) NAMED_UNIT ( * ) SI_UNIT ( .MILLI., .METRE. ) );
#7562 =( GEOMETRIC_REPRESENTATION_CONTEXT ( 3 ) GLOBAL_UNCERTAINTY_ASSIGNED_CONTEXT ( ( #4247 ) ) GLOBAL_UNIT_ASSIGNED_CONTEXT ( ( #824, #5822, #5710 ) ) REPRESENTATION_CONTEXT ( 'NONE', 'WORKASPACE' ) );
#7563 = ORIENTED_EDGE ( 'NONE', *, *, #8458, .T. ) ;
#7564 = DIRECTION ( 'NONE',  ( -0.000000000000000000, -0.000000000000000000, -1.000000000000000000 ) ) ;
#7565 = SURFACE_STYLE_FILL_AREA ( #2932 ) ;
#7566 = ORIENTED_EDGE ( 'NONE', *, *, #7809, .F. ) ;
#7567 = CARTESIAN_POINT ( 'NONE',  ( 6.694074169054410106, 2.000000000000000000, -2.070921654418466318 ) ) ;
#7568 = AXIS2_PLACEMENT_3D ( 'NONE', #7067, #668, #2199 ) ;
#7569 = COLOUR_RGB ( '',0.2980392156862745057, 0.2980392156862745057, 0.2980392156862745057 ) ;
#7570 = ADVANCED_FACE ( 'NONE', ( #710 ), #8815, .T. ) ;
#7571 = COLOUR_RGB ( '',0.7529411764705882248, 0.7529411764705882248, 0.7529411764705882248 ) ;
#7572 = DIRECTION ( 'NONE',  ( 0.000000000000000000, -0.000000000000000000, -1.000000000000000000 ) ) ;
#7573 = CARTESIAN_POINT ( 'NONE',  ( 4.112692235538852437, 4.255878169405403533, 3.598714543258405119 ) ) ;
#7574 = UNCERTAINTY_MEASURE_WITH_UNIT (LENGTH_MEASURE( 1.000000000000000082E-05 ), #2958, 'distance_accuracy_value', 'NONE');
#7575 = VECTOR ( 'NONE', #6021, 1000.000000000000114 ) ;
#7576 = STYLED_ITEM ( 'NONE', ( #7268 ), #6472 ) ;
#7577 = SURFACE_STYLE_USAGE ( .BOTH. , #5039 ) ;
#7578 = ORIENTED_EDGE ( 'NONE', *, *, #8851, .F. ) ;
#7579 = DIRECTION ( 'NONE',  ( -0.000000000000000000, 2.861215661182131111E-16, -1.000000000000000000 ) ) ;
#7580 = ORIENTED_EDGE ( 'NONE', *, *, #520, .F. ) ;
#7581 = COLOUR_RGB ( '',0.2980392156862745057, 0.2980392156862745057, 0.2980392156862745057 ) ;
#7582 = CARTESIAN_POINT ( 'NONE',  ( 5.271558449006381153, 1.324581074942572823, 3.600000000000001421 ) ) ;
#7583 = LINE ( 'NONE', #2795, #2753 ) ;
#7584 = APPLICATION_PROTOCOL_DEFINITION ( 'draft international standard', 'automotive_design', 1998, #6827 ) ;
#7585 =( NAMED_UNIT ( * ) SI_UNIT ( $, .STERADIAN. ) SOLID_ANGLE_UNIT ( ) );
#7586 = CIRCLE ( 'NONE', #8421, 0.8000000000000003775 ) ;
#7587 = CIRCLE ( 'NONE', #9094, 0.3000000000000025424 ) ;
#7588 = VECTOR ( 'NONE', #361, 1000.000000000000000 ) ;
#7589 = SURFACE_STYLE_USAGE ( .BOTH. , #5258 ) ;
#7590 = SURFACE_STYLE_FILL_AREA ( #5204 ) ;
#7591 = ORIENTED_EDGE ( 'NONE', *, *, #5778, .T. ) ;
#7592 = DIRECTION ( 'NONE',  ( -1.000000000000000000, 0.000000000000000000, 0.000000000000000000 ) ) ;
#7593 = CARTESIAN_POINT ( 'NONE',  ( -6.000000000000000000, -4.999999999999996447, 0.4000000000000001887 ) ) ;
#7594 = DIRECTION ( 'NONE',  ( 0.000000000000000000, 0.000000000000000000, 1.000000000000000000 ) ) ;
#7595 = CARTESIAN_POINT ( 'NONE',  ( -1.871821283588063212, -5.472118767125913941, 3.600000000000005418 ) ) ;
#7596 = LINE ( 'NONE', #1279, #6507 ) ;
#7597 = LINE ( 'NONE', #2006, #4213 ) ;
#7598 = CIRCLE ( 'NONE', #2598, 5.700000000000130740 ) ;
#7599 = MECHANICAL_DESIGN_GEOMETRIC_PRESENTATION_REPRESENTATION (  '', ( #4134 ), #5944 ) ;
#7600 = ORIENTED_EDGE ( 'NONE', *, *, #3255, .F. ) ;
#7601 =( LENGTH_UNIT ( ) NAMED_UNIT ( * ) SI_UNIT ( .MILLI., .METRE. ) );
#7602 = EDGE_CURVE ( 'NONE', #514, #10163, #2185, .T. ) ;
#7603 = CARTESIAN_POINT ( 'NONE',  ( 6.473259784098480019, -2.499999999999999556, -3.109289021392667163 ) ) ;
#7604 = LINE ( 'NONE', #442, #3566 ) ;
#7605 = ORIENTED_EDGE ( 'NONE', *, *, #9413, .T. ) ;
#7606 = EDGE_CURVE ( 'NONE', #2153, #10003, #7306, .T. ) ;
#7607 = EDGE_LOOP ( 'NONE', ( #7325, #4877, #731, #8299 ) ) ;
#7608 = STYLED_ITEM ( 'NONE', ( #1589 ), #9166 ) ;
#7609 = PRESENTATION_STYLE_ASSIGNMENT (( #1188 ) ) ;
#7610 = EDGE_CURVE ( 'NONE', #10006, #8148, #4883, .T. ) ;
#7611 = DIRECTION ( 'NONE',  ( -0.4819066211576368275, 0.2377525341402933479, 0.8433503074015556988 ) ) ;
#7612 = PRESENTATION_LAYER_ASSIGNMENT (  '', '', ( #752 ) ) ;
#7613 =( NAMED_UNIT ( * ) SI_UNIT ( $, .STERADIAN. ) SOLID_ANGLE_UNIT ( ) );
#7614 = MECHANICAL_DESIGN_GEOMETRIC_PRESENTATION_REPRESENTATION (  '', ( #9949 ), #2947 ) ;
#7615 = SURFACE_STYLE_FILL_AREA ( #4463 ) ;
#7616 = VECTOR ( 'NONE', #3954, 1000.000000000000000 ) ;
#7617 = ORIENTED_EDGE ( 'NONE', *, *, #4443, .F. ) ;
#7618 = FILL_AREA_STYLE_COLOUR ( '', #7409 ) ;
#7619 =( LENGTH_UNIT ( ) NAMED_UNIT ( * ) SI_UNIT ( .MILLI., .METRE. ) );
#7620 = VERTEX_POINT ( 'NONE', #4980 ) ;
#7621 =( NAMED_UNIT ( * ) PLANE_ANGLE_UNIT ( ) SI_UNIT ( $, .RADIAN. ) );
#7622 = VECTOR ( 'NONE', #2435, 1000.000000000000000 ) ;
#7623 = DIRECTION ( 'NONE',  ( -1.000000000000000000, -0.000000000000000000, 0.000000000000000000 ) ) ;
#7624 = ADVANCED_FACE ( 'NONE', ( #3416 ), #1027, .F. ) ;
#7625 = SURFACE_SIDE_STYLE ('',( #2382 ) ) ;
#7626 = UNCERTAINTY_MEASURE_WITH_UNIT (LENGTH_MEASURE( 1.000000000000000082E-05 ), #9582, 'distance_accuracy_value', 'NONE');
#7627 = PRESENTATION_LAYER_ASSIGNMENT (  '', '', ( #4341 ) ) ;
#7628 = EDGE_CURVE ( 'NONE', #839, #5469, #2773, .T. ) ;
#7629 =( NAMED_UNIT ( * ) SI_UNIT ( $, .STERADIAN. ) SOLID_ANGLE_UNIT ( ) );
#7630 = ORIENTED_EDGE ( 'NONE', *, *, #7220, .T. ) ;
#7631 = EDGE_CURVE ( 'NONE', #4577, #9629, #9811, .T. ) ;
#7632 = DIRECTION ( 'NONE',  ( 0.8682466191274136325, 1.445602896647342664E-15, -0.4961328535521671301 ) ) ;
#7633 =( LENGTH_UNIT ( ) NAMED_UNIT ( * ) SI_UNIT ( .MILLI., .METRE. ) );
#7634 = VECTOR ( 'NONE', #10308, 1000.000000000000000 ) ;
#7635 = CARTESIAN_POINT ( 'NONE',  ( 5.000000000000000000, 3.499999999999999556, 0.000000000000000000 ) ) ;
#7636 = SURFACE_SIDE_STYLE ('',( #559 ) ) ;
#7637 = ADVANCED_FACE ( 'NONE', ( #5174 ), #8131, .T. ) ;
#7638 = MECHANICAL_DESIGN_GEOMETRIC_PRESENTATION_REPRESENTATION (  '', ( #2302 ), #9142 ) ;
#7639 = ORIENTED_EDGE ( 'NONE', *, *, #6072, .F. ) ;
#7640 = MECHANICAL_DESIGN_GEOMETRIC_PRESENTATION_REPRESENTATION (  '', ( #460 ), #9981 ) ;
#7641 = ORIENTED_EDGE ( 'NONE', *, *, #8145, .F. ) ;
#7642 = EDGE_CURVE ( 'NONE', #3565, #5188, #1522, .T. ) ;
#7643 = PRESENTATION_STYLE_ASSIGNMENT (( #2052 ) ) ;
#7644 = PRESENTATION_STYLE_ASSIGNMENT (( #5994 ) ) ;
#7645 = CARTESIAN_POINT ( 'NONE',  ( -1.599999999999999423, 1.599999999998328981, 7.299999999999998934 ) ) ;
#7646 = DIRECTION ( 'NONE',  ( -1.000000000000000000, 8.881784197001249365E-16, 0.000000000000000000 ) ) ;
#7647 = ADVANCED_FACE ( 'NONE', ( #1191 ), #9858, .T. ) ;
#7648 = VERTEX_POINT ( 'NONE', #5279 ) ;
#7649 = CARTESIAN_POINT ( 'NONE',  ( -4.399999999999998579, -3.500000000000000888, 0.000000000000000000 ) ) ;
#7650 = B_SPLINE_CURVE_WITH_KNOTS ( 'NONE', 3,
 ( #5639, #706, #8812, #1608, #6202, #2238, #22, #4818, #9594, #9386 ),
 .UNSPECIFIED., .F., .F.,
 ( 4, 2, 2, 2, 4 ),
 ( 0.000000000000000000, 0.0003028344262384914773, 0.0006056688524769829546, 0.0009085032787154744861, 0.001211337704953965909 ),
 .UNSPECIFIED. ) ;
#7651 = CARTESIAN_POINT ( 'NONE',  ( -6.300000004164958867, -1.999999999999999112, 0.8000000000000001554 ) ) ;
#7652 = PRESENTATION_STYLE_ASSIGNMENT (( #394 ) ) ;
#7653 = DIRECTION ( 'NONE',  ( -1.000000000000000000, 0.000000000000000000, 0.000000000000000000 ) ) ;
#7654 = ORIENTED_EDGE ( 'NONE', *, *, #2215, .F. ) ;
#7655 = ORIENTED_EDGE ( 'NONE', *, *, #4890, .T. ) ;
#7656 = CARTESIAN_POINT ( 'NONE',  ( 5.254554965980006820, 1.478202008203465478, 3.599999946764712355 ) ) ;
#7657 = DIRECTION ( 'NONE',  ( 0.04993761694247732252, 4.331397822371141379E-16, 0.9987523388779153688 ) ) ;
#7658 = ADVANCED_FACE ( 'NONE', ( #2076 ), #3777, .T. ) ;
#7659 = EDGE_CURVE ( 'NONE', #8196, #9795, #9279, .T. ) ;
#7660 = VECTOR ( 'NONE', #5813, 1000.000000000000000 ) ;
#7661 = VERTEX_POINT ( 'NONE', #1242 ) ;
#7662 = FACE_OUTER_BOUND ( 'NONE', #8242, .T. ) ;
#7663 = CARTESIAN_POINT ( 'NONE',  ( 0.000000000000000000, -1.500000000000000000, 5.500000000000000000 ) ) ;
#7664 = ORIENTED_EDGE ( 'NONE', *, *, #7772, .F. ) ;
#7665 = CARTESIAN_POINT ( 'NONE',  ( -6.547679712131304619, -2.999999999999999112, -2.979052028523558882 ) ) ;
#7666 = FACE_OUTER_BOUND ( 'NONE', #2578, .T. ) ;
#7667 = PRESENTATION_STYLE_ASSIGNMENT (( #10076 ) ) ;
#7668 = VECTOR ( 'NONE', #1392, 1000.000000000000000 ) ;
#7669 = EDGE_CURVE ( 'NONE', #4540, #4399, #8498, .T. ) ;
#7670 =( GEOMETRIC_REPRESENTATION_CONTEXT ( 3 ) GLOBAL_UNCERTAINTY_ASSIGNED_CONTEXT ( ( #414 ) ) GLOBAL_UNIT_ASSIGNED_CONTEXT ( ( #1357, #2241, #6204 ) ) REPRESENTATION_CONTEXT ( 'NONE', 'WORKASPACE' ) );
#7671 = EDGE_CURVE ( 'NONE', #4576, #5081, #141, .T. ) ;
#7672 = EDGE_LOOP ( 'NONE', ( #8413, #4944, #3233, #567 ) ) ;
#7673 = DIRECTION ( 'NONE',  ( 0.7155891509246349313, -0.6985214149036235165, 6.485396632713421986E-14 ) ) ;
#7674 = FILL_AREA_STYLE ('',( #2735 ) ) ;
#7675 = VECTOR ( 'NONE', #8419, 1000.000000000000000 ) ;
#7676 = DIRECTION ( 'NONE',  ( 0.9230769230769206857, 0.3846153846153909095, -2.601674134638566707E-14 ) ) ;
#7677 = FILL_AREA_STYLE_COLOUR ( '', #7364 ) ;
#7678 = COLOUR_RGB ( '',0.2980392156862745057, 0.2980392156862745057, 0.2980392156862745057 ) ;
#7679 = EDGE_CURVE ( 'NONE', #1235, #8179, #1016, .T. ) ;
#7680 = DIRECTION ( 'NONE',  ( 1.019578823124782827E-47, -1.000000000000000000, -4.701977403289191086E-32 ) ) ;
#7681 = PRESENTATION_LAYER_ASSIGNMENT (  '', '', ( #6359 ) ) ;
#7682 = SURFACE_STYLE_USAGE ( .BOTH. , #6962 ) ;
#7683 = VERTEX_POINT ( 'NONE', #5370 ) ;
#7684 = ORIENTED_EDGE ( 'NONE', *, *, #7780, .F. ) ;
#7685 =( NAMED_UNIT ( * ) SI_UNIT ( $, .STERADIAN. ) SOLID_ANGLE_UNIT ( ) );
#7686 = DIRECTION ( 'NONE',  ( -0.4961328535521697392, 0.000000000000000000, 0.8682466191274120781 ) ) ;
#7687 = CARTESIAN_POINT ( 'NONE',  ( -1.891518204694832672, -5.434169105321951854, 3.600000000000003197 ) ) ;
#7688 =( LENGTH_UNIT ( ) NAMED_UNIT ( * ) SI_UNIT ( .MILLI., .METRE. ) );
#7689 = DIRECTION ( 'NONE',  ( 0.000000000000000000, 1.000000000000000000, 0.000000000000000000 ) ) ;
#7690 = AXIS2_PLACEMENT_3D ( 'NONE', #4834, #6280, #6382 ) ;
#7691 = AXIS2_PLACEMENT_3D ( 'NONE', #486, #4653, #5329 ) ;
#7692 = SURFACE_STYLE_FILL_AREA ( #522 ) ;
#7693 = ORIENTED_EDGE ( 'NONE', *, *, #1732, .F. ) ;
#7694 = FACE_OUTER_BOUND ( 'NONE', #6920, .T. ) ;
#7695 = AXIS2_PLACEMENT_3D ( 'NONE', #8070, #6634, #3346 ) ;
#7696 = DIRECTION ( 'NONE',  ( 0.000000000000000000, 0.000000000000000000, 1.000000000000000000 ) ) ;
#7697 =( NAMED_UNIT ( * ) PLANE_ANGLE_UNIT ( ) SI_UNIT ( $, .RADIAN. ) );
#7698 = EDGE_CURVE ( 'NONE', #7661, #2652, #5231, .T. ) ;
#7699 = ORIENTED_EDGE ( 'NONE', *, *, #989, .F. ) ;
#7700 = PRESENTATION_LAYER_ASSIGNMENT (  '', '', ( #3735 ) ) ;
#7701 = SURFACE_SIDE_STYLE ('',( #9143 ) ) ;
#7702 = CARTESIAN_POINT ( 'NONE',  ( -6.420179204657451955, 2.062903407891060414, -3.202181546672992596 ) ) ;
#7703 = DIRECTION ( 'NONE',  ( -0.9698521414903616966, 0.2436941190233351817, -6.378297878462753769E-15 ) ) ;
#7704 = CIRCLE ( 'NONE', #7380, 0.03542486889355957874 ) ;
#7705 =( NAMED_UNIT ( * ) PLANE_ANGLE_UNIT ( ) SI_UNIT ( $, .RADIAN. ) );
#7706 = CIRCLE ( 'NONE', #9710, 0.8000000000000003775 ) ;
#7707 = TOROIDAL_SURFACE ( 'NONE', #7869, 0.5645751311065700939, 0.3999999999999963030 ) ;
#7708 = ORIENTED_EDGE ( 'NONE', *, *, #3354, .T. ) ;
#7709 = VERTEX_POINT ( 'NONE', #588 ) ;
#7710 = SURFACE_SIDE_STYLE ('',( #3732 ) ) ;
#7711 = MECHANICAL_DESIGN_GEOMETRIC_PRESENTATION_REPRESENTATION (  '', ( #5077 ), #6900 ) ;
#7712 = CARTESIAN_POINT ( 'NONE',  ( 4.399999999999999467, -5.000000000000000000, 0.4000000000000000222 ) ) ;
#7713 = UNCERTAINTY_MEASURE_WITH_UNIT (LENGTH_MEASURE( 1.000000000000000082E-05 ), #9580, 'distance_accuracy_value', 'NONE');
#7714 = DIRECTION ( 'NONE',  ( 0.000000000000000000, 0.000000000000000000, 1.000000000000000000 ) ) ;
#7715 = FACE_OUTER_BOUND ( 'NONE', #6571, .T. ) ;
#7716 = ORIENTED_EDGE ( 'NONE', *, *, #3828, .F. ) ;
#7717 = MECHANICAL_DESIGN_GEOMETRIC_PRESENTATION_REPRESENTATION (  '', ( #8721 ), #2904 ) ;
#7718 = VECTOR ( 'NONE', #8829, 1000.000000000000000 ) ;
#7719 = SURFACE_STYLE_USAGE ( .BOTH. , #5291 ) ;
#7720 = ORIENTED_EDGE ( 'NONE', *, *, #6076, .F. ) ;
#7721 = DIRECTION ( 'NONE',  ( 0.000000000000000000, -1.000000000000000000, 0.000000000000000000 ) ) ;
#7722 = CIRCLE ( 'NONE', #7891, 0.4500000000000001221 ) ;
#7723 =( GEOMETRIC_REPRESENTATION_CONTEXT ( 3 ) GLOBAL_UNCERTAINTY_ASSIGNED_CONTEXT ( ( #3624 ) ) GLOBAL_UNIT_ASSIGNED_CONTEXT ( ( #3824, #7905, #7 ) ) REPRESENTATION_CONTEXT ( 'NONE', 'WORKASPACE' ) );
#7724 = MECHANICAL_DESIGN_GEOMETRIC_PRESENTATION_REPRESENTATION (  '', ( #1057 ), #6231 ) ;
#7725 = FACE_OUTER_BOUND ( 'NONE', #2681, .T. ) ;
#7726 = CARTESIAN_POINT ( 'NONE',  ( 6.420179204657453731, -2.937096592108939141, -3.202181546672993484 ) ) ;
#7727 = AXIS2_PLACEMENT_3D ( 'NONE', #256, #9657, #7273 ) ;
#7728 = FACE_OUTER_BOUND ( 'NONE', #121, .T. ) ;
#7729 =( GEOMETRIC_REPRESENTATION_CONTEXT ( 3 ) GLOBAL_UNCERTAINTY_ASSIGNED_CONTEXT ( ( #3271 ) ) GLOBAL_UNIT_ASSIGNED_CONTEXT ( ( #9677, #8154, #4958 ) ) REPRESENTATION_CONTEXT ( 'NONE', 'WORKASPACE' ) );
#7730 = CARTESIAN_POINT ( 'NONE',  ( -6.000000000000000000, 0.000000000000000000, 0.4000000000000001887 ) ) ;
#7731 = SURFACE_SIDE_STYLE ('',( #4572 ) ) ;
#7732 = MECHANICAL_DESIGN_GEOMETRIC_PRESENTATION_REPRESENTATION (  '', ( #8411 ), #1073 ) ;
#7733 =( LENGTH_UNIT ( ) NAMED_UNIT ( * ) SI_UNIT ( .MILLI., .METRE. ) );
#7734 = PRESENTATION_LAYER_ASSIGNMENT (  '', '', ( #546 ) ) ;
#7735 = AXIS2_PLACEMENT_3D ( 'NONE', #2703, #2061, #4402 ) ;
#7736 = DIRECTION ( 'NONE',  ( -1.000000000000000000, -0.000000000000000000, -0.000000000000000000 ) ) ;
#7737 = ORIENTED_EDGE ( 'NONE', *, *, #3038, .F. ) ;
#7738 = ORIENTED_EDGE ( 'NONE', *, *, #3483, .F. ) ;
#7739 =( LENGTH_UNIT ( ) NAMED_UNIT ( * ) SI_UNIT ( .MILLI., .METRE. ) );
#7740 = DIRECTION ( 'NONE',  ( 0.000000000000000000, 1.000000000000000000, 0.000000000000000000 ) ) ;
#7741 =( LENGTH_UNIT ( ) NAMED_UNIT ( * ) SI_UNIT ( .MILLI., .METRE. ) );
#7742 = AXIS2_PLACEMENT_3D ( 'NONE', #8447, #3672, #10011 ) ;
#7743 = AXIS2_PLACEMENT_3D ( 'NONE', #969, #5743, #1923 ) ;
#7744 = DIRECTION ( 'NONE',  ( -1.000000000000000000, 0.000000000000000000, 0.000000000000000000 ) ) ;
#7745 = CARTESIAN_POINT ( 'NONE',  ( -6.473259784098478242, 2.499999999999999556, -3.109289021392666719 ) ) ;
#7746 = SURFACE_SIDE_STYLE ('',( #10256 ) ) ;
#7747 = SURFACE_SIDE_STYLE ('',( #10258 ) ) ;
#7748 = VERTEX_POINT ( 'NONE', #3017 ) ;
#7749 = DIRECTION ( 'NONE',  ( -1.000000000000000000, 0.000000000000000000, 0.000000000000000000 ) ) ;
#7750 = ADVANCED_FACE ( 'NONE', ( #6192 ), #9377, .T. ) ;
#7751 =( NAMED_UNIT ( * ) PLANE_ANGLE_UNIT ( ) SI_UNIT ( $, .RADIAN. ) );
#7752 = FILL_AREA_STYLE ('',( #2965 ) ) ;
#7753 = ORIENTED_EDGE ( 'NONE', *, *, #8433, .T. ) ;
#7754 = DIRECTION ( 'NONE',  ( 0.000000000000000000, 0.000000000000000000, -1.000000000000000000 ) ) ;
#7755 = DIRECTION ( 'NONE',  ( -0.000000000000000000, -0.000000000000000000, -1.000000000000000000 ) ) ;
#7756 = PLANE ( 'NONE',  #1744 ) ;
#7757 = SURFACE_STYLE_FILL_AREA ( #7811 ) ;
#7758 = AXIS2_PLACEMENT_3D ( 'NONE', #478, #2871, #3615 ) ;
#7759 = ORIENTED_EDGE ( 'NONE', *, *, #3524, .F. ) ;
#7760 = CIRCLE ( 'NONE', #80, 4.924999999999997158 ) ;
#7761 = ORIENTED_EDGE ( 'NONE', *, *, #2803, .T. ) ;
#7762 =( LENGTH_UNIT ( ) NAMED_UNIT ( * ) SI_UNIT ( .MILLI., .METRE. ) );
#7763 = ORIENTED_EDGE ( 'NONE', *, *, #9654, .F. ) ;
#7764 = EDGE_CURVE ( 'NONE', #6705, #7087, #9535, .T. ) ;
#7765 = SURFACE_STYLE_FILL_AREA ( #1889 ) ;
#7766 = EDGE_CURVE ( 'NONE', #5426, #778, #858, .T. ) ;
#7767 = FILL_AREA_STYLE_COLOUR ( '', #49 ) ;
#7768 = ORIENTED_EDGE ( 'NONE', *, *, #5232, .F. ) ;
#7769 = STYLED_ITEM ( 'NONE', ( #3049 ), #9364 ) ;
#7770 = DIRECTION ( 'NONE',  ( -0.000000000000000000, -0.000000000000000000, 1.000000000000000000 ) ) ;
#7771 = TOROIDAL_SURFACE ( 'NONE', #10290, 0.8000000000000003775, 0.1999999999999998723 ) ;
#7772 = EDGE_CURVE ( 'NONE', #1966, #9324, #1859, .T. ) ;
#7773 = MECHANICAL_DESIGN_GEOMETRIC_PRESENTATION_REPRESENTATION (  '', ( #6451 ), #8448 ) ;
#7774 = FILL_AREA_STYLE_COLOUR ( '', #564 ) ;
#7775 = ORIENTED_EDGE ( 'NONE', *, *, #4580, .F. ) ;
#7776 = LINE ( 'NONE', #504, #6555 ) ;
#7777 = AXIS2_PLACEMENT_3D ( 'NONE', #1263, #6910, #6068 ) ;
#7778 =( NAMED_UNIT ( * ) PLANE_ANGLE_UNIT ( ) SI_UNIT ( $, .RADIAN. ) );
#7779 = STYLED_ITEM ( 'NONE', ( #8125 ), #716 ) ;
#7780 = EDGE_CURVE ( 'NONE', #6703, #3837, #7090, .T. ) ;
#7781 = CARTESIAN_POINT ( 'NONE',  ( 8.699114223423614415E-16, 7.170389862460834013E-16, 3.600000000000002309 ) ) ;
#7782 = CARTESIAN_POINT ( 'NONE',  ( -4.399999999999998579, -3.500000000000000000, 0.4000000000000000222 ) ) ;
#7783 = EDGE_LOOP ( 'NONE', ( #7123, #2320, #8124, #1098 ) ) ;
#7784 = UNCERTAINTY_MEASURE_WITH_UNIT (LENGTH_MEASURE( 1.000000000000000082E-05 ), #7762, 'distance_accuracy_value', 'NONE');
#7785 = CIRCLE ( 'NONE', #9805, 0.2999999999999973244 ) ;
#7786 = DIRECTION ( 'NONE',  ( 0.000000000000000000, 0.000000000000000000, -1.000000000000000000 ) ) ;
#7787 = DIRECTION ( 'NONE',  ( -0.000000000000000000, 1.000000000000000000, -0.000000000000000000 ) ) ;
#7788 = FILL_AREA_STYLE_COLOUR ( '', #4002 ) ;
#7789 = AXIS2_PLACEMENT_3D ( 'NONE', #4853, #8005, #851 ) ;
#7790 = PLANE ( 'NONE',  #9301 ) ;
#7791 = CARTESIAN_POINT ( 'NONE',  ( 5.950000000000000178, -2.000000000000000000, 0.8000000000000000444 ) ) ;
#7792 = TOROIDAL_SURFACE ( 'NONE', #5644, 0.03542486889343568479, 0.4000000000000125677 ) ;
#7793 = ORIENTED_EDGE ( 'NONE', *, *, #1671, .T. ) ;
#7794 = EDGE_CURVE ( 'NONE', #3061, #5861, #8695, .T. ) ;
#7795 = ORIENTED_EDGE ( 'NONE', *, *, #8367, .T. ) ;
#7796 =( GEOMETRIC_REPRESENTATION_CONTEXT ( 3 ) GLOBAL_UNCERTAINTY_ASSIGNED_CONTEXT ( ( #1965 ) ) GLOBAL_UNIT_ASSIGNED_CONTEXT ( ( #1635, #3909, #1423 ) ) REPRESENTATION_CONTEXT ( 'NONE', 'WORKASPACE' ) );
#7797 = EDGE_CURVE ( 'NONE', #9952, #5235, #6356, .T. ) ;
#7798 = FACE_OUTER_BOUND ( 'NONE', #7300, .T. ) ;
#7800 = VECTOR ( 'NONE', #8014, 1000.000000000000000 ) ;
#7799 =( LENGTH_UNIT ( ) NAMED_UNIT ( * ) SI_UNIT ( .MILLI., .METRE. ) );
#7801 = UNCERTAINTY_MEASURE_WITH_UNIT (LENGTH_MEASURE( 1.000000000000000082E-05 ), #1334, 'distance_accuracy_value', 'NONE');
#7802 = SURFACE_SIDE_STYLE ('',( #4646 ) ) ;
#7803 = ORIENTED_EDGE ( 'NONE', *, *, #6357, .T. ) ;
#7804 = FILL_AREA_STYLE ('',( #3521 ) ) ;
#7805 = SURFACE_STYLE_FILL_AREA ( #6247 ) ;
#7806 = FACE_BOUND ( 'NONE', #8626, .T. ) ;
#7807 = DIRECTION ( 'NONE',  ( 0.8814833810881022025, 0.000000000000000000, -0.4722150451494400158 ) ) ;
#7808 = PRESENTATION_STYLE_ASSIGNMENT (( #7036 ) ) ;
#7809 = EDGE_CURVE ( 'NONE', #7620, #1917, #7967, .T. ) ;
#7810 = EDGE_CURVE ( 'NONE', #797, #7648, #3231, .T. ) ;
#7811 = FILL_AREA_STYLE ('',( #5281 ) ) ;
#7812 = ORIENTED_EDGE ( 'NONE', *, *, #8265, .T. ) ;
#7813 = DIRECTION ( 'NONE',  ( 0.000000000000000000, -0.000000000000000000, -1.000000000000000000 ) ) ;
#7814 = EDGE_LOOP ( 'NONE', ( #1408, #7591, #594, #1425 ) ) ;
#7815 = FILL_AREA_STYLE ('',( #4658 ) ) ;
#7816 = EDGE_LOOP ( 'NONE', ( #3252, #9636, #2200, #7293 ) ) ;
#7817 = LINE ( 'NONE', #3239, #6894 ) ;
#7818 = CARTESIAN_POINT ( 'NONE',  ( -1.599999999999998979, -5.499999999999999112, 0.000000000000000000 ) ) ;
#7819 = DIRECTION ( 'NONE',  ( 7.403395523308712764E-16, -5.481026527454756721E-30, -1.000000000000000000 ) ) ;
#7820 = CARTESIAN_POINT ( 'NONE',  ( -1.600000000000000089, -1.599999999999999867, 6.999999999999999112 ) ) ;
#7821 = ORIENTED_EDGE ( 'NONE', *, *, #8404, .T. ) ;
#7822 = ADVANCED_FACE ( 'NONE', ( #6410, #3877 ), #9585, .T. ) ;
#7823 = ORIENTED_EDGE ( 'NONE', *, *, #3997, .T. ) ;
#7824 = FACE_OUTER_BOUND ( 'NONE', #8022, .T. ) ;
#7825 = CIRCLE ( 'NONE', #9319, 0.4000000000000001887 ) ;
#7826 = EDGE_CURVE ( 'NONE', #8927, #2421, #6629, .T. ) ;
#7827 = CARTESIAN_POINT ( 'NONE',  ( -4.999999999999997335, 5.799999999999999822, -8.402566836762659364E-16 ) ) ;
#7828 = CARTESIAN_POINT ( 'NONE',  ( 6.694074169054409218, 3.000000000000000000, -2.070921654418466318 ) ) ;
#7829 = CIRCLE ( 'NONE', #8664, 0.8000000000000003775 ) ;
#7830 = SURFACE_STYLE_FILL_AREA ( #2312 ) ;
#7831 = AXIS2_PLACEMENT_3D ( 'NONE', #6128, #3706, #8627 ) ;
#7832 = CARTESIAN_POINT ( 'NONE',  ( 5.999999999999997335, 0.000000000000000000, -0.6874509908007687686 ) ) ;
#7833 = AXIS2_PLACEMENT_3D ( 'NONE', #5895, #958, #2650 ) ;
#7834 = EDGE_LOOP ( 'NONE', ( #6835, #2246, #3905, #6786 ) ) ;
#7835 = VECTOR ( 'NONE', #4795, 1000.000000000000000 ) ;
#7836 = FILL_AREA_STYLE_COLOUR ( '', #2070 ) ;
#7837 = CARTESIAN_POINT ( 'NONE',  ( 1.600000000000000089, -1.899999999999999689, 5.500000000000000000 ) ) ;
#7838 =( LENGTH_UNIT ( ) NAMED_UNIT ( * ) SI_UNIT ( .MILLI., .METRE. ) );
#7839 = AXIS2_PLACEMENT_3D ( 'NONE', #3707, #434, #472 ) ;
#7840 = FILL_AREA_STYLE ('',( #10253 ) ) ;
#7841 = VERTEX_POINT ( 'NONE', #9796 ) ;
#7842 = DIRECTION ( 'NONE',  ( -0.4961328535521692396, 0.000000000000000000, 0.8682466191274121892 ) ) ;
#7843 = EDGE_LOOP ( 'NONE', ( #675, #1199, #6197, #10336 ) ) ;
#7844 = AXIS2_PLACEMENT_3D ( 'NONE', #7845, #7953, #7180 ) ;
#7845 = CARTESIAN_POINT ( 'NONE',  ( -6.010290252023381090E-14, 3.332484621800302315E-13, 3.600000000000163514 ) ) ;
#7846 = MECHANICAL_DESIGN_GEOMETRIC_PRESENTATION_REPRESENTATION (  '', ( #1515 ), #4545 ) ;
#7847 = VECTOR ( 'NONE', #471, 1000.000000000000000 ) ;
#7848 = DIRECTION ( 'NONE',  ( 0.000000000000000000, -1.000000000000000000, -0.000000000000000000 ) ) ;
#7849 = DIRECTION ( 'NONE',  ( 0.000000000000000000, 1.000000000000000000, 0.000000000000000000 ) ) ;
#7850 =( NAMED_UNIT ( * ) SI_UNIT ( $, .STERADIAN. ) SOLID_ANGLE_UNIT ( ) );
#7851 = VERTEX_POINT ( 'NONE', #7343 ) ;
#7852 =( NAMED_UNIT ( * ) PLANE_ANGLE_UNIT ( ) SI_UNIT ( $, .RADIAN. ) );
#7853 = CARTESIAN_POINT ( 'NONE',  ( 4.400000000000000355, -3.500000000000000888, 0.4000000000000000222 ) ) ;
#7854 = LINE ( 'NONE', #8098, #4422 ) ;
#7855 = PRESENTATION_STYLE_ASSIGNMENT (( #1439 ) ) ;
#7856 = CYLINDRICAL_SURFACE ( 'NONE', #8374, 0.8000000000000003775 ) ;
#7857 = CARTESIAN_POINT ( 'NONE',  ( -5.435424868893543149, 1.599999999999999867, 3.600000000000000089 ) ) ;
#7858 = PRESENTATION_LAYER_ASSIGNMENT (  '', '', ( #9037 ) ) ;
#7859 = ORIENTED_EDGE ( 'NONE', *, *, #7501, .T. ) ;
#7860 = ORIENTED_EDGE ( 'NONE', *, *, #6165, .T. ) ;
#7861 = ORIENTED_EDGE ( 'NONE', *, *, #8068, .F. ) ;
#7862 = AXIS2_PLACEMENT_3D ( 'NONE', #6677, #9686, #9793 ) ;
#7863 = SURFACE_SIDE_STYLE ('',( #6153 ) ) ;
#7864 = CARTESIAN_POINT ( 'NONE',  ( -1.324581074942559056, -5.271558449006358948, 3.600000000000001421 ) ) ;
#7865 = FILL_AREA_STYLE ('',( #4714 ) ) ;
#7866 = DIRECTION ( 'NONE',  ( 1.445602896647327084E-15, 1.000000000000000000, -1.301042606982594277E-14 ) ) ;
#7867 = CARTESIAN_POINT ( 'NONE',  ( 6.547679712131308172, -3.000000000000000444, -2.979052028523552220 ) ) ;
#7868 = ORIENTED_EDGE ( 'NONE', *, *, #6755, .T. ) ;
#7869 = AXIS2_PLACEMENT_3D ( 'NONE', #79, #4097, #8026 ) ;
#7870 = DIRECTION ( 'NONE',  ( 8.673617379884049672E-15, 1.000000000000000000, 7.604664793161646565E-27 ) ) ;
#7871 =( NAMED_UNIT ( * ) SI_UNIT ( $, .STERADIAN. ) SOLID_ANGLE_UNIT ( ) );
#7872 = ORIENTED_EDGE ( 'NONE', *, *, #4014, .T. ) ;
#7873 = DIRECTION ( 'NONE',  ( 0.000000000000000000, -2.797941090285171111E-16, 1.000000000000000000 ) ) ;
#7874 = ADVANCED_FACE ( 'NONE', ( #2761 ), #5014, .F. ) ;
#7875 = COLOUR_RGB ( '',1.000000000000000000, 1.000000000000000000, 1.000000000000000000 ) ;
#7876 = PRESENTATION_STYLE_ASSIGNMENT (( #8822 ) ) ;
#7877 = DIRECTION ( 'NONE',  ( 2.117185687951166652E-14, -5.025349008807009442E-14, 1.000000000000000000 ) ) ;
#7878 = COLOUR_RGB ( '',0.7529411764705882248, 0.7529411764705882248, 0.7529411764705882248 ) ;
#7879 =( LENGTH_UNIT ( ) NAMED_UNIT ( * ) SI_UNIT ( .MILLI., .METRE. ) );
#7880 = STYLED_ITEM ( 'NONE', ( #7876 ), #6396 ) ;
#7881 = CARTESIAN_POINT ( 'NONE',  ( -6.305925830945595223, 3.000000000000000000, -0.7110617430582406584 ) ) ;
#7882 = ORIENTED_EDGE ( 'NONE', *, *, #622, .T. ) ;
#7883 = CIRCLE ( 'NONE', #7727, 0.2999999999999287681 ) ;
#7884 = DIRECTION ( 'NONE',  ( -0.8682466191274125222, 9.142909181781886702E-17, -0.4961328535521688510 ) ) ;
#7885 = CARTESIAN_POINT ( 'NONE',  ( 5.989526014261777220, 2.499999999999999556, -3.351160143934350799 ) ) ;
#7886 = AXIS2_PLACEMENT_3D ( 'NONE', #3549, #6720, #7541 ) ;
#7887 = DIRECTION ( 'NONE',  ( -1.000000000000000000, 0.000000000000000000, 0.000000000000000000 ) ) ;
#7888 = VERTEX_POINT ( 'NONE', #5731 ) ;
#7889 = CARTESIAN_POINT ( 'NONE',  ( 4.713095711004418931, -3.950851657416640350, 3.499999999999996891 ) ) ;
#7890 = CARTESIAN_POINT ( 'NONE',  ( 1.891518204694818239, 5.435424868893528938, 3.199999999999999734 ) ) ;
#7891 = AXIS2_PLACEMENT_3D ( 'NONE', #7603, #4016, #3955 ) ;
#7892 = STYLED_ITEM ( 'NONE', ( #1307 ), #6612 ) ;
#7893 = ORIENTED_EDGE ( 'NONE', *, *, #2215, .T. ) ;
#7894 = CARTESIAN_POINT ( 'NONE',  ( -3.949999999999999734, -4.750000000000000000, 3.500000000000000444 ) ) ;
#7895 = UNCERTAINTY_MEASURE_WITH_UNIT (LENGTH_MEASURE( 1.000000000000000082E-05 ), #7066, 'distance_accuracy_value', 'NONE');
#7896 = DIRECTION ( 'NONE',  ( 0.000000000000000000, -1.000000000000000000, 1.229047034060748073E-14 ) ) ;
#7897 = MECHANICAL_DESIGN_GEOMETRIC_PRESENTATION_REPRESENTATION (  '', ( #9740 ), #4762 ) ;
#7898 = VECTOR ( 'NONE', #8199, 1000.000000000000000 ) ;
#7899 = CARTESIAN_POINT ( 'NONE',  ( -5.432699878979446950, 2.263624949574786882, 3.600000000000000977 ) ) ;
#7900 =( NAMED_UNIT ( * ) PLANE_ANGLE_UNIT ( ) SI_UNIT ( $, .RADIAN. ) );
#7901 = UNCERTAINTY_MEASURE_WITH_UNIT (LENGTH_MEASURE( 1.000000000000000082E-05 ), #5491, 'distance_accuracy_value', 'NONE');
#7902 = CARTESIAN_POINT ( 'NONE',  ( -2.250000000009875212, 5.700000000000000178, 3.499999999999999556 ) ) ;
#7903 = VERTEX_POINT ( 'NONE', #1805 ) ;
#7904 = FILL_AREA_STYLE_COLOUR ( '', #4345 ) ;
#7905 =( NAMED_UNIT ( * ) PLANE_ANGLE_UNIT ( ) SI_UNIT ( $, .RADIAN. ) );
#7906 = ORIENTED_EDGE ( 'NONE', *, *, #9487, .T. ) ;
#7907 = CARTESIAN_POINT ( 'NONE',  ( -5.432699878978647590, 2.263624949574466250, 3.199999999999994404 ) ) ;
#7908 = TOROIDAL_SURFACE ( 'NONE', #3446, 0.03542486889388917620, 0.4000000000002207345 ) ;
#7909 = CARTESIAN_POINT ( 'NONE',  ( 5.000000000000000000, 4.999999999999999112, 0.000000000000000000 ) ) ;
#7910 = PRESENTATION_LAYER_ASSIGNMENT (  '', '', ( #2426 ) ) ;
#7911 = EDGE_CURVE ( 'NONE', #9461, #9140, #9184, .T. ) ;
#7912 = DIRECTION ( 'NONE',  ( -0.000000000000000000, -1.000000000000000000, 0.000000000000000000 ) ) ;
#7913 = EDGE_CURVE ( 'NONE', #4512, #7888, #2863, .T. ) ;
#7914 = VERTEX_POINT ( 'NONE', #5065 ) ;
#7915 = ORIENTED_EDGE ( 'NONE', *, *, #6291, .T. ) ;
#7916 = VERTEX_POINT ( 'NONE', #4242 ) ;
#7917 = EDGE_CURVE ( 'NONE', #2894, #2821, #6503, .T. ) ;
#7918 = CARTESIAN_POINT ( 'NONE',  ( -3.950851657416640350, 4.713095711004409161, 3.500000000000000000 ) ) ;
#7919 =( LENGTH_UNIT ( ) NAMED_UNIT ( * ) SI_UNIT ( .MILLI., .METRE. ) );
#7920 = CARTESIAN_POINT ( 'NONE',  ( 6.000000000000000000, -2.000000000000000000, 3.500000000000000000 ) ) ;
#7921 = ORIENTED_EDGE ( 'NONE', *, *, #2537, .F. ) ;
#7922 =( GEOMETRIC_REPRESENTATION_CONTEXT ( 3 ) GLOBAL_UNCERTAINTY_ASSIGNED_CONTEXT ( ( #838 ) ) GLOBAL_UNIT_ASSIGNED_CONTEXT ( ( #6322, #6751, #8241 ) ) REPRESENTATION_CONTEXT ( 'NONE', 'WORKASPACE' ) );
#7923 = CARTESIAN_POINT ( 'NONE',  ( -6.305925830945594335, 3.000000000000000000, -0.7110617430582411025 ) ) ;
#7924 = ORIENTED_EDGE ( 'NONE', *, *, #2714, .F. ) ;
#7925 = SURFACE_SIDE_STYLE ('',( #4780 ) ) ;
#7926 = ORIENTED_EDGE ( 'NONE', *, *, #3354, .F. ) ;
#7927 = DIRECTION ( 'NONE',  ( 1.000000000000000000, 0.000000000000000000, -0.000000000000000000 ) ) ;
#7928 = EDGE_CURVE ( 'NONE', #3956, #6105, #152, .T. ) ;
#7929 = EDGE_CURVE ( 'NONE', #1713, #5988, #1072, .T. ) ;
#7930 = LINE ( 'NONE', #1365, #8619 ) ;
#7931 = SURFACE_SIDE_STYLE ('',( #878 ) ) ;
#7932 = VECTOR ( 'NONE', #9886, 1000.000000000000000 ) ;
#7933 = CARTESIAN_POINT ( 'NONE',  ( -3.950000000000000178, 0.000000000000000000, 3.299999999999999378 ) ) ;
#7934 =( LENGTH_UNIT ( ) NAMED_UNIT ( * ) SI_UNIT ( .MILLI., .METRE. ) );
#7935 = EDGE_CURVE ( 'NONE', #2520, #415, #2596, .T. ) ;
#7936 = EDGE_CURVE ( 'NONE', #539, #513, #4050, .T. ) ;
#7937 = PRESENTATION_LAYER_ASSIGNMENT (  '', '', ( #7769 ) ) ;
#7938 = DIRECTION ( 'NONE',  ( -0.000000000000000000, 1.000000000000000000, -0.000000000000000000 ) ) ;
#7939 = VERTEX_POINT ( 'NONE', #3459 ) ;
#7940 = DIRECTION ( 'NONE',  ( 0.000000000000000000, 1.000000000000000000, 0.000000000000000000 ) ) ;
#7941 = CARTESIAN_POINT ( 'NONE',  ( 4.400000000000000355, -3.500000000000000444, 0.4000000000000000222 ) ) ;
#7942 = CYLINDRICAL_SURFACE ( 'NONE', #9732, 0.3499999999999996447 ) ;
#7943 = EDGE_CURVE ( 'NONE', #8649, #8373, #4302, .T. ) ;
#7944 = COLOUR_RGB ( '',1.000000000000000000, 1.000000000000000000, 1.000000000000000000 ) ;
#7945 = FILL_AREA_STYLE ('',( #4791 ) ) ;
#7946 = VERTEX_POINT ( 'NONE', #9844 ) ;
#7947 = CARTESIAN_POINT ( 'NONE',  ( 1.600000000000000089, -1.599999999999470734, 6.999999999999999112 ) ) ;
#7948 = CARTESIAN_POINT ( 'NONE',  ( 3.352468329897365851E-14, -2.168404344971008474E-15, 3.500000000000010658 ) ) ;
#7949 = PRESENTATION_LAYER_ASSIGNMENT (  '', '', ( #9787 ) ) ;
#7950 = STYLED_ITEM ( 'NONE', ( #8315 ), #9600 ) ;
#7951 = ORIENTED_EDGE ( 'NONE', *, *, #9507, .T. ) ;
#7952 = FILL_AREA_STYLE ('',( #10315 ) ) ;
#7953 = DIRECTION ( 'NONE',  ( -3.699452192357325623E-15, 2.990377384838787564E-14, -1.000000000000000000 ) ) ;
#7954 = EDGE_CURVE ( 'NONE', #5191, #4298, #2702, .T. ) ;
#7955 =( NAMED_UNIT ( * ) PLANE_ANGLE_UNIT ( ) SI_UNIT ( $, .RADIAN. ) );
#7956 = STYLED_ITEM ( 'NONE', ( #1667 ), #9769 ) ;
#7957 = CARTESIAN_POINT ( 'NONE',  ( -3.600000000000001421, -6.000000000000000000, 3.299999999999999822 ) ) ;
#7958 = FILL_AREA_STYLE ('',( #2325 ) ) ;
#7959 = FILL_AREA_STYLE ('',( #9473 ) ) ;
#7960 = MECHANICAL_DESIGN_GEOMETRIC_PRESENTATION_REPRESENTATION (  '', ( #6651 ), #614 ) ;
#7961 = SURFACE_STYLE_USAGE ( .BOTH. , #5470 ) ;
#7962 = EDGE_CURVE ( 'NONE', #4086, #4710, #6698, .T. ) ;
#7963 = DIRECTION ( 'NONE',  ( 0.8682466191274121892, 0.000000000000000000, -0.4961328535521695726 ) ) ;
#7964 = AXIS2_PLACEMENT_3D ( 'NONE', #2262, #891, #3155 ) ;
#7965 = PRESENTATION_STYLE_ASSIGNMENT (( #10270 ) ) ;
#7966 = AXIS2_PLACEMENT_3D ( 'NONE', #1092, #3009, #7518 ) ;
#7967 = LINE ( 'NONE', #4035, #7182 ) ;
#7968 = VERTEX_POINT ( 'NONE', #8488 ) ;
#7969 = LINE ( 'NONE', #8702, #4552 ) ;
#7970 = ORIENTED_EDGE ( 'NONE', *, *, #4702, .F. ) ;
#7971 = ORIENTED_EDGE ( 'NONE', *, *, #1626, .F. ) ;
#7972 = COLOUR_RGB ( '',1.000000000000000000, 1.000000000000000000, 1.000000000000000000 ) ;
#7973 = SURFACE_STYLE_FILL_AREA ( #7355 ) ;
#7974 = LINE ( 'NONE', #1451, #8207 ) ;
#7975 = CARTESIAN_POINT ( 'NONE',  ( 1.283695372222837250E-13, 1.756407519426517183E-14, 3.199999999999955769 ) ) ;
#7976 = EDGE_CURVE ( 'NONE', #9961, #5875, #6512, .T. ) ;
#7977 =( LENGTH_UNIT ( ) NAMED_UNIT ( * ) SI_UNIT ( .MILLI., .METRE. ) );
#7978 = ORIENTED_EDGE ( 'NONE', *, *, #9339, .T. ) ;
#7979 =( NAMED_UNIT ( * ) PLANE_ANGLE_UNIT ( ) SI_UNIT ( $, .RADIAN. ) );
#7980 = ORIENTED_EDGE ( 'NONE', *, *, #2046, .F. ) ;
#7981 = VERTEX_POINT ( 'NONE', #1227 ) ;
#7982 = FACE_OUTER_BOUND ( 'NONE', #3194, .T. ) ;
#7983 = AXIS2_PLACEMENT_3D ( 'NONE', #134, #5087, #7369 ) ;
#7984 = CARTESIAN_POINT ( 'NONE',  ( 6.000000000000000000, 4.999999999999999112, 0.2000000000000000944 ) ) ;
#7985 = CARTESIAN_POINT ( 'NONE',  ( 5.800000000000000711, 4.999999999999997335, 3.500000000000001332 ) ) ;
#7986 = PRESENTATION_STYLE_ASSIGNMENT (( #8824 ) ) ;
#7987 = EDGE_CURVE ( 'NONE', #6371, #8819, #4865, .T. ) ;
#7988 = CARTESIAN_POINT ( 'NONE',  ( 2.263624949575246514, -5.432699878980531416, 3.600000000000001421 ) ) ;
#7989 = VECTOR ( 'NONE', #3455, 1000.000000000000000 ) ;
#7990 = FILL_AREA_STYLE_COLOUR ( '', #5963 ) ;
#7991 = SURFACE_STYLE_FILL_AREA ( #5608 ) ;
#7992 = ORIENTED_EDGE ( 'NONE', *, *, #2690, .F. ) ;
#7993 = CARTESIAN_POINT ( 'NONE',  ( -1.600000000000000089, 1.599999999999999867, 7.299999999999998934 ) ) ;
#7994 = CARTESIAN_POINT ( 'NONE',  ( 5.000000000000001776, 5.000000000000002665, 4.336808689942017736E-16 ) ) ;
#7995 = CARTESIAN_POINT ( 'NONE',  ( 6.694074169054410106, 6.704630743366732482, -2.070921654418466762 ) ) ;
#7996 = UNCERTAINTY_MEASURE_WITH_UNIT (LENGTH_MEASURE( 1.000000000000000082E-05 ), #8408, 'distance_accuracy_value', 'NONE');
#7997 = ORIENTED_EDGE ( 'NONE', *, *, #4452, .T. ) ;
#7998 = EDGE_LOOP ( 'NONE', ( #9111, #3999, #2009, #9801, #2648, #9747 ) ) ;
#7999 = DIRECTION ( 'NONE',  ( 1.000000000000000000, 0.000000000000000000, -3.491483361109382461E-15 ) ) ;
#8000 = CARTESIAN_POINT ( 'NONE',  ( -5.424745029542279440, -1.866168552841700023, 3.199999999999951328 ) ) ;
#8001 = CIRCLE ( 'NONE', #2507, 0.3499999999999996447 ) ;
#8002 = VECTOR ( 'NONE', #6394, 1000.000000000000000 ) ;
#8003 = CARTESIAN_POINT ( 'NONE',  ( -4.400000000000000355, -5.000000000000000888, 0.4000000000000000222 ) ) ;
#8004 = FILL_AREA_STYLE_COLOUR ( '', #1298 ) ;
#8005 = DIRECTION ( 'NONE',  ( 0.000000000000000000, 0.000000000000000000, -1.000000000000000000 ) ) ;
#8006 = CARTESIAN_POINT ( 'NONE',  ( -4.400000000000000355, -3.500000000000000000, 0.4000000000000000222 ) ) ;
#8007 = FILL_AREA_STYLE_COLOUR ( '', #1413 ) ;
#8008 = PRESENTATION_LAYER_ASSIGNMENT (  '', '', ( #3013 ) ) ;
#8009 = AXIS2_PLACEMENT_3D ( 'NONE', #4446, #3661, #6830 ) ;
#8010 = ORIENTED_EDGE ( 'NONE', *, *, #368, .T. ) ;
#8011 = DIRECTION ( 'NONE',  ( -1.000000000000000000, 0.000000000000000000, 0.000000000000000000 ) ) ;
#8012 = AXIS2_PLACEMENT_3D ( 'NONE', #1378, #5403, #7125 ) ;
#8013 = CARTESIAN_POINT ( 'NONE',  ( 1.899999999999999911, 0.000000000000000000, 5.500000000000000000 ) ) ;
#8014 = DIRECTION ( 'NONE',  ( -0.000000000000000000, -1.000000000000000000, -0.000000000000000000 ) ) ;
#8015 = ADVANCED_FACE ( 'NONE', ( #3711 ), #1346, .T. ) ;
#8016 = VECTOR ( 'NONE', #6669, 999.9999999999998863 ) ;
#8017 = VECTOR ( 'NONE', #6269, 1000.000000000000000 ) ;
#8018 = ORIENTED_EDGE ( 'NONE', *, *, #9968, .T. ) ;
#8019 = SURFACE_STYLE_USAGE ( .BOTH. , #3931 ) ;
#8020 = ORIENTED_EDGE ( 'NONE', *, *, #7443, .F. ) ;
#8021 = CYLINDRICAL_SURFACE ( 'NONE', #7114, 0.7999999999999994893 ) ;
#8022 = EDGE_LOOP ( 'NONE', ( #7349, #1918, #8759, #3702 ) ) ;
#8023 = CARTESIAN_POINT ( 'NONE',  ( 5.281786302533272526, 1.636407342493228168, 3.599999937117450699 ) ) ;
#8024 = CARTESIAN_POINT ( 'NONE',  ( 1.397888595051272190E-15, 4.924999999999995381, 3.349999999999988987 ) ) ;
#8025 = SURFACE_SIDE_STYLE ('',( #1501 ) ) ;
#8026 = DIRECTION ( 'NONE',  ( 1.000000000000000000, -2.337764517610564151E-30, -2.840858515597182442E-13 ) ) ;
#8027 = AXIS2_PLACEMENT_3D ( 'NONE', #541, #5284, #3781 ) ;
#8028 = LINE ( 'NONE', #8767, #7195 ) ;
#8029 = PRESENTATION_LAYER_ASSIGNMENT (  '', '', ( #6879 ) ) ;
#8030 = FILL_AREA_STYLE ('',( #6522 ) ) ;
#8031 = ORIENTED_EDGE ( 'NONE', *, *, #7055, .F. ) ;
#8032 = PRESENTATION_STYLE_ASSIGNMENT (( #5649 ) ) ;
#8033 = ORIENTED_EDGE ( 'NONE', *, *, #1690, .F. ) ;
#8034 = DIRECTION ( 'NONE',  ( 1.000000000000000000, -0.000000000000000000, 0.000000000000000000 ) ) ;
#8035 = CARTESIAN_POINT ( 'NONE',  ( 1.600000000000000089, 1.599999999999999867, 6.999999999999999112 ) ) ;
#8036 = CIRCLE ( 'NONE', #4903, 0.4500000000000001221 ) ;
#8037 = DIRECTION ( 'NONE',  ( 1.053031360026544826E-16, 1.000000000000000000, 0.000000000000000000 ) ) ;
#8038 = SURFACE_SIDE_STYLE ('',( #7161 ) ) ;
#8039 = CARTESIAN_POINT ( 'NONE',  ( 4.750000000000000000, 4.750000000000000000, 3.600000000000001421 ) ) ;
#8040 = VECTOR ( 'NONE', #1008, 1000.000000000000114 ) ;
#8041 = CARTESIAN_POINT ( 'NONE',  ( 5.274138493663780736, -1.609949685835131650, 3.599999994700596950 ) ) ;
#8042 = DIRECTION ( 'NONE',  ( -0.1611885087262043825, 0.6414968937216929401, 0.7500000000000275335 ) ) ;
#8043 = SURFACE_STYLE_FILL_AREA ( #885 ) ;
#8044 = ORIENTED_EDGE ( 'NONE', *, *, #6908, .F. ) ;
#8045 = AXIS2_PLACEMENT_3D ( 'NONE', #705, #867, #3027 ) ;
#8046 = FILL_AREA_STYLE_COLOUR ( '', #5732 ) ;
#8047 = CARTESIAN_POINT ( 'NONE',  ( -0.7999999999988460786, -7.571435260873167347E-16, 3.300000000024283064 ) ) ;
#8048 = LINE ( 'NONE', #4947, #5482 ) ;
#8049 = AXIS2_PLACEMENT_3D ( 'NONE', #6067, #9250, #3739 ) ;
#8050 = CARTESIAN_POINT ( 'NONE',  ( 6.159705218919229175, 2.937096592108938697, -3.053341690607343839 ) ) ;
#8051 = ORIENTED_EDGE ( 'NONE', *, *, #976, .T. ) ;
#8052 = CARTESIAN_POINT ( 'NONE',  ( 6.305925830945591670, -6.704630743366731593, -0.7110617430582412135 ) ) ;
#8053 = UNCERTAINTY_MEASURE_WITH_UNIT (LENGTH_MEASURE( 1.000000000000000082E-05 ), #6921, 'distance_accuracy_value', 'NONE');
#8054 = ORIENTED_EDGE ( 'NONE', *, *, #1953, .T. ) ;
#8055 = CARTESIAN_POINT ( 'NONE',  ( -5.819112848942164185, -1.462164714140039790, 3.600000000000001421 ) ) ;
#8056 = CIRCLE ( 'NONE', #9565, 0.8000000000000003775 ) ;
#8057 = STYLED_ITEM ( 'NONE', ( #3276 ), #2705 ) ;
#8058 = FILL_AREA_STYLE_COLOUR ( '', #1720 ) ;
#8059 =( NAMED_UNIT ( * ) SI_UNIT ( $, .STERADIAN. ) SOLID_ANGLE_UNIT ( ) );
#8060 = LINE ( 'NONE', #1746, #7622 ) ;
#8061 = AXIS2_PLACEMENT_3D ( 'NONE', #6991, #9107, #7430 ) ;
#8062 = AXIS2_PLACEMENT_3D ( 'NONE', #2041, #7002, #10182 ) ;
#8063 = VERTEX_POINT ( 'NONE', #7649 ) ;
#8064 = LINE ( 'NONE', #4142, #370 ) ;
#8065 = MECHANICAL_DESIGN_GEOMETRIC_PRESENTATION_REPRESENTATION (  '', ( #7415 ), #9399 ) ;
#8066 =( NAMED_UNIT ( * ) SI_UNIT ( $, .STERADIAN. ) SOLID_ANGLE_UNIT ( ) );
#8067 = VECTOR ( 'NONE', #6316, 1000.000000000000000 ) ;
#8068 = EDGE_CURVE ( 'NONE', #2708, #7103, #3364, .T. ) ;
#8069 = ORIENTED_EDGE ( 'NONE', *, *, #7606, .T. ) ;
#8070 = CARTESIAN_POINT ( 'NONE',  ( 4.999999999999999112, -5.000000000000000888, 3.500000000000000444 ) ) ;
#8071 = ORIENTED_EDGE ( 'NONE', *, *, #6849, .T. ) ;
#8072 = ORIENTED_EDGE ( 'NONE', *, *, #10007, .F. ) ;
#8073 = CARTESIAN_POINT ( 'NONE',  ( 4.750000000000000000, 4.750000000000000000, 3.600000000000001421 ) ) ;
#8074 =( NAMED_UNIT ( * ) PLANE_ANGLE_UNIT ( ) SI_UNIT ( $, .RADIAN. ) );
#8075 = AXIS2_PLACEMENT_3D ( 'NONE', #10061, #6741, #10114 ) ;
#8076 = DIRECTION ( 'NONE',  ( 0.000000000000000000, 0.000000000000000000, -1.000000000000000000 ) ) ;
#8077 = STYLED_ITEM ( 'NONE', ( #8394 ), #6859 ) ;
#8078 =( NAMED_UNIT ( * ) SI_UNIT ( $, .STERADIAN. ) SOLID_ANGLE_UNIT ( ) );
#8079 = AXIS2_PLACEMENT_3D ( 'NONE', #3304, #28, #2303 ) ;
#8080 = EDGE_CURVE ( 'NONE', #8156, #1833, #1669, .T. ) ;
#8081 = ORIENTED_EDGE ( 'NONE', *, *, #1287, .F. ) ;
#8082 = ORIENTED_EDGE ( 'NONE', *, *, #7080, .T. ) ;
#8083 = CARTESIAN_POINT ( 'NONE',  ( -1.899999999999999911, 0.000000000000000000, 5.500000000000000000 ) ) ;
#8084 = ADVANCED_FACE ( 'NONE', ( #2010 ), #8332, .F. ) ;
#8085 = STYLED_ITEM ( 'NONE', ( #7133 ), #2660 ) ;
#8086 = SURFACE_STYLE_FILL_AREA ( #8876 ) ;
#8087 =( NAMED_UNIT ( * ) SI_UNIT ( $, .STERADIAN. ) SOLID_ANGLE_UNIT ( ) );
#8088 =( LENGTH_UNIT ( ) NAMED_UNIT ( * ) SI_UNIT ( .MILLI., .METRE. ) );
#8089 = EDGE_CURVE ( 'NONE', #9952, #9842, #524, .T. ) ;
#8090 = CARTESIAN_POINT ( 'NONE',  ( -4.999999999999992895, 5.800000000000000711, 3.299999999999999822 ) ) ;
#8091 =( LENGTH_UNIT ( ) NAMED_UNIT ( * ) SI_UNIT ( .MILLI., .METRE. ) );
#8092 = DIRECTION ( 'NONE',  ( -1.084202172485503842E-15, -1.000000000000000000, 0.000000000000000000 ) ) ;
#8093 = VERTEX_POINT ( 'NONE', #9466 ) ;
#8094 = COLOUR_RGB ( '',1.000000000000000000, 1.000000000000000000, 1.000000000000000000 ) ;
#8095 = LINE ( 'NONE', #7326, #6293 ) ;
#8096 = CIRCLE ( 'NONE', #576, 0.7999999999999994893 ) ;
#8097 = CARTESIAN_POINT ( 'NONE',  ( 0.000000000000000000, 4.500000000000003553, -1.199999999999998401 ) ) ;
#8098 = CARTESIAN_POINT ( 'NONE',  ( 6.299999999999994493, -2.000000000000000000, 1.414159265358978290 ) ) ;
#8099 = ORIENTED_EDGE ( 'NONE', *, *, #7913, .F. ) ;
#8100 = CARTESIAN_POINT ( 'NONE',  ( -6.300000000000027356, 0.000000000000000000, 7.064159265358980200 ) ) ;
#8101 = SURFACE_STYLE_USAGE ( .BOTH. , #1683 ) ;
#8102 = ORIENTED_EDGE ( 'NONE', *, *, #814, .F. ) ;
#8103 = CARTESIAN_POINT ( 'NONE',  ( 6.000000000000000000, -5.000000000000000000, 0.4000000000000000222 ) ) ;
#8104 = EDGE_CURVE ( 'NONE', #4042, #7253, #8681, .T. ) ;
#8105 = DIRECTION ( 'NONE',  ( 0.2436941190233454790, 0.9698521414903591431, 2.475786676508562129E-15 ) ) ;
#8106 = FILL_AREA_STYLE ('',( #8058 ) ) ;
#8107 = PRESENTATION_LAYER_ASSIGNMENT (  '', '', ( #2953 ) ) ;
#8108 = SURFACE_SIDE_STYLE ('',( #8947 ) ) ;
#8109 = AXIS2_PLACEMENT_3D ( 'NONE', #1730, #4121, #5878 ) ;
#8110 = CARTESIAN_POINT ( 'NONE',  ( -6.694074169054407442, 3.000000000000000000, -2.070921654418468094 ) ) ;
#8111 = EDGE_CURVE ( 'NONE', #3565, #1651, #1174, .T. ) ;
#8112 = CARTESIAN_POINT ( 'NONE',  ( -2.291666666666654972, -5.500000000000000000, 3.593299320890632309 ) ) ;
#8113 = ORIENTED_EDGE ( 'NONE', *, *, #9119, .T. ) ;
#8114 = DIRECTION ( 'NONE',  ( 0.000000000000000000, -1.000000000000000000, -5.923446015530559415E-16 ) ) ;
#8115 =( NAMED_UNIT ( * ) SI_UNIT ( $, .STERADIAN. ) SOLID_ANGLE_UNIT ( ) );
#8116 = MECHANICAL_DESIGN_GEOMETRIC_PRESENTATION_REPRESENTATION (  '', ( #757 ), #6118 ) ;
#8117 = MECHANICAL_DESIGN_GEOMETRIC_PRESENTATION_REPRESENTATION (  '', ( #6458 ), #3656 ) ;
#8118 = COLOUR_RGB ( '',0.2980392156862745057, 0.2980392156862745057, 0.2980392156862745057 ) ;
#8119 = EDGE_CURVE ( 'NONE', #1830, #8402, #2211, .T. ) ;
#8120 = CARTESIAN_POINT ( 'NONE',  ( 6.349999999999997868, 6.704630743366732482, -0.6874509908007693237 ) ) ;
#8121 = FACE_OUTER_BOUND ( 'NONE', #5863, .T. ) ;
#8122 = LINE ( 'NONE', #1916, #10039 ) ;
#8123 = ORIENTED_EDGE ( 'NONE', *, *, #7911, .F. ) ;
#8124 = ORIENTED_EDGE ( 'NONE', *, *, #412, .T. ) ;
#8125 = PRESENTATION_STYLE_ASSIGNMENT (( #5799 ) ) ;
#8126 = CARTESIAN_POINT ( 'NONE',  ( 6.041480816619163363, 3.000000000000000000, -0.8527262566030736624 ) ) ;
#8127 =( LENGTH_UNIT ( ) NAMED_UNIT ( * ) SI_UNIT ( .MILLI., .METRE. ) );
#8128 = EDGE_CURVE ( 'NONE', #490, #3179, #2510, .T. ) ;
#8129 = FILL_AREA_STYLE_COLOUR ( '', #1243 ) ;
#8130 = EDGE_CURVE ( 'NONE', #2626, #7366, #2346, .T. ) ;
#8131 = SPHERICAL_SURFACE ( 'NONE', #6015, 0.2999999999999981015 ) ;
#8132 =( NAMED_UNIT ( * ) PLANE_ANGLE_UNIT ( ) SI_UNIT ( $, .RADIAN. ) );
#8133 = AXIS2_PLACEMENT_3D ( 'NONE', #9661, #100, #1733 ) ;
#8134 = EDGE_LOOP ( 'NONE', ( #3978, #9282, #3881, #575 ) ) ;
#8135 = SURFACE_SIDE_STYLE ('',( #8971 ) ) ;
#8136 = EDGE_LOOP ( 'NONE', ( #8480, #5763, #6886, #3268 ) ) ;
#8137 = CARTESIAN_POINT ( 'NONE',  ( 5.799999999999999822, 5.000000000000000888, 2.168404344971008868E-16 ) ) ;
#8138 = CARTESIAN_POINT ( 'NONE',  ( 2.250000000001157296, -5.435424868894941142, 3.600000000000000089 ) ) ;
#8139 = PLANE ( 'NONE',  #3604 ) ;
#8140 = CARTESIAN_POINT ( 'NONE',  ( -5.800000000000000711, 0.000000000000000000, 0.2000000000000000944 ) ) ;
#8141 = CARTESIAN_POINT ( 'NONE',  ( 5.253692585977944418, -1.421938931371649284, 3.600000083461044831 ) ) ;
#8142 = UNCERTAINTY_MEASURE_WITH_UNIT (LENGTH_MEASURE( 1.000000000000000082E-05 ), #1444, 'distance_accuracy_value', 'NONE');
#8143 = FILL_AREA_STYLE_COLOUR ( '', #5926 ) ;
#8144 = PRESENTATION_STYLE_ASSIGNMENT (( #7577 ) ) ;
#8145 = EDGE_CURVE ( 'NONE', #5588, #1087, #7319, .T. ) ;
#8146 = ORIENTED_EDGE ( 'NONE', *, *, #8714, .T. ) ;
#8147 = CARTESIAN_POINT ( 'NONE',  ( -5.700000000000001066, 5.000000000000000000, 3.500000000000000000 ) ) ;
#8148 = VERTEX_POINT ( 'NONE', #3164 ) ;
#8149 = CARTESIAN_POINT ( 'NONE',  ( -5.819112848942164185, -1.462164714140039790, 3.199999999999997513 ) ) ;
#8150 = ORIENTED_EDGE ( 'NONE', *, *, #10237, .T. ) ;
#8151 = FILL_AREA_STYLE_COLOUR ( '', #3365 ) ;
#8152 = CARTESIAN_POINT ( 'NONE',  ( 1.599999999997520739, -1.599999999999594857, 7.299999999999998934 ) ) ;
#8153 = PLANE ( 'NONE',  #9898 ) ;
#8154 =( NAMED_UNIT ( * ) PLANE_ANGLE_UNIT ( ) SI_UNIT ( $, .RADIAN. ) );
#8155 = CARTESIAN_POINT ( 'NONE',  ( -6.299999999999998046, 2.000000000000000000, 0.06415926535897897853 ) ) ;
#8156 = VERTEX_POINT ( 'NONE', #53 ) ;
#8157 = CARTESIAN_POINT ( 'NONE',  ( 8.398468719939000747E-16, 7.771680869430060362E-16, 3.500000000000004885 ) ) ;
#8158 =( LENGTH_UNIT ( ) NAMED_UNIT ( * ) SI_UNIT ( .MILLI., .METRE. ) );
#8159 = EDGE_LOOP ( 'NONE', ( #2315, #7075, #5181, #8870 ) ) ;
#8160 = CARTESIAN_POINT ( 'NONE',  ( -2.263624949574436052, 5.432699878978657360, 3.200000000000016165 ) ) ;
#8161 = CIRCLE ( 'NONE', #6016, 6.150000000000002132 ) ;
#8162 = CARTESIAN_POINT ( 'NONE',  ( -2.365384615384622524, 5.676923076923073630, 3.499999999999999556 ) ) ;
#8163 = ORIENTED_EDGE ( 'NONE', *, *, #4469, .F. ) ;
#8164 = FACE_OUTER_BOUND ( 'NONE', #6965, .T. ) ;
#8165 = VERTEX_POINT ( 'NONE', #2432 ) ;
#8166 = CARTESIAN_POINT ( 'NONE',  ( 6.300000004099882034, 2.000000000000000000, 0.7999999999999999334 ) ) ;
#8167 = ORIENTED_EDGE ( 'NONE', *, *, #685, .F. ) ;
#8168 = VECTOR ( 'NONE', #611, 1000.000000000000000 ) ;
#8169 = UNCERTAINTY_MEASURE_WITH_UNIT (LENGTH_MEASURE( 1.000000000000000082E-05 ), #1100, 'distance_accuracy_value', 'NONE');
#8170 = DIRECTION ( 'NONE',  ( 0.8682466191274125222, 0.000000000000000000, -0.4961328535521688510 ) ) ;
#8171 = CARTESIAN_POINT ( 'NONE',  ( 1.324581074942575709, 5.271558449006350067, 3.199999999999977085 ) ) ;
#8172 = MECHANICAL_DESIGN_GEOMETRIC_PRESENTATION_REPRESENTATION (  '', ( #2348 ), #1190 ) ;
#8173 = SURFACE_SIDE_STYLE ('',( #4200 ) ) ;
#8174 = CIRCLE ( 'NONE', #346, 0.2999999999999999334 ) ;
#8175 = PLANE ( 'NONE',  #2818 ) ;
#8176 = VECTOR ( 'NONE', #33, 1000.000000000000000 ) ;
#8177 = VERTEX_POINT ( 'NONE', #1536 ) ;
#8178 = CARTESIAN_POINT ( 'NONE',  ( 6.159705218919226510, 2.062903407891059970, -3.053341690607341175 ) ) ;
#8179 = VERTEX_POINT ( 'NONE', #4847 ) ;
#8180 = DIRECTION ( 'NONE',  ( 0.000000000000000000, 1.000000000000000000, 0.000000000000000000 ) ) ;
#8181 = DIRECTION ( 'NONE',  ( -1.000000000000000000, 0.000000000000000000, 3.407492542097303087E-15 ) ) ;
#8182 = PRESENTATION_LAYER_ASSIGNMENT (  '', '', ( #665 ) ) ;
#8183 = DIRECTION ( 'NONE',  ( -0.8814833810881018694, 9.282296436280006279E-17, 0.4722150451494406820 ) ) ;
#8184 = PRESENTATION_STYLE_ASSIGNMENT (( #6594 ) ) ;
#8185 =( NAMED_UNIT ( * ) SI_UNIT ( $, .STERADIAN. ) SOLID_ANGLE_UNIT ( ) );
#8186 = PRESENTATION_LAYER_ASSIGNMENT (  '', '', ( #8 ) ) ;
#8187 = UNCERTAINTY_MEASURE_WITH_UNIT (LENGTH_MEASURE( 1.000000000000000082E-05 ), #8506, 'distance_accuracy_value', 'NONE');
#8188 = DIRECTION ( 'NONE',  ( 0.000000000000000000, 0.000000000000000000, 1.000000000000000000 ) ) ;
#8189 = CIRCLE ( 'NONE', #3733, 0.4500000000000001221 ) ;
#8190 = ADVANCED_FACE ( 'NONE', ( #5410 ), #1482, .T. ) ;
#8191 = PRESENTATION_STYLE_ASSIGNMENT (( #2470 ) ) ;
#8192 =( NAMED_UNIT ( * ) PLANE_ANGLE_UNIT ( ) SI_UNIT ( $, .RADIAN. ) );
#8193 = VERTEX_POINT ( 'NONE', #9366 ) ;
#8194 = DIRECTION ( 'NONE',  ( -3.491483361109382461E-15, 0.000000000000000000, 1.000000000000000000 ) ) ;
#8195 = MECHANICAL_DESIGN_GEOMETRIC_PRESENTATION_REPRESENTATION (  '', ( #2716 ), #5890 ) ;
#8196 = VERTEX_POINT ( 'NONE', #8632 ) ;
#8197 = FILL_AREA_STYLE_COLOUR ( '', #8220 ) ;
#8198 = PRESENTATION_STYLE_ASSIGNMENT (( #6441 ) ) ;
#8199 = DIRECTION ( 'NONE',  ( 0.000000000000000000, 1.000000000000000000, 0.000000000000000000 ) ) ;
#8200 = AXIS2_PLACEMENT_3D ( 'NONE', #2224, #9533, #2383 ) ;
#8201 = CARTESIAN_POINT ( 'NONE',  ( -5.399999999999987921, 1.891518204694834004, 3.600000000000002753 ) ) ;
#8202 = ORIENTED_EDGE ( 'NONE', *, *, #9506, .T. ) ;
#8203 = LINE ( 'NONE', #48, #340 ) ;
#8204 = ORIENTED_EDGE ( 'NONE', *, *, #1940, .T. ) ;
#8205 = DIRECTION ( 'NONE',  ( -1.000000000000000000, 0.000000000000000000, 1.362997016838921235E-14 ) ) ;
#8206 = CARTESIAN_POINT ( 'NONE',  ( 6.650000000000000355, -3.000000000000000000, -2.094532406675943648 ) ) ;
#8207 = VECTOR ( 'NONE', #4817, 1000.000000000000000 ) ;
#8208 = DIRECTION ( 'NONE',  ( 1.000000000000000000, 1.084202172485503842E-15, 7.589415207398527883E-15 ) ) ;
#8209 = VECTOR ( 'NONE', #8301, 1000.000000000000000 ) ;
#8210 = FILL_AREA_STYLE_COLOUR ( '', #6632 ) ;
#8211 = FACE_OUTER_BOUND ( 'NONE', #2143, .T. ) ;
#8212 = DIRECTION ( 'NONE',  ( -0.4819066211576357728, -0.2377525341402928205, -0.8433503074015563650 ) ) ;
#8213 = DIRECTION ( 'NONE',  ( 1.204023980438710231E-13, 6.020119902213432469E-13, -1.000000000000000000 ) ) ;
#8214 = CIRCLE ( 'NONE', #2548, 0.4500000000000001221 ) ;
#8215 = ORIENTED_EDGE ( 'NONE', *, *, #8119, .F. ) ;
#8216 = DIRECTION ( 'NONE',  ( -1.027427521298019343E-31, 1.027427521298030948E-31, -1.000000000000000000 ) ) ;
#8217 = UNCERTAINTY_MEASURE_WITH_UNIT (LENGTH_MEASURE( 1.000000000000000082E-05 ), #4734, 'distance_accuracy_value', 'NONE');
#8218 = ORIENTED_EDGE ( 'NONE', *, *, #3360, .F. ) ;
#8219 = DIRECTION ( 'NONE',  ( -4.900241895855788831E-16, -4.900241895855782914E-16, -1.000000000000000000 ) ) ;
#8220 = COLOUR_RGB ( '',0.7529411764705882248, 0.7529411764705882248, 0.7529411764705882248 ) ;
#8221 = CARTESIAN_POINT ( 'NONE',  ( -6.694074169054410106, 3.000000000000000000, -2.070921654418467206 ) ) ;
#8222 = AXIS2_PLACEMENT_3D ( 'NONE', #5395, #6964, #2314 ) ;
#8223 = ORIENTED_EDGE ( 'NONE', *, *, #3689, .T. ) ;
#8224 = DIRECTION ( 'NONE',  ( -0.000000000000000000, -1.000000000000000000, -0.000000000000000000 ) ) ;
#8225 = ORIENTED_EDGE ( 'NONE', *, *, #5848, .F. ) ;
#8226 = ORIENTED_EDGE ( 'NONE', *, *, #735, .F. ) ;
#8227 = VECTOR ( 'NONE', #4474, 1000.000000000000227 ) ;
#8228 = COLOUR_RGB ( '',1.000000000000000000, 1.000000000000000000, 1.000000000000000000 ) ;
#8229 = CARTESIAN_POINT ( 'NONE',  ( 5.254443597977374480, 1.473898044354953640, 3.599999943878103625 ) ) ;
#8230 = LINE ( 'NONE', #5689, #3417 ) ;
#8231 = CARTESIAN_POINT ( 'NONE',  ( -4.713095711004408273, 3.950851657416640350, 3.500000000000000000 ) ) ;
#8232 =( NAMED_UNIT ( * ) PLANE_ANGLE_UNIT ( ) SI_UNIT ( $, .RADIAN. ) );
#8233 = EDGE_CURVE ( 'NONE', #4576, #5903, #9350, .T. ) ;
#8234 = VECTOR ( 'NONE', #10246, 1000.000000000000000 ) ;
#8235 =( GEOMETRIC_REPRESENTATION_CONTEXT ( 3 ) GLOBAL_UNCERTAINTY_ASSIGNED_CONTEXT ( ( #2672 ) ) GLOBAL_UNIT_ASSIGNED_CONTEXT ( ( #2782, #1877, #5971 ) ) REPRESENTATION_CONTEXT ( 'NONE', 'WORKASPACE' ) );
#8236 = EDGE_CURVE ( 'NONE', #9840, #282, #4220, .T. ) ;
#8237 =( GEOMETRIC_REPRESENTATION_CONTEXT ( 3 ) GLOBAL_UNCERTAINTY_ASSIGNED_CONTEXT ( ( #345 ) ) GLOBAL_UNIT_ASSIGNED_CONTEXT ( ( #8091, #6536, #10206 ) ) REPRESENTATION_CONTEXT ( 'NONE', 'WORKASPACE' ) );
#8238 = DIRECTION ( 'NONE',  ( -0.000000000000000000, -1.000000000000000000, -0.000000000000000000 ) ) ;
#8239 = EDGE_CURVE ( 'NONE', #2428, #4090, #3057, .T. ) ;
#8240 = ORIENTED_EDGE ( 'NONE', *, *, #296, .T. ) ;
#8241 =( NAMED_UNIT ( * ) SI_UNIT ( $, .STERADIAN. ) SOLID_ANGLE_UNIT ( ) );
#8242 = EDGE_LOOP ( 'NONE', ( #6943, #5797, #5585, #5540 ) ) ;
#8243 =( NAMED_UNIT ( * ) SI_UNIT ( $, .STERADIAN. ) SOLID_ANGLE_UNIT ( ) );
#8244 = MECHANICAL_DESIGN_GEOMETRIC_PRESENTATION_REPRESENTATION (  '', ( #3603 ), #2928 ) ;
#8245 = CARTESIAN_POINT ( 'NONE',  ( -6.000000000000000000, 3.499999999999999556, 0.1999999999999999001 ) ) ;
#8246 = ADVANCED_FACE ( 'NONE', ( #9415 ), #2020, .T. ) ;
#8247 = PLANE ( 'NONE',  #5745 ) ;
#8248 = CARTESIAN_POINT ( 'NONE',  ( 4.150000000000000355, 5.082284216461515156E-16, 3.049999999999998934 ) ) ;
#8249 = CARTESIAN_POINT ( 'NONE',  ( 4.627038061433184524, 3.954825758595140961, 3.555911659346357556 ) ) ;
#8250 = VECTOR ( 'NONE', #7657, 1000.000000000000114 ) ;
#8251 = EDGE_CURVE ( 'NONE', #5903, #8783, #7022, .T. ) ;
#8252 = FILL_AREA_STYLE ('',( #9984 ) ) ;
#8253 = ORIENTED_EDGE ( 'NONE', *, *, #8395, .T. ) ;
#8254 =( NAMED_UNIT ( * ) SI_UNIT ( $, .STERADIAN. ) SOLID_ANGLE_UNIT ( ) );
#8255 = VERTEX_POINT ( 'NONE', #267 ) ;
#8256 = PRESENTATION_LAYER_ASSIGNMENT (  '', '', ( #1586 ) ) ;
#8257 = PLANE ( 'NONE',  #6742 ) ;
#8258 = CARTESIAN_POINT ( 'NONE',  ( -6.159705218919231839, -2.062903407891059526, -3.053341690607345615 ) ) ;
#8259 = FACE_OUTER_BOUND ( 'NONE', #8598, .T. ) ;
#8260 = VERTEX_POINT ( 'NONE', #4230 ) ;
#8261 = SURFACE_STYLE_USAGE ( .BOTH. , #371 ) ;
#8262 = CARTESIAN_POINT ( 'NONE',  ( 5.989526014261779885, -2.499999999999999556, -3.351160143934351687 ) ) ;
#8263 = EDGE_LOOP ( 'NONE', ( #5648, #3290, #8204, #9239 ) ) ;
#8264 = FACE_OUTER_BOUND ( 'NONE', #5339, .T. ) ;
#8265 = EDGE_CURVE ( 'NONE', #2124, #5830, #1791, .T. ) ;
#8266 =( LENGTH_UNIT ( ) NAMED_UNIT ( * ) SI_UNIT ( .MILLI., .METRE. ) );
#8267 = CIRCLE ( 'NONE', #919, 0.03542486889628656405 ) ;
#8268 = DIRECTION ( 'NONE',  ( -0.000000000000000000, -1.000000000000000000, -0.000000000000000000 ) ) ;
#8269 = CARTESIAN_POINT ( 'NONE',  ( 1.599999999998375610, -1.899999999999999689, 5.500000000000000000 ) ) ;
#8270 = FACE_OUTER_BOUND ( 'NONE', #1558, .T. ) ;
#8271 = DIRECTION ( 'NONE',  ( -0.8682466191274188505, 0.000000000000000000, 0.4961328535521575822 ) ) ;
#8272 = CARTESIAN_POINT ( 'NONE',  ( -6.305925830945592558, -6.704630743366730705, -0.7110617430582412135 ) ) ;
#8273 = CARTESIAN_POINT ( 'NONE',  ( -1.866168552841703354, -5.424745029542275887, 3.600000000000002309 ) ) ;
#8274 = PRESENTATION_STYLE_ASSIGNMENT (( #5312 ) ) ;
#8275 = AXIS2_PLACEMENT_3D ( 'NONE', #1276, #8376, #9890 ) ;
#8276 = ORIENTED_EDGE ( 'NONE', *, *, #5483, .T. ) ;
#8277 =( NAMED_UNIT ( * ) PLANE_ANGLE_UNIT ( ) SI_UNIT ( $, .RADIAN. ) );
#8278 = AXIS2_PLACEMENT_3D ( 'NONE', #1997, #6616, #5203 ) ;
#8279 = EDGE_LOOP ( 'NONE', ( #175, #1226, #9985, #6898 ) ) ;
#8280 = PRESENTATION_STYLE_ASSIGNMENT (( #7450 ) ) ;
#8281 =( LENGTH_UNIT ( ) NAMED_UNIT ( * ) SI_UNIT ( .MILLI., .METRE. ) );
#8282 = STYLED_ITEM ( 'NONE', ( #6019 ), #9611 ) ;
#8283 = FILL_AREA_STYLE_COLOUR ( '', #9039 ) ;
#8284 = ORIENTED_EDGE ( 'NONE', *, *, #3165, .T. ) ;
#8285 = EDGE_CURVE ( 'NONE', #6168, #4741, #6704, .T. ) ;
#8286 = DIRECTION ( 'NONE',  ( 3.061110680682674975E-14, 8.658270306300233006E-15, 1.000000000000000000 ) ) ;
#8287 = EDGE_LOOP ( 'NONE', ( #4309, #3228, #8072, #8357, #4898 ) ) ;
#8288 = SURFACE_SIDE_STYLE ('',( #4409 ) ) ;
#8289 = DIRECTION ( 'NONE',  ( 3.699452192357325623E-15, -2.990377384838787564E-14, 1.000000000000000000 ) ) ;
#8290 = CARTESIAN_POINT ( 'NONE',  ( -5.399999999999986144, 2.250000000000020428, 3.600000000000000977 ) ) ;
#8291 = CIRCLE ( 'NONE', #99, 0.3500000041649586890 ) ;
#8292 = FACE_OUTER_BOUND ( 'NONE', #5112, .T. ) ;
#8293 = COLOUR_RGB ( '',0.7529411764705882248, 0.7529411764705882248, 0.7529411764705882248 ) ;
#8294 = PRESENTATION_LAYER_ASSIGNMENT (  '', '', ( #4808 ) ) ;
#8295 = AXIS2_PLACEMENT_3D ( 'NONE', #4321, #5913, #7754 ) ;
#8296 = SURFACE_SIDE_STYLE ('',( #1761 ) ) ;
#8297 = UNCERTAINTY_MEASURE_WITH_UNIT (LENGTH_MEASURE( 1.000000000000000082E-05 ), #5266, 'distance_accuracy_value', 'NONE');
#8298 = AXIS2_PLACEMENT_3D ( 'NONE', #7389, #1117, #4392 ) ;
#8299 = ORIENTED_EDGE ( 'NONE', *, *, #6129, .T. ) ;
#8300 = VERTEX_POINT ( 'NONE', #8152 ) ;
#8301 = DIRECTION ( 'NONE',  ( -0.4961328535521689620, 0.000000000000000000, 0.8682466191274125222 ) ) ;
#8302 = VECTOR ( 'NONE', #3973, 1000.000000000000000 ) ;
#8303 =( NAMED_UNIT ( * ) PLANE_ANGLE_UNIT ( ) SI_UNIT ( $, .RADIAN. ) );
#8304 = EDGE_CURVE ( 'NONE', #6157, #4952, #841, .T. ) ;
#8305 = AXIS2_PLACEMENT_3D ( 'NONE', #183, #3418, #4314 ) ;
#8306 = CARTESIAN_POINT ( 'NONE',  ( -0.8000000000000000444, -4.500000000000002665, -1.199999999999998845 ) ) ;
#8307 = FILL_AREA_STYLE ('',( #4264 ) ) ;
#8308 = DIRECTION ( 'NONE',  ( -0.000000000000000000, -1.000000000000000000, -0.000000000000000000 ) ) ;
#8309 = UNCERTAINTY_MEASURE_WITH_UNIT (LENGTH_MEASURE( 1.000000000000000082E-05 ), #1391, 'distance_accuracy_value', 'NONE');
#8310 = STYLED_ITEM ( 'NONE', ( #935 ), #10260 ) ;
#8311 = ORIENTED_EDGE ( 'NONE', *, *, #5483, .F. ) ;
#8312 = CYLINDRICAL_SURFACE ( 'NONE', #4562, 0.8000000000000003775 ) ;
#8313 = ORIENTED_EDGE ( 'NONE', *, *, #8746, .T. ) ;
#8314 = DIRECTION ( 'NONE',  ( 5.025349008805825520E-14, -2.117185687950486023E-14, -1.000000000000000000 ) ) ;
#8315 = PRESENTATION_STYLE_ASSIGNMENT (( #5140 ) ) ;
#8316 = VECTOR ( 'NONE', #4897, 1000.000000000000000 ) ;
#8317 = FILL_AREA_STYLE_COLOUR ( '', #3431 ) ;
#8318 = LINE ( 'NONE', #9937, #6001 ) ;
#8319 = DIRECTION ( 'NONE',  ( -1.000000000000000000, 0.000000000000000000, 0.000000000000000000 ) ) ;
#8320 = ORIENTED_EDGE ( 'NONE', *, *, #6618, .F. ) ;
#8321 = SURFACE_SIDE_STYLE ('',( #6904 ) ) ;
#8322 = SURFACE_SIDE_STYLE ('',( #6860 ) ) ;
#8323 = CARTESIAN_POINT ( 'NONE',  ( -1.600000000000189715, 1.899999999999999689, 7.299999999999998934 ) ) ;
#8324 = DIRECTION ( 'NONE',  ( -8.673617379884112780E-15, 0.000000000000000000, -1.000000000000000000 ) ) ;
#8325 =( NAMED_UNIT ( * ) PLANE_ANGLE_UNIT ( ) SI_UNIT ( $, .RADIAN. ) );
#8326 = CARTESIAN_POINT ( 'NONE',  ( 6.473259784098476466, 2.499999999999999556, -3.109289021392665830 ) ) ;
#8327 = CARTESIAN_POINT ( 'NONE',  ( 4.400000000000000355, 4.999999999999999112, 0.4000000000000000222 ) ) ;
#8328 = DIRECTION ( 'NONE',  ( 0.000000000000000000, 1.000000000000000000, 0.000000000000000000 ) ) ;
#8329 = MECHANICAL_DESIGN_GEOMETRIC_PRESENTATION_REPRESENTATION (  '', ( #7159 ), #3163 ) ;
#8330 = UNCERTAINTY_MEASURE_WITH_UNIT (LENGTH_MEASURE( 1.000000000000000082E-05 ), #1221, 'distance_accuracy_value', 'NONE');
#8331 = ORIENTED_EDGE ( 'NONE', *, *, #735, .T. ) ;
#8332 = PLANE ( 'NONE',  #6350 ) ;
#8333 = EDGE_CURVE ( 'NONE', #9840, #10032, #1005, .T. ) ;
#8334 =( LENGTH_UNIT ( ) NAMED_UNIT ( * ) SI_UNIT ( .MILLI., .METRE. ) );
#8335 = ORIENTED_EDGE ( 'NONE', *, *, #3220, .F. ) ;
#8336 = CYLINDRICAL_SURFACE ( 'NONE', #1114, 0.3500000000000004774 ) ;
#8337 = ORIENTED_EDGE ( 'NONE', *, *, #1690, .T. ) ;
#8338 = CARTESIAN_POINT ( 'NONE',  ( 5.264382675705371994, 1.567192961986925592, 3.600000000050854077 ) ) ;
#8339 =( GEOMETRIC_REPRESENTATION_CONTEXT ( 3 ) GLOBAL_UNCERTAINTY_ASSIGNED_CONTEXT ( ( #1258 ) ) GLOBAL_UNIT_ASSIGNED_CONTEXT ( ( #8351, #252, #3478 ) ) REPRESENTATION_CONTEXT ( 'NONE', 'WORKASPACE' ) );
#8340 = DIRECTION ( 'NONE',  ( -7.540904065259495557E-13, 1.000000000000000000, -3.657375328517791986E-12 ) ) ;
#8341 =( LENGTH_UNIT ( ) NAMED_UNIT ( * ) SI_UNIT ( .MILLI., .METRE. ) );
#8342 = VECTOR ( 'NONE', #1962, 1000.000000000000227 ) ;
#8343 = AXIS2_PLACEMENT_3D ( 'NONE', #842, #4073, #7130 ) ;
#8344 = AXIS2_PLACEMENT_3D ( 'NONE', #7436, #7999, #6549 ) ;
#8345 = ORIENTED_EDGE ( 'NONE', *, *, #1806, .F. ) ;
#8346 = LINE ( 'NONE', #2552, #3095 ) ;
#8347 = ORIENTED_EDGE ( 'NONE', *, *, #8554, .T. ) ;
#8348 = DIRECTION ( 'NONE',  ( 0.000000000000000000, -0.000000000000000000, 1.000000000000000000 ) ) ;
#8349 = STYLED_ITEM ( 'NONE', ( #6339 ), #5149 ) ;
#8350 = FILL_AREA_STYLE_COLOUR ( '', #9242 ) ;
#8351 =( LENGTH_UNIT ( ) NAMED_UNIT ( * ) SI_UNIT ( .MILLI., .METRE. ) );
#8352 = CIRCLE ( 'NONE', #9683, 0.3000000000000001554 ) ;
#8353 = AXIS2_PLACEMENT_3D ( 'NONE', #4023, #6392, #3217 ) ;
#8354 = AXIS2_PLACEMENT_3D ( 'NONE', #6546, #1736, #7231 ) ;
#8355 = UNCERTAINTY_MEASURE_WITH_UNIT (LENGTH_MEASURE( 1.000000000000000082E-05 ), #146, 'distance_accuracy_value', 'NONE');
#8356 = CARTESIAN_POINT ( 'NONE',  ( 6.299999999999998046, 2.000000000000000000, 0.06415926535897897853 ) ) ;
#8357 = ORIENTED_EDGE ( 'NONE', *, *, #3976, .T. ) ;
#8358 =( NAMED_UNIT ( * ) PLANE_ANGLE_UNIT ( ) SI_UNIT ( $, .RADIAN. ) );
#8359 = VECTOR ( 'NONE', #1414, 1000.000000000000114 ) ;
#8360 = ORIENTED_EDGE ( 'NONE', *, *, #4979, .F. ) ;
#8361 = FILL_AREA_STYLE_COLOUR ( '', #7878 ) ;
#8362 = STYLED_ITEM ( 'NONE', ( #1106 ), #5406 ) ;
#8363 = CARTESIAN_POINT ( 'NONE',  ( -5.800000000000000711, 3.499999999999999556, 0.000000000000000000 ) ) ;
#8364 = DIRECTION ( 'NONE',  ( 1.000000000000000000, 0.000000000000000000, -0.000000000000000000 ) ) ;
#8365 = PRESENTATION_STYLE_ASSIGNMENT (( #8261 ) ) ;
#8366 = SURFACE_STYLE_USAGE ( .BOTH. , #2740 ) ;
#8367 = EDGE_CURVE ( 'NONE', #6105, #3129, #5538, .T. ) ;
#8368 = AXIS2_PLACEMENT_3D ( 'NONE', #6683, #5114, #8914 ) ;
#8369 = MECHANICAL_DESIGN_GEOMETRIC_PRESENTATION_REPRESENTATION (  '', ( #8 ), #3901 ) ;
#8370 = CARTESIAN_POINT ( 'NONE',  ( 5.435424868893540484, 1.891518204694831340, 3.199999999999999734 ) ) ;
#8371 = PRESENTATION_STYLE_ASSIGNMENT (( #4389 ) ) ;
#8372 = EDGE_CURVE ( 'NONE', #9229, #4464, #6861, .T. ) ;
#8373 = VERTEX_POINT ( 'NONE', #3494 ) ;
#8374 = AXIS2_PLACEMENT_3D ( 'NONE', #8849, #2647, #6502 ) ;
#8375 = CARTESIAN_POINT ( 'NONE',  ( 1.283695372222837250E-13, 1.756407519426517183E-14, 3.600000000000000533 ) ) ;
#8376 = DIRECTION ( 'NONE',  ( -0.8682466191274125222, 9.142909181781886702E-17, -0.4961328535521688510 ) ) ;
#8377 = LINE ( 'NONE', #5308, #602 ) ;
#8378 = DIRECTION ( 'NONE',  ( 0.000000000000000000, 0.000000000000000000, -1.000000000000000000 ) ) ;
#8379 = FILL_AREA_STYLE_COLOUR ( '', #3533 ) ;
#8380 = CARTESIAN_POINT ( 'NONE',  ( 1.389056478433030151, -5.528157206495057707, 3.500000000000042633 ) ) ;
#8381 = CARTESIAN_POINT ( 'NONE',  ( -6.953886316694596559, 2.000000000000000000, -2.268178905419201197 ) ) ;
#8382 = ORIENTED_EDGE ( 'NONE', *, *, #537, .F. ) ;
#8383 = FILL_AREA_STYLE_COLOUR ( '', #7512 ) ;
#8384 = AXIS2_PLACEMENT_3D ( 'NONE', #456, #5182, #1035 ) ;
#8385 = FILL_AREA_STYLE ('',( #10303 ) ) ;
#8386 = SURFACE_SIDE_STYLE ('',( #9270 ) ) ;
#8387 = SURFACE_STYLE_FILL_AREA ( #10056 ) ;
#8388 = ORIENTED_EDGE ( 'NONE', *, *, #2537, .T. ) ;
#8389 = EDGE_LOOP ( 'NONE', ( #6945, #7398, #2624, #16 ) ) ;
#8390 = CARTESIAN_POINT ( 'NONE',  ( 5.266872133368805109, 1.579686864480724928, 3.599999999108079329 ) ) ;
#8391 = DIRECTION ( 'NONE',  ( 0.000000000000000000, -0.2078790956190659789, 0.9781545284895425407 ) ) ;
#8392 = LINE ( 'NONE', #5229, #8250 ) ;
#8393 = STYLED_ITEM ( 'NONE', ( #9044 ), #3018 ) ;
#8394 = PRESENTATION_STYLE_ASSIGNMENT (( #10063 ) ) ;
#8395 = EDGE_CURVE ( 'NONE', #5236, #4608, #5885, .T. ) ;
#8396 = FILL_AREA_STYLE ('',( #4462 ) ) ;
#8397 = EDGE_CURVE ( 'NONE', #3860, #747, #9726, .T. ) ;
#8398 = CARTESIAN_POINT ( 'NONE',  ( 6.000000000000000000, -3.499999999999999556, 3.500000000000000000 ) ) ;
#8399 = ORIENTED_EDGE ( 'NONE', *, *, #5034, .T. ) ;
#8400 = TOROIDAL_SURFACE ( 'NONE', #4925, 0.03542486889337182615, 0.4000000000000107914 ) ;
#8401 = CARTESIAN_POINT ( 'NONE',  ( 1.599999999999997868, -1.899999999999999911, 6.999999999999999112 ) ) ;
#8402 = VERTEX_POINT ( 'NONE', #8991 ) ;
#8403 = DIRECTION ( 'NONE',  ( -1.000000000000000000, 0.000000000000000000, 0.000000000000000000 ) ) ;
#8404 = EDGE_CURVE ( 'NONE', #5635, #9261, #4954, .T. ) ;
#8405 = MECHANICAL_DESIGN_GEOMETRIC_PRESENTATION_REPRESENTATION (  '', ( #391 ), #8560 ) ;
#8406 = VECTOR ( 'NONE', #7572, 1000.000000000000000 ) ;
#8407 = CARTESIAN_POINT ( 'NONE',  ( -6.420179204657450178, 2.937096592108938697, -3.202181546672993484 ) ) ;
#8408 =( LENGTH_UNIT ( ) NAMED_UNIT ( * ) SI_UNIT ( .MILLI., .METRE. ) );
#8409 = VECTOR ( 'NONE', #3749, 1000.000000000000000 ) ;
#8410 = EDGE_CURVE ( 'NONE', #6444, #8925, #1676, .T. ) ;
#8411 = STYLED_ITEM ( 'NONE', ( #6688 ), #4715 ) ;
#8412 = COLOUR_RGB ( '',1.000000000000000000, 1.000000000000000000, 1.000000000000000000 ) ;
#8413 = ORIENTED_EDGE ( 'NONE', *, *, #5726, .F. ) ;
#8414 = FILL_AREA_STYLE ('',( #2731 ) ) ;
#8415 = DIRECTION ( 'NONE',  ( -1.000000000000000000, -9.606819966973619404E-30, -5.025349008805825520E-14 ) ) ;
#8416 = CARTESIAN_POINT ( 'NONE',  ( -6.000000000000000000, -2.999999999999999112, 1.146410165690351146 ) ) ;
#8417 = PRESENTATION_STYLE_ASSIGNMENT (( #8514 ) ) ;
#8418 = DIRECTION ( 'NONE',  ( -1.000000000000000000, 4.336808689942025625E-15, 0.000000000000000000 ) ) ;
#8419 = DIRECTION ( 'NONE',  ( 0.000000000000000000, -0.000000000000000000, -1.000000000000000000 ) ) ;
#8420 = CARTESIAN_POINT ( 'NONE',  ( 6.000000000000023981, 0.000000000000000000, 7.064159265358981088 ) ) ;
#8421 = AXIS2_PLACEMENT_3D ( 'NONE', #7034, #6249, #9425 ) ;
#8422 = AXIS2_PLACEMENT_3D ( 'NONE', #449, #484, #9278 ) ;
#8423 = PRESENTATION_LAYER_ASSIGNMENT (  '', '', ( #7093 ) ) ;
#8424 = CARTESIAN_POINT ( 'NONE',  ( 5.800000000000000711, 4.999999999999992895, 3.299999999999999822 ) ) ;
#8425 = CARTESIAN_POINT ( 'NONE',  ( 6.212785798360252798, 2.499999999999999556, -2.960449165327014853 ) ) ;
#8426 = ORIENTED_EDGE ( 'NONE', *, *, #818, .F. ) ;
#8427 = SURFACE_SIDE_STYLE ('',( #7490 ) ) ;
#8428 = CARTESIAN_POINT ( 'NONE',  ( 6.650000000000000355, -2.999999999999999556, -2.094532406675943648 ) ) ;
#8429 = FACE_OUTER_BOUND ( 'NONE', #2431, .T. ) ;
#8430 =( NAMED_UNIT ( * ) SI_UNIT ( $, .STERADIAN. ) SOLID_ANGLE_UNIT ( ) );
#8431 = ADVANCED_FACE ( 'NONE', ( #5054 ), #4703, .T. ) ;
#8432 = DIRECTION ( 'NONE',  ( 0.000000000000000000, -1.000000000000000000, 0.000000000000000000 ) ) ;
#8433 = EDGE_CURVE ( 'NONE', #7507, #4017, #3721, .T. ) ;
#8434 = FACE_OUTER_BOUND ( 'NONE', #1479, .T. ) ;
#8435 = DIRECTION ( 'NONE',  ( -1.000000000000000000, 0.000000000000000000, 0.000000000000000000 ) ) ;
#8436 = ORIENTED_EDGE ( 'NONE', *, *, #5645, .T. ) ;
#8437 = FILL_AREA_STYLE_COLOUR ( '', #327 ) ;
#8438 = SURFACE_STYLE_USAGE ( .BOTH. , #9955 ) ;
#8439 = ADVANCED_FACE ( 'NONE', ( #6717 ), #1186, .T. ) ;
#8440 = FACE_OUTER_BOUND ( 'NONE', #4370, .T. ) ;
#8441 = ORIENTED_EDGE ( 'NONE', *, *, #2722, .T. ) ;
#8442 = SURFACE_STYLE_FILL_AREA ( #5364 ) ;
#8443 = EDGE_LOOP ( 'NONE', ( #4447, #9608, #10354, #4718 ) ) ;
#8444 = AXIS2_PLACEMENT_3D ( 'NONE', #1382, #4593, #528 ) ;
#8445 = VECTOR ( 'NONE', #9833, 1000.000000000000000 ) ;
#8446 =( NAMED_UNIT ( * ) SI_UNIT ( $, .STERADIAN. ) SOLID_ANGLE_UNIT ( ) );
#8447 = CARTESIAN_POINT ( 'NONE',  ( -5.000000000000001776, -5.000000000000000888, 3.500000000000000444 ) ) ;
#8448 =( GEOMETRIC_REPRESENTATION_CONTEXT ( 3 ) GLOBAL_UNCERTAINTY_ASSIGNED_CONTEXT ( ( #7069 ) ) GLOBAL_UNIT_ASSIGNED_CONTEXT ( ( #4814, #4041, #3294 ) ) REPRESENTATION_CONTEXT ( 'NONE', 'WORKASPACE' ) );
#8449 = EDGE_CURVE ( 'NONE', #8897, #760, #1368, .T. ) ;
#8450 = AXIS2_PLACEMENT_3D ( 'NONE', #8428, #1958, #8523 ) ;
#8451 = AXIS2_PLACEMENT_3D ( 'NONE', #1674, #4891, #7272 ) ;
#8452 = VERTEX_POINT ( 'NONE', #3698 ) ;
#8453 = SURFACE_SIDE_STYLE ('',( #9418 ) ) ;
#8454 =( LENGTH_UNIT ( ) NAMED_UNIT ( * ) SI_UNIT ( .MILLI., .METRE. ) );
#8455 = ORIENTED_EDGE ( 'NONE', *, *, #5382, .T. ) ;
#8456 = FILL_AREA_STYLE ('',( #3836 ) ) ;
#8457 = MECHANICAL_DESIGN_GEOMETRIC_PRESENTATION_REPRESENTATION (  '', ( #2619 ), #3302 ) ;
#8458 = EDGE_CURVE ( 'NONE', #4369, #4952, #7194, .T. ) ;
#8459 = CIRCLE ( 'NONE', #762, 5.885424868894200578 ) ;
#8460 = UNCERTAINTY_MEASURE_WITH_UNIT (LENGTH_MEASURE( 1.000000000000000082E-05 ), #3183, 'distance_accuracy_value', 'NONE');
#8461 = LINE ( 'NONE', #2835, #10073 ) ;
#8462 = DIRECTION ( 'NONE',  ( -0.3846153846151922351, -0.9230769230770033973, -2.948870619148489200E-14 ) ) ;
#8463 = DIRECTION ( 'NONE',  ( -1.000000000000000000, -5.300447580846951839E-11, 0.000000000000000000 ) ) ;
#8464 = UNCERTAINTY_MEASURE_WITH_UNIT (LENGTH_MEASURE( 1.000000000000000082E-05 ), #4363, 'distance_accuracy_value', 'NONE');
#8465 = MECHANICAL_DESIGN_GEOMETRIC_PRESENTATION_REPRESENTATION (  '', ( #7131 ), #4494 ) ;
#8466 = AXIS2_PLACEMENT_3D ( 'NONE', #4260, #248, #6379 ) ;
#8467 = DIRECTION ( 'NONE',  ( -1.181169560914866960E-29, 1.000000000000000000, 1.637038975914476666E-13 ) ) ;
#8468 = ORIENTED_EDGE ( 'NONE', *, *, #3146, .F. ) ;
#8469 = CARTESIAN_POINT ( 'NONE',  ( 6.953886316694597447, 2.000000000000000000, -2.268178905419202973 ) ) ;
#8470 = STYLED_ITEM ( 'NONE', ( #1510 ), #209 ) ;
#8471 = DIRECTION ( 'NONE',  ( -0.1179568432022813779, -0.9713257602420880543, 0.2064278339562816145 ) ) ;
#8472 = COLOUR_RGB ( '',1.000000000000000000, 1.000000000000000000, 1.000000000000000000 ) ;
#8473 = CARTESIAN_POINT ( 'NONE',  ( -1.599999999999999423, 1.599999999999998979, 7.000000000000000000 ) ) ;
#8474 = SURFACE_STYLE_USAGE ( .BOTH. , #313 ) ;
#8475 = CARTESIAN_POINT ( 'NONE',  ( 5.000000000000000000, -5.800000000000000711, 0.000000000000000000 ) ) ;
#8476 = EDGE_CURVE ( 'NONE', #10221, #514, #5693, .T. ) ;
#8477 = DIRECTION ( 'NONE',  ( -0.000000000000000000, -1.000000000000000000, -0.000000000000000000 ) ) ;
#8478 = VERTEX_POINT ( 'NONE', #4519 ) ;
#8479 = AXIS2_PLACEMENT_3D ( 'NONE', #4737, #2364, #5569 ) ;
#8480 = ORIENTED_EDGE ( 'NONE', *, *, #1310, .T. ) ;
#8481 = CARTESIAN_POINT ( 'NONE',  ( -6.287205726393079175, -1.999999999999999112, -2.830212172457900799 ) ) ;
#8482 = CARTESIAN_POINT ( 'NONE',  ( 6.349999999999997868, 2.000000000000000000, -0.6874509908007693237 ) ) ;
#8483 = CARTESIAN_POINT ( 'NONE',  ( -1.891518204694832672, -5.434587693179138590, 3.600000000000003197 ) ) ;
#8484 = LINE ( 'NONE', #4635, #9333 ) ;
#8485 =( LENGTH_UNIT ( ) NAMED_UNIT ( * ) SI_UNIT ( .MILLI., .METRE. ) );
#8486 = DIRECTION ( 'NONE',  ( -0.000000000000000000, -0.000000000000000000, 1.000000000000000000 ) ) ;
#8487 = ORIENTED_EDGE ( 'NONE', *, *, #4412, .F. ) ;
#8488 = CARTESIAN_POINT ( 'NONE',  ( 6.287205726393077398, 2.000000000000000888, -2.830212172457904352 ) ) ;
#8489 = SURFACE_STYLE_FILL_AREA ( #2119 ) ;
#8490 = DIRECTION ( 'NONE',  ( -1.000000000000000000, 0.000000000000000000, 0.000000000000000000 ) ) ;
#8491 =( NAMED_UNIT ( * ) PLANE_ANGLE_UNIT ( ) SI_UNIT ( $, .RADIAN. ) );
#8492 = ORIENTED_EDGE ( 'NONE', *, *, #4131, .F. ) ;
#8493 = STYLED_ITEM ( 'NONE', ( #3686 ), #1747 ) ;
#8494 = FACE_OUTER_BOUND ( 'NONE', #4243, .T. ) ;
#8495 = DIRECTION ( 'NONE',  ( -1.084202172485503842E-15, -1.000000000000000000, 0.000000000000000000 ) ) ;
#8496 = PLANE ( 'NONE',  #5757 ) ;
#8497 = CARTESIAN_POINT ( 'NONE',  ( 6.212785798360255463, -2.499999999999999556, -2.960449165327015741 ) ) ;
#8498 = LINE ( 'NONE', #1343, #819 ) ;
#8499 = AXIS2_PLACEMENT_3D ( 'NONE', #6501, #8802, #856 ) ;
#8500 =( NAMED_UNIT ( * ) SI_UNIT ( $, .STERADIAN. ) SOLID_ANGLE_UNIT ( ) );
#8501 = ORIENTED_EDGE ( 'NONE', *, *, #8851, .T. ) ;
#8502 = CARTESIAN_POINT ( 'NONE',  ( -3.825878416158453034E-17, 4.500000000000002665, -1.199999999999996847 ) ) ;
#8503 = ORIENTED_EDGE ( 'NONE', *, *, #7628, .T. ) ;
#8504 =( NAMED_UNIT ( * ) SI_UNIT ( $, .STERADIAN. ) SOLID_ANGLE_UNIT ( ) );
#8505 = ORIENTED_EDGE ( 'NONE', *, *, #5534, .T. ) ;
#8506 =( LENGTH_UNIT ( ) NAMED_UNIT ( * ) SI_UNIT ( .MILLI., .METRE. ) );
#8507 = CIRCLE ( 'NONE', #6166, 0.4500000000000001221 ) ;
#8508 =( GEOMETRIC_REPRESENTATION_CONTEXT ( 3 ) GLOBAL_UNCERTAINTY_ASSIGNED_CONTEXT ( ( #8638 ) ) GLOBAL_UNIT_ASSIGNED_CONTEXT ( ( #7246, #1492, #632 ) ) REPRESENTATION_CONTEXT ( 'NONE', 'WORKASPACE' ) );
#8509 = STYLED_ITEM ( 'NONE', ( #7667 ), #5780 ) ;
#8510 = ORIENTED_EDGE ( 'NONE', *, *, #5416, .F. ) ;
#8511 = EDGE_CURVE ( 'NONE', #6509, #9103, #8352, .T. ) ;
#8512 =( GEOMETRIC_REPRESENTATION_CONTEXT ( 3 ) GLOBAL_UNCERTAINTY_ASSIGNED_CONTEXT ( ( #2378 ) ) GLOBAL_UNIT_ASSIGNED_CONTEXT ( ( #4742, #10204, #8796 ) ) REPRESENTATION_CONTEXT ( 'NONE', 'WORKASPACE' ) );
#8513 = AXIS2_PLACEMENT_3D ( 'NONE', #5772, #8944, #8205 ) ;
#8514 = SURFACE_STYLE_USAGE ( .BOTH. , #4569 ) ;
#8515 = AXIS2_PLACEMENT_3D ( 'NONE', #2986, #9253, #9206 ) ;
#8516 = FILL_AREA_STYLE ('',( #5499 ) ) ;
#8517 = EDGE_CURVE ( 'NONE', #5490, #7914, #6916, .T. ) ;
#8518 = COLOUR_RGB ( '',0.7529411764705882248, 0.7529411764705882248, 0.7529411764705882248 ) ;
#8519 = CARTESIAN_POINT ( 'NONE',  ( 0.000000000000000000, 0.000000000000000000, 3.600000000000001421 ) ) ;
#8520 = ORIENTED_EDGE ( 'NONE', *, *, #7766, .T. ) ;
#8521 = PRESENTATION_LAYER_ASSIGNMENT (  '', '', ( #8362 ) ) ;
#8522 = VERTEX_POINT ( 'NONE', #375 ) ;
#8523 = DIRECTION ( 'NONE',  ( 0.000000000000000000, 0.000000000000000000, 1.000000000000000000 ) ) ;
#8524 = CARTESIAN_POINT ( 'NONE',  ( -1.873366220192616671, -5.430920068505818321, 3.600000000000003642 ) ) ;
#8525 = SURFACE_STYLE_FILL_AREA ( #2265 ) ;
#8526 = DIRECTION ( 'NONE',  ( 8.294146619514019306E-14, 0.6614378277661608907, 0.7499999999999883427 ) ) ;
#8527 = CIRCLE ( 'NONE', #10188, 0.1999999999999996503 ) ;
#8528 = VECTOR ( 'NONE', #1807, 1000.000000000000000 ) ;
#8529 = VERTEX_POINT ( 'NONE', #9941 ) ;
#8530 = EDGE_CURVE ( 'NONE', #1729, #4298, #1996, .T. ) ;
#8531 = DIRECTION ( 'NONE',  ( 0.000000000000000000, 0.000000000000000000, -1.000000000000000000 ) ) ;
#8532 = DIRECTION ( 'NONE',  ( 1.053031360026544826E-16, 1.000000000000000000, 0.000000000000000000 ) ) ;
#8533 = UNCERTAINTY_MEASURE_WITH_UNIT (LENGTH_MEASURE( 1.000000000000000082E-05 ), #9995, 'distance_accuracy_value', 'NONE');
#8534 = ORIENTED_EDGE ( 'NONE', *, *, #4252, .T. ) ;
#8535 =( GEOMETRIC_REPRESENTATION_CONTEXT ( 3 ) GLOBAL_UNCERTAINTY_ASSIGNED_CONTEXT ( ( #5761 ) ) GLOBAL_UNIT_ASSIGNED_CONTEXT ( ( #5646, #7979, #9644 ) ) REPRESENTATION_CONTEXT ( 'NONE', 'WORKASPACE' ) );
#8536 = DIRECTION ( 'NONE',  ( -1.053031360026544826E-16, -1.000000000000000000, -0.000000000000000000 ) ) ;
#8537 = SURFACE_STYLE_FILL_AREA ( #630 ) ;
#8538 = VECTOR ( 'NONE', #224, 1000.000000000000000 ) ;
#8539 =( NAMED_UNIT ( * ) PLANE_ANGLE_UNIT ( ) SI_UNIT ( $, .RADIAN. ) );
#8540 = AXIS2_PLACEMENT_3D ( 'NONE', #8873, #924, #188 ) ;
#8541 = CARTESIAN_POINT ( 'NONE',  ( -1.899999999999999911, -1.500000000000000000, 5.500000000000000000 ) ) ;
#8542 = SURFACE_STYLE_USAGE ( .BOTH. , #634 ) ;
#8543 = PRESENTATION_LAYER_ASSIGNMENT (  '', '', ( #3578 ) ) ;
#8544 = ORIENTED_EDGE ( 'NONE', *, *, #10086, .T. ) ;
#8545 = DIRECTION ( 'NONE',  ( 0.000000000000000000, 1.000000000000000000, 0.000000000000000000 ) ) ;
#8546 = ORIENTED_EDGE ( 'NONE', *, *, #4412, .T. ) ;
#8547 = DIRECTION ( 'NONE',  ( 0.000000000000000000, 0.000000000000000000, -1.000000000000000000 ) ) ;
#8548 = ORIENTED_EDGE ( 'NONE', *, *, #8577, .F. ) ;
#8549 = PLANE ( 'NONE',  #6422 ) ;
#8550 = ADVANCED_FACE ( 'NONE', ( #10186 ), #768, .F. ) ;
#8551 = VERTEX_POINT ( 'NONE', #5448 ) ;
#8552 = CARTESIAN_POINT ( 'NONE',  ( -5.528157206495057707, 1.389056478433030595, 3.500000000000039968 ) ) ;
#8553 = CIRCLE ( 'NONE', #4085, 0.3499999999999996447 ) ;
#8554 = EDGE_CURVE ( 'NONE', #7888, #9478, #1520, .T. ) ;
#8555 = STYLED_ITEM ( 'NONE', ( #2627 ), #3036 ) ;
#8556 = STYLED_ITEM ( 'NONE', ( #2641 ), #2723 ) ;
#8557 =( NAMED_UNIT ( * ) SI_UNIT ( $, .STERADIAN. ) SOLID_ANGLE_UNIT ( ) );
#8558 = ORIENTED_EDGE ( 'NONE', *, *, #3181, .F. ) ;
#8559 =( LENGTH_UNIT ( ) NAMED_UNIT ( * ) SI_UNIT ( .MILLI., .METRE. ) );
#8560 =( GEOMETRIC_REPRESENTATION_CONTEXT ( 3 ) GLOBAL_UNCERTAINTY_ASSIGNED_CONTEXT ( ( #10128 ) ) GLOBAL_UNIT_ASSIGNED_CONTEXT ( ( #9876, #5251, #5826 ) ) REPRESENTATION_CONTEXT ( 'NONE', 'WORKASPACE' ) );
#8561 = AXIS2_PLACEMENT_3D ( 'NONE', #8844, #116, #61 ) ;
#8562 = VECTOR ( 'NONE', #9295, 1000.000000000000000 ) ;
#8563 = EDGE_CURVE ( 'NONE', #4304, #6802, #664, .T. ) ;
#8564 = MECHANICAL_DESIGN_GEOMETRIC_PRESENTATION_REPRESENTATION (  '', ( #9728 ), #2230 ) ;
#8565 = CARTESIAN_POINT ( 'NONE',  ( 0.000000000000000000, 1.500000000000000000, 5.500000000000000000 ) ) ;
#8566 =( LENGTH_UNIT ( ) NAMED_UNIT ( * ) SI_UNIT ( .MILLI., .METRE. ) );
#8567 = EDGE_CURVE ( 'NONE', #9629, #2474, #8711, .T. ) ;
#8568 = AXIS2_PLACEMENT_3D ( 'NONE', #3310, #4830, #6326 ) ;
#8569 = PRESENTATION_LAYER_ASSIGNMENT (  '', '', ( #552 ) ) ;
#8570 = DIRECTION ( 'NONE',  ( 0.000000000000000000, -1.000000000000000000, 1.229047034060748073E-14 ) ) ;
#8571 = VERTEX_POINT ( 'NONE', #4668 ) ;
#8572 = CARTESIAN_POINT ( 'NONE',  ( -6.212785798360255463, -2.499999999999998668, -2.960449165327015741 ) ) ;
#8573 =( NAMED_UNIT ( * ) SI_UNIT ( $, .STERADIAN. ) SOLID_ANGLE_UNIT ( ) );
#8574 = FILL_AREA_STYLE_COLOUR ( '', #8472 ) ;
#8575 = EDGE_CURVE ( 'NONE', #5891, #5095, #7205, .T. ) ;
#8576 = FILL_AREA_STYLE_COLOUR ( '', #658 ) ;
#8577 = EDGE_CURVE ( 'NONE', #1150, #1830, #9560, .T. ) ;
#8578 = DIRECTION ( 'NONE',  ( 2.478176364762575186E-15, 0.000000000000000000, 1.000000000000000000 ) ) ;
#8579 = ORIENTED_EDGE ( 'NONE', *, *, #184, .F. ) ;
#8580 =( LENGTH_UNIT ( ) NAMED_UNIT ( * ) SI_UNIT ( .MILLI., .METRE. ) );
#8581 = ORIENTED_EDGE ( 'NONE', *, *, #3697, .T. ) ;
#8582 = CARTESIAN_POINT ( 'NONE',  ( -1.462164714140030464, 5.819112848942165073, 3.599999999999995648 ) ) ;
#8583 = AXIS2_PLACEMENT_3D ( 'NONE', #9337, #653, #5384 ) ;
#8584 = DIRECTION ( 'NONE',  ( 3.491483361109382461E-15, -0.000000000000000000, -1.000000000000000000 ) ) ;
#8585 = CARTESIAN_POINT ( 'NONE',  ( -6.693412330956372891, -6.704630743366730705, -2.119339049353550219 ) ) ;
#8586 = FILL_AREA_STYLE_COLOUR ( '', #448 ) ;
#8587 = VERTEX_POINT ( 'NONE', #3798 ) ;
#8588 = PLANE ( 'NONE',  #294 ) ;
#8589 = ADVANCED_FACE ( 'NONE', ( #9349 ), #3150, .T. ) ;
#8590 =( LENGTH_UNIT ( ) NAMED_UNIT ( * ) SI_UNIT ( .MILLI., .METRE. ) );
#8591 = SURFACE_SIDE_STYLE ('',( #8537 ) ) ;
#8592 = FILL_AREA_STYLE_COLOUR ( '', #5423 ) ;
#8593 = DIRECTION ( 'NONE',  ( -0.000000000000000000, 0.000000000000000000, -1.000000000000000000 ) ) ;
#8594 =( NAMED_UNIT ( * ) PLANE_ANGLE_UNIT ( ) SI_UNIT ( $, .RADIAN. ) );
#8595 = DIRECTION ( 'NONE',  ( 0.000000000000000000, 0.000000000000000000, 1.000000000000000000 ) ) ;
#8596 = EDGE_CURVE ( 'NONE', #1460, #7916, #505, .T. ) ;
#8597 = PRESENTATION_LAYER_ASSIGNMENT (  '', '', ( #2271 ) ) ;
#8598 = EDGE_LOOP ( 'NONE', ( #3868, #1665, #9498, #9075, #8988, #2760 ) ) ;
#8599 = PLANE ( 'NONE',  #4062 ) ;
#8600 = VERTEX_POINT ( 'NONE', #983 ) ;
#8601 =( LENGTH_UNIT ( ) NAMED_UNIT ( * ) SI_UNIT ( .MILLI., .METRE. ) );
#8602 = ORIENTED_EDGE ( 'NONE', *, *, #5636, .F. ) ;
#8603 = CARTESIAN_POINT ( 'NONE',  ( -3.954825758595142737, 4.627038061433178306, 3.555911659346358888 ) ) ;
#8604 = DIRECTION ( 'NONE',  ( 5.292964219876117239E-15, 1.256337252201401002E-14, 1.000000000000000000 ) ) ;
#8605 =( NAMED_UNIT ( * ) PLANE_ANGLE_UNIT ( ) SI_UNIT ( $, .RADIAN. ) );
#8606 = DIRECTION ( 'NONE',  ( 0.000000000000000000, 0.000000000000000000, -1.000000000000000000 ) ) ;
#8607 = ORIENTED_EDGE ( 'NONE', *, *, #6072, .T. ) ;
#8608 = AXIS2_PLACEMENT_3D ( 'NONE', #1847, #112, #9626 ) ;
#8609 = FILL_AREA_STYLE_COLOUR ( '', #1678 ) ;
#8610 =( GEOMETRIC_REPRESENTATION_CONTEXT ( 3 ) GLOBAL_UNCERTAINTY_ASSIGNED_CONTEXT ( ( #5397 ) ) GLOBAL_UNIT_ASSIGNED_CONTEXT ( ( #8601, #10124, #2934 ) ) REPRESENTATION_CONTEXT ( 'NONE', 'WORKASPACE' ) );
#8611 = DIRECTION ( 'NONE',  ( 3.274077951839322246E-14, 1.637038975914476918E-13, -1.000000000000000000 ) ) ;
#8612 = EDGE_LOOP ( 'NONE', ( #3328, #523, #7821, #4828 ) ) ;
#8613 = DIRECTION ( 'NONE',  ( 0.000000000000000000, 0.000000000000000000, 1.000000000000000000 ) ) ;
#8614 = MECHANICAL_DESIGN_GEOMETRIC_PRESENTATION_REPRESENTATION (  '', ( #8282 ), #8780 ) ;
#8615 = DIRECTION ( 'NONE',  ( -3.274077951839322246E-14, -1.637038975914476918E-13, 1.000000000000000000 ) ) ;
#8616 = DIRECTION ( 'NONE',  ( 8.673617379884037050E-15, 5.446308913118851684E-12, -1.000000000000000000 ) ) ;
#8617 = CARTESIAN_POINT ( 'NONE',  ( 6.000000000000000000, -5.000000000000000000, 0.4000000000000000222 ) ) ;
#8618 = STYLED_ITEM ( 'NONE', ( #2923 ), #3830 ) ;
#8619 = VECTOR ( 'NONE', #1461, 1000.000000000000000 ) ;
#8620 = CARTESIAN_POINT ( 'NONE',  ( -6.305925830945593447, 6.704630743366732482, -0.7110617430582416576 ) ) ;
#8621 = CARTESIAN_POINT ( 'NONE',  ( 6.000000000000000000, 3.499999999999999556, 0.4000000000000000222 ) ) ;
#8622 = ORIENTED_EDGE ( 'NONE', *, *, #2972, .T. ) ;
#8623 = UNCERTAINTY_MEASURE_WITH_UNIT (LENGTH_MEASURE( 1.000000000000000082E-05 ), #8772, 'distance_accuracy_value', 'NONE');
#8624 = CIRCLE ( 'NONE', #6304, 0.1999999999999996503 ) ;
#8625 = PRESENTATION_STYLE_ASSIGNMENT (( #7227 ) ) ;
#8626 = EDGE_LOOP ( 'NONE', ( #7630, #7761 ) ) ;
#8627 = DIRECTION ( 'NONE',  ( 0.000000000000000000, -1.000000000000000000, 1.301042606982613367E-14 ) ) ;
#8628 = CARTESIAN_POINT ( 'NONE',  ( 4.750000000000000000, -4.750000000000000000, 3.499999999999997780 ) ) ;
#8629 = EDGE_LOOP ( 'NONE', ( #4677, #8607, #3305, #5042, #9353 ) ) ;
#8630 = CARTESIAN_POINT ( 'NONE',  ( 5.989526014261778109, 2.499999999999999556, -3.351160143934351243 ) ) ;
#8631 = UNCERTAINTY_MEASURE_WITH_UNIT (LENGTH_MEASURE( 1.000000000000000082E-05 ), #10079, 'distance_accuracy_value', 'NONE');
#8632 = CARTESIAN_POINT ( 'NONE',  ( 5.800000000000000711, 3.499999999999999556, 0.000000000000000000 ) ) ;
#8633 = CIRCLE ( 'NONE', #8133, 0.2999999999999999334 ) ;
#8634 = PRESENTATION_STYLE_ASSIGNMENT (( #7271 ) ) ;
#8635 = DIRECTION ( 'NONE',  ( -0.000000000000000000, -0.000000000000000000, 1.000000000000000000 ) ) ;
#8637 = MECHANICAL_DESIGN_GEOMETRIC_PRESENTATION_REPRESENTATION (  '', ( #6828 ), #9631 ) ;
#8636 = SURFACE_STYLE_USAGE ( .BOTH. , #9470 ) ;
#8638 = UNCERTAINTY_MEASURE_WITH_UNIT (LENGTH_MEASURE( 1.000000000000000082E-05 ), #7246, 'distance_accuracy_value', 'NONE');
#8639 = CARTESIAN_POINT ( 'NONE',  ( -2.604402120647289820, -5.500000000000000000, 3.558172177954770365 ) ) ;
#8640 = ORIENTED_EDGE ( 'NONE', *, *, #5998, .T. ) ;
#8641 = PRESENTATION_STYLE_ASSIGNMENT (( #7961 ) ) ;
#8642 = DIRECTION ( 'NONE',  ( 0.000000000000000000, 0.000000000000000000, 1.000000000000000000 ) ) ;
#8643 = DIRECTION ( 'NONE',  ( 0.8682466191274128553, 0.000000000000000000, -0.4961328535521683514 ) ) ;
#8644 = LINE ( 'NONE', #1489, #3260 ) ;
#8645 = PRESENTATION_LAYER_ASSIGNMENT (  '', '', ( #5162 ) ) ;
#8646 =( NAMED_UNIT ( * ) SI_UNIT ( $, .STERADIAN. ) SOLID_ANGLE_UNIT ( ) );
#8647 = EDGE_CURVE ( 'NONE', #4106, #466, #8527, .T. ) ;
#8648 = EDGE_LOOP ( 'NONE', ( #700, #9540, #4630, #5292 ) ) ;
#8649 = VERTEX_POINT ( 'NONE', #5819 ) ;
#8650 = DIRECTION ( 'NONE',  ( 1.053031360026544826E-16, 1.000000000000000000, 0.000000000000000000 ) ) ;
#8651 = EDGE_LOOP ( 'NONE', ( #9893, #10170, #9249, #5977, #2872, #863, #2335, #10143, #18, #7971, #9365, #4982, #9028 ) ) ;
#8652 = FILL_AREA_STYLE_COLOUR ( '', #4143 ) ;
#8653 = DIRECTION ( 'NONE',  ( 1.000000000000000000, -0.000000000000000000, 0.000000000000000000 ) ) ;
#8654 = SURFACE_STYLE_USAGE ( .BOTH. , #5486 ) ;
#8655 =( NAMED_UNIT ( * ) SI_UNIT ( $, .STERADIAN. ) SOLID_ANGLE_UNIT ( ) );
#8656 = CARTESIAN_POINT ( 'NONE',  ( -4.999999999999998224, -5.000000000000000888, -1.057097118173366823E-15 ) ) ;
#8657 = ORIENTED_EDGE ( 'NONE', *, *, #4339, .F. ) ;
#8658 = STYLED_ITEM ( 'NONE', ( #3523 ), #1659 ) ;
#8659 = PRESENTATION_STYLE_ASSIGNMENT (( #6064 ) ) ;
#8660 = VERTEX_POINT ( 'NONE', #8825 ) ;
#8661 = SURFACE_STYLE_USAGE ( .BOTH. , #4567 ) ;
#8662 = CARTESIAN_POINT ( 'NONE',  ( -3.949999999999999734, -4.750000000000000000, 3.600000000000001421 ) ) ;
#8663 = DIRECTION ( 'NONE',  ( -1.000000000000000000, 0.000000000000000000, 0.000000000000000000 ) ) ;
#8664 = AXIS2_PLACEMENT_3D ( 'NONE', #4374, #1937, #10026 ) ;
#8665 = VECTOR ( 'NONE', #5889, 1000.000000000000000 ) ;
#8666 =( NAMED_UNIT ( * ) SI_UNIT ( $, .STERADIAN. ) SOLID_ANGLE_UNIT ( ) );
#8667 = VECTOR ( 'NONE', #8909, 1000.000000000000000 ) ;
#8668 = VERTEX_POINT ( 'NONE', #4214 ) ;
#8669 = COLOUR_RGB ( '',1.000000000000000000, 1.000000000000000000, 1.000000000000000000 ) ;
#8670 =( NAMED_UNIT ( * ) SI_UNIT ( $, .STERADIAN. ) SOLID_ANGLE_UNIT ( ) );
#8671 = DIRECTION ( 'NONE',  ( -1.000000000000000000, 0.000000000000000000, -0.000000000000000000 ) ) ;
#8672 = VECTOR ( 'NONE', #7689, 1000.000000000000000 ) ;
#8673 = DIRECTION ( 'NONE',  ( -1.000000000000000000, -1.222978688985946960E-15, -0.000000000000000000 ) ) ;
#8674 = VERTEX_POINT ( 'NONE', #7988 ) ;
#8675 = DIRECTION ( 'NONE',  ( -0.000000000000000000, -0.000000000000000000, 1.000000000000000000 ) ) ;
#8676 = EDGE_CURVE ( 'NONE', #6509, #7553, #1015, .T. ) ;
#8677 = ORIENTED_EDGE ( 'NONE', *, *, #9327, .T. ) ;
#8678 = EDGE_CURVE ( 'NONE', #6157, #5587, #1868, .T. ) ;
#8679 = AXIS2_PLACEMENT_3D ( 'NONE', #7386, #5671, #3387 ) ;
#8680 = B_SPLINE_CURVE_WITH_KNOTS ( 'NONE', 3,
 ( #2498, #9543, #3241, #1455, #7049, #3080, #9436, #8707, #3940, #3134 ),
 .UNSPECIFIED., .F., .F.,
 ( 4, 2, 2, 2, 4 ),
 ( 3.805534180917389138E-18, 0.0003028344262384906642, 0.0006056688524769775336, 0.0009085032787154644031, 0.001211337704953951381 ),
 .UNSPECIFIED. ) ;
#8681 = LINE ( 'NONE', #783, #998 ) ;
#8682 = AXIS2_PLACEMENT_3D ( 'NONE', #551, #3893, #6158 ) ;
#8683 = MECHANICAL_DESIGN_GEOMETRIC_PRESENTATION_REPRESENTATION (  '', ( #6181 ), #4222 ) ;
#8684 = ADVANCED_FACE ( 'NONE', ( #4115 ), #8599, .F. ) ;
#8685 =( GEOMETRIC_REPRESENTATION_CONTEXT ( 3 ) GLOBAL_UNCERTAINTY_ASSIGNED_CONTEXT ( ( #8355 ) ) GLOBAL_UNIT_ASSIGNED_CONTEXT ( ( #146, #9992, #9110 ) ) REPRESENTATION_CONTEXT ( 'NONE', 'WORKASPACE' ) );
#8686 = FILL_AREA_STYLE_COLOUR ( '', #4963 ) ;
#8687 = CARTESIAN_POINT ( 'NONE',  ( -3.600000000000001421, -5.800000000000000711, 0.2000000000000000944 ) ) ;
#8688 = ORIENTED_EDGE ( 'NONE', *, *, #3976, .F. ) ;
#8689 = AXIS2_PLACEMENT_3D ( 'NONE', #3516, #3353, #6690 ) ;
#8690 = DIRECTION ( 'NONE',  ( 0.000000000000000000, -0.2078790956190631756, 0.9781545284895430958 ) ) ;
#8691 = FILL_AREA_STYLE ('',( #9530 ) ) ;
#8692 =( GEOMETRIC_REPRESENTATION_CONTEXT ( 3 ) GLOBAL_UNCERTAINTY_ASSIGNED_CONTEXT ( ( #196 ) ) GLOBAL_UNIT_ASSIGNED_CONTEXT ( ( #4357, #1181, #2870 ) ) REPRESENTATION_CONTEXT ( 'NONE', 'WORKASPACE' ) );
#8693 = PRESENTATION_STYLE_ASSIGNMENT (( #5972 ) ) ;
#8694 = FACE_OUTER_BOUND ( 'NONE', #5808, .T. ) ;
#8695 = LINE ( 'NONE', #7857, #2881 ) ;
#8696 = ADVANCED_FACE ( 'NONE', ( #4607 ), #2026, .T. ) ;
#8697 =( GEOMETRIC_REPRESENTATION_CONTEXT ( 3 ) GLOBAL_UNCERTAINTY_ASSIGNED_CONTEXT ( ( #3005 ) ) GLOBAL_UNIT_ASSIGNED_CONTEXT ( ( #4812, #2289, #10276 ) ) REPRESENTATION_CONTEXT ( 'NONE', 'WORKASPACE' ) );
#8698 = SURFACE_STYLE_USAGE ( .BOTH. , #3288 ) ;
#8699 = PRODUCT_RELATED_PRODUCT_CATEGORY ( 'part', '', ( #390 ) ) ;
#8700 = AXIS2_PLACEMENT_3D ( 'NONE', #2549, #7870, #7152 ) ;
#8701 = ORIENTED_EDGE ( 'NONE', *, *, #5171, .F. ) ;
#8702 = CARTESIAN_POINT ( 'NONE',  ( -1.899999999999999911, 0.000000000000000000, 5.500000000000000000 ) ) ;
#8703 = ORIENTED_EDGE ( 'NONE', *, *, #501, .F. ) ;
#8704 = ORIENTED_EDGE ( 'NONE', *, *, #4322, .F. ) ;
#8705 = CARTESIAN_POINT ( 'NONE',  ( -5.549999999999999822, 4.750000000000000000, 3.600000000000001421 ) ) ;
#8706 = ADVANCED_FACE ( 'NONE', ( #6150 ), #1350, .F. ) ;
#8707 = CARTESIAN_POINT ( 'NONE',  ( -3.975217565217819882, -4.526465001667443033, 3.577896733784646344 ) ) ;
#8708 = EDGE_CURVE ( 'NONE', #9388, #4860, #2190, .T. ) ;
#8709 = LINE ( 'NONE', #1557, #1704 ) ;
#8710 = ORIENTED_EDGE ( 'NONE', *, *, #10187, .T. ) ;
#8711 = B_SPLINE_CURVE_WITH_KNOTS ( 'NONE', 3,
 ( #563, #2253, #6329, #7164 ),
 .UNSPECIFIED., .F., .F.,
 ( 4, 4 ),
 ( 3.366268786345922837E-18, 0.0001953648504528306443 ),
 .UNSPECIFIED. ) ;
#8712 = SURFACE_STYLE_FILL_AREA ( #9546 ) ;
#8713 = MECHANICAL_DESIGN_GEOMETRIC_PRESENTATION_REPRESENTATION (  '', ( #6552 ), #7224 ) ;
#8714 = EDGE_CURVE ( 'NONE', #102, #480, #3986, .T. ) ;
#8715 = VECTOR ( 'NONE', #7873, 1000.000000000000000 ) ;
#8716 = VERTEX_POINT ( 'NONE', #2494 ) ;
#8717 = CARTESIAN_POINT ( 'NONE',  ( -6.693412330956372891, -2.999999999999999112, -2.119339049353551996 ) ) ;
#8718 = VERTEX_POINT ( 'NONE', #6256 ) ;
#8719 = FILL_AREA_STYLE ('',( #3792 ) ) ;
#8720 =( LENGTH_UNIT ( ) NAMED_UNIT ( * ) SI_UNIT ( .MILLI., .METRE. ) );
#8721 = STYLED_ITEM ( 'NONE', ( #3267 ), #6213 ) ;
#8722 = DIRECTION ( 'NONE',  ( 0.8814833810881022025, 0.000000000000000000, -0.4722150451494400158 ) ) ;
#8723 = DIRECTION ( 'NONE',  ( 0.000000000000000000, 1.000000000000000000, -0.000000000000000000 ) ) ;
#8724 = ADVANCED_FACE ( 'NONE', ( #6362 ), #3128, .T. ) ;
#8725 = VECTOR ( 'NONE', #9315, 1000.000000000000000 ) ;
#8726 =( NAMED_UNIT ( * ) PLANE_ANGLE_UNIT ( ) SI_UNIT ( $, .RADIAN. ) );
#8727 = ADVANCED_FACE ( 'NONE', ( #4707 ), #746, .F. ) ;
#8728 = PLANE ( 'NONE',  #3755 ) ;
#8729 = EDGE_LOOP ( 'NONE', ( #5737, #1930, #2906, #8054 ) ) ;
#8730 =( GEOMETRIC_REPRESENTATION_CONTEXT ( 3 ) GLOBAL_UNCERTAINTY_ASSIGNED_CONTEXT ( ( #7354 ) ) GLOBAL_UNIT_ASSIGNED_CONTEXT ( ( #5672, #7955, #7287 ) ) REPRESENTATION_CONTEXT ( 'NONE', 'WORKASPACE' ) );
#8731 = LINE ( 'NONE', #8147, #9069 ) ;
#8732 = LINE ( 'NONE', #7995, #7634 ) ;
#8733 = UNCERTAINTY_MEASURE_WITH_UNIT (LENGTH_MEASURE( 1.000000000000000082E-05 ), #6665, 'distance_accuracy_value', 'NONE');
#8734 = CARTESIAN_POINT ( 'NONE',  ( 8.398468719939000747E-16, -5.125000000000000000, 3.500000000000001776 ) ) ;
#8735 = ORIENTED_EDGE ( 'NONE', *, *, #7476, .F. ) ;
#8736 = LINE ( 'NONE', #9412, #9191 ) ;
#8737 = STYLED_ITEM ( 'NONE', ( #3587 ), #4470 ) ;
#8738 =( GEOMETRIC_REPRESENTATION_CONTEXT ( 3 ) GLOBAL_UNCERTAINTY_ASSIGNED_CONTEXT ( ( #357 ) ) GLOBAL_UNIT_ASSIGNED_CONTEXT ( ( #5755, #2669, #1770 ) ) REPRESENTATION_CONTEXT ( 'NONE', 'WORKASPACE' ) );
#8739 = ORIENTED_EDGE ( 'NONE', *, *, #9798, .T. ) ;
#8740 = DIRECTION ( 'NONE',  ( 5.292964219876011532E-15, 1.256337252201300185E-14, 1.000000000000000000 ) ) ;
#8741 = VECTOR ( 'NONE', #1286, 1000.000000000000000 ) ;
#8742 = FACE_OUTER_BOUND ( 'NONE', #8263, .T. ) ;
#8743 = CIRCLE ( 'NONE', #2576, 0.03542486889630738073 ) ;
#8744 = AXIS2_PLACEMENT_3D ( 'NONE', #708, #3995, #7101 ) ;
#8745 = SURFACE_STYLE_USAGE ( .BOTH. , #6343 ) ;
#8746 = EDGE_CURVE ( 'NONE', #4659, #2652, #7969, .T. ) ;
#8747 = DIRECTION ( 'NONE',  ( 0.000000000000000000, 0.000000000000000000, 1.000000000000000000 ) ) ;
#8748 = UNCERTAINTY_MEASURE_WITH_UNIT (LENGTH_MEASURE( 1.000000000000000082E-05 ), #1300, 'distance_accuracy_value', 'NONE');
#8749 = EDGE_CURVE ( 'NONE', #3554, #4464, #7145, .T. ) ;
#8750 = FACE_OUTER_BOUND ( 'NONE', #7056, .T. ) ;
#8751 = CARTESIAN_POINT ( 'NONE',  ( -2.263897340837780270, -5.500000000000000000, 3.594753153809547186 ) ) ;
#8752 = DIRECTION ( 'NONE',  ( 1.000000000000000000, 3.072617585151693083E-15, 0.000000000000000000 ) ) ;
#8753 = CARTESIAN_POINT ( 'NONE',  ( 5.399999999999991473, -1.891518204694838001, 3.600000000000000089 ) ) ;
#8754 = PRESENTATION_LAYER_ASSIGNMENT (  '', '', ( #3784 ) ) ;
#8755 = CIRCLE ( 'NONE', #9753, 0.3000000000000051514 ) ;
#8756 = PRESENTATION_LAYER_ASSIGNMENT (  '', '', ( #9416 ) ) ;
#8757 = EDGE_LOOP ( 'NONE', ( #9816, #861, #8505, #7449 ) ) ;
#8758 = DIRECTION ( 'NONE',  ( 1.000000000000000000, 2.710505431213761578E-16, 0.000000000000000000 ) ) ;
#8759 = ORIENTED_EDGE ( 'NONE', *, *, #5807, .T. ) ;
#8760 = DIRECTION ( 'NONE',  ( 0.000000000000000000, -0.000000000000000000, -1.000000000000000000 ) ) ;
#8761 = ORIENTED_EDGE ( 'NONE', *, *, #4014, .F. ) ;
#8762 = DIRECTION ( 'NONE',  ( 0.000000000000000000, 1.000000000000000000, -1.301042606982650917E-14 ) ) ;
#8763 = DIRECTION ( 'NONE',  ( 0.000000000000000000, 0.000000000000000000, -1.000000000000000000 ) ) ;
#8764 = DIRECTION ( 'NONE',  ( 1.734723475976817507E-14, 0.000000000000000000, -1.000000000000000000 ) ) ;
#8765 = DIRECTION ( 'NONE',  ( -0.8682466191274089695, -1.445602896647344636E-15, 0.4961328535521750682 ) ) ;
#8766 = ORIENTED_EDGE ( 'NONE', *, *, #1112, .T. ) ;
#8767 = CARTESIAN_POINT ( 'NONE',  ( -6.000000000000015099, -2.999999999999999556, 5.364159265358978246 ) ) ;
#8768 = SURFACE_SIDE_STYLE ('',( #8816 ) ) ;
#8769 = ORIENTED_EDGE ( 'NONE', *, *, #6550, .F. ) ;
#8770 = DIRECTION ( 'NONE',  ( -1.000000000000000000, 9.606819967171223507E-30, -5.025349008806200386E-14 ) ) ;
#8771 = VERTEX_POINT ( 'NONE', #9588 ) ;
#8772 =( LENGTH_UNIT ( ) NAMED_UNIT ( * ) SI_UNIT ( .MILLI., .METRE. ) );
#8773 = DIRECTION ( 'NONE',  ( 0.000000000000000000, -1.000000000000000000, 0.000000000000000000 ) ) ;
#8774 = DIRECTION ( 'NONE',  ( 0.000000000000000000, -1.000000000000000000, 0.000000000000000000 ) ) ;
#8775 = PRESENTATION_LAYER_ASSIGNMENT (  '', '', ( #426 ) ) ;
#8776 = PRESENTATION_STYLE_ASSIGNMENT (( #3311 ) ) ;
#8777 = CARTESIAN_POINT ( 'NONE',  ( -6.650000000000001243, -2.999999999999999112, -2.094532406675943648 ) ) ;
#8778 = MECHANICAL_DESIGN_GEOMETRIC_PRESENTATION_REPRESENTATION (  '', ( #752 ), #6287 ) ;
#8779 = DIRECTION ( 'NONE',  ( 1.053031360026544826E-16, 1.000000000000000000, 0.000000000000000000 ) ) ;
#8780 =( GEOMETRIC_REPRESENTATION_CONTEXT ( 3 ) GLOBAL_UNCERTAINTY_ASSIGNED_CONTEXT ( ( #281 ) ) GLOBAL_UNIT_ASSIGNED_CONTEXT ( ( #7633, #3532, #3586 ) ) REPRESENTATION_CONTEXT ( 'NONE', 'WORKASPACE' ) );
#8781 = DIRECTION ( 'NONE',  ( -1.058592843975275355E-14, -2.512674504403129539E-14, 1.000000000000000000 ) ) ;
#8782 = DIRECTION ( 'NONE',  ( -4.440892098500626162E-15, 1.000000000000000000, -4.936205012942136133E-16 ) ) ;
#8783 = VERTEX_POINT ( 'NONE', #798 ) ;
#8784 = DIRECTION ( 'NONE',  ( -1.000000000000000000, 0.000000000000000000, 0.000000000000000000 ) ) ;
#8785 = CARTESIAN_POINT ( 'NONE',  ( 5.800000000000000711, 5.000000000000000000, 3.299999999999999822 ) ) ;
#8786 = SURFACE_SIDE_STYLE ('',( #5455 ) ) ;
#8787 = PRESENTATION_LAYER_ASSIGNMENT (  '', '', ( #8618 ) ) ;
#8788 = DIRECTION ( 'NONE',  ( -1.000000000000000000, 0.000000000000000000, 0.000000000000000000 ) ) ;
#8789 = EDGE_LOOP ( 'NONE', ( #8441, #826, #3263, #9049 ) ) ;
#8790 =( NAMED_UNIT ( * ) SI_UNIT ( $, .STERADIAN. ) SOLID_ANGLE_UNIT ( ) );
#8791 = LINE ( 'NONE', #8052, #3548 ) ;
#8792 = MECHANICAL_DESIGN_GEOMETRIC_PRESENTATION_REPRESENTATION (  '', ( #7950 ), #6120 ) ;
#8793 = UNCERTAINTY_MEASURE_WITH_UNIT (LENGTH_MEASURE( 1.000000000000000082E-05 ), #1588, 'distance_accuracy_value', 'NONE');
#8794 = VERTEX_POINT ( 'NONE', #4039 ) ;
#8795 = EDGE_CURVE ( 'NONE', #8674, #9757, #1367, .T. ) ;
#8796 =( NAMED_UNIT ( * ) SI_UNIT ( $, .STERADIAN. ) SOLID_ANGLE_UNIT ( ) );
#8797 = CIRCLE ( 'NONE', #6816, 0.2999999999999999334 ) ;
#8798 = MECHANICAL_DESIGN_GEOMETRIC_PRESENTATION_REPRESENTATION (  '', ( #7956 ), #598 ) ;
#8799 = SURFACE_STYLE_USAGE ( .BOTH. , #5622 ) ;
#8800 = DIRECTION ( 'NONE',  ( -0.4961328535521692396, 0.000000000000000000, 0.8682466191274121892 ) ) ;
#8801 = ORIENTED_EDGE ( 'NONE', *, *, #3819, .F. ) ;
#8802 = DIRECTION ( 'NONE',  ( -7.257499140144686200E-11, 1.000000000000000000, 4.564409137655991039E-14 ) ) ;
#8803 = DIRECTION ( 'NONE',  ( 0.000000000000000000, 0.000000000000000000, -1.000000000000000000 ) ) ;
#8804 =( LENGTH_UNIT ( ) NAMED_UNIT ( * ) SI_UNIT ( .MILLI., .METRE. ) );
#8805 = ORIENTED_EDGE ( 'NONE', *, *, #7943, .T. ) ;
#8806 =( NAMED_UNIT ( * ) PLANE_ANGLE_UNIT ( ) SI_UNIT ( $, .RADIAN. ) );
#8807 = ORIENTED_EDGE ( 'NONE', *, *, #7207, .F. ) ;
#8808 = ORIENTED_EDGE ( 'NONE', *, *, #5055, .T. ) ;
#8809 = AXIS2_PLACEMENT_3D ( 'NONE', #4995, #7431, #5047 ) ;
#8810 = DIRECTION ( 'NONE',  ( 4.109710085192101020E-31, -3.042580924680819946E-45, -1.000000000000000000 ) ) ;
#8811 = LINE ( 'NONE', #4868, #9885 ) ;
#8812 = CARTESIAN_POINT ( 'NONE',  ( 3.975348698380239298, -4.526324040001472149, 3.577874614043632384 ) ) ;
#8813 = DIRECTION ( 'NONE',  ( -1.000000000000000000, 5.481026527454826646E-29, -7.403395523308807230E-15 ) ) ;
#8814 = ORIENTED_EDGE ( 'NONE', *, *, #1119, .F. ) ;
#8815 = CYLINDRICAL_SURFACE ( 'NONE', #6706, 0.4000000000000001887 ) ;
#8816 = SURFACE_STYLE_FILL_AREA ( #5552 ) ;
#8817 = ORIENTED_EDGE ( 'NONE', *, *, #644, .T. ) ;
#8818 = LINE ( 'NONE', #8717, #3949 ) ;
#8819 = VERTEX_POINT ( 'NONE', #1495 ) ;
#8820 = SURFACE_STYLE_USAGE ( .BOTH. , #9601 ) ;
#8821 =( GEOMETRIC_REPRESENTATION_CONTEXT ( 3 ) GLOBAL_UNCERTAINTY_ASSIGNED_CONTEXT ( ( #7996 ) ) GLOBAL_UNIT_ASSIGNED_CONTEXT ( ( #8408, #9192, #6846 ) ) REPRESENTATION_CONTEXT ( 'NONE', 'WORKASPACE' ) );
#8822 = SURFACE_STYLE_USAGE ( .BOTH. , #9556 ) ;
#8823 = CARTESIAN_POINT ( 'NONE',  ( 5.800000000000000711, -5.000000000000000888, 3.500000000000001332 ) ) ;
#8824 = SURFACE_STYLE_USAGE ( .BOTH. , #4832 ) ;
#8825 = CARTESIAN_POINT ( 'NONE',  ( 3.950000000000000178, 4.837354856632045057E-16, 3.500000000000000000 ) ) ;
#8826 = AXIS2_PLACEMENT_3D ( 'NONE', #8157, #4239, #8114 ) ;
#8827 = LINE ( 'NONE', #6483, #9951 ) ;
#8828 = VERTEX_POINT ( 'NONE', #6570 ) ;
#8829 = DIRECTION ( 'NONE',  ( -1.000000000000000000, 0.000000000000000000, 0.000000000000000000 ) ) ;
#8830 = FILL_AREA_STYLE_COLOUR ( '', #1620 ) ;
#8831 = DIRECTION ( 'NONE',  ( 1.222978688985946960E-15, 1.000000000000000000, 0.000000000000000000 ) ) ;
#8832 = DIRECTION ( 'NONE',  ( -0.000000000000000000, -0.000000000000000000, 1.000000000000000000 ) ) ;
#8833 = ORIENTED_EDGE ( 'NONE', *, *, #3948, .T. ) ;
#8834 = SURFACE_STYLE_USAGE ( .BOTH. , #6971 ) ;
#8835 = CARTESIAN_POINT ( 'NONE',  ( 1.324581074942587700, 5.271558449006354508, 3.600000000000005862 ) ) ;
#8836 = EDGE_CURVE ( 'NONE', #10032, #4048, #1740, .T. ) ;
#8837 = ORIENTED_EDGE ( 'NONE', *, *, #2582, .T. ) ;
#8838 = DIRECTION ( 'NONE',  ( 1.053031360026544826E-16, 1.000000000000000000, 0.000000000000000000 ) ) ;
#8839 = SURFACE_SIDE_STYLE ('',( #1111 ) ) ;
#8840 = AXIS2_PLACEMENT_3D ( 'NONE', #6880, #10004, #7549 ) ;
#8841 = CIRCLE ( 'NONE', #4381, 0.3000000000000241918 ) ;
#8842 =( NAMED_UNIT ( * ) PLANE_ANGLE_UNIT ( ) SI_UNIT ( $, .RADIAN. ) );
#8843 =( LENGTH_UNIT ( ) NAMED_UNIT ( * ) SI_UNIT ( .MILLI., .METRE. ) );
#8844 = CARTESIAN_POINT ( 'NONE',  ( 0.000000000000000000, -5.800000000000000711, 0.2000000000000000944 ) ) ;
#8845 = SURFACE_STYLE_USAGE ( .BOTH. , #3338 ) ;
#8846 = COLOUR_RGB ( '',0.7529411764705882248, 0.7529411764705882248, 0.7529411764705882248 ) ;
#8847 = MECHANICAL_DESIGN_GEOMETRIC_PRESENTATION_REPRESENTATION (  '', ( #7524 ), #4396 ) ;
#8848 = AXIS2_PLACEMENT_3D ( 'NONE', #2206, #3753, #621 ) ;
#8849 = CARTESIAN_POINT ( 'NONE',  ( -4.750000000000000000, 4.750000000000000000, 3.600000000000001421 ) ) ;
#8850 = VECTOR ( 'NONE', #9218, 1000.000000000000000 ) ;
#8851 = EDGE_CURVE ( 'NONE', #3339, #9907, #9208, .T. ) ;
#8852 = DIRECTION ( 'NONE',  ( 3.491483361109382461E-15, -0.000000000000000000, 1.000000000000000000 ) ) ;
#8853 = EDGE_CURVE ( 'NONE', #1076, #6122, #8122, .T. ) ;
#8854 = FACE_OUTER_BOUND ( 'NONE', #8858, .T. ) ;
#8855 = COLOUR_RGB ( '',0.7529411764705882248, 0.7529411764705882248, 0.7529411764705882248 ) ;
#8856 = ORIENTED_EDGE ( 'NONE', *, *, #10086, .F. ) ;
#8857 = FILL_AREA_STYLE ('',( #10329 ) ) ;
#8858 = EDGE_LOOP ( 'NONE', ( #4923, #530, #5161, #5750 ) ) ;
#8859 = ORIENTED_EDGE ( 'NONE', *, *, #4555, .F. ) ;
#8860 = VECTOR ( 'NONE', #6713, 999.9999999999998863 ) ;
#8861 = EDGE_CURVE ( 'NONE', #1861, #6703, #2707, .T. ) ;
#8862 = CARTESIAN_POINT ( 'NONE',  ( -5.271558449006358948, 1.324581074942560832, 3.199999999999982858 ) ) ;
#8863 = SURFACE_STYLE_FILL_AREA ( #4926 ) ;
#8864 = FACE_OUTER_BOUND ( 'NONE', #5245, .T. ) ;
#8865 = AXIS2_PLACEMENT_3D ( 'NONE', #1700, #9745, #4920 ) ;
#8866 = DIRECTION ( 'NONE',  ( -1.000000000000000000, 0.000000000000000000, 0.000000000000000000 ) ) ;
#8867 = STYLED_ITEM ( 'NONE', ( #230 ), #5 ) ;
#8868 = PLANE ( 'NONE',  #7307 ) ;
#8869 = PRESENTATION_LAYER_ASSIGNMENT (  '', '', ( #3044 ) ) ;
#8870 = ORIENTED_EDGE ( 'NONE', *, *, #9788, .F. ) ;
#8871 = CARTESIAN_POINT ( 'NONE',  ( -5.271558449006365166, -1.324581074942561054, 3.200000000000018829 ) ) ;
#8872 = EDGE_LOOP ( 'NONE', ( #7738, #306, #443, #4992, #6300, #2140, #6840, #744, #749, #9272, #289, #1580, #3518, #6080, #198, #4245, #222, #9292, #4753, #7199, #5529, #8051, #9101, #6975, #3789, #6177, #1153, #8703, #5784, #2177, #9667, #4244, #5511, #617, #4902, #1682, #1291, #6980, #6040, #287, #6375, #1284, #2462, #4781 ) ) ;
#8873 = CARTESIAN_POINT ( 'NONE',  ( 1.462164714140014254, 5.819112848941896843, 3.600000000000000533 ) ) ;
#8874 = PLANE ( 'NONE',  #4489 ) ;
#8875 = EDGE_CURVE ( 'NONE', #5548, #4353, #5556, .T. ) ;
#8876 = FILL_AREA_STYLE ('',( #3950 ) ) ;
#8877 = CARTESIAN_POINT ( 'NONE',  ( 5.000000000000000000, -5.800000000000000711, 3.299999999999999822 ) ) ;
#8878 = PLANE ( 'NONE',  #147 ) ;
#8879 = AXIS2_PLACEMENT_3D ( 'NONE', #6516, #5742, #3412 ) ;
#8880 = B_SPLINE_CURVE_WITH_KNOTS ( 'NONE', 3,
 ( #761, #4985, #10338, #5651, #3195, #4161, #3422, #131, #9553, #3358 ),
 .UNSPECIFIED., .F., .F.,
 ( 4, 3, 3, 4 ),
 ( 4.142730684223317413E-18, 5.123927244496897138E-05, 7.707691724590183719E-05, 0.0001029675016274737224 ),
 .UNSPECIFIED. ) ;
#8881 =( GEOMETRIC_REPRESENTATION_CONTEXT ( 3 ) GLOBAL_UNCERTAINTY_ASSIGNED_CONTEXT ( ( #672 ) ) GLOBAL_UNIT_ASSIGNED_CONTEXT ( ( #3306, #5701, #6378 ) ) REPRESENTATION_CONTEXT ( 'NONE', 'WORKASPACE' ) );
#8882 = CARTESIAN_POINT ( 'NONE',  ( 5.332354258600433994, -1.748627890460465073, 3.599999943260398183 ) ) ;
#8883 = EDGE_CURVE ( 'NONE', #1552, #8819, #6194, .T. ) ;
#8884 = CARTESIAN_POINT ( 'NONE',  ( -1.891518204694830896, -5.435424868893540484, 3.199999999999999734 ) ) ;
#8885 = DIRECTION ( 'NONE',  ( -1.000000000000000000, 0.000000000000000000, -0.000000000000000000 ) ) ;
#8886 = EDGE_LOOP ( 'NONE', ( #8033, #7578, #9704, #3510 ) ) ;
#8887 = VECTOR ( 'NONE', #8832, 1000.000000000000000 ) ;
#8888 = LINE ( 'NONE', #4120, #9559 ) ;
#8889 = PRESENTATION_STYLE_ASSIGNMENT (( #5824 ) ) ;
#8890 = CARTESIAN_POINT ( 'NONE',  ( -2.166916829160916310E-16, -5.275000000000002132, 3.600000000000000977 ) ) ;
#8891 = VECTOR ( 'NONE', #7632, 999.9999999999998863 ) ;
#8892 =( LENGTH_UNIT ( ) NAMED_UNIT ( * ) SI_UNIT ( .MILLI., .METRE. ) );
#8893 = ORIENTED_EDGE ( 'NONE', *, *, #5534, .F. ) ;
#8894 = PLANE ( 'NONE',  #2021 ) ;
#8895 =( NAMED_UNIT ( * ) SI_UNIT ( $, .STERADIAN. ) SOLID_ANGLE_UNIT ( ) );
#8896 = ADVANCED_FACE ( 'NONE', ( #8164 ), #6508, .F. ) ;
#8897 = VERTEX_POINT ( 'NONE', #3509 ) ;
#8898 = MECHANICAL_DESIGN_GEOMETRIC_PRESENTATION_REPRESENTATION (  '', ( #2223 ), #5919 ) ;
#8899 = EDGE_CURVE ( 'NONE', #1840, #9804, #8189, .T. ) ;
#8900 = CYLINDRICAL_SURFACE ( 'NONE', #266, 0.1999999999999996503 ) ;
#8901 = DIRECTION ( 'NONE',  ( -0.000000000000000000, -0.000000000000000000, 1.000000000000000000 ) ) ;
#8902 = EDGE_CURVE ( 'NONE', #953, #7981, #9536, .T. ) ;
#8903 = PRESENTATION_LAYER_ASSIGNMENT (  '', '', ( #391 ) ) ;
#8904 = STYLED_ITEM ( 'NONE', ( #8905 ), #1014 ) ;
#8905 = PRESENTATION_STYLE_ASSIGNMENT (( #3337 ) ) ;
#8906 =( NAMED_UNIT ( * ) SI_UNIT ( $, .STERADIAN. ) SOLID_ANGLE_UNIT ( ) );
#8907 = EDGE_LOOP ( 'NONE', ( #10222, #1735, #4040, #9175 ) ) ;
#8908 = DIRECTION ( 'NONE',  ( 0.000000000000000000, -1.000000000000000000, 0.000000000000000000 ) ) ;
#8909 = DIRECTION ( 'NONE',  ( -0.000000000000000000, -1.000000000000000000, 0.000000000000000000 ) ) ;
#8910 = VECTOR ( 'NONE', #5497, 1000.000000000000000 ) ;
#8911 = DIRECTION ( 'NONE',  ( -5.292964219876516403E-15, -1.256337252201566032E-14, -1.000000000000000000 ) ) ;
#8912 = ORIENTED_EDGE ( 'NONE', *, *, #5156, .F. ) ;
#8913 = EDGE_CURVE ( 'NONE', #102, #5635, #5070, .T. ) ;
#8914 = DIRECTION ( 'NONE',  ( -1.000000000000000000, 0.000000000000000000, 1.301042606982553098E-14 ) ) ;
#8915 = ORIENTED_EDGE ( 'NONE', *, *, #956, .F. ) ;
#8916 = PRESENTATION_STYLE_ASSIGNMENT (( #4089 ) ) ;
#8917 = ORIENTED_EDGE ( 'NONE', *, *, #2212, .F. ) ;
#8918 = DIRECTION ( 'NONE',  ( -1.000000000000000000, 0.000000000000000000, 0.000000000000000000 ) ) ;
#8919 = DIRECTION ( 'NONE',  ( -1.000000000000000000, 0.000000000000000000, 0.000000000000000000 ) ) ;
#8920 = COLOUR_RGB ( '',1.000000000000000000, 1.000000000000000000, 1.000000000000000000 ) ;
#8921 = FILL_AREA_STYLE_COLOUR ( '', #8412 ) ;
#8922 = EDGE_CURVE ( 'NONE', #2967, #129, #4403, .T. ) ;
#8923 = COLOUR_RGB ( '',1.000000000000000000, 1.000000000000000000, 1.000000000000000000 ) ;
#8924 = DIRECTION ( 'NONE',  ( -1.091359317269132201E-13, -2.182718634538561519E-14, -1.000000000000000000 ) ) ;
#8925 = VERTEX_POINT ( 'NONE', #9692 ) ;
#8926 = LINE ( 'NONE', #973, #3460 ) ;
#8927 = VERTEX_POINT ( 'NONE', #4305 ) ;
#8928 = DIRECTION ( 'NONE',  ( 0.000000000000000000, 0.000000000000000000, -1.000000000000000000 ) ) ;
#8929 =( NAMED_UNIT ( * ) PLANE_ANGLE_UNIT ( ) SI_UNIT ( $, .RADIAN. ) );
#8930 = VECTOR ( 'NONE', #5749, 1000.000000000000114 ) ;
#8931 = AXIS2_PLACEMENT_3D ( 'NONE', #5631, #7143, #7193 ) ;
#8932 = LINE ( 'NONE', #3259, #3894 ) ;
#8933 = CARTESIAN_POINT ( 'NONE',  ( 5.329795531952199461, -1.744213222927466278, 3.599999946764711023 ) ) ;
#8934 = DIRECTION ( 'NONE',  ( -4.440892098500626162E-15, 1.000000000000000000, -4.936205012942136133E-16 ) ) ;
#8935 = ORIENTED_EDGE ( 'NONE', *, *, #2700, .T. ) ;
#8936 = FACE_OUTER_BOUND ( 'NONE', #9123, .T. ) ;
#8937 = CARTESIAN_POINT ( 'NONE',  ( 5.000000000000001776, 5.800000000000001599, 0.2000000000000000944 ) ) ;
#8938 = LINE ( 'NONE', #1049, #5327 ) ;
#8939 =( LENGTH_UNIT ( ) NAMED_UNIT ( * ) SI_UNIT ( .MILLI., .METRE. ) );
#8940 = VERTEX_POINT ( 'NONE', #2600 ) ;
#8941 = FILL_AREA_STYLE_COLOUR ( '', #10192 ) ;
#8942 = MECHANICAL_DESIGN_GEOMETRIC_PRESENTATION_REPRESENTATION (  '', ( #1773 ), #10282 ) ;
#8943 = ORIENTED_EDGE ( 'NONE', *, *, #6682, .F. ) ;
#8944 = DIRECTION ( 'NONE',  ( -1.053031360026544826E-16, -1.000000000000000000, -0.000000000000000000 ) ) ;
#8945 = DIRECTION ( 'NONE',  ( 1.000000000000000000, -0.000000000000000000, 0.000000000000000000 ) ) ;
#8946 = PRESENTATION_STYLE_ASSIGNMENT (( #5621 ) ) ;
#8947 = SURFACE_STYLE_FILL_AREA ( #9060 ) ;
#8948 =( NAMED_UNIT ( * ) PLANE_ANGLE_UNIT ( ) SI_UNIT ( $, .RADIAN. ) );
#8949 =( LENGTH_UNIT ( ) NAMED_UNIT ( * ) SI_UNIT ( .MILLI., .METRE. ) );
#8950 = CARTESIAN_POINT ( 'NONE',  ( -6.953886316694598335, -1.999999999999999112, -2.268178905419204305 ) ) ;
#8951 = ORIENTED_EDGE ( 'NONE', *, *, #4931, .F. ) ;
#8952 =( NAMED_UNIT ( * ) SI_UNIT ( $, .STERADIAN. ) SOLID_ANGLE_UNIT ( ) );
#8953 = DIRECTION ( 'NONE',  ( 0.1179568432022835844, -0.9713257602420870551, 0.2064278339562846676 ) ) ;
#8954 = UNCERTAINTY_MEASURE_WITH_UNIT (LENGTH_MEASURE( 1.000000000000000082E-05 ), #4691, 'distance_accuracy_value', 'NONE');
#8955 = VERTEX_POINT ( 'NONE', #2541 ) ;
#8956 = TOROIDAL_SURFACE ( 'NONE', #4485, 0.7999999999999994893, 0.1999999999999982070 ) ;
#8957 = DIRECTION ( 'NONE',  ( -0.4819066211576364944, 0.2377525341402932091, 0.8433503074015559209 ) ) ;
#8958 =( GEOMETRIC_REPRESENTATION_CONTEXT ( 3 ) GLOBAL_UNCERTAINTY_ASSIGNED_CONTEXT ( ( #3556 ) ) GLOBAL_UNIT_ASSIGNED_CONTEXT ( ( #7368, #925, #1823 ) ) REPRESENTATION_CONTEXT ( 'NONE', 'WORKASPACE' ) );
#8959 = CARTESIAN_POINT ( 'NONE',  ( -6.693412330956372003, -6.704630743366730705, -2.119339049353551996 ) ) ;
#8960 = SURFACE_STYLE_FILL_AREA ( #2599 ) ;
#8961 = DIRECTION ( 'NONE',  ( -1.000000000000000000, 0.000000000000000000, -2.693299767891125114E-13 ) ) ;
#8962 = VERTEX_POINT ( 'NONE', #7454 ) ;
#8963 = ORIENTED_EDGE ( 'NONE', *, *, #5658, .F. ) ;
#8964 = CIRCLE ( 'NONE', #1624, 0.3500000000000004774 ) ;
#8965 = DIRECTION ( 'NONE',  ( 1.084202172485503842E-15, -1.000000000000000000, 0.000000000000000000 ) ) ;
#8966 = FILL_AREA_STYLE_COLOUR ( '', #9400 ) ;
#8967 =( GEOMETRIC_REPRESENTATION_CONTEXT ( 3 ) GLOBAL_UNCERTAINTY_ASSIGNED_CONTEXT ( ( #2594 ) ) GLOBAL_UNIT_ASSIGNED_CONTEXT ( ( #4031, #5580, #3169 ) ) REPRESENTATION_CONTEXT ( 'NONE', 'WORKASPACE' ) );
#8968 = EDGE_CURVE ( 'NONE', #4071, #4369, #7038, .T. ) ;
#8969 = DIRECTION ( 'NONE',  ( 0.000000000000000000, 0.000000000000000000, -1.000000000000000000 ) ) ;
#8970 = ORIENTED_EDGE ( 'NONE', *, *, #9807, .T. ) ;
#8971 = SURFACE_STYLE_FILL_AREA ( #9089 ) ;
#8972 = EDGE_LOOP ( 'NONE', ( #8579, #5966, #4841, #1124 ) ) ;
#8973 = SURFACE_STYLE_USAGE ( .BOTH. , #9759 ) ;
#8974 = DIRECTION ( 'NONE',  ( -1.053031360026544826E-16, -1.000000000000000000, 0.000000000000000000 ) ) ;
#8975 = PRESENTATION_STYLE_ASSIGNMENT (( #9707 ) ) ;
#8976 = FACE_OUTER_BOUND ( 'NONE', #1274, .T. ) ;
#8977 = FILL_AREA_STYLE_COLOUR ( '', #6504 ) ;
#8978 = CARTESIAN_POINT ( 'NONE',  ( 5.389588152002233734, -1.832105241888698943, 3.600000000000003642 ) ) ;
#8979 = PLANE ( 'NONE',  #3275 ) ;
#8980 = VERTEX_POINT ( 'NONE', #4453 ) ;
#8981 = CIRCLE ( 'NONE', #133, 0.4000000000000056843 ) ;
#8982 = ORIENTED_EDGE ( 'NONE', *, *, #9947, .T. ) ;
#8983 = DIRECTION ( 'NONE',  ( -0.4961328535521692396, 0.000000000000000000, -0.8682466191274121892 ) ) ;
#8984 = SURFACE_STYLE_USAGE ( .BOTH. , #6607 ) ;
#8985 = ORIENTED_EDGE ( 'NONE', *, *, #5239, .T. ) ;
#8986 =( LENGTH_UNIT ( ) NAMED_UNIT ( * ) SI_UNIT ( .MILLI., .METRE. ) );
#8987 =( LENGTH_UNIT ( ) NAMED_UNIT ( * ) SI_UNIT ( .MILLI., .METRE. ) );
#8988 = ORIENTED_EDGE ( 'NONE', *, *, #7557, .T. ) ;
#8989 = SURFACE_SIDE_STYLE ('',( #6448 ) ) ;
#8990 = VECTOR ( 'NONE', #7318, 1000.000000000000000 ) ;
#8991 = CARTESIAN_POINT ( 'NONE',  ( 6.000000000000000888, 3.499999999999999556, 0.4000000000000000222 ) ) ;
#8992 = DIRECTION ( 'NONE',  ( -0.000000000000000000, -0.000000000000000000, 1.000000000000000000 ) ) ;
#8993 = FILL_AREA_STYLE ('',( #7488 ) ) ;
#8994 = FILL_AREA_STYLE_COLOUR ( '', #8228 ) ;
#8995 = DIRECTION ( 'NONE',  ( -0.4819066211576378267, -0.2377525341402906278, -0.8433503074015558099 ) ) ;
#8996 = CARTESIAN_POINT ( 'NONE',  ( 1.470264163739677550E-15, 4.924999999999998046, 3.600000000000005418 ) ) ;
#8997 = EDGE_CURVE ( 'NONE', #1260, #8660, #677, .T. ) ;
#8998 = PRESENTATION_STYLE_ASSIGNMENT (( #2328 ) ) ;
#8999 = DIRECTION ( 'NONE',  ( 0.000000000000000000, 0.000000000000000000, -1.000000000000000000 ) ) ;
#9000 = ADVANCED_FACE ( 'NONE', ( #10106 ), #4797, .T. ) ;
#9001 = CARTESIAN_POINT ( 'NONE',  ( -2.249999999999928502, -5.399999999999628209, 3.199999999999802558 ) ) ;
#9002 = ORIENTED_EDGE ( 'NONE', *, *, #3765, .T. ) ;
#9003 = DIRECTION ( 'NONE',  ( 0.000000000000000000, -1.000000000000000000, -2.861215661182131111E-16 ) ) ;
#9004 = AXIS2_PLACEMENT_3D ( 'NONE', #9061, #3659, #6781 ) ;
#9005 = ORIENTED_EDGE ( 'NONE', *, *, #509, .T. ) ;
#9006 = ADVANCED_FACE ( 'NONE', ( #3004 ), #2123, .T. ) ;
#9007 = PRESENTATION_LAYER_ASSIGNMENT (  '', '', ( #9504 ) ) ;
#9008 = DIRECTION ( 'NONE',  ( -1.000000000000000000, 0.000000000000000000, 0.000000000000000000 ) ) ;
#9009 = AXIS2_PLACEMENT_3D ( 'NONE', #7162, #10342, #6380 ) ;
#9010 = DIRECTION ( 'NONE',  ( 0.000000000000000000, 0.000000000000000000, -1.000000000000000000 ) ) ;
#9011 = ORIENTED_EDGE ( 'NONE', *, *, #685, .T. ) ;
#9012 = CARTESIAN_POINT ( 'NONE',  ( 6.212785798360256351, -2.499999999999999556, -2.960449165327016186 ) ) ;
#9013 = ORIENTED_EDGE ( 'NONE', *, *, #3759, .T. ) ;
#9014 = DIRECTION ( 'NONE',  ( -4.336808689967532456E-16, -4.336808689967532456E-16, -1.000000000000000000 ) ) ;
#9015 = ORIENTED_EDGE ( 'NONE', *, *, #2014, .F. ) ;
#9016 =( GEOMETRIC_REPRESENTATION_CONTEXT ( 3 ) GLOBAL_UNCERTAINTY_ASSIGNED_CONTEXT ( ( #1097 ) ) GLOBAL_UNIT_ASSIGNED_CONTEXT ( ( #8580, #4682, #782 ) ) REPRESENTATION_CONTEXT ( 'NONE', 'WORKASPACE' ) );
#9017 = UNCERTAINTY_MEASURE_WITH_UNIT (LENGTH_MEASURE( 1.000000000000000082E-05 ), #4018, 'distance_accuracy_value', 'NONE');
#9018 = FILL_AREA_STYLE ('',( #4458 ) ) ;
#9019 = SURFACE_SIDE_STYLE ('',( #8863 ) ) ;
#9020 =( NAMED_UNIT ( * ) PLANE_ANGLE_UNIT ( ) SI_UNIT ( $, .RADIAN. ) );
#9021 = COLOUR_RGB ( '',0.7529411764705882248, 0.7529411764705882248, 0.7529411764705882248 ) ;
#9022 = EDGE_CURVE ( 'NONE', #8193, #6371, #3633, .T. ) ;
#9023 = SURFACE_STYLE_FILL_AREA ( #5121 ) ;
#9024 = VECTOR ( 'NONE', #7537, 1000.000000000000000 ) ;
#9025 = DIRECTION ( 'NONE',  ( -1.000000000000000000, -9.243532378488261014E-30, 1.091359317269132201E-13 ) ) ;
#9026 = MECHANICAL_DESIGN_GEOMETRIC_PRESENTATION_REPRESENTATION (  '', ( #8362 ), #1196 ) ;
#9027 = VERTEX_POINT ( 'NONE', #9958 ) ;
#9028 = ORIENTED_EDGE ( 'NONE', *, *, #5320, .F. ) ;
#9029 = FILL_AREA_STYLE_COLOUR ( '', #6078 ) ;
#9030 = DIRECTION ( 'NONE',  ( 0.000000000000000000, 0.000000000000000000, -1.000000000000000000 ) ) ;
#9031 = CARTESIAN_POINT ( 'NONE',  ( -6.650000000000000355, -1.999999999999999112, -2.094532406675943648 ) ) ;
#9032 = EDGE_CURVE ( 'NONE', #2967, #3216, #9113, .T. ) ;
#9033 = MECHANICAL_DESIGN_GEOMETRIC_PRESENTATION_REPRESENTATION (  '', ( #3203 ), #2704 ) ;
#9034 = SURFACE_STYLE_USAGE ( .BOTH. , #9145 ) ;
#9035 = CARTESIAN_POINT ( 'NONE',  ( -6.305925830945592558, -2.999999999999999112, -0.7110617430582414356 ) ) ;
#9036 = CARTESIAN_POINT ( 'NONE',  ( 6.041480816619161587, -2.000000000000000000, -0.8527262566030734403 ) ) ;
#9037 = STYLED_ITEM ( 'NONE', ( #6883 ), #54 ) ;
#9038 = UNCERTAINTY_MEASURE_WITH_UNIT (LENGTH_MEASURE( 1.000000000000000082E-05 ), #5617, 'distance_accuracy_value', 'NONE');
#9039 = COLOUR_RGB ( '',0.2980392156862745057, 0.2980392156862745057, 0.2980392156862745057 ) ;
#9040 = FACE_OUTER_BOUND ( 'NONE', #10279, .T. ) ;
#9041 = ORIENTED_EDGE ( 'NONE', *, *, #5178, .F. ) ;
#9042 = FACE_OUTER_BOUND ( 'NONE', #9744, .T. ) ;
#9043 = ORIENTED_EDGE ( 'NONE', *, *, #8596, .F. ) ;
#9044 = PRESENTATION_STYLE_ASSIGNMENT (( #9155 ) ) ;
#9045 = CARTESIAN_POINT ( 'NONE',  ( 3.773023560249555430E-14, -2.471980953266950110E-13, 3.600000000000001865 ) ) ;
#9046 = FILL_AREA_STYLE ('',( #9156 ) ) ;
#9047 = CIRCLE ( 'NONE', #19, 1.000000000000000000 ) ;
#9048 =( NAMED_UNIT ( * ) SI_UNIT ( $, .STERADIAN. ) SOLID_ANGLE_UNIT ( ) );
#9049 = ORIENTED_EDGE ( 'NONE', *, *, #4890, .F. ) ;
#9050 = CARTESIAN_POINT ( 'NONE',  ( 6.159705218919226510, -2.937096592108939141, -3.053341690607344283 ) ) ;
#9051 = ORIENTED_EDGE ( 'NONE', *, *, #5209, .F. ) ;
#9052 = SURFACE_SIDE_STYLE ('',( #10077 ) ) ;
#9053 = EDGE_CURVE ( 'NONE', #9599, #6371, #5273, .T. ) ;
#9054 = CIRCLE ( 'NONE', #4568, 5.435424868893674599 ) ;
#9055 = FACE_OUTER_BOUND ( 'NONE', #1046, .T. ) ;
#9056 = SURFACE_STYLE_FILL_AREA ( #8993 ) ;
#9057 = UNCERTAINTY_MEASURE_WITH_UNIT (LENGTH_MEASURE( 1.000000000000000082E-05 ), #6941, 'distance_accuracy_value', 'NONE');
#9058 = CIRCLE ( 'NONE', #1881, 0.1999999999999996503 ) ;
#9059 =( NAMED_UNIT ( * ) PLANE_ANGLE_UNIT ( ) SI_UNIT ( $, .RADIAN. ) );
#9060 = FILL_AREA_STYLE ('',( #158 ) ) ;
#9061 = CARTESIAN_POINT ( 'NONE',  ( 4.293095036341375427E-16, 5.275000000000004796, 3.500000000000001332 ) ) ;
#9062 = CARTESIAN_POINT ( 'NONE',  ( 1.467478356556918991E-15, 5.125000000000001776, 3.500000000000007994 ) ) ;
#9063 =( GEOMETRIC_REPRESENTATION_CONTEXT ( 3 ) GLOBAL_UNCERTAINTY_ASSIGNED_CONTEXT ( ( #2089 ) ) GLOBAL_UNIT_ASSIGNED_CONTEXT ( ( #10060, #532, #5277 ) ) REPRESENTATION_CONTEXT ( 'NONE', 'WORKASPACE' ) );
#9064 = EDGE_LOOP ( 'NONE', ( #8492, #2446, #6057, #1756 ) ) ;
#9065 = PLANE ( 'NONE',  #1205 ) ;
#9066 = UNCERTAINTY_MEASURE_WITH_UNIT (LENGTH_MEASURE( 1.000000000000000082E-05 ), #1903, 'distance_accuracy_value', 'NONE');
#9067 = VERTEX_POINT ( 'NONE', #6935 ) ;
#9068 = CARTESIAN_POINT ( 'NONE',  ( -6.287205726393080063, -1.999999999999998224, -2.830212172457901687 ) ) ;
#9069 = VECTOR ( 'NONE', #7225, 1000.000000000000000 ) ;
#9070 = DIRECTION ( 'NONE',  ( -1.000000000000000000, -0.000000000000000000, -0.000000000000000000 ) ) ;
#9071 = ADVANCED_FACE ( 'NONE', ( #579 ), #9126, .F. ) ;
#9072 = AXIS2_PLACEMENT_3D ( 'NONE', #1523, #4671, #2257 ) ;
#9073 = CIRCLE ( 'NONE', #5734, 0.3000000000000001554 ) ;
#9074 = DIRECTION ( 'NONE',  ( 0.000000000000000000, 0.000000000000000000, -1.000000000000000000 ) ) ;
#9075 = ORIENTED_EDGE ( 'NONE', *, *, #7911, .T. ) ;
#9076 = DIRECTION ( 'NONE',  ( -0.000000000000000000, 1.000000000000000000, -0.000000000000000000 ) ) ;
#9077 = EDGE_LOOP ( 'NONE', ( #3098, #6123, #332, #8223 ) ) ;
#9078 =( GEOMETRIC_REPRESENTATION_CONTEXT ( 3 ) GLOBAL_UNCERTAINTY_ASSIGNED_CONTEXT ( ( #1813 ) ) GLOBAL_UNIT_ASSIGNED_CONTEXT ( ( #6437, #4117, #1675 ) ) REPRESENTATION_CONTEXT ( 'NONE', 'WORKASPACE' ) );
#9079 = CARTESIAN_POINT ( 'NONE',  ( 5.279165462126608865, 1.627607477529056546, 3.599999976347726172 ) ) ;
#9080 = DIRECTION ( 'NONE',  ( -1.000000000000000000, 0.000000000000000000, 0.000000000000000000 ) ) ;
#9081 = DIRECTION ( 'NONE',  ( 0.000000000000000000, 0.000000000000000000, -1.000000000000000000 ) ) ;
#9082 = DIRECTION ( 'NONE',  ( -2.710505431213761578E-16, -1.000000000000000000, 0.000000000000000000 ) ) ;
#9083 = AXIS2_PLACEMENT_3D ( 'NONE', #3993, #4095, #8764 ) ;
#9084 = CARTESIAN_POINT ( 'NONE',  ( -1.599999999999998979, -5.500000000000000000, 3.644339654338649925 ) ) ;
#9085 = PRESENTATION_LAYER_ASSIGNMENT (  '', '', ( #9734 ) ) ;
#9086 = MECHANICAL_DESIGN_GEOMETRIC_PRESENTATION_REPRESENTATION (  '', ( #2413 ), #8237 ) ;
#9087 = FILL_AREA_STYLE_COLOUR ( '', #1627 ) ;
#9088 = EDGE_LOOP ( 'NONE', ( #6540, #2862, #1604, #6834 ) ) ;
#9089 = FILL_AREA_STYLE ('',( #2665 ) ) ;
#9090 = ORIENTED_EDGE ( 'NONE', *, *, #1480, .F. ) ;
#9091 = EDGE_CURVE ( 'NONE', #2777, #9388, #8267, .T. ) ;
#9092 = LINE ( 'NONE', #3573, #8209 ) ;
#9093 = AXIS2_PLACEMENT_3D ( 'NONE', #1693, #4185, #4962 ) ;
#9094 = AXIS2_PLACEMENT_3D ( 'NONE', #2298, #5488, #7866 ) ;
#9095 = ADVANCED_BREP_SHAPE_REPRESENTATION ( 'SKHCBJ', ( #6472, #9097 ), #736 ) ;
#9096 = SURFACE_STYLE_FILL_AREA ( #8307 ) ;
#9097 = AXIS2_PLACEMENT_3D ( 'NONE', #3694, #1314, #421 ) ;
#9098 = DIRECTION ( 'NONE',  ( 0.4722150451494404044, 0.000000000000000000, -0.8814833810881019804 ) ) ;
#9099 = UNCERTAINTY_MEASURE_WITH_UNIT (LENGTH_MEASURE( 1.000000000000000082E-05 ), #4543, 'distance_accuracy_value', 'NONE');
#9100 = STYLED_ITEM ( 'NONE', ( #3281 ), #5006 ) ;
#9101 = ORIENTED_EDGE ( 'NONE', *, *, #6454, .T. ) ;
#9102 =( NAMED_UNIT ( * ) SI_UNIT ( $, .STERADIAN. ) SOLID_ANGLE_UNIT ( ) );
#9103 = VERTEX_POINT ( 'NONE', #4746 ) ;
#9104 = TOROIDAL_SURFACE ( 'NONE', #738, 0.03542486889348845508, 0.3999999999999958589 ) ;
#9105 = VECTOR ( 'NONE', #6307, 1000.000000000000227 ) ;
#9106 = CARTESIAN_POINT ( 'NONE',  ( 4.750000000000000000, -4.750000000000000000, 3.200000000000000178 ) ) ;
#9107 = DIRECTION ( 'NONE',  ( -1.256337252201622514E-14, 5.292964219876873757E-15, -1.000000000000000000 ) ) ;
#9108 =( NAMED_UNIT ( * ) SI_UNIT ( $, .STERADIAN. ) SOLID_ANGLE_UNIT ( ) );
#9109 = CARTESIAN_POINT ( 'NONE',  ( -1.600000000000000089, -1.599999999999999867, 7.299999999999998934 ) ) ;
#9110 =( NAMED_UNIT ( * ) SI_UNIT ( $, .STERADIAN. ) SOLID_ANGLE_UNIT ( ) );
#9111 = ORIENTED_EDGE ( 'NONE', *, *, #818, .T. ) ;
#9112 = DIRECTION ( 'NONE',  ( 2.961358209323463018E-15, -2.961358209323485106E-15, -1.000000000000000000 ) ) ;
#9113 = CIRCLE ( 'NONE', #8444, 0.7999999999999994893 ) ;
#9114 =( GEOMETRIC_REPRESENTATION_CONTEXT ( 3 ) GLOBAL_UNCERTAINTY_ASSIGNED_CONTEXT ( ( #1535 ) ) GLOBAL_UNIT_ASSIGNED_CONTEXT ( ( #377, #4344, #1901 ) ) REPRESENTATION_CONTEXT ( 'NONE', 'WORKASPACE' ) );
#9115 = PRESENTATION_STYLE_ASSIGNMENT (( #1217 ) ) ;
#9116 = CARTESIAN_POINT ( 'NONE',  ( -4.750000000000000000, -4.750000000000000000, 3.200000000000000178 ) ) ;
#9117 = DIRECTION ( 'NONE',  ( -0.000000000000000000, -0.000000000000000000, -1.000000000000000000 ) ) ;
#9118 = CARTESIAN_POINT ( 'NONE',  ( 1.283695372222837250E-13, 1.756407519426517183E-14, 3.199999999999955769 ) ) ;
#9119 = EDGE_CURVE ( 'NONE', #2592, #3179, #626, .T. ) ;
#9120 = CARTESIAN_POINT ( 'NONE',  ( -6.000000000000000000, 5.000000000000000000, 0.4000000000000000222 ) ) ;
#9121 = COLOUR_RGB ( '',0.7529411764705882248, 0.7529411764705882248, 0.7529411764705882248 ) ;
#9122 = AXIS2_PLACEMENT_3D ( 'NONE', #6121, #9404, #2949 ) ;
#9123 = EDGE_LOOP ( 'NONE', ( #3987, #3845, #874, #726 ) ) ;
#9124 =( LENGTH_UNIT ( ) NAMED_UNIT ( * ) SI_UNIT ( .MILLI., .METRE. ) );
#9125 = AXIS2_PLACEMENT_3D ( 'NONE', #8785, #7740, #10249 ) ;
#9126 = PLANE ( 'NONE',  #4139 ) ;
#9127 = ORIENTED_EDGE ( 'NONE', *, *, #7669, .F. ) ;
#9128 = DIRECTION ( 'NONE',  ( 0.4733177335606137404, 0.4620284873219664412, 0.7500000000000127676 ) ) ;
#9129 = ORIENTED_EDGE ( 'NONE', *, *, #6404, .F. ) ;
#9130 = DIRECTION ( 'NONE',  ( 0.000000000000000000, 0.000000000000000000, -1.000000000000000000 ) ) ;
#9131 = SURFACE_SIDE_STYLE ('',( #1238 ) ) ;
#9132 =( LENGTH_UNIT ( ) NAMED_UNIT ( * ) SI_UNIT ( .MILLI., .METRE. ) );
#9133 = AXIS2_PLACEMENT_3D ( 'NONE', #8862, #5022, #7200 ) ;
#9134 = CIRCLE ( 'NONE', #4644, 0.03542486889637243286 ) ;
#9135 = CARTESIAN_POINT ( 'NONE',  ( 6.649999999999999467, 6.704630743366732482, -2.094532406675940983 ) ) ;
#9136 = UNCERTAINTY_MEASURE_WITH_UNIT (LENGTH_MEASURE( 1.000000000000000082E-05 ), #1430, 'distance_accuracy_value', 'NONE');
#9137 = AXIS2_PLACEMENT_3D ( 'NONE', #6779, #947, #4182 ) ;
#9138 = ORIENTED_EDGE ( 'NONE', *, *, #10251, .F. ) ;
#9139 = CARTESIAN_POINT ( 'NONE',  ( 6.694074169054410106, 2.000000000000000444, -2.070921654418466762 ) ) ;
#9140 = VERTEX_POINT ( 'NONE', #7238 ) ;
#9141 =( NAMED_UNIT ( * ) SI_UNIT ( $, .STERADIAN. ) SOLID_ANGLE_UNIT ( ) );
#9142 =( GEOMETRIC_REPRESENTATION_CONTEXT ( 3 ) GLOBAL_UNCERTAINTY_ASSIGNED_CONTEXT ( ( #6563 ) ) GLOBAL_UNIT_ASSIGNED_CONTEXT ( ( #9923, #4371, #4541 ) ) REPRESENTATION_CONTEXT ( 'NONE', 'WORKASPACE' ) );
#9143 = SURFACE_STYLE_FILL_AREA ( #7804 ) ;
#9144 = EDGE_CURVE ( 'NONE', #1142, #3746, #6793, .T. ) ;
#9145 = SURFACE_SIDE_STYLE ('',( #1202 ) ) ;
#9146 = LINE ( 'NONE', #2617, #1650 ) ;
#9147 = CARTESIAN_POINT ( 'NONE',  ( 4.256400429113922357, 4.112287655965714883, 3.598706940622504735 ) ) ;
#9148 = UNCERTAINTY_MEASURE_WITH_UNIT (LENGTH_MEASURE( 1.000000000000000082E-05 ), #9810, 'distance_accuracy_value', 'NONE');
#9149 = AXIS2_PLACEMENT_3D ( 'NONE', #2319, #5510, #2427 ) ;
#9150 = APPLICATION_CONTEXT ( 'automotive_design' ) ;
#9151 = PRESENTATION_LAYER_ASSIGNMENT (  '', '', ( #6828 ) ) ;
#9152 = FILL_AREA_STYLE_COLOUR ( '', #1945 ) ;
#9153 = ORIENTED_EDGE ( 'NONE', *, *, #3996, .T. ) ;
#9154 = ORIENTED_EDGE ( 'NONE', *, *, #2252, .F. ) ;
#9155 = SURFACE_STYLE_USAGE ( .BOTH. , #9826 ) ;
#9156 = FILL_AREA_STYLE_COLOUR ( '', #3926 ) ;
#9157 = DIRECTION ( 'NONE',  ( -3.491483361109382461E-15, 0.000000000000000000, 1.000000000000000000 ) ) ;
#9158 = FILL_AREA_STYLE ('',( #9881 ) ) ;
#9159 = PRODUCT_DEFINITION_SHAPE ( 'NONE', 'NONE',  #6347 ) ;
#9160 = VERTEX_POINT ( 'NONE', #8003 ) ;
#9161 = EDGE_LOOP ( 'NONE', ( #6560, #8082, #6102, #3582 ) ) ;
#9162 = LINE ( 'NONE', #3602, #109 ) ;
#9163 = ADVANCED_FACE ( 'NONE', ( #4028 ), #5466, .T. ) ;
#9164 = CARTESIAN_POINT ( 'NONE',  ( -1.852246675857550873, -5.543789693198331925, 3.585041640414896147 ) ) ;
#9165 = DIRECTION ( 'NONE',  ( 0.000000000000000000, 0.000000000000000000, 1.000000000000000000 ) ) ;
#9166 = ADVANCED_FACE ( 'NONE', ( #686 ), #787, .T. ) ;
#9167 = LINE ( 'NONE', #6829, #10185 ) ;
#9168 = VECTOR ( 'NONE', #8908, 1000.000000000000000 ) ;
#9169 = CARTESIAN_POINT ( 'NONE',  ( 4.399999999999999467, 3.500000000000000000, 0.4000000000000000222 ) ) ;
#9170 = ORIENTED_EDGE ( 'NONE', *, *, #3165, .F. ) ;
#9171 =( LENGTH_UNIT ( ) NAMED_UNIT ( * ) SI_UNIT ( .MILLI., .METRE. ) );
#9172 = DIRECTION ( 'NONE',  ( 0.000000000000000000, -1.000000000000000000, 0.000000000000000000 ) ) ;
#9173 = ORIENTED_EDGE ( 'NONE', *, *, #7631, .T. ) ;
#9174 = DIRECTION ( 'NONE',  ( -1.000000000000000000, 0.000000000000000000, -4.336808689942028583E-16 ) ) ;
#9175 = ORIENTED_EDGE ( 'NONE', *, *, #10137, .T. ) ;
#9176 = CARTESIAN_POINT ( 'NONE',  ( 5.274981222842645145, 1.612599470617824382, 3.600000000000002753 ) ) ;
#9177 = CARTESIAN_POINT ( 'NONE',  ( -6.159705218919231839, 2.062903407891060414, -3.053341690607345615 ) ) ;
#9178 = FILL_AREA_STYLE ('',( #1297 ) ) ;
#9179 = ADVANCED_FACE ( 'NONE', ( #5776 ), #6619, .T. ) ;
#9180 = AXIS2_PLACEMENT_3D ( 'NONE', #9926, #2889, #5130 ) ;
#9181 = EDGE_CURVE ( 'NONE', #3860, #3896, #3277, .T. ) ;
#9182 = SURFACE_STYLE_USAGE ( .BOTH. , #9967 ) ;
#9183 = AXIS2_PLACEMENT_3D ( 'NONE', #1065, #5211, #4394 ) ;
#9184 = CIRCLE ( 'NONE', #7833, 0.8000000000000003775 ) ;
#9185 = EDGE_CURVE ( 'NONE', #4021, #6018, #7446, .T. ) ;
#9186 = CIRCLE ( 'NONE', #10181, 5.275000000000003908 ) ;
#9187 = ORIENTED_EDGE ( 'NONE', *, *, #6218, .T. ) ;
#9188 = DIRECTION ( 'NONE',  ( 0.4722150451494424583, 0.000000000000000000, -0.8814833810881007592 ) ) ;
#9189 = ORIENTED_EDGE ( 'NONE', *, *, #5659, .F. ) ;
#9190 =( NAMED_UNIT ( * ) PLANE_ANGLE_UNIT ( ) SI_UNIT ( $, .RADIAN. ) );
#9191 = VECTOR ( 'NONE', #1582, 1000.000000000000114 ) ;
#9192 =( NAMED_UNIT ( * ) PLANE_ANGLE_UNIT ( ) SI_UNIT ( $, .RADIAN. ) );
#9193 =( GEOMETRIC_REPRESENTATION_CONTEXT ( 3 ) GLOBAL_UNCERTAINTY_ASSIGNED_CONTEXT ( ( #7901 ) ) GLOBAL_UNIT_ASSIGNED_CONTEXT ( ( #5491, #7259, #5595 ) ) REPRESENTATION_CONTEXT ( 'NONE', 'WORKASPACE' ) );
#9194 = MECHANICAL_DESIGN_GEOMETRIC_PRESENTATION_REPRESENTATION (  '', ( #337 ), #3021 ) ;
#9195 = UNCERTAINTY_MEASURE_WITH_UNIT (LENGTH_MEASURE( 1.000000000000000082E-05 ), #6972, 'distance_accuracy_value', 'NONE');
#9196 = ADVANCED_FACE ( 'NONE', ( #6496 ), #8900, .T. ) ;
#9197 = SURFACE_STYLE_FILL_AREA ( #8252 ) ;
#9198 = ORIENTED_EDGE ( 'NONE', *, *, #2090, .F. ) ;
#9199 = EDGE_CURVE ( 'NONE', #3237, #8962, #1769, .T. ) ;
#9200 = ORIENTED_EDGE ( 'NONE', *, *, #622, .F. ) ;
#9201 = PRESENTATION_LAYER_ASSIGNMENT (  '', '', ( #9843 ) ) ;
#9202 = SURFACE_SIDE_STYLE ('',( #5097 ) ) ;
#9203 =( GEOMETRIC_REPRESENTATION_CONTEXT ( 3 ) GLOBAL_UNCERTAINTY_ASSIGNED_CONTEXT ( ( #1987 ) ) GLOBAL_UNIT_ASSIGNED_CONTEXT ( ( #7934, #2466, #191 ) ) REPRESENTATION_CONTEXT ( 'NONE', 'WORKASPACE' ) );
#9204 = CARTESIAN_POINT ( 'NONE',  ( -6.958519183380841078, 6.704630743366732482, -1.929257140873635201 ) ) ;
#9205 = PRESENTATION_STYLE_ASSIGNMENT (( #3795 ) ) ;
#9206 = DIRECTION ( 'NONE',  ( -1.000000000000000000, 0.000000000000000000, -0.000000000000000000 ) ) ;
#9207 = DIRECTION ( 'NONE',  ( 0.000000000000000000, -0.2078790956190631756, 0.9781545284895430958 ) ) ;
#9208 = CIRCLE ( 'NONE', #4234, 4.150000000000000355 ) ;
#9209 = EDGE_CURVE ( 'NONE', #1564, #1552, #430, .T. ) ;
#9210 =( NAMED_UNIT ( * ) SI_UNIT ( $, .STERADIAN. ) SOLID_ANGLE_UNIT ( ) );
#9211 =( NAMED_UNIT ( * ) SI_UNIT ( $, .STERADIAN. ) SOLID_ANGLE_UNIT ( ) );
#9212 = ORIENTED_EDGE ( 'NONE', *, *, #3007, .T. ) ;
#9213 = SURFACE_SIDE_STYLE ('',( #2106 ) ) ;
#9214 = DIRECTION ( 'NONE',  ( -0.000000000000000000, -0.000000000000000000, 1.000000000000000000 ) ) ;
#9215 = PLANE ( 'NONE',  #6656 ) ;
#9216 = EDGE_CURVE ( 'NONE', #3585, #8571, #6281, .T. ) ;
#9217 = CARTESIAN_POINT ( 'NONE',  ( 6.000000000000000000, 0.000000000000000000, 0.2000000000000000944 ) ) ;
#9218 = DIRECTION ( 'NONE',  ( 0.000000000000000000, 1.000000000000000000, 0.000000000000000000 ) ) ;
#9219 = ORIENTED_EDGE ( 'NONE', *, *, #8567, .F. ) ;
#9220 = DIRECTION ( 'NONE',  ( -1.000000000000000000, 0.000000000000000000, 0.000000000000000000 ) ) ;
#9221 =( GEOMETRIC_REPRESENTATION_CONTEXT ( 3 ) GLOBAL_UNCERTAINTY_ASSIGNED_CONTEXT ( ( #6638 ) ) GLOBAL_UNIT_ASSIGNED_CONTEXT ( ( #3529, #7477, #9102 ) ) REPRESENTATION_CONTEXT ( 'NONE', 'WORKASPACE' ) );
#9222 = EDGE_CURVE ( 'NONE', #5418, #1713, #435, .T. ) ;
#9223 = CARTESIAN_POINT ( 'NONE',  ( -1.600000000000000089, -1.899999999999999689, 5.500000000000000000 ) ) ;
#9224 = EDGE_CURVE ( 'NONE', #1729, #7403, #4146, .T. ) ;
#9225 = FILL_AREA_STYLE_COLOUR ( '', #1694 ) ;
#9226 = DIRECTION ( 'NONE',  ( 0.000000000000000000, 0.000000000000000000, -1.000000000000000000 ) ) ;
#9227 = EDGE_LOOP ( 'NONE', ( #6813, #9129, #10220, #7803, #6811, #479 ) ) ;
#9228 = DIRECTION ( 'NONE',  ( 0.000000000000000000, 0.000000000000000000, -1.000000000000000000 ) ) ;
#9229 = VERTEX_POINT ( 'NONE', #2107 ) ;
#9230 = CARTESIAN_POINT ( 'NONE',  ( 5.255185916123677359, 1.493343196672868523, 3.599999959651748238 ) ) ;
#9231 = FILL_AREA_STYLE_COLOUR ( '', #5078 ) ;
#9232 = AXIS2_PLACEMENT_3D ( 'NONE', #4430, #1210, #7479 ) ;
#9233 = FILL_AREA_STYLE_COLOUR ( '', #553 ) ;
#9234 = DIRECTION ( 'NONE',  ( -0.000000000000000000, -1.000000000000000000, -0.000000000000000000 ) ) ;
#9235 = DIRECTION ( 'NONE',  ( 1.000000000000000000, -0.000000000000000000, 0.000000000000000000 ) ) ;
#9236 = MECHANICAL_DESIGN_GEOMETRIC_PRESENTATION_REPRESENTATION (  '', ( #4267 ), #7562 ) ;
#9237 = ORIENTED_EDGE ( 'NONE', *, *, #9871, .F. ) ;
#9238 = COLOUR_RGB ( '',0.7529411764705882248, 0.7529411764705882248, 0.7529411764705882248 ) ;
#9239 = ORIENTED_EDGE ( 'NONE', *, *, #2879, .T. ) ;
#9240 = SURFACE_STYLE_USAGE ( .BOTH. , #4468 ) ;
#9241 = CIRCLE ( 'NONE', #8222, 0.3000000000000719313 ) ;
#9242 = COLOUR_RGB ( '',0.7529411764705882248, 0.7529411764705882248, 0.7529411764705882248 ) ;
#9243 = CARTESIAN_POINT ( 'NONE',  ( 6.000000000000000000, -5.000000000000000000, 0.4000000000000000777 ) ) ;
#9244 = ADVANCED_FACE ( 'NONE', ( #3601 ), #1612, .T. ) ;
#9245 = FACE_OUTER_BOUND ( 'NONE', #5479, .T. ) ;
#9246 = PRESENTATION_LAYER_ASSIGNMENT (  '', '', ( #8411 ) ) ;
#9247 = CIRCLE ( 'NONE', #8422, 0.3499999999999996447 ) ;
#9248 = CARTESIAN_POINT ( 'NONE',  ( 1.600000000000000089, -1.599999999999999867, 5.500000000000000000 ) ) ;
#9249 = ORIENTED_EDGE ( 'NONE', *, *, #1241, .T. ) ;
#9250 = DIRECTION ( 'NONE',  ( 0.000000000000000000, 0.000000000000000000, 1.000000000000000000 ) ) ;
#9251 = SURFACE_SIDE_STYLE ('',( #5296 ) ) ;
#9252 =( NAMED_UNIT ( * ) SI_UNIT ( $, .STERADIAN. ) SOLID_ANGLE_UNIT ( ) );
#9253 = DIRECTION ( 'NONE',  ( 0.000000000000000000, 0.000000000000000000, -1.000000000000000000 ) ) ;
#9254 = CARTESIAN_POINT ( 'NONE',  ( -6.300000004164958867, -3.590273380400939907, 0.8000000000000000444 ) ) ;
#9255 = AXIS2_PLACEMENT_3D ( 'NONE', #9682, #7445, #221 ) ;
#9256 =( GEOMETRIC_REPRESENTATION_CONTEXT ( 3 ) GLOBAL_UNCERTAINTY_ASSIGNED_CONTEXT ( ( #3427 ) ) GLOBAL_UNIT_ASSIGNED_CONTEXT ( ( #9132, #7705, #533 ) ) REPRESENTATION_CONTEXT ( 'NONE', 'WORKASPACE' ) );
#9257 = DIRECTION ( 'NONE',  ( -1.000000000000000000, -0.000000000000000000, 0.000000000000000000 ) ) ;
#9258 = MECHANICAL_DESIGN_GEOMETRIC_PRESENTATION_REPRESENTATION (  '', ( #7427 ), #4783 ) ;
#9259 = DIRECTION ( 'NONE',  ( -0.000000000000000000, -1.000000000000000000, -0.000000000000000000 ) ) ;
#9260 = VERTEX_POINT ( 'NONE', #7593 ) ;
#9261 = VERTEX_POINT ( 'NONE', #6868 ) ;
#9262 = CARTESIAN_POINT ( 'NONE',  ( 6.305925830945597887, 2.000000000000000000, -0.7110617430582391041 ) ) ;
#9263 = DIRECTION ( 'NONE',  ( 4.900241895855788831E-16, 4.900241895855782914E-16, 1.000000000000000000 ) ) ;
#9264 = CARTESIAN_POINT ( 'NONE',  ( -1.872926861588553704, -5.431668471422017141, 3.600000000000003642 ) ) ;
#9265 = LINE ( 'NONE', #2112, #7525 ) ;
#9266 = DIRECTION ( 'NONE',  ( -1.000000000000000000, 0.000000000000000000, 0.000000000000000000 ) ) ;
#9267 = CARTESIAN_POINT ( 'NONE',  ( -5.000000000000000000, -5.000000000000000000, 0.2000000000000000944 ) ) ;
#9268 = ORIENTED_EDGE ( 'NONE', *, *, #2287, .F. ) ;
#9269 = CARTESIAN_POINT ( 'NONE',  ( -6.159705218919231839, 2.937096592108938697, -3.053341690607345615 ) ) ;
#9270 = SURFACE_STYLE_FILL_AREA ( #2015 ) ;
#9271 = PRESENTATION_STYLE_ASSIGNMENT (( #6045 ) ) ;
#9272 = ORIENTED_EDGE ( 'NONE', *, *, #7794, .F. ) ;
#9273 = DIRECTION ( 'NONE',  ( -1.000000000000000000, 0.000000000000000000, -0.000000000000000000 ) ) ;
#9274 = ORIENTED_EDGE ( 'NONE', *, *, #6755, .F. ) ;
#9275 = MECHANICAL_DESIGN_GEOMETRIC_PRESENTATION_REPRESENTATION (  '', ( #5442 ), #3794 ) ;
#9276 = CIRCLE ( 'NONE', #5619, 1.000000000000000000 ) ;
#9277 = CARTESIAN_POINT ( 'NONE',  ( 6.693412330956371115, -2.000000000000000000, -2.119339049353551108 ) ) ;
#9278 = DIRECTION ( 'NONE',  ( 2.478176394252584099E-15, 0.000000000000000000, 1.000000000000000000 ) ) ;
#9279 = LINE ( 'NONE', #6054, #1341 ) ;
#9280 = PRESENTATION_LAYER_ASSIGNMENT (  '', '', ( #3289 ) ) ;
#9281 = ORIENTED_EDGE ( 'NONE', *, *, #8530, .T. ) ;
#9282 = ORIENTED_EDGE ( 'NONE', *, *, #8875, .T. ) ;
#9283 = STYLED_ITEM ( 'NONE', ( #627 ), #3846 ) ;
#9284 = STYLED_ITEM ( 'NONE', ( #2651 ), #424 ) ;
#9285 =( GEOMETRIC_REPRESENTATION_CONTEXT ( 3 ) GLOBAL_UNCERTAINTY_ASSIGNED_CONTEXT ( ( #1926 ) ) GLOBAL_UNIT_ASSIGNED_CONTEXT ( ( #967, #4093, #4197 ) ) REPRESENTATION_CONTEXT ( 'NONE', 'WORKASPACE' ) );
#9286 = UNCERTAINTY_MEASURE_WITH_UNIT (LENGTH_MEASURE( 1.000000000000000082E-05 ), #7741, 'distance_accuracy_value', 'NONE');
#9287 = MECHANICAL_DESIGN_GEOMETRIC_PRESENTATION_REPRESENTATION (  '', ( #7126 ), #2963 ) ;
#9288 = EDGE_CURVE ( 'NONE', #7175, #1017, #6798, .T. ) ;
#9289 = CARTESIAN_POINT ( 'NONE',  ( 0.000000000000000000, -1.500000000000000000, 4.299999999999999822 ) ) ;
#9290 =( LENGTH_UNIT ( ) NAMED_UNIT ( * ) SI_UNIT ( .MILLI., .METRE. ) );
#9291 = VECTOR ( 'NONE', #1386, 1000.000000000000227 ) ;
#9292 = ORIENTED_EDGE ( 'NONE', *, *, #6776, .F. ) ;
#9293 = VECTOR ( 'NONE', #8238, 1000.000000000000000 ) ;
#9294 = DIRECTION ( 'NONE',  ( -1.000000000000000000, 0.000000000000000000, 0.000000000000000000 ) ) ;
#9295 = DIRECTION ( 'NONE',  ( 1.000000000000000000, 1.222978688985946960E-15, -0.000000000000000000 ) ) ;
#9296 = PRESENTATION_STYLE_ASSIGNMENT (( #560 ) ) ;
#9297 = CARTESIAN_POINT ( 'NONE',  ( -6.420179204657452843, -2.937096592108938253, -3.202181546672994372 ) ) ;
#9298 = AXIS2_PLACEMENT_3D ( 'NONE', #5525, #6246, #8690 ) ;
#9299 = CARTESIAN_POINT ( 'NONE',  ( -5.699999999999997513, 2.250000000001086242, 3.500000000000001332 ) ) ;
#9300 = ORIENTED_EDGE ( 'NONE', *, *, #5320, .T. ) ;
#9301 = AXIS2_PLACEMENT_3D ( 'NONE', #7074, #3156, #6443 ) ;
#9302 = ORIENTED_EDGE ( 'NONE', *, *, #5521, .T. ) ;
#9303 = LINE ( 'NONE', #2260, #9889 ) ;
#9304 = PLANE ( 'NONE',  #5294 ) ;
#9305 =( NAMED_UNIT ( * ) SI_UNIT ( $, .STERADIAN. ) SOLID_ANGLE_UNIT ( ) );
#9306 = DIRECTION ( 'NONE',  ( -1.000000000000000000, 9.463918882391639035E-14, 2.412412285501378840E-14 ) ) ;
#9307 = ORIENTED_EDGE ( 'NONE', *, *, #2538, .F. ) ;
#9308 = SURFACE_SIDE_STYLE ('',( #4448 ) ) ;
#9309 = EDGE_CURVE ( 'NONE', #1071, #8962, #4626, .T. ) ;
#9310 = DIRECTION ( 'NONE',  ( 1.000000000000000000, 0.000000000000000000, 0.000000000000000000 ) ) ;
#9311 = SURFACE_SIDE_STYLE ('',( #8442 ) ) ;
#9312 = EDGE_CURVE ( 'NONE', #1131, #46, #86, .T. ) ;
#9313 = VERTEX_POINT ( 'NONE', #2155 ) ;
#9314 = CARTESIAN_POINT ( 'NONE',  ( 6.958519183380838413, 2.000000000000000000, -1.929257140873636311 ) ) ;
#9315 = DIRECTION ( 'NONE',  ( -0.000000000000000000, -1.000000000000000000, -0.000000000000000000 ) ) ;
#9316 = EDGE_CURVE ( 'NONE', #5191, #10177, #5351, .T. ) ;
#9317 =( NAMED_UNIT ( * ) PLANE_ANGLE_UNIT ( ) SI_UNIT ( $, .RADIAN. ) );
#9318 = DIRECTION ( 'NONE',  ( 0.000000000000000000, 0.000000000000000000, -1.000000000000000000 ) ) ;
#9319 = AXIS2_PLACEMENT_3D ( 'NONE', #2235, #4551, #750 ) ;
#9320 = ADVANCED_FACE ( 'NONE', ( #517 ), #9304, .T. ) ;
#9321 = LINE ( 'NONE', #8398, #960 ) ;
#9322 = ORIENTED_EDGE ( 'NONE', *, *, #4745, .T. ) ;
#9323 = DIRECTION ( 'NONE',  ( 0.2543991645254491396, 0.6105579948610990737, 0.7499999999999650280 ) ) ;
#9324 = VERTEX_POINT ( 'NONE', #7885 ) ;
#9325 = DIRECTION ( 'NONE',  ( -0.4961328535521693506, 0.000000000000000000, 0.8682466191274121892 ) ) ;
#9326 = SURFACE_STYLE_USAGE ( .BOTH. , #7863 ) ;
#9327 = EDGE_CURVE ( 'NONE', #3835, #5739, #2423, .T. ) ;
#9328 = LINE ( 'NONE', #8407, #3254 ) ;
#9329 = FILL_AREA_STYLE ('',( #497 ) ) ;
#9330 = SURFACE_SIDE_STYLE ('',( #4717 ) ) ;
#9331 = VERTEX_POINT ( 'NONE', #7170 ) ;
#9332 = LINE ( 'NONE', #3540, #1193 ) ;
#9333 = VECTOR ( 'NONE', #9411, 1000.000000000000000 ) ;
#9334 = AXIS2_PLACEMENT_3D ( 'NONE', #475, #7749, #5218 ) ;
#9335 = COLOUR_RGB ( '',0.7529411764705882248, 0.7529411764705882248, 0.7529411764705882248 ) ;
#9336 = EDGE_CURVE ( 'NONE', #9758, #8794, #5566, .T. ) ;
#9337 = CARTESIAN_POINT ( 'NONE',  ( 6.041480816619161587, -6.704630743366731593, -0.8527262566030734403 ) ) ;
#9338 = ORIENTED_EDGE ( 'NONE', *, *, #1763, .F. ) ;
#9339 = EDGE_CURVE ( 'NONE', #591, #148, #674, .T. ) ;
#9340 = DIRECTION ( 'NONE',  ( 0.000000000000000000, 0.000000000000000000, -1.000000000000000000 ) ) ;
#9341 = CARTESIAN_POINT ( 'NONE',  ( -6.041480816619163363, 3.000000000000000000, -0.8527262566030737734 ) ) ;
#9342 = AXIS2_PLACEMENT_3D ( 'NONE', #8000, #682, #10359 ) ;
#9343 = AXIS2_PLACEMENT_3D ( 'NONE', #1640, #4846, #7234 ) ;
#9344 = MECHANICAL_DESIGN_GEOMETRIC_PRESENTATION_REPRESENTATION (  '', ( #4388 ), #5695 ) ;
#9345 = FILL_AREA_STYLE_COLOUR ( '', #5248 ) ;
#9346 = SURFACE_STYLE_USAGE ( .BOTH. , #6958 ) ;
#9347 = DIRECTION ( 'NONE',  ( 2.172784074740690919E-30, -1.000000000000000000, -5.025349008807009442E-14 ) ) ;
#9348 = CIRCLE ( 'NONE', #1001, 0.04999999999999969746 ) ;
#9349 = FACE_OUTER_BOUND ( 'NONE', #1871, .T. ) ;
#9350 = CIRCLE ( 'NONE', #7844, 5.435424868893838024 ) ;
#9351 = PRESENTATION_LAYER_ASSIGNMENT (  '', '', ( #4058 ) ) ;
#9352 = CARTESIAN_POINT ( 'NONE',  ( -2.263624949574417844, -5.432699878978660024, 3.200000000000000178 ) ) ;
#9353 = ORIENTED_EDGE ( 'NONE', *, *, #3676, .T. ) ;
#9354 = CARTESIAN_POINT ( 'NONE',  ( 5.435424868894971340, 2.250000000001297629, 3.600000000000000977 ) ) ;
#9355 = MECHANICAL_DESIGN_GEOMETRIC_PRESENTATION_REPRESENTATION (  '', ( #3367 ), #166 ) ;
#9356 = EDGE_LOOP ( 'NONE', ( #1583, #972, #1207, #7970 ) ) ;
#9357 = LINE ( 'NONE', #5507, #8409 ) ;
#9358 = SURFACE_SIDE_STYLE ('',( #6825 ) ) ;
#9359 = SURFACE_STYLE_FILL_AREA ( #2054 ) ;
#9360 = DIRECTION ( 'NONE',  ( 5.292964219874702812E-15, -1.256337252201266738E-14, -1.000000000000000000 ) ) ;
#9361 = DIRECTION ( 'NONE',  ( 5.059610138265688673E-15, -1.000000000000000000, -7.134913342347176432E-30 ) ) ;
#9362 = MECHANICAL_DESIGN_GEOMETRIC_PRESENTATION_REPRESENTATION (  '', ( #5884 ), #5213 ) ;
#9363 = DIRECTION ( 'NONE',  ( -2.710505431213761578E-16, 1.000000000000000000, 0.000000000000000000 ) ) ;
#9364 = ADVANCED_FACE ( 'NONE', ( #4675 ), #3101, .T. ) ;
#9365 = ORIENTED_EDGE ( 'NONE', *, *, #8433, .F. ) ;
#9366 = CARTESIAN_POINT ( 'NONE',  ( 6.000000000000000000, -5.000000000000000000, 3.300000000000000711 ) ) ;
#9367 = FACE_OUTER_BOUND ( 'NONE', #5008, .T. ) ;
#9368 = FILL_AREA_STYLE ('',( #10207 ) ) ;
#9369 = UNCERTAINTY_MEASURE_WITH_UNIT (LENGTH_MEASURE( 1.000000000000000082E-05 ), #7799, 'distance_accuracy_value', 'NONE');
#9370 = CARTESIAN_POINT ( 'NONE',  ( -6.041480816619163363, 6.704630743366732482, -0.8527262566030739954 ) ) ;
#9371 = ORIENTED_EDGE ( 'NONE', *, *, #1878, .T. ) ;
#9372 = COLOUR_RGB ( '',0.2980392156862745057, 0.2980392156862745057, 0.2980392156862745057 ) ;
#9373 = SURFACE_STYLE_USAGE ( .BOTH. , #7701 ) ;
#9374 = CARTESIAN_POINT ( 'NONE',  ( -1.600000000000000089, -1.599999999999999867, 5.500000000000000000 ) ) ;
#9375 = PRESENTATION_LAYER_ASSIGNMENT (  '', '', ( #2201 ) ) ;
#9376 = MECHANICAL_DESIGN_GEOMETRIC_PRESENTATION_REPRESENTATION (  '', ( #1040 ), #2044 ) ;
#9377 = CYLINDRICAL_SURFACE ( 'NONE', #6373, 0.7999999999999994893 ) ;
#9378 = COLOUR_RGB ( '',0.7529411764705882248, 0.7529411764705882248, 0.7529411764705882248 ) ;
#9379 = ORIENTED_EDGE ( 'NONE', *, *, #7289, .F. ) ;
#9380 = SURFACE_STYLE_USAGE ( .BOTH. , #3834 ) ;
#9381 = VERTEX_POINT ( 'NONE', #3806 ) ;
#9382 = ORIENTED_EDGE ( 'NONE', *, *, #7316, .T. ) ;
#9383 = VECTOR ( 'NONE', #1587, 1000.000000000000000 ) ;
#9384 = DIRECTION ( 'NONE',  ( -4.410331739183748418E-33, -1.000000000000000000, -6.012910069692402531E-16 ) ) ;
#9385 = SURFACE_SIDE_STYLE ('',( #1500 ) ) ;
#9386 = CARTESIAN_POINT ( 'NONE',  ( 4.713095711004418931, -3.950851657416640350, 3.499999999999996891 ) ) ;
#9387 = SURFACE_SIDE_STYLE ('',( #5238 ) ) ;
#9388 = VERTEX_POINT ( 'NONE', #2203 ) ;
#9389 = STYLED_ITEM ( 'NONE', ( #2797 ), #6250 ) ;
#9390 = COLOUR_RGB ( '',0.6470588235294117974, 0.6196078431372549211, 0.5882352941176470784 ) ;
#9391 = SURFACE_SIDE_STYLE ('',( #10176 ) ) ;
#9392 = ORIENTED_EDGE ( 'NONE', *, *, #1513, .F. ) ;
#9393 = CARTESIAN_POINT ( 'NONE',  ( -6.299999999999998046, 2.000000000000000000, 0.06415926535897897853 ) ) ;
#9394 = VECTOR ( 'NONE', #7292, 1000.000000000000000 ) ;
#9395 = CIRCLE ( 'NONE', #8062, 0.03542486889353876206 ) ;
#9396 = DIRECTION ( 'NONE',  ( -0.4961328535521692396, 0.000000000000000000, 0.8682466191274121892 ) ) ;
#9397 = CIRCLE ( 'NONE', #695, 0.4000000000000023537 ) ;
#9398 = DIRECTION ( 'NONE',  ( 2.542070579185640549E-15, 1.000000000000000000, 1.027427521298021752E-31 ) ) ;
#9399 =( GEOMETRIC_REPRESENTATION_CONTEXT ( 3 ) GLOBAL_UNCERTAINTY_ASSIGNED_CONTEXT ( ( #1684 ) ) GLOBAL_UNIT_ASSIGNED_CONTEXT ( ( #3703, #9059, #7685 ) ) REPRESENTATION_CONTEXT ( 'NONE', 'WORKASPACE' ) );
#9400 = COLOUR_RGB ( '',0.6470588235294117974, 0.6196078431372549211, 0.5882352941176470784 ) ;
#9401 = SURFACE_SIDE_STYLE ('',( #3093 ) ) ;
#9402 = EDGE_CURVE ( 'NONE', #7453, #4664, #10307, .T. ) ;
#9403 = AXIS2_PLACEMENT_3D ( 'NONE', #6531, #1146, #4373 ) ;
#9404 = DIRECTION ( 'NONE',  ( 0.000000000000000000, 1.000000000000000000, 0.000000000000000000 ) ) ;
#9405 = CARTESIAN_POINT ( 'NONE',  ( 5.549999999999999822, 4.750000000000000000, 3.200000000000000178 ) ) ;
#9406 = ORIENTED_EDGE ( 'NONE', *, *, #8111, .F. ) ;
#9407 = CARTESIAN_POINT ( 'NONE',  ( -5.254402139687988971, 1.415820310270501370, 3.599999982767405626 ) ) ;
#9408 = DIRECTION ( 'NONE',  ( 3.491483361109382461E-15, -0.000000000000000000, 1.000000000000000000 ) ) ;
#9409 = MECHANICAL_DESIGN_GEOMETRIC_PRESENTATION_REPRESENTATION (  '', ( #8077 ), #2077 ) ;
#9410 = ORIENTED_EDGE ( 'NONE', *, *, #7962, .F. ) ;
#9411 = DIRECTION ( 'NONE',  ( -1.000000000000000000, 0.000000000000000000, -0.000000000000000000 ) ) ;
#9412 = CARTESIAN_POINT ( 'NONE',  ( -6.041480816619164251, 2.000000000000000444, -0.8527262566030734403 ) ) ;
#9413 = EDGE_CURVE ( 'NONE', #2124, #1950, #9513, .T. ) ;
#9414 = ORIENTED_EDGE ( 'NONE', *, *, #10240, .T. ) ;
#9415 = FACE_OUTER_BOUND ( 'NONE', #8648, .T. ) ;
#9416 = STYLED_ITEM ( 'NONE', ( #3844 ), #2398 ) ;
#9417 = FACE_OUTER_BOUND ( 'NONE', #2801, .T. ) ;
#9418 = SURFACE_STYLE_FILL_AREA ( #4801 ) ;
#9419 = CARTESIAN_POINT ( 'NONE',  ( -1.599999999999998979, -6.000000000000000000, 0.2000000000000000944 ) ) ;
#9420 = CARTESIAN_POINT ( 'NONE',  ( -2.448903543325950505, -5.500000000000000000, 3.582088541269246473 ) ) ;
#9421 = EDGE_LOOP ( 'NONE', ( #5167, #9974, #1863, #2461 ) ) ;
#9422 = VECTOR ( 'NONE', #9919, 1000.000000000000000 ) ;
#9423 = FILL_AREA_STYLE_COLOUR ( '', #6819 ) ;
#9424 = FILL_AREA_STYLE ('',( #6248 ) ) ;
#9425 = DIRECTION ( 'NONE',  ( -1.000000000000000000, 0.000000000000000000, 0.000000000000000000 ) ) ;
#9426 = FILL_AREA_STYLE ('',( #4083 ) ) ;
#9427 = CARTESIAN_POINT ( 'NONE',  ( 5.174999999999999822, 0.000000000000000000, 3.600000000000001421 ) ) ;
#9428 = ORIENTED_EDGE ( 'NONE', *, *, #5557, .T. ) ;
#9429 = CIRCLE ( 'NONE', #3965, 0.3500000000000004774 ) ;
#9430 = DIRECTION ( 'NONE',  ( 0.000000000000000000, 1.000000000000000000, 0.000000000000000000 ) ) ;
#9431 = EDGE_LOOP ( 'NONE', ( #1603, #5306, #453, #8622 ) ) ;
#9432 = CARTESIAN_POINT ( 'NONE',  ( 6.000000000000000000, 0.000000000000000000, 0.4000000000000001887 ) ) ;
#9433 = ORIENTED_EDGE ( 'NONE', *, *, #296, .F. ) ;
#9434 = FACE_BOUND ( 'NONE', #5461, .T. ) ;
#9435 = FILL_AREA_STYLE_COLOUR ( '', #4768 ) ;
#9436 = CARTESIAN_POINT ( 'NONE',  ( -4.055358197899694872, -4.340453319508775998, 3.598694560489955396 ) ) ;
#9437 = PLANE ( 'NONE',  #3184 ) ;
#9438 = EDGE_LOOP ( 'NONE', ( #8581, #5735, #1034, #8226 ) ) ;
#9439 = MECHANICAL_DESIGN_GEOMETRIC_PRESENTATION_REPRESENTATION (  '', ( #3289 ), #6952 ) ;
#9440 = CARTESIAN_POINT ( 'NONE',  ( -1.600000000000000089, 1.599999999997843814, 6.999999999999999112 ) ) ;
#9441 = PRESENTATION_LAYER_ASSIGNMENT (  '', '', ( #1771 ) ) ;
#9442 =( NAMED_UNIT ( * ) PLANE_ANGLE_UNIT ( ) SI_UNIT ( $, .RADIAN. ) );
#9443 = ORIENTED_EDGE ( 'NONE', *, *, #1816, .F. ) ;
#9444 = EDGE_CURVE ( 'NONE', #1639, #922, #1575, .T. ) ;
#9445 = DIRECTION ( 'NONE',  ( -1.000000000000000000, 0.000000000000000000, -0.000000000000000000 ) ) ;
#9446 = VECTOR ( 'NONE', #7014, 1000.000000000000000 ) ;
#9447 = DIRECTION ( 'NONE',  ( 0.000000000000000000, 0.000000000000000000, -1.000000000000000000 ) ) ;
#9448 = PLANE ( 'NONE',  #3014 ) ;
#9449 = LINE ( 'NONE', #4727, #348 ) ;
#9450 = EDGE_CURVE ( 'NONE', #1617, #3565, #3770, .T. ) ;
#9451 = MECHANICAL_DESIGN_GEOMETRIC_PRESENTATION_REPRESENTATION (  '', ( #4641 ), #1285 ) ;
#9452 = AXIS2_PLACEMENT_3D ( 'NONE', #4217, #3372, #2623 ) ;
#9453 = SURFACE_STYLE_USAGE ( .BOTH. , #2357 ) ;
#9454 = DIRECTION ( 'NONE',  ( -3.006455034846200772E-16, 6.012910069692402531E-16, -1.000000000000000000 ) ) ;
#9455 = DIRECTION ( 'NONE',  ( 0.4819066211576405467, -0.2377525341402920156, -0.8433503074015540335 ) ) ;
#9456 = ORIENTED_EDGE ( 'NONE', *, *, #8530, .F. ) ;
#9457 = UNCERTAINTY_MEASURE_WITH_UNIT (LENGTH_MEASURE( 1.000000000000000082E-05 ), #333, 'distance_accuracy_value', 'NONE');
#9458 = SURFACE_SIDE_STYLE ('',( #1526 ) ) ;
#9459 = DIRECTION ( 'NONE',  ( 0.000000000000000000, -1.000000000000000000, 0.000000000000000000 ) ) ;
#9460 = PRESENTATION_LAYER_ASSIGNMENT (  '', '', ( #1794 ) ) ;
#9461 = VERTEX_POINT ( 'NONE', #4789 ) ;
#9462 = AXIS2_PLACEMENT_3D ( 'NONE', #5696, #128, #4053 ) ;
#9463 = ORIENTED_EDGE ( 'NONE', *, *, #8068, .T. ) ;
#9464 = CARTESIAN_POINT ( 'NONE',  ( -4.399999999999998579, 5.000000000000000000, 0.4000000000000000222 ) ) ;
#9465 = UNCERTAINTY_MEASURE_WITH_UNIT (LENGTH_MEASURE( 1.000000000000000082E-05 ), #4218, 'distance_accuracy_value', 'NONE');
#9466 = CARTESIAN_POINT ( 'NONE',  ( 6.287205726393074734, -3.000000000000000444, -2.830212172457909237 ) ) ;
#9467 = AXIS2_PLACEMENT_3D ( 'NONE', #2812, #6780, #8378 ) ;
#9468 = EDGE_CURVE ( 'NONE', #709, #3504, #1110, .T. ) ;
#9469 = CYLINDRICAL_SURFACE ( 'NONE', #1900, 0.4000000000000001887 ) ;
#9471 = COLOUR_RGB ( '',0.7529411764705882248, 0.7529411764705882248, 0.7529411764705882248 ) ;
#9470 = SURFACE_SIDE_STYLE ('',( #2434 ) ) ;
#9472 = UNCERTAINTY_MEASURE_WITH_UNIT (LENGTH_MEASURE( 1.000000000000000082E-05 ), #3392, 'distance_accuracy_value', 'NONE');
#9473 = FILL_AREA_STYLE_COLOUR ( '', #1615 ) ;
#9474 = EDGE_CURVE ( 'NONE', #7366, #5321, #3811, .T. ) ;
#9475 = ORIENTED_EDGE ( 'NONE', *, *, #8899, .F. ) ;
#9476 = SURFACE_STYLE_FILL_AREA ( #7242 ) ;
#9477 = CARTESIAN_POINT ( 'NONE',  ( 6.000000000000000000, -5.000000000000000000, 0.4000000000000000222 ) ) ;
#9478 = VERTEX_POINT ( 'NONE', #4946 ) ;
#9479 = DIRECTION ( 'NONE',  ( -1.000000000000000000, 0.000000000000000000, 1.224227167353178681E-14 ) ) ;
#9480 = EDGE_CURVE ( 'NONE', #7946, #8716, #6661, .T. ) ;
#9481 = CYLINDRICAL_SURFACE ( 'NONE', #1116, 0.04999999999999969746 ) ;
#9482 = ORIENTED_EDGE ( 'NONE', *, *, #5719, .F. ) ;
#9483 = CARTESIAN_POINT ( 'NONE',  ( -3.600000000000000533, -5.500000000000000000, 3.644339654338649925 ) ) ;
#9484 = ORIENTED_EDGE ( 'NONE', *, *, #2078, .T. ) ;
#9485 =( LENGTH_UNIT ( ) NAMED_UNIT ( * ) SI_UNIT ( .MILLI., .METRE. ) );
#9486 = EDGE_LOOP ( 'NONE', ( #2299, #6000, #7405, #3349 ) ) ;
#9487 = EDGE_CURVE ( 'NONE', #10277, #6693, #1954, .T. ) ;
#9488 = FILL_AREA_STYLE ('',( #3182 ) ) ;
#9489 = DIRECTION ( 'NONE',  ( -3.006455034846202744E-16, 0.000000000000000000, -1.000000000000000000 ) ) ;
#9490 = CARTESIAN_POINT ( 'NONE',  ( 6.300000004034803425, 2.000000000000000000, 0.06415926535897897853 ) ) ;
#9491 =( LENGTH_UNIT ( ) NAMED_UNIT ( * ) SI_UNIT ( .MILLI., .METRE. ) );
#9492 = DIRECTION ( 'NONE',  ( -0.000000000000000000, -0.000000000000000000, -1.000000000000000000 ) ) ;
#9493 = ORIENTED_EDGE ( 'NONE', *, *, #7954, .F. ) ;
#9494 = TOROIDAL_SURFACE ( 'NONE', #7983, 0.7999999999999986011, 0.1999999999999996503 ) ;
#9495 = EDGE_CURVE ( 'NONE', #466, #7103, #8095, .T. ) ;
#9496 = SPHERICAL_SURFACE ( 'NONE', #8700, 0.2999999999999994893 ) ;
#9497 = CARTESIAN_POINT ( 'NONE',  ( 6.000000000000000000, 2.000000000000000000, 0.1999999999999997058 ) ) ;
#9498 = ORIENTED_EDGE ( 'NONE', *, *, #6724, .F. ) ;
#9499 =( LENGTH_UNIT ( ) NAMED_UNIT ( * ) SI_UNIT ( .MILLI., .METRE. ) );
#9500 = CARTESIAN_POINT ( 'NONE',  ( 2.250000000000007994, 5.400000000000005684, 3.499999999999951594 ) ) ;
#9501 =( LENGTH_UNIT ( ) NAMED_UNIT ( * ) SI_UNIT ( .MILLI., .METRE. ) );
#9502 = DIRECTION ( 'NONE',  ( -1.000000000000000000, 0.000000000000000000, 0.000000000000000000 ) ) ;
#9503 = FACE_OUTER_BOUND ( 'NONE', #9851, .T. ) ;
#9504 = STYLED_ITEM ( 'NONE', ( #4602 ), #7658 ) ;
#9505 = DIRECTION ( 'NONE',  ( -1.000000000000000000, 7.806255641895631925E-15, 0.000000000000000000 ) ) ;
#9506 = EDGE_CURVE ( 'NONE', #709, #8925, #3299, .T. ) ;
#9507 = EDGE_CURVE ( 'NONE', #8373, #9758, #10295, .T. ) ;
#9508 = CARTESIAN_POINT ( 'NONE',  ( -6.300000004164958867, 1.409726619599058317, 0.7999999999999997113 ) ) ;
#9509 = COLOUR_RGB ( '',0.7529411764705882248, 0.7529411764705882248, 0.7529411764705882248 ) ;
#9510 = ORIENTED_EDGE ( 'NONE', *, *, #382, .T. ) ;
#9511 = CIRCLE ( 'NONE', #8009, 0.3999999999999954148 ) ;
#9512 = STYLED_ITEM ( 'NONE', ( #2098 ), #1483 ) ;
#9513 = LINE ( 'NONE', #2361, #2622 ) ;
#9514 = SURFACE_STYLE_FILL_AREA ( #6335 ) ;
#9515 = MECHANICAL_DESIGN_GEOMETRIC_PRESENTATION_REPRESENTATION (  '', ( #8349 ), #7527 ) ;
#9516 = EDGE_LOOP ( 'NONE', ( #6500, #4088, #2339, #1837 ) ) ;
#9517 =( LENGTH_UNIT ( ) NAMED_UNIT ( * ) SI_UNIT ( .MILLI., .METRE. ) );
#9518 =( NAMED_UNIT ( * ) PLANE_ANGLE_UNIT ( ) SI_UNIT ( $, .RADIAN. ) );
#9519 = ORIENTED_EDGE ( 'NONE', *, *, #6537, .T. ) ;
#9520 = AXIS2_PLACEMENT_3D ( 'NONE', #8206, #3542, #4481 ) ;
#9521 = MECHANICAL_DESIGN_GEOMETRIC_PRESENTATION_REPRESENTATION (  '', ( #3553 ), #9193 ) ;
#9522 = PRESENTATION_LAYER_ASSIGNMENT (  '', '', ( #4223 ) ) ;
#9523 =( NAMED_UNIT ( * ) SI_UNIT ( $, .STERADIAN. ) SOLID_ANGLE_UNIT ( ) );
#9524 = ADVANCED_FACE ( 'NONE', ( #4173 ), #4994, .F. ) ;
#9525 = DIRECTION ( 'NONE',  ( -0.4961328535521695171, 0.000000000000000000, 0.8682466191274121892 ) ) ;
#9526 = SURFACE_SIDE_STYLE ('',( #6344 ) ) ;
#9527 = FACE_OUTER_BOUND ( 'NONE', #4065, .T. ) ;
#9528 = CARTESIAN_POINT ( 'NONE',  ( 6.958519183380838413, 3.000000000000000000, -1.929257140873636311 ) ) ;
#9529 = CARTESIAN_POINT ( 'NONE',  ( 6.159705218919226510, 2.062903407891059970, -3.053341690607340730 ) ) ;
#9530 = FILL_AREA_STYLE_COLOUR ( '', #5596 ) ;
#9531 = COLOUR_RGB ( '',0.7529411764705882248, 0.7529411764705882248, 0.7529411764705882248 ) ;
#9532 = FILL_AREA_STYLE ('',( #6353 ) ) ;
#9533 = DIRECTION ( 'NONE',  ( -1.000000000000000000, 0.000000000000000000, 0.000000000000000000 ) ) ;
#9534 = EDGE_CURVE ( 'NONE', #513, #3780, #2285, .T. ) ;
#9535 = LINE ( 'NONE', #4758, #7342 ) ;
#9536 = CIRCLE ( 'NONE', #8865, 0.3999999999999833689 ) ;
#9537 = COLOUR_RGB ( '',0.2980392156862745057, 0.2980392156862745057, 0.2980392156862745057 ) ;
#9538 = ORIENTED_EDGE ( 'NONE', *, *, #1973, .T. ) ;
#9539 = SURFACE_STYLE_USAGE ( .BOTH. , #3292 ) ;
#9540 = ORIENTED_EDGE ( 'NONE', *, *, #8251, .T. ) ;
#9541 = ORIENTED_EDGE ( 'NONE', *, *, #10007, .T. ) ;
#9542 = FACE_OUTER_BOUND ( 'NONE', #887, .T. ) ;
#9543 = CARTESIAN_POINT ( 'NONE',  ( -4.627038061433180971, -3.954825758595140961, 3.555911659346355780 ) ) ;
#9544 = DIRECTION ( 'NONE',  ( -1.000000000000000000, 0.000000000000000000, 0.000000000000000000 ) ) ;
#9545 = ORIENTED_EDGE ( 'NONE', *, *, #3046, .F. ) ;
#9546 = FILL_AREA_STYLE ('',( #2501 ) ) ;
#9547 = CIRCLE ( 'NONE', #5234, 0.2500000000000167089 ) ;
#9548 =( NAMED_UNIT ( * ) SI_UNIT ( $, .STERADIAN. ) SOLID_ANGLE_UNIT ( ) );
#9549 = PRESENTATION_LAYER_ASSIGNMENT (  '', '', ( #5077 ) ) ;
#9550 = ORIENTED_EDGE ( 'NONE', *, *, #6421, .F. ) ;
#9551 = DIRECTION ( 'NONE',  ( 0.2436941190233087862, -0.9698521414903683580, 2.843689596934935246E-14 ) ) ;
#9552 = VERTEX_POINT ( 'NONE', #8047 ) ;
#9553 = CARTESIAN_POINT ( 'NONE',  ( -1.882878422032988830, -5.499999999999998224, 3.594753153809548074 ) ) ;
#9554 = ADVANCED_FACE ( 'NONE', ( #2569 ), #889, .T. ) ;
#9555 = PRESENTATION_LAYER_ASSIGNMENT (  '', '', ( #8721 ) ) ;
#9556 = SURFACE_SIDE_STYLE ('',( #8086 ) ) ;
#9557 = DIRECTION ( 'NONE',  ( 1.000000000000000000, -0.000000000000000000, 0.000000000000000000 ) ) ;
#9558 = CARTESIAN_POINT ( 'NONE',  ( -4.400000000000000355, -5.000000000000000888, 0.4000000000000000222 ) ) ;
#9559 = VECTOR ( 'NONE', #4945, 1000.000000000000000 ) ;
#9560 = LINE ( 'NONE', #2417, #344 ) ;
#9561 = COLOUR_RGB ( '',0.7529411764705882248, 0.7529411764705882248, 0.7529411764705882248 ) ;
#9562 = CIRCLE ( 'NONE', #2228, 0.1999999999999996503 ) ;
#9563 = CARTESIAN_POINT ( 'NONE',  ( 6.652220291788702458E-15, 1.014368994864080782E-15, 3.500000000000004441 ) ) ;
#9564 = ORIENTED_EDGE ( 'NONE', *, *, #5989, .F. ) ;
#9565 = AXIS2_PLACEMENT_3D ( 'NONE', #9823, #2789, #5978 ) ;
#9566 = FACE_OUTER_BOUND ( 'NONE', #1883, .T. ) ;
#9567 = STYLED_ITEM ( 'NONE', ( #786 ), #2692 ) ;
#9568 = LINE ( 'NONE', #2424, #4585 ) ;
#9569 = UNCERTAINTY_MEASURE_WITH_UNIT (LENGTH_MEASURE( 1.000000000000000082E-05 ), #7061, 'distance_accuracy_value', 'NONE');
#9570 = FACE_OUTER_BOUND ( 'NONE', #6232, .T. ) ;
#9571 = ORIENTED_EDGE ( 'NONE', *, *, #2912, .F. ) ;
#9572 =( LENGTH_UNIT ( ) NAMED_UNIT ( * ) SI_UNIT ( .MILLI., .METRE. ) );
#9573 = FACE_OUTER_BOUND ( 'NONE', #8907, .T. ) ;
#9574 = PRESENTATION_LAYER_ASSIGNMENT (  '', '', ( #3927 ) ) ;
#9575 = ORIENTED_EDGE ( 'NONE', *, *, #7610, .F. ) ;
#9576 = SURFACE_STYLE_USAGE ( .BOTH. , #7747 ) ;
#9577 = CARTESIAN_POINT ( 'NONE',  ( -1.324581074942558834, -5.271558449006352731, 3.199999999999949996 ) ) ;
#9578 = VECTOR ( 'NONE', #7083, 1000.000000000000000 ) ;
#9579 =( LENGTH_UNIT ( ) NAMED_UNIT ( * ) SI_UNIT ( .MILLI., .METRE. ) );
#9580 =( LENGTH_UNIT ( ) NAMED_UNIT ( * ) SI_UNIT ( .MILLI., .METRE. ) );
#9581 = DIRECTION ( 'NONE',  ( 0.000000000000000000, 0.000000000000000000, -1.000000000000000000 ) ) ;
#9582 =( LENGTH_UNIT ( ) NAMED_UNIT ( * ) SI_UNIT ( .MILLI., .METRE. ) );
#9583 = FILL_AREA_STYLE ('',( #6407 ) ) ;
#9584 = VECTOR ( 'NONE', #5677, 1000.000000000000000 ) ;
#9585 = PLANE ( 'NONE',  #988 ) ;
#9586 = COLOUR_RGB ( '',0.7529411764705882248, 0.7529411764705882248, 0.7529411764705882248 ) ;
#9587 = ORIENTED_EDGE ( 'NONE', *, *, #8372, .T. ) ;
#9588 = CARTESIAN_POINT ( 'NONE',  ( -5.700000000000001954, -1.891518204694834004, 3.499999999999999556 ) ) ;
#9589 = ORIENTED_EDGE ( 'NONE', *, *, #5013, .F. ) ;
#9590 = FILL_AREA_STYLE_COLOUR ( '', #1107 ) ;
#9591 = VERTEX_POINT ( 'NONE', #7582 ) ;
#9592 = CARTESIAN_POINT ( 'NONE',  ( -6.547679712131308172, -1.999999999999999112, -2.979052028523549112 ) ) ;
#9593 = PRESENTATION_STYLE_ASSIGNMENT (( #5545 ) ) ;
#9594 = CARTESIAN_POINT ( 'NONE',  ( 4.627117972768571619, -3.954822068327816798, 3.555859740947653780 ) ) ;
#9595 = FILL_AREA_STYLE ('',( #23 ) ) ;
#9596 = CYLINDRICAL_SURFACE ( 'NONE', #9709, 0.7999999999999994893 ) ;
#9597 = ORIENTED_EDGE ( 'NONE', *, *, #6590, .T. ) ;
#9598 = ORIENTED_EDGE ( 'NONE', *, *, #5676, .T. ) ;
#9599 = VERTEX_POINT ( 'NONE', #5250 ) ;
#9600 = ADVANCED_FACE ( 'NONE', ( #9875 ), #3125, .T. ) ;
#9601 = SURFACE_SIDE_STYLE ('',( #7213 ) ) ;
#9602 = VECTOR ( 'NONE', #7787, 1000.000000000000000 ) ;
#9603 = LINE ( 'NONE', #815, #8910 ) ;
#9604 = CARTESIAN_POINT ( 'NONE',  ( -5.271558449006361613, 1.324581074942562831, 3.600000000000001421 ) ) ;
#9605 = CARTESIAN_POINT ( 'NONE',  ( -4.999999999999997335, -6.000000000000000000, 3.299999999999999822 ) ) ;
#9606 = CARTESIAN_POINT ( 'NONE',  ( 6.649999999999999467, 3.000000000000000000, -2.094532406675940983 ) ) ;
#9607 = PRESENTATION_STYLE_ASSIGNMENT (( #7323 ) ) ;
#9608 = ORIENTED_EDGE ( 'NONE', *, *, #14, .T. ) ;
#9609 =( LENGTH_UNIT ( ) NAMED_UNIT ( * ) SI_UNIT ( .MILLI., .METRE. ) );
#9610 = LINE ( 'NONE', #3957, #5637 ) ;
#9611 = ADVANCED_FACE ( 'NONE', ( #1992 ), #2896, .F. ) ;
#9612 = CARTESIAN_POINT ( 'NONE',  ( 5.950000000000000178, -3.590273380400940351, 0.8000000000000000444 ) ) ;
#9613 = DIRECTION ( 'NONE',  ( -0.000000000000000000, 0.000000000000000000, 1.000000000000000000 ) ) ;
#9614 = ORIENTED_EDGE ( 'NONE', *, *, #3997, .F. ) ;
#9615 = FACE_OUTER_BOUND ( 'NONE', #1448, .T. ) ;
#9616 = AXIS2_PLACEMENT_3D ( 'NONE', #2603, #6418, #8965 ) ;
#9617 = COLOUR_RGB ( '',1.000000000000000000, 1.000000000000000000, 1.000000000000000000 ) ;
#9618 = EDGE_CURVE ( 'NONE', #1321, #1173, #2845, .T. ) ;
#9619 = UNCERTAINTY_MEASURE_WITH_UNIT (LENGTH_MEASURE( 1.000000000000000082E-05 ), #2487, 'distance_accuracy_value', 'NONE');
#9620 = ORIENTED_EDGE ( 'NONE', *, *, #7602, .F. ) ;
#9621 =( LENGTH_UNIT ( ) NAMED_UNIT ( * ) SI_UNIT ( .MILLI., .METRE. ) );
#9622 = FILL_AREA_STYLE ('',( #5618 ) ) ;
#9623 = DIRECTION ( 'NONE',  ( -0.000000000000000000, 1.000000000000000000, -0.000000000000000000 ) ) ;
#9624 = PRESENTATION_LAYER_ASSIGNMENT (  '', '', ( #9809 ) ) ;
#9625 = DIRECTION ( 'NONE',  ( 0.000000000000000000, 0.000000000000000000, 1.000000000000000000 ) ) ;
#9626 = DIRECTION ( 'NONE',  ( 0.000000000000000000, 0.000000000000000000, -1.000000000000000000 ) ) ;
#9627 = MECHANICAL_DESIGN_GEOMETRIC_PRESENTATION_REPRESENTATION (  '', ( #2636 ), #608 ) ;
#9628 = SURFACE_STYLE_USAGE ( .BOTH. , #4911 ) ;
#9629 = VERTEX_POINT ( 'NONE', #6708 ) ;
#9630 = DIRECTION ( 'NONE',  ( -1.000000000000000000, 0.000000000000000000, 0.000000000000000000 ) ) ;
#9631 =( GEOMETRIC_REPRESENTATION_CONTEXT ( 3 ) GLOBAL_UNCERTAINTY_ASSIGNED_CONTEXT ( ( #9057 ) ) GLOBAL_UNIT_ASSIGNED_CONTEXT ( ( #6941, #7249, #66 ) ) REPRESENTATION_CONTEXT ( 'NONE', 'WORKASPACE' ) );
#9632 = EDGE_CURVE ( 'NONE', #3961, #8260, #93, .T. ) ;
#9633 = ORIENTED_EDGE ( 'NONE', *, *, #9474, .T. ) ;
#9634 = ORIENTED_EDGE ( 'NONE', *, *, #1042, .T. ) ;
#9635 =( NAMED_UNIT ( * ) SI_UNIT ( $, .STERADIAN. ) SOLID_ANGLE_UNIT ( ) );
#9636 = ORIENTED_EDGE ( 'NONE', *, *, #464, .T. ) ;
#9637 =( GEOMETRIC_REPRESENTATION_CONTEXT ( 3 ) GLOBAL_UNCERTAINTY_ASSIGNED_CONTEXT ( ( #7397 ) ) GLOBAL_UNIT_ASSIGNED_CONTEXT ( ( #4278, #6663, #9048 ) ) REPRESENTATION_CONTEXT ( 'NONE', 'WORKASPACE' ) );
#9638 = CARTESIAN_POINT ( 'NONE',  ( 6.953886316694598335, 3.000000000000000000, -2.268178905419202529 ) ) ;
#9639 = CARTESIAN_POINT ( 'NONE',  ( 1.283695372222837250E-13, 1.756407519426517183E-14, 3.600000000000000533 ) ) ;
#9640 = SURFACE_SIDE_STYLE ('',( #6640 ) ) ;
#9641 = DIRECTION ( 'NONE',  ( 0.8682466191274121892, 0.000000000000000000, -0.4961328535521695171 ) ) ;
#9642 = FILL_AREA_STYLE_COLOUR ( '', #6862 ) ;
#9643 = EDGE_CURVE ( 'NONE', #4893, #4589, #5804, .T. ) ;
#9644 =( NAMED_UNIT ( * ) SI_UNIT ( $, .STERADIAN. ) SOLID_ANGLE_UNIT ( ) );
#9645 = ORIENTED_EDGE ( 'NONE', *, *, #9336, .T. ) ;
#9646 = VERTEX_POINT ( 'NONE', #3900 ) ;
#9647 = FILL_AREA_STYLE_COLOUR ( '', #4418 ) ;
#9648 = ADVANCED_FACE ( 'NONE', ( #7725 ), #3088, .T. ) ;
#9649 = PRESENTATION_STYLE_ASSIGNMENT (( #876 ) ) ;
#9650 = AXIS2_PLACEMENT_3D ( 'NONE', #6561, #9685, #9003 ) ;
#9651 = DIRECTION ( 'NONE',  ( -1.053031360026544826E-16, -1.000000000000000000, -0.000000000000000000 ) ) ;
#9652 = CARTESIAN_POINT ( 'NONE',  ( 5.299119029835076766, -1.682209777799811290, 3.599999997689319997 ) ) ;
#9653 = EDGE_CURVE ( 'NONE', #6259, #4056, #9134, .T. ) ;
#9654 = EDGE_CURVE ( 'NONE', #6573, #6159, #2971, .T. ) ;
#9655 = AXIS2_PLACEMENT_3D ( 'NONE', #5892, #2976, #9384 ) ;
#9656 = DIRECTION ( 'NONE',  ( 1.000000000000000000, 0.000000000000000000, -0.000000000000000000 ) ) ;
#9657 = DIRECTION ( 'NONE',  ( -0.000000000000000000, -0.000000000000000000, -1.000000000000000000 ) ) ;
#9658 = ORIENTED_EDGE ( 'NONE', *, *, #997, .F. ) ;
#9659 = CARTESIAN_POINT ( 'NONE',  ( 5.000000000000000000, -5.499999999999999112, 0.000000000000000000 ) ) ;
#9660 = DIRECTION ( 'NONE',  ( -0.000000000000000000, 1.000000000000000000, 0.000000000000000000 ) ) ;
#9661 = CARTESIAN_POINT ( 'NONE',  ( 1.600000000000000089, 1.599999999999999867, 6.999999999999999112 ) ) ;
#9662 = CARTESIAN_POINT ( 'NONE',  ( 5.819112848942163296, 1.462164714140036681, 3.499999999999995115 ) ) ;
#9663 = EDGE_LOOP ( 'NONE', ( #5040, #6267, #6526, #865 ) ) ;
#9664 =( LENGTH_UNIT ( ) NAMED_UNIT ( * ) SI_UNIT ( .MILLI., .METRE. ) );
#9665 = FILL_AREA_STYLE ('',( #2429 ) ) ;
#9666 = CIRCLE ( 'NONE', #9009, 0.2999999999999999334 ) ;
#9667 = ORIENTED_EDGE ( 'NONE', *, *, #7004, .F. ) ;
#9668 = DIRECTION ( 'NONE',  ( -1.000000000000000000, 0.000000000000000000, -4.336808689942028583E-16 ) ) ;
#9669 = DIRECTION ( 'NONE',  ( -1.091359317269132201E-13, -2.182718634538561519E-14, -1.000000000000000000 ) ) ;
#9670 = EDGE_CURVE ( 'NONE', #4860, #6082, #3657, .T. ) ;
#9671 =( GEOMETRIC_REPRESENTATION_CONTEXT ( 3 ) GLOBAL_UNCERTAINTY_ASSIGNED_CONTEXT ( ( #8297 ) ) GLOBAL_UNIT_ASSIGNED_CONTEXT ( ( #5266, #4442, #3500 ) ) REPRESENTATION_CONTEXT ( 'NONE', 'WORKASPACE' ) );
#9672 = AXIS2_PLACEMENT_3D ( 'NONE', #1012, #908, #9008 ) ;
#9673 = CIRCLE ( 'NONE', #2685, 0.4999999999999987232 ) ;
#9674 = MECHANICAL_DESIGN_GEOMETRIC_PRESENTATION_REPRESENTATION (  '', ( #651 ), #5687 ) ;
#9675 = CARTESIAN_POINT ( 'NONE',  ( 5.435424868893540484, 1.599999999999999867, 3.199999999999999734 ) ) ;
#9676 = CIRCLE ( 'NONE', #6518, 0.04999999999999969746 ) ;
#9677 =( LENGTH_UNIT ( ) NAMED_UNIT ( * ) SI_UNIT ( .MILLI., .METRE. ) );
#9678 = SURFACE_STYLE_USAGE ( .BOTH. , #2379 ) ;
#9679 = PRESENTATION_STYLE_ASSIGNMENT (( #7291 ) ) ;
#9680 = CARTESIAN_POINT ( 'NONE',  ( -2.249999999999901412, -5.500000000000000000, 3.594753153809547186 ) ) ;
#9681 = EDGE_CURVE ( 'NONE', #5095, #1525, #7930, .T. ) ;
#9682 = CARTESIAN_POINT ( 'NONE',  ( 5.800000000000000711, -5.000000000000000000, 3.299999999999999822 ) ) ;
#9683 = AXIS2_PLACEMENT_3D ( 'NONE', #5148, #7680, #3744 ) ;
#9684 = COLOUR_RGB ( '',0.2980392156862745057, 0.2980392156862745057, 0.2980392156862745057 ) ;
#9685 = DIRECTION ( 'NONE',  ( 0.000000000000000000, -2.861215661182131111E-16, 1.000000000000000000 ) ) ;
#9686 = DIRECTION ( 'NONE',  ( 1.000000000000000000, 0.000000000000000000, 0.000000000000000000 ) ) ;
#9687 =( GEOMETRIC_REPRESENTATION_CONTEXT ( 3 ) GLOBAL_UNCERTAINTY_ASSIGNED_CONTEXT ( ( #3579 ) ) GLOBAL_UNIT_ASSIGNED_CONTEXT ( ( #8566, #5446, #6914 ) ) REPRESENTATION_CONTEXT ( 'NONE', 'WORKASPACE' ) );
#9688 = CARTESIAN_POINT ( 'NONE',  ( 6.000000000000000000, 0.000000000000000000, 1.146410165658806601 ) ) ;
#9689 = CARTESIAN_POINT ( 'NONE',  ( 5.424745029542286545, 1.866168552841706019, 3.199999999999962874 ) ) ;
#9690 = COLOUR_RGB ( '',0.2980392156862745057, 0.2980392156862745057, 0.2980392156862745057 ) ;
#9691 = VERTEX_POINT ( 'NONE', #9341 ) ;
#9692 = CARTESIAN_POINT ( 'NONE',  ( 5.000000000000000888, 6.000000000000000888, 0.2000000000000000944 ) ) ;
#9693 = ORIENTED_EDGE ( 'NONE', *, *, #2606, .F. ) ;
#9694 = SURFACE_STYLE_USAGE ( .BOTH. , #864 ) ;
#9695 = ORIENTED_EDGE ( 'NONE', *, *, #5173, .F. ) ;
#9696 = PRESENTATION_LAYER_ASSIGNMENT (  '', '', ( #176 ) ) ;
#9697 = LINE ( 'NONE', #1655, #940 ) ;
#9698 = SURFACE_STYLE_FILL_AREA ( #9855 ) ;
#9699 = VECTOR ( 'NONE', #1809, 1000.000000000000000 ) ;
#9700 = MECHANICAL_DESIGN_GEOMETRIC_PRESENTATION_REPRESENTATION (  '', ( #10203 ), #5711 ) ;
#9701 = SURFACE_STYLE_USAGE ( .BOTH. , #6321 ) ;
#9702 =( GEOMETRIC_REPRESENTATION_CONTEXT ( 3 ) GLOBAL_UNCERTAINTY_ASSIGNED_CONTEXT ( ( #7574 ) ) GLOBAL_UNIT_ASSIGNED_CONTEXT ( ( #2958, #10100, #1379 ) ) REPRESENTATION_CONTEXT ( 'NONE', 'WORKASPACE' ) );
#9703 = ORIENTED_EDGE ( 'NONE', *, *, #2587, .T. ) ;
#9704 = ORIENTED_EDGE ( 'NONE', *, *, #2212, .T. ) ;
#9705 = CYLINDRICAL_SURFACE ( 'NONE', #8384, 0.2999999999999999334 ) ;
#9706 = DIRECTION ( 'NONE',  ( 0.000000000000000000, 0.000000000000000000, -1.000000000000000000 ) ) ;
#9707 = SURFACE_STYLE_USAGE ( .BOTH. , #303 ) ;
#9708 = SURFACE_SIDE_STYLE ('',( #9096 ) ) ;
#9709 = AXIS2_PLACEMENT_3D ( 'NONE', #6318, #2458, #3135 ) ;
#9710 = AXIS2_PLACEMENT_3D ( 'NONE', #3683, #6696, #1200 ) ;
#9711 = CARTESIAN_POINT ( 'NONE',  ( 5.276799523345251153, -1.619028028392738516, 3.600000000000004086 ) ) ;
#9712 = UNCERTAINTY_MEASURE_WITH_UNIT (LENGTH_MEASURE( 1.000000000000000082E-05 ), #2806, 'distance_accuracy_value', 'NONE');
#9713 = DIRECTION ( 'NONE',  ( 0.000000000000000000, 0.000000000000000000, -1.000000000000000000 ) ) ;
#9714 = PRESENTATION_STYLE_ASSIGNMENT (( #4219 ) ) ;
#9715 = VERTEX_POINT ( 'NONE', #5387 ) ;
#9716 = AXIS2_PLACEMENT_3D ( 'NONE', #9374, #2220, #7280 ) ;
#9717 = DIRECTION ( 'NONE',  ( 0.000000000000000000, 0.000000000000000000, -1.000000000000000000 ) ) ;
#9718 = CARTESIAN_POINT ( 'NONE',  ( -5.800000000000000711, 4.999999999999999112, 3.299999999999999822 ) ) ;
#9719 = CARTESIAN_POINT ( 'NONE',  ( 6.349999999999996092, -2.000000000000000000, -0.6874509908007693237 ) ) ;
#9720 = STYLED_ITEM ( 'NONE', ( #1793 ), #3056 ) ;
#9721 = CARTESIAN_POINT ( 'NONE',  ( -1.599999999999998979, -5.552651906265968940, 3.499999999999987566 ) ) ;
#9722 = EDGE_LOOP ( 'NONE', ( #7041, #10193, #9614, #9268 ) ) ;
#9723 = CARTESIAN_POINT ( 'NONE',  ( 6.305925830945597887, 3.000000000000000000, -0.7110617430582391041 ) ) ;
#9724 = ORIENTED_EDGE ( 'NONE', *, *, #7809, .T. ) ;
#9725 = DIRECTION ( 'NONE',  ( 0.4961328535521701277, 0.000000000000000000, 0.8682466191274118561 ) ) ;
#9726 = LINE ( 'NONE', #7285, #3019 ) ;
#9727 = MECHANICAL_DESIGN_GEOMETRIC_PRESENTATION_REPRESENTATION (  '', ( #3067 ), #4930 ) ;
#9728 = STYLED_ITEM ( 'NONE', ( #5190 ), #3327 ) ;
#9729 = CIRCLE ( 'NONE', #5254, 0.2999999999999999334 ) ;
#9730 = SURFACE_STYLE_USAGE ( .BOTH. , #1642 ) ;
#9731 = DIRECTION ( 'NONE',  ( 0.000000000000000000, 0.000000000000000000, -1.000000000000000000 ) ) ;
#9732 = AXIS2_PLACEMENT_3D ( 'NONE', #5083, #4320, #9030 ) ;
#9733 = ADVANCED_FACE ( 'NONE', ( #5496 ), #6325, .T. ) ;
#9734 = STYLED_ITEM ( 'NONE', ( #5914 ), #6547 ) ;
#9735 =( LENGTH_UNIT ( ) NAMED_UNIT ( * ) SI_UNIT ( .MILLI., .METRE. ) );
#9736 = FACE_OUTER_BOUND ( 'NONE', #4547, .T. ) ;
#9737 = CARTESIAN_POINT ( 'NONE',  ( -5.549999999999999822, 4.750000000000000000, 3.500000000000000000 ) ) ;
#9738 = EDGE_LOOP ( 'NONE', ( #1404, #5570, #5079, #7394 ) ) ;
#9739 = PRESENTATION_STYLE_ASSIGNMENT (( #163 ) ) ;
#9740 = STYLED_ITEM ( 'NONE', ( #10306 ), #2895 ) ;
#9741 = DIRECTION ( 'NONE',  ( -0.4722150451494401269, 0.000000000000000000, 0.8814833810881020915 ) ) ;
#9742 =( GEOMETRIC_REPRESENTATION_CONTEXT ( 3 ) GLOBAL_UNCERTAINTY_ASSIGNED_CONTEXT ( ( #6063 ) ) GLOBAL_UNIT_ASSIGNED_CONTEXT ( ( #1760, #9020, #1189 ) ) REPRESENTATION_CONTEXT ( 'NONE', 'WORKASPACE' ) );
#9743 = COLOUR_RGB ( '',0.7529411764705882248, 0.7529411764705882248, 0.7529411764705882248 ) ;
#9744 = EDGE_LOOP ( 'NONE', ( #6414, #5304 ) ) ;
#9745 = DIRECTION ( 'NONE',  ( -0.6985214149036199638, -0.7155891509246384841, 3.113616464354615363E-14 ) ) ;
#9746 = ORIENTED_EDGE ( 'NONE', *, *, #6273, .T. ) ;
#9747 = ORIENTED_EDGE ( 'NONE', *, *, #4919, .F. ) ;
#9748 = UNCERTAINTY_MEASURE_WITH_UNIT (LENGTH_MEASURE( 1.000000000000000082E-05 ), #9499, 'distance_accuracy_value', 'NONE');
#9749 = SURFACE_SIDE_STYLE ('',( #7973 ) ) ;
#9750 = CARTESIAN_POINT ( 'NONE',  ( -6.953886316694598335, -1.999999999999999112, -2.268178905419202973 ) ) ;
#9751 = COLOUR_RGB ( '',0.7529411764705882248, 0.7529411764705882248, 0.7529411764705882248 ) ;
#9752 =( NAMED_UNIT ( * ) SI_UNIT ( $, .STERADIAN. ) SOLID_ANGLE_UNIT ( ) );
#9753 = AXIS2_PLACEMENT_3D ( 'NONE', #3875, #2332, #6305 ) ;
#9754 =( LENGTH_UNIT ( ) NAMED_UNIT ( * ) SI_UNIT ( .MILLI., .METRE. ) );
#9755 = DIRECTION ( 'NONE',  ( 0.000000000000000000, 0.000000000000000000, -1.000000000000000000 ) ) ;
#9756 = COLOUR_RGB ( '',0.7529411764705882248, 0.7529411764705882248, 0.7529411764705882248 ) ;
#9757 = VERTEX_POINT ( 'NONE', #8138 ) ;
#9758 = VERTEX_POINT ( 'NONE', #4207 ) ;
#9759 = SURFACE_SIDE_STYLE ('',( #2463 ) ) ;
#9760 = SURFACE_STYLE_FILL_AREA ( #4109 ) ;
#9761 = TOROIDAL_SURFACE ( 'NONE', #67, 0.03542486889356839808, 0.4000000000000148992 ) ;
#9762 = CARTESIAN_POINT ( 'NONE',  ( 5.000000000000000000, 5.799999999999999822, 0.000000000000000000 ) ) ;
#9763 = UNCERTAINTY_MEASURE_WITH_UNIT (LENGTH_MEASURE( 1.000000000000000082E-05 ), #1315, 'distance_accuracy_value', 'NONE');
#9764 = DIRECTION ( 'NONE',  ( -0.000000000000000000, -0.000000000000000000, 1.000000000000000000 ) ) ;
#9765 = EDGE_CURVE ( 'NONE', #5379, #7620, #2130, .T. ) ;
#9766 = DIRECTION ( 'NONE',  ( -0.4961328535521712935, 0.000000000000000000, -0.8682466191274111900 ) ) ;
#9767 = PRESENTATION_STYLE_ASSIGNMENT (( #4272 ) ) ;
#9768 = ORIENTED_EDGE ( 'NONE', *, *, #5200, .F. ) ;
#9769 = ADVANCED_FACE ( 'NONE', ( #4163 ), #85, .T. ) ;
#9770 = ORIENTED_EDGE ( 'NONE', *, *, #7521, .F. ) ;
#9771 = SURFACE_STYLE_USAGE ( .BOTH. , #1780 ) ;
#9772 =( NAMED_UNIT ( * ) PLANE_ANGLE_UNIT ( ) SI_UNIT ( $, .RADIAN. ) );
#9773 = ADVANCED_FACE ( 'NONE', ( #813 ), #8874, .T. ) ;
#9774 =( LENGTH_UNIT ( ) NAMED_UNIT ( * ) SI_UNIT ( .MILLI., .METRE. ) );
#9775 = ORIENTED_EDGE ( 'NONE', *, *, #358, .F. ) ;
#9776 = DIRECTION ( 'NONE',  ( 1.000000000000000000, 1.355252715606882022E-16, 0.000000000000000000 ) ) ;
#9777 = VECTOR ( 'NONE', #9325, 1000.000000000000114 ) ;
#9778 = ORIENTED_EDGE ( 'NONE', *, *, #8883, .F. ) ;
#9779 = FILL_AREA_STYLE ('',( #8151 ) ) ;
#9780 = PRESENTATION_LAYER_ASSIGNMENT (  '', '', ( #3291 ) ) ;
#9781 = FACE_OUTER_BOUND ( 'NONE', #2081, .T. ) ;
#9782 = COLOUR_RGB ( '',0.7529411764705882248, 0.7529411764705882248, 0.7529411764705882248 ) ;
#9783 = DIRECTION ( 'NONE',  ( -0.000000000000000000, -0.000000000000000000, 1.000000000000000000 ) ) ;
#9784 = CARTESIAN_POINT ( 'NONE',  ( -5.950000000000000178, -3.590273380400939907, 0.8000000000000000444 ) ) ;
#9785 = CARTESIAN_POINT ( 'NONE',  ( -3.825878416158453034E-17, 4.500000000000002665, -1.199999999999996847 ) ) ;
#9786 = EDGE_CURVE ( 'NONE', #703, #2483, #2556, .T. ) ;
#9787 = STYLED_ITEM ( 'NONE', ( #2876 ), #849 ) ;
#9788 = EDGE_CURVE ( 'NONE', #7283, #8955, #5812, .T. ) ;
#9789 = PRESENTATION_STYLE_ASSIGNMENT (( #322 ) ) ;
#9790 = PRESENTATION_STYLE_ASSIGNMENT (( #9628 ) ) ;
#9791 = EDGE_LOOP ( 'NONE', ( #5955, #8640, #4723, #7464 ) ) ;
#9792 = LINE ( 'NONE', #906, #4852 ) ;
#9793 = DIRECTION ( 'NONE',  ( 0.000000000000000000, 0.000000000000000000, -1.000000000000000000 ) ) ;
#9794 = UNCERTAINTY_MEASURE_WITH_UNIT (LENGTH_MEASURE( 1.000000000000000082E-05 ), #7228, 'distance_accuracy_value', 'NONE');
#9795 = VERTEX_POINT ( 'NONE', #1037 ) ;
#9796 = CARTESIAN_POINT ( 'NONE',  ( -2.291666666666654972, -5.500000000000000000, 3.593299320890632309 ) ) ;
#9797 = STYLED_ITEM ( 'NONE', ( #6214 ), #9733 ) ;
#9798 = EDGE_CURVE ( 'NONE', #2907, #1447, #7132, .T. ) ;
#9799 = EDGE_CURVE ( 'NONE', #7981, #4893, #3994, .T. ) ;
#9800 = MECHANICAL_DESIGN_GEOMETRIC_PRESENTATION_REPRESENTATION (  '', ( #6469 ), #2471 ) ;
#9801 = ORIENTED_EDGE ( 'NONE', *, *, #7935, .F. ) ;
#9802 = ORIENTED_EDGE ( 'NONE', *, *, #5068, .T. ) ;
#9803 = DIRECTION ( 'NONE',  ( 1.000000000000000000, 0.000000000000000000, 0.000000000000000000 ) ) ;
#9804 = VERTEX_POINT ( 'NONE', #2781 ) ;
#9805 = AXIS2_PLACEMENT_3D ( 'NONE', #4347, #9117, #1797 ) ;
#9806 = LINE ( 'NONE', #1705, #4986 ) ;
#9807 = EDGE_CURVE ( 'NONE', #5823, #1249, #767, .T. ) ;
#9808 = DIRECTION ( 'NONE',  ( -2.840858515597182442E-13, 3.514479582739302792E-14, -1.000000000000000000 ) ) ;
#9809 = STYLED_ITEM ( 'NONE', ( #8998 ), #9982 ) ;
#9810 =( LENGTH_UNIT ( ) NAMED_UNIT ( * ) SI_UNIT ( .MILLI., .METRE. ) );
#9811 = LINE ( 'NONE', #9084, #5214 ) ;
#9812 = SURFACE_STYLE_FILL_AREA ( #7462 ) ;
#9813 = EDGE_CURVE ( 'NONE', #8093, #5348, #6981, .T. ) ;
#9814 = EDGE_LOOP ( 'NONE', ( #4749, #1820, #10049, #130 ) ) ;
#9815 = DIRECTION ( 'NONE',  ( 0.000000000000000000, 1.000000000000000000, 0.000000000000000000 ) ) ;
#9816 = ORIENTED_EDGE ( 'NONE', *, *, #1119, .T. ) ;
#9817 = CARTESIAN_POINT ( 'NONE',  ( 4.150000000000000355, 5.082284216461515156E-16, 3.600000000000001421 ) ) ;
#9818 = FACE_OUTER_BOUND ( 'NONE', #6994, .T. ) ;
#9819 = ADVANCED_FACE ( 'NONE', ( #582 ), #1934, .F. ) ;
#9820 = CARTESIAN_POINT ( 'NONE',  ( -1.734723475995296416E-15, -1.734723475995296416E-15, 3.300000000024282620 ) ) ;
#9821 = DIRECTION ( 'NONE',  ( 1.960096758342356159E-15, -1.960096758342354581E-15, -1.000000000000000000 ) ) ;
#9822 = VERTEX_POINT ( 'NONE', #5084 ) ;
#9823 = CARTESIAN_POINT ( 'NONE',  ( 4.750000000000000000, 4.750000000000000000, 3.499999999999999556 ) ) ;
#9824 = VECTOR ( 'NONE', #4010, 1000.000000000000000 ) ;
#9825 = ORIENTED_EDGE ( 'NONE', *, *, #5961, .F. ) ;
#9826 = SURFACE_SIDE_STYLE ('',( #6707 ) ) ;
#9827 = DIRECTION ( 'NONE',  ( 0.000000000000000000, -1.000000000000000000, 1.301042606982582917E-14 ) ) ;
#9828 = ORIENTED_EDGE ( 'NONE', *, *, #3370, .T. ) ;
#9829 = ORIENTED_EDGE ( 'NONE', *, *, #1013, .F. ) ;
#9830 = PRESENTATION_STYLE_ASSIGNMENT (( #995 ) ) ;
#9831 = ADVANCED_FACE ( 'NONE', ( #302 ), #8588, .F. ) ;
#9832 = DIRECTION ( 'NONE',  ( 0.9698521414903626958, -0.2436941190233310461, -1.510649497530734115E-15 ) ) ;
#9833 = DIRECTION ( 'NONE',  ( 0.4819066211576372161, 0.2377525341402870751, 0.8433503074015572532 ) ) ;
#9834 = DIRECTION ( 'NONE',  ( 1.053031360026544826E-16, 1.000000000000000000, 0.000000000000000000 ) ) ;
#9835 = DIRECTION ( 'NONE',  ( 5.292964219876117239E-15, 1.256337252201401002E-14, 1.000000000000000000 ) ) ;
#9836 = SURFACE_SIDE_STYLE ('',( #7491 ) ) ;
#9837 = FILL_AREA_STYLE_COLOUR ( '', #4825 ) ;
#9838 = CARTESIAN_POINT ( 'NONE',  ( 6.349999999999996092, -3.000000000000000000, -0.6874509908007693237 ) ) ;
#9839 = DIRECTION ( 'NONE',  ( -5.191525733816301250E-29, 1.000000000000000000, 6.020119902213432469E-13 ) ) ;
#9840 = VERTEX_POINT ( 'NONE', #6141 ) ;
#9841 = SURFACE_STYLE_FILL_AREA ( #955 ) ;
#9842 = VERTEX_POINT ( 'NONE', #9314 ) ;
#9843 = STYLED_ITEM ( 'NONE', ( #3623 ), #7647 ) ;
#9844 = CARTESIAN_POINT ( 'NONE',  ( 1.899999999999999911, 1.500000000000000000, 5.500000000000000000 ) ) ;
#9845 = EDGE_CURVE ( 'NONE', #2337, #245, #2167, .T. ) ;
#9846 = FACE_OUTER_BOUND ( 'NONE', #5069, .T. ) ;
#9847 = FACE_OUTER_BOUND ( 'NONE', #3157, .T. ) ;
#9848 = CARTESIAN_POINT ( 'NONE',  ( 0.000000000000000000, 0.000000000000000000, 3.600000000000001421 ) ) ;
#9849 = ORIENTED_EDGE ( 'NONE', *, *, #6523, .F. ) ;
#9850 = FACE_OUTER_BOUND ( 'NONE', #5407, .T. ) ;
#9851 = EDGE_LOOP ( 'NONE', ( #4657, #9011, #6417, #8856, #3250, #3406, #207 ) ) ;
#9852 = VECTOR ( 'NONE', #6680, 1000.000000000000000 ) ;
#9853 = COLOUR_RGB ( '',0.7529411764705882248, 0.7529411764705882248, 0.7529411764705882248 ) ;
#9854 = DIRECTION ( 'NONE',  ( 0.4722150451494406265, 0.000000000000000000, -0.8814833810881017584 ) ) ;
#9855 = FILL_AREA_STYLE ('',( #1025 ) ) ;
#9856 = CIRCLE ( 'NONE', #1511, 0.3500000041649586890 ) ;
#9857 = CARTESIAN_POINT ( 'NONE',  ( -5.400000000000004796, -1.891518204694832672, 3.599999999999999645 ) ) ;
#9858 = CYLINDRICAL_SURFACE ( 'NONE', #5349, 0.3500000000000004774 ) ;
#9859 = UNCERTAINTY_MEASURE_WITH_UNIT (LENGTH_MEASURE( 1.000000000000000082E-05 ), #7508, 'distance_accuracy_value', 'NONE');
#9860 = MECHANICAL_DESIGN_GEOMETRIC_PRESENTATION_REPRESENTATION (  '', ( #4058 ), #843 ) ;
#9861 = COLOUR_RGB ( '',1.000000000000000000, 1.000000000000000000, 1.000000000000000000 ) ;
#9862 = EDGE_LOOP ( 'NONE', ( #7654, #9829, #3303, #892 ) ) ;
#9863 = DIRECTION ( 'NONE',  ( -2.200911367998034565E-14, -1.000000000000000000, 2.828345438174307347E-14 ) ) ;
#9864 = ORIENTED_EDGE ( 'NONE', *, *, #1066, .F. ) ;
#9865 = SURFACE_SIDE_STYLE ('',( #7469 ) ) ;
#9866 = CIRCLE ( 'NONE', #5374, 0.03542486889417800766 ) ;
#9867 = FILL_AREA_STYLE ('',( #1985 ) ) ;
#9868 = CARTESIAN_POINT ( 'NONE',  ( 0.000000000000000000, 0.000000000000000000, 3.299999999999999378 ) ) ;
#9869 = UNCERTAINTY_MEASURE_WITH_UNIT (LENGTH_MEASURE( 1.000000000000000082E-05 ), #4279, 'distance_accuracy_value', 'NONE');
#9870 = ORIENTED_EDGE ( 'NONE', *, *, #5849, .F. ) ;
#9871 = EDGE_CURVE ( 'NONE', #8600, #4997, #6466, .T. ) ;
#9872 = CARTESIAN_POINT ( 'NONE',  ( -6.953886316694598335, 3.000000000000000000, -2.268178905419202529 ) ) ;
#9873 = MECHANICAL_DESIGN_GEOMETRIC_PRESENTATION_REPRESENTATION (  '', ( #3735 ), #8535 ) ;
#9874 = ORIENTED_EDGE ( 'NONE', *, *, #9181, .T. ) ;
#9875 = FACE_OUTER_BOUND ( 'NONE', #7816, .T. ) ;
#9876 =( LENGTH_UNIT ( ) NAMED_UNIT ( * ) SI_UNIT ( .MILLI., .METRE. ) );
#9877 = AXIS2_PLACEMENT_3D ( 'NONE', #3285, #8216, #7341 ) ;
#9878 = DIRECTION ( 'NONE',  ( -0.4819066211576361614, 0.2377525341402897952, -0.8433503074015571421 ) ) ;
#9879 = FILL_AREA_STYLE_COLOUR ( '', #5085 ) ;
#9880 = CARTESIAN_POINT ( 'NONE',  ( 5.999999999999993783, -3.000000000000000000, -0.6874509908007685466 ) ) ;
#9881 = FILL_AREA_STYLE_COLOUR ( '', #9861 ) ;
#9882 = VERTEX_POINT ( 'NONE', #6650 ) ;
#9883 =( NAMED_UNIT ( * ) PLANE_ANGLE_UNIT ( ) SI_UNIT ( $, .RADIAN. ) );
#9884 =( NAMED_UNIT ( * ) PLANE_ANGLE_UNIT ( ) SI_UNIT ( $, .RADIAN. ) );
#9885 = VECTOR ( 'NONE', #5485, 1000.000000000000000 ) ;
#9886 = DIRECTION ( 'NONE',  ( 0.000000000000000000, 0.000000000000000000, -1.000000000000000000 ) ) ;
#9887 = DIRECTION ( 'NONE',  ( 0.000000000000000000, 1.000000000000000000, 0.000000000000000000 ) ) ;
#9888 = UNCERTAINTY_MEASURE_WITH_UNIT (LENGTH_MEASURE( 1.000000000000000082E-05 ), #3817, 'distance_accuracy_value', 'NONE');
#9889 = VECTOR ( 'NONE', #5454, 1000.000000000000000 ) ;
#9890 = DIRECTION ( 'NONE',  ( -0.4961328535521692396, 0.000000000000000000, 0.8682466191274121892 ) ) ;
#9891 = DIRECTION ( 'NONE',  ( 0.000000000000000000, -0.2078790956190632588, -0.9781545284895430958 ) ) ;
#9892 = CIRCLE ( 'NONE', #5393, 0.2999999999999990452 ) ;
#9893 = ORIENTED_EDGE ( 'NONE', *, *, #1605, .F. ) ;
#9894 = SURFACE_STYLE_USAGE ( .BOTH. , #436 ) ;
#9895 = UNCERTAINTY_MEASURE_WITH_UNIT (LENGTH_MEASURE( 1.000000000000000082E-05 ), #1798, 'distance_accuracy_value', 'NONE');
#9896 = ORIENTED_EDGE ( 'NONE', *, *, #9670, .F. ) ;
#9897 = CARTESIAN_POINT ( 'NONE',  ( 1.599999999999999867, 1.899999999999999911, 7.299999999999998934 ) ) ;
#9898 = AXIS2_PLACEMENT_3D ( 'NONE', #2531, #1000, #943 ) ;
#9899 =( GEOMETRIC_REPRESENTATION_CONTEXT ( 3 ) GLOBAL_UNCERTAINTY_ASSIGNED_CONTEXT ( ( #9619 ) ) GLOBAL_UNIT_ASSIGNED_CONTEXT ( ( #2487, #945, #4391 ) ) REPRESENTATION_CONTEXT ( 'NONE', 'WORKASPACE' ) );
#9900 =( NAMED_UNIT ( * ) PLANE_ANGLE_UNIT ( ) SI_UNIT ( $, .RADIAN. ) );
#9901 = AXIS2_PLACEMENT_3D ( 'NONE', #6286, #9459, #831 ) ;
#9902 = AXIS2_PLACEMENT_3D ( 'NONE', #1517, #1570, #4784 ) ;
#9903 = CARTESIAN_POINT ( 'NONE',  ( 1.599999999999997868, -1.899999999999999911, 7.299999999999998934 ) ) ;
#9904 = CARTESIAN_POINT ( 'NONE',  ( 5.400000000000049205, 2.250000000000019540, 3.599999999999991207 ) ) ;
#9905 = ORIENTED_EDGE ( 'NONE', *, *, #8410, .F. ) ;
#9906 = DIRECTION ( 'NONE',  ( -4.336808689942028583E-16, -9.403954806578348233E-32, 1.000000000000000000 ) ) ;
#9907 = VERTEX_POINT ( 'NONE', #9817 ) ;
#9908 = CIRCLE ( 'NONE', #6760, 5.435424868893674599 ) ;
#9909 = FACE_OUTER_BOUND ( 'NONE', #5698, .T. ) ;
#9910 = SURFACE_STYLE_FILL_AREA ( #6796 ) ;
#9911 = FILL_AREA_STYLE_COLOUR ( '', #8920 ) ;
#9912 =( NAMED_UNIT ( * ) SI_UNIT ( $, .STERADIAN. ) SOLID_ANGLE_UNIT ( ) );
#9913 = VECTOR ( 'NONE', #3488, 1000.000000000000000 ) ;
#9914 = SURFACE_SIDE_STYLE ('',( #180 ) ) ;
#9915 = VECTOR ( 'NONE', #250, 1000.000000000000000 ) ;
#9916 = VECTOR ( 'NONE', #9070, 1000.000000000000000 ) ;
#9917 = PRESENTATION_STYLE_ASSIGNMENT (( #3569 ) ) ;
#9918 = ORIENTED_EDGE ( 'NONE', *, *, #3958, .T. ) ;
#9919 = DIRECTION ( 'NONE',  ( 0.000000000000000000, 0.000000000000000000, -1.000000000000000000 ) ) ;
#9920 = ORIENTED_EDGE ( 'NONE', *, *, #9799, .F. ) ;
#9921 = FACE_OUTER_BOUND ( 'NONE', #1358, .T. ) ;
#9922 = STYLED_ITEM ( 'NONE', ( #7359 ), #6766 ) ;
#9923 =( LENGTH_UNIT ( ) NAMED_UNIT ( * ) SI_UNIT ( .MILLI., .METRE. ) );
#9924 = SURFACE_STYLE_FILL_AREA ( #354 ) ;
#9925 = DIRECTION ( 'NONE',  ( -0.000000000000000000, -0.000000000000000000, 1.000000000000000000 ) ) ;
#9926 = CARTESIAN_POINT ( 'NONE',  ( -6.349999999999996980, -2.999999999999999112, -0.6874509908007693237 ) ) ;
#9927 = MECHANICAL_DESIGN_GEOMETRIC_PRESENTATION_REPRESENTATION (  '', ( #6095 ), #5425 ) ;
#9928 = UNCERTAINTY_MEASURE_WITH_UNIT (LENGTH_MEASURE( 1.000000000000000082E-05 ), #6456, 'distance_accuracy_value', 'NONE');
#9929 = ADVANCED_FACE ( 'NONE', ( #8750 ), #1486, .F. ) ;
#9930 = CARTESIAN_POINT ( 'NONE',  ( 5.999999999999998224, -3.000000000000000000, 0.1999999999999998723 ) ) ;
#9931 = ORIENTED_EDGE ( 'NONE', *, *, #5189, .F. ) ;
#9932 = CARTESIAN_POINT ( 'NONE',  ( -5.424745029542282104, 1.866168552841654060, 3.200000000000041922 ) ) ;
#9933 = ORIENTED_EDGE ( 'NONE', *, *, #5487, .T. ) ;
#9934 = AXIS2_PLACEMENT_3D ( 'NONE', #5862, #1872, #2611 ) ;
#9935 = DIRECTION ( 'NONE',  ( -0.000000000000000000, 1.000000000000000000, -0.000000000000000000 ) ) ;
#9936 = DIRECTION ( 'NONE',  ( 0.000000000000000000, 0.000000000000000000, -1.000000000000000000 ) ) ;
#9937 = CARTESIAN_POINT ( 'NONE',  ( 1.899999999999999911, -1.599999999999999867, 5.500000000000000000 ) ) ;
#9938 =( NAMED_UNIT ( * ) SI_UNIT ( $, .STERADIAN. ) SOLID_ANGLE_UNIT ( ) );
#9939 =( NAMED_UNIT ( * ) PLANE_ANGLE_UNIT ( ) SI_UNIT ( $, .RADIAN. ) );
#9940 = ORIENTED_EDGE ( 'NONE', *, *, #7487, .F. ) ;
#9941 = CARTESIAN_POINT ( 'NONE',  ( 6.000000000000000888, -3.499999999999999556, 0.4000000000000000222 ) ) ;
#9942 = MECHANICAL_DESIGN_GEOMETRIC_PRESENTATION_REPRESENTATION (  '', ( #743 ), #6942 ) ;
#9943 = TOROIDAL_SURFACE ( 'NONE', #2948, 0.5645751311064606259, 0.3999999999999856448 ) ;
#9944 = CARTESIAN_POINT ( 'NONE',  ( 5.000000000000000000, 5.000000000000000000, 0.000000000000000000 ) ) ;
#9945 = SURFACE_SIDE_STYLE ('',( #7590 ) ) ;
#9946 = ADVANCED_FACE ( 'NONE', ( #6346 ), #1126, .T. ) ;
#9947 = EDGE_CURVE ( 'NONE', #7209, #2483, #3279, .T. ) ;
#9948 = CARTESIAN_POINT ( 'NONE',  ( -6.000000000000000000, 0.000000000000000000, 1.146410165658807045 ) ) ;
#9949 = STYLED_ITEM ( 'NONE', ( #7644 ), #9244 ) ;
#9950 = PRESENTATION_STYLE_ASSIGNMENT (( #1282 ) ) ;
#9951 = VECTOR ( 'NONE', #9656, 1000.000000000000000 ) ;
#9952 = VERTEX_POINT ( 'NONE', #9528 ) ;
#9953 = SURFACE_STYLE_USAGE ( .BOTH. , #9308 ) ;
#9954 = AXIS2_PLACEMENT_3D ( 'NONE', #3630, #2031, #3073 ) ;
#9955 = SURFACE_SIDE_STYLE ('',( #2164 ) ) ;
#9956 = PRESENTATION_LAYER_ASSIGNMENT (  '', '', ( #8282 ) ) ;
#9957 = FILL_AREA_STYLE_COLOUR ( '', #9531 ) ;
#9958 = CARTESIAN_POINT ( 'NONE',  ( -6.547679712131308172, -1.999999999999998668, -2.979052028523549112 ) ) ;
#9959 = ORIENTED_EDGE ( 'NONE', *, *, #5475, .T. ) ;
#9960 = SURFACE_STYLE_USAGE ( .BOTH. , #1184 ) ;
#9961 = VERTEX_POINT ( 'NONE', #6403 ) ;
#9962 = FILL_AREA_STYLE_COLOUR ( '', #7875 ) ;
#9963 = MECHANICAL_DESIGN_GEOMETRIC_PRESENTATION_REPRESENTATION (  '', ( #9283 ), #6296 ) ;
#9964 = FACE_OUTER_BOUND ( 'NONE', #5101, .T. ) ;
#9965 = AXIS2_PLACEMENT_3D ( 'NONE', #8073, #801, #8918 ) ;
#9966 =( GEOMETRIC_REPRESENTATION_CONTEXT ( 3 ) GLOBAL_UNCERTAINTY_ASSIGNED_CONTEXT ( ( #165 ) ) GLOBAL_UNIT_ASSIGNED_CONTEXT ( ( #8720, #1568, #3793 ) ) REPRESENTATION_CONTEXT ( 'NONE', 'WORKASPACE' ) );
#9967 = SURFACE_SIDE_STYLE ('',( #3829 ) ) ;
#9968 = EDGE_CURVE ( 'NONE', #9822, #4564, #3062, .T. ) ;
#9969 = LINE ( 'NONE', #1140, #9293 ) ;
#9970 = MECHANICAL_DESIGN_GEOMETRIC_PRESENTATION_REPRESENTATION (  '', ( #290 ), #2637 ) ;
#9971 = ORIENTED_EDGE ( 'NONE', *, *, #2003, .T. ) ;
#9972 = DIRECTION ( 'NONE',  ( -1.222978688985946960E-15, -1.000000000000000000, 0.000000000000000000 ) ) ;
#9973 = FILL_AREA_STYLE ('',( #3628 ) ) ;
#9974 = ORIENTED_EDGE ( 'NONE', *, *, #6950, .F. ) ;
#9975 = CARTESIAN_POINT ( 'NONE',  ( -5.999999999999998224, -2.999999999999999112, 0.2000000000000002887 ) ) ;
#9976 = PRESENTATION_LAYER_ASSIGNMENT (  '', '', ( #2302 ) ) ;
#9977 = VECTOR ( 'NONE', #5373, 1000.000000000000000 ) ;
#9978 = EDGE_CURVE ( 'NONE', #4964, #839, #2437, .T. ) ;
#9979 = DIRECTION ( 'NONE',  ( 0.000000000000000000, 1.000000000000000000, 0.000000000000000000 ) ) ;
#9980 = UNCERTAINTY_MEASURE_WITH_UNIT (LENGTH_MEASURE( 1.000000000000000082E-05 ), #4228, 'distance_accuracy_value', 'NONE');
#9981 =( GEOMETRIC_REPRESENTATION_CONTEXT ( 3 ) GLOBAL_UNCERTAINTY_ASSIGNED_CONTEXT ( ( #9794 ) ) GLOBAL_UNIT_ASSIGNED_CONTEXT ( ( #7228, #730, #4676 ) ) REPRESENTATION_CONTEXT ( 'NONE', 'WORKASPACE' ) );
#9982 = ADVANCED_FACE ( 'NONE', ( #5674 ), #1691, .T. ) ;
#9983 = TOROIDAL_SURFACE ( 'NONE', #3677, 5.885424868893547767, 0.3999999999999835354 ) ;
#9984 = FILL_AREA_STYLE_COLOUR ( '', #8923 ) ;
#9985 = ORIENTED_EDGE ( 'NONE', *, *, #4901, .T. ) ;
#9986 = DIRECTION ( 'NONE',  ( 0.000000000000000000, 0.000000000000000000, -1.000000000000000000 ) ) ;
#9987 = ORIENTED_EDGE ( 'NONE', *, *, #9468, .F. ) ;
#9988 = CARTESIAN_POINT ( 'NONE',  ( -6.000000000000000000, -1.999999999999999556, 1.146410165690351146 ) ) ;
#9989 =( GEOMETRIC_REPRESENTATION_CONTEXT ( 3 ) GLOBAL_UNCERTAINTY_ASSIGNED_CONTEXT ( ( #3457 ) ) GLOBAL_UNIT_ASSIGNED_CONTEXT ( ( #6769, #7534, #6817 ) ) REPRESENTATION_CONTEXT ( 'NONE', 'WORKASPACE' ) );
#9990 = CARTESIAN_POINT ( 'NONE',  ( 5.435424868894233263, -2.250000000001067146, 3.600000000000001421 ) ) ;
#9991 = DIRECTION ( 'NONE',  ( -1.000000000000000000, 1.053031360026544826E-16, -3.491483361109382461E-15 ) ) ;
#9992 =( NAMED_UNIT ( * ) PLANE_ANGLE_UNIT ( ) SI_UNIT ( $, .RADIAN. ) );
#9993 = ADVANCED_FACE ( 'NONE', ( #5840 ), #276, .F. ) ;
#9994 = ADVANCED_FACE ( 'NONE', ( #950 ), #5106, .T. ) ;
#9995 =( LENGTH_UNIT ( ) NAMED_UNIT ( * ) SI_UNIT ( .MILLI., .METRE. ) );
#9996 = FACE_OUTER_BOUND ( 'NONE', #4038, .T. ) ;
#9997 = VERTEX_POINT ( 'NONE', #8110 ) ;
#9998 = DIRECTION ( 'NONE',  ( 0.000000000000000000, -1.000000000000000000, 1.229047034060778207E-14 ) ) ;
#9999 = CARTESIAN_POINT ( 'NONE',  ( -4.399999999999998579, 5.000000000000000000, 0.4000000000000000222 ) ) ;
#10000 = DIRECTION ( 'NONE',  ( -1.000000000000000000, 0.000000000000000000, 0.000000000000000000 ) ) ;
#10001 = DIRECTION ( 'NONE',  ( 0.8682466191274192946, 0.000000000000000000, -0.4961328535521569716 ) ) ;
#10002 = COLOUR_RGB ( '',0.7529411764705882248, 0.7529411764705882248, 0.7529411764705882248 ) ;
#10003 = VERTEX_POINT ( 'NONE', #4183 ) ;
#10004 = DIRECTION ( 'NONE',  ( 1.000000000000000000, 0.000000000000000000, -0.000000000000000000 ) ) ;
#10005 = DIRECTION ( 'NONE',  ( -0.4722150451494401824, 0.000000000000000000, -0.8814833810881019804 ) ) ;
#10006 = VERTEX_POINT ( 'NONE', #7645 ) ;
#10007 = EDGE_CURVE ( 'NONE', #9795, #1639, #4490, .T. ) ;
#10008 = VERTEX_POINT ( 'NONE', #9999 ) ;
#10009 = SURFACE_STYLE_USAGE ( .BOTH. , #8288 ) ;
#10010 = SURFACE_SIDE_STYLE ('',( #9910 ) ) ;
#10011 = DIRECTION ( 'NONE',  ( -1.000000000000000000, 0.000000000000000000, 0.000000000000000000 ) ) ;
#10012 =( GEOMETRIC_REPRESENTATION_CONTEXT ( 3 ) GLOBAL_UNCERTAINTY_ASSIGNED_CONTEXT ( ( #10209 ) ) GLOBAL_UNIT_ASSIGNED_CONTEXT ( ( #5424, #8594, #3725 ) ) REPRESENTATION_CONTEXT ( 'NONE', 'WORKASPACE' ) );
#10013 = DIRECTION ( 'NONE',  ( 0.000000000000000000, -1.000000000000000000, 0.000000000000000000 ) ) ;
#10014 = VECTOR ( 'NONE', #9098, 1000.000000000000114 ) ;
#10015 = SURFACE_STYLE_FILL_AREA ( #8396 ) ;
#10016 = VECTOR ( 'NONE', #8432, 1000.000000000000000 ) ;
#10017 = PRESENTATION_LAYER_ASSIGNMENT (  '', '', ( #7186 ) ) ;
#10018 = CIRCLE ( 'NONE', #6513, 0.3500000041649588001 ) ;
#10019 = MECHANICAL_DESIGN_GEOMETRIC_PRESENTATION_REPRESENTATION (  '', ( #7188 ), #2011 ) ;
#10020 = ORIENTED_EDGE ( 'NONE', *, *, #14, .F. ) ;
#10021 = FILL_AREA_STYLE_COLOUR ( '', #2254 ) ;
#10022 =( NAMED_UNIT ( * ) PLANE_ANGLE_UNIT ( ) SI_UNIT ( $, .RADIAN. ) );
#10023 = ORIENTED_EDGE ( 'NONE', *, *, #9032, .F. ) ;
#10024 = AXIS2_PLACEMENT_3D ( 'NONE', #1170, #1223, #6929 ) ;
#10025 = FILL_AREA_STYLE ('',( #7767 ) ) ;
#10026 = DIRECTION ( 'NONE',  ( -1.000000000000000000, 0.000000000000000000, 0.000000000000000000 ) ) ;
#10027 =( GEOMETRIC_REPRESENTATION_CONTEXT ( 3 ) GLOBAL_UNCERTAINTY_ASSIGNED_CONTEXT ( ( #4594 ) ) GLOBAL_UNIT_ASSIGNED_CONTEXT ( ( #8266, #898, #150 ) ) REPRESENTATION_CONTEXT ( 'NONE', 'WORKASPACE' ) );
#10028 = STYLED_ITEM ( 'NONE', ( #6207 ), #7481 ) ;
#10029 = CIRCLE ( 'NONE', #3378, 0.2999999999999999334 ) ;
#10030 = UNCERTAINTY_MEASURE_WITH_UNIT (LENGTH_MEASURE( 1.000000000000000082E-05 ), #1555, 'distance_accuracy_value', 'NONE');
#10031 = FILL_AREA_STYLE_COLOUR ( '', #1257 ) ;
#10032 = VERTEX_POINT ( 'NONE', #5210 ) ;
#10033 = MECHANICAL_DESIGN_GEOMETRIC_PRESENTATION_REPRESENTATION (  '', ( #9843 ), #10012 ) ;
#10034 =( NAMED_UNIT ( * ) SI_UNIT ( $, .STERADIAN. ) SOLID_ANGLE_UNIT ( ) );
#10035 = DIRECTION ( 'NONE',  ( 1.000000000000000000, -0.000000000000000000, 0.000000000000000000 ) ) ;
#10036 = PLANE ( 'NONE',  #2057 ) ;
#10037 =( NAMED_UNIT ( * ) SI_UNIT ( $, .STERADIAN. ) SOLID_ANGLE_UNIT ( ) );
#10038 = DIRECTION ( 'NONE',  ( 1.000000000000000000, 0.000000000000000000, -3.491483361109382461E-15 ) ) ;
#10039 = VECTOR ( 'NONE', #3405, 1000.000000000000000 ) ;
#10040 = CARTESIAN_POINT ( 'NONE',  ( 5.819112848942165073, -1.462164714140035127, 3.499999999999992006 ) ) ;
#10041 = VECTOR ( 'NONE', #2347, 1000.000000000000000 ) ;
#10042 = ORIENTED_EDGE ( 'NONE', *, *, #8410, .T. ) ;
#10043 = ORIENTED_EDGE ( 'NONE', *, *, #3996, .F. ) ;
#10044 = STYLED_ITEM ( 'NONE', ( #7965 ), #7011 ) ;
#10045 = CARTESIAN_POINT ( 'NONE',  ( -5.399999999999982592, 1.891518204694836225, 3.500000000000017319 ) ) ;
#10046 = CARTESIAN_POINT ( 'NONE',  ( -4.999999999999992895, 6.000000000000000000, 3.299999999999999822 ) ) ;
#10047 = CARTESIAN_POINT ( 'NONE',  ( -1.891518204694831784, -5.508467996276783296, 3.594982460002423164 ) ) ;
#10048 = CARTESIAN_POINT ( 'NONE',  ( 6.287205726393076510, 3.000000000000000000, -2.830212172457902575 ) ) ;
#10049 = ORIENTED_EDGE ( 'NONE', *, *, #1138, .T. ) ;
#10050 = CARTESIAN_POINT ( 'NONE',  ( 2.369809963617258328E-14, -1.675920573226535491E-14, 3.499999999999984457 ) ) ;
#10051 = CIRCLE ( 'NONE', #2897, 0.8000000000000012657 ) ;
#10052 = PRESENTATION_LAYER_ASSIGNMENT (  '', '', ( #3414 ) ) ;
#10053 = SURFACE_STYLE_FILL_AREA ( #1381 ) ;
#10054 = EDGE_CURVE ( 'NONE', #747, #9952, #3673, .T. ) ;
#10055 = CARTESIAN_POINT ( 'NONE',  ( 2.679334618754728569E-17, -4.500000000000002665, -1.200000000000000400 ) ) ;
#10056 = FILL_AREA_STYLE ('',( #2820 ) ) ;
#10057 = ORIENTED_EDGE ( 'NONE', *, *, #2803, .F. ) ;
#10058 = ORIENTED_EDGE ( 'NONE', *, *, #6689, .T. ) ;
#10059 = CARTESIAN_POINT ( 'NONE',  ( 5.253655404743397206, 1.421074922648784211, 3.599999921031964423 ) ) ;
#10060 =( LENGTH_UNIT ( ) NAMED_UNIT ( * ) SI_UNIT ( .MILLI., .METRE. ) );
#10061 = CARTESIAN_POINT ( 'NONE',  ( 1.600000000000000089, 1.599999999999999867, 7.299999999999998934 ) ) ;
#10062 = AXIS2_PLACEMENT_3D ( 'NONE', #7993, #9717, #7378 ) ;
#10063 = SURFACE_STYLE_USAGE ( .BOTH. , #5172 ) ;
#10064 = FILL_AREA_STYLE_COLOUR ( '', #4043 ) ;
#10065 =( GEOMETRIC_REPRESENTATION_CONTEXT ( 3 ) GLOBAL_UNCERTAINTY_ASSIGNED_CONTEXT ( ( #6746 ) ) GLOBAL_UNIT_ASSIGNED_CONTEXT ( ( #8590, #2168, #3773 ) ) REPRESENTATION_CONTEXT ( 'NONE', 'WORKASPACE' ) );
#10066 = MECHANICAL_DESIGN_GEOMETRIC_PRESENTATION_REPRESENTATION (  '', ( #7880 ), #7241 ) ;
#10067 = PRESENTATION_LAYER_ASSIGNMENT (  '', '', ( #4267 ) ) ;
#10068 = ORIENTED_EDGE ( 'NONE', *, *, #8708, .F. ) ;
#10069 = CIRCLE ( 'NONE', #2405, 0.8000000000000003775 ) ;
#10070 = PRESENTATION_STYLE_ASSIGNMENT (( #1248 ) ) ;
#10071 = ORIENTED_EDGE ( 'NONE', *, *, #5858, .F. ) ;
#10072 = STYLED_ITEM ( 'NONE', ( #7171 ), #4288 ) ;
#10073 = VECTOR ( 'NONE', #7714, 1000.000000000000000 ) ;
#10074 = FILL_AREA_STYLE ('',( #2937 ) ) ;
#10075 = DIRECTION ( 'NONE',  ( -1.000000000000000000, 0.000000000000000000, 0.000000000000000000 ) ) ;
#10076 = SURFACE_STYLE_USAGE ( .BOTH. , #9330 ) ;
#10077 = SURFACE_STYLE_FILL_AREA ( #5436 ) ;
#10078 = AXIS2_PLACEMENT_3D ( 'NONE', #9857, #5859, #5023 ) ;
#10079 =( LENGTH_UNIT ( ) NAMED_UNIT ( * ) SI_UNIT ( .MILLI., .METRE. ) );
#10080 = ORIENTED_EDGE ( 'NONE', *, *, #5939, .F. ) ;
#10081 = SURFACE_STYLE_USAGE ( .BOTH. , #9251 ) ;
#10082 = DIRECTION ( 'NONE',  ( -0.000000000000000000, 0.000000000000000000, -1.000000000000000000 ) ) ;
#10083 = DIRECTION ( 'NONE',  ( 0.4961328535521690730, 0.000000000000000000, 0.8682466191274124112 ) ) ;
#10084 =( GEOMETRIC_REPRESENTATION_CONTEXT ( 3 ) GLOBAL_UNCERTAINTY_ASSIGNED_CONTEXT ( ( #304 ) ) GLOBAL_UNIT_ASSIGNED_CONTEXT ( ( #4033, #10269, #3121 ) ) REPRESENTATION_CONTEXT ( 'NONE', 'WORKASPACE' ) );
#10085 = AXIS2_PLACEMENT_3D ( 'NONE', #3123, #2282, #8011 ) ;
#10086 = EDGE_CURVE ( 'NONE', #5337, #7914, #1979, .T. ) ;
#10087 = DIRECTION ( 'NONE',  ( -0.4819066211576422121, 0.2377525341402928205, -0.8433503074015528123 ) ) ;
#10088 = ADVANCED_FACE ( 'NONE', ( #519 ), #7106, .T. ) ;
#10089 = CIRCLE ( 'NONE', #3619, 0.4000000000000001887 ) ;
#10090 = DIRECTION ( 'NONE',  ( -0.2543991645254700118, -0.6105579948610871943, 0.7499999999999675815 ) ) ;
#10091 = EDGE_LOOP ( 'NONE', ( #3376, #8337, #9410, #8917 ) ) ;
#10092 = EDGE_CURVE ( 'NONE', #8660, #1260, #3505, .T. ) ;
#10093 = EDGE_LOOP ( 'NONE', ( #2135, #3382, #3471, #8710 ) ) ;
#10094 = SURFACE_STYLE_USAGE ( .BOTH. , #7120 ) ;
#10095 = SURFACE_SIDE_STYLE ('',( #6922 ) ) ;
#10096 = PRESENTATION_STYLE_ASSIGNMENT (( #469 ) ) ;
#10097 =( NAMED_UNIT ( * ) PLANE_ANGLE_UNIT ( ) SI_UNIT ( $, .RADIAN. ) );
#10098 = DIRECTION ( 'NONE',  ( -0.000000000000000000, -0.000000000000000000, -1.000000000000000000 ) ) ;
#10099 = ADVANCED_FACE ( 'NONE', ( #3808 ), #7790, .F. ) ;
#10100 =( NAMED_UNIT ( * ) PLANE_ANGLE_UNIT ( ) SI_UNIT ( $, .RADIAN. ) );
#10101 = ORIENTED_EDGE ( 'NONE', *, *, #6985, .T. ) ;
#10102 = STYLED_ITEM ( 'NONE', ( #5414 ), #9163 ) ;
#10103 = PRESENTATION_STYLE_ASSIGNMENT (( #6002 ) ) ;
#10104 = EDGE_CURVE ( 'NONE', #9140, #7274, #10317, .T. ) ;
#10105 = FILL_AREA_STYLE ('',( #3766 ) ) ;
#10106 = FACE_OUTER_BOUND ( 'NONE', #1471, .T. ) ;
#10107 = CARTESIAN_POINT ( 'NONE',  ( -2.751817581163404025, -5.500000000000000000, 3.499999999999997780 ) ) ;
#10108 = ORIENTED_EDGE ( 'NONE', *, *, #1816, .T. ) ;
#10109 = MECHANICAL_DESIGN_GEOMETRIC_PRESENTATION_REPRESENTATION (  '', ( #7769 ), #3648 ) ;
#10110 = DIRECTION ( 'NONE',  ( 0.000000000000000000, 1.000000000000000000, 0.000000000000000000 ) ) ;
#10111 = VECTOR ( 'NONE', #6918, 1000.000000000000000 ) ;
#10112 =( NAMED_UNIT ( * ) SI_UNIT ( $, .STERADIAN. ) SOLID_ANGLE_UNIT ( ) );
#10113 = DIRECTION ( 'NONE',  ( -1.000000000000000000, -1.355252715606882022E-16, -0.000000000000000000 ) ) ;
#10114 = DIRECTION ( 'NONE',  ( 1.000000000000000000, 0.000000000000000000, -0.000000000000000000 ) ) ;
#10115 = CARTESIAN_POINT ( 'NONE',  ( -6.159705218919225622, 2.937096592108939141, -3.053341690607341619 ) ) ;
#10116 = COLOUR_RGB ( '',0.7529411764705882248, 0.7529411764705882248, 0.7529411764705882248 ) ;
#10117 = DIRECTION ( 'NONE',  ( 0.000000000000000000, 0.000000000000000000, -1.000000000000000000 ) ) ;
#10118 = ADVANCED_FACE ( 'NONE', ( #1475 ), #612, .T. ) ;
#10119 = AXIS2_PLACEMENT_3D ( 'NONE', #6767, #9935, #2793 ) ;
#10120 = PRESENTATION_STYLE_ASSIGNMENT (( #3832 ) ) ;
#10121 = ORIENTED_EDGE ( 'NONE', *, *, #1459, .F. ) ;
#10122 = DIRECTION ( 'NONE',  ( -0.9230769230769534373, 0.3846153846153118616, 5.564535518618229178E-14 ) ) ;
#10123 = ORIENTED_EDGE ( 'NONE', *, *, #9309, .F. ) ;
#10124 =( NAMED_UNIT ( * ) PLANE_ANGLE_UNIT ( ) SI_UNIT ( $, .RADIAN. ) );
#10125 = AXIS2_PLACEMENT_3D ( 'NONE', #1078, #9076, #4407 ) ;
#10126 = FILL_AREA_STYLE ('',( #8652 ) ) ;
#10127 = VECTOR ( 'NONE', #7410, 1000.000000000000227 ) ;
#10128 = UNCERTAINTY_MEASURE_WITH_UNIT (LENGTH_MEASURE( 1.000000000000000082E-05 ), #9876, 'distance_accuracy_value', 'NONE');
#10129 = MECHANICAL_DESIGN_GEOMETRIC_PRESENTATION_REPRESENTATION (  '', ( #4341 ), #8958 ) ;
#10130 = B_SPLINE_CURVE_WITH_KNOTS ( 'NONE', 3,
 ( #1606, #2546, #2453, #5741, #4974, #5638, #4867, #8023, #9079, #5227, #6050, #9176, #5074, #1080, #8390, #8338, #6008, #2022, #1295, #3722, #4310, #9230, #4501, #7656, #8229, #6687, #10059, #1864, #4362 ),
 .UNSPECIFIED., .F., .F.,
 ( 4, 2, 2, 1, 1, 2, 2, 2, 2, 2, 2, 2, 1, 2, 2, 4 ),
 ( 0.000000000000000000, 0.2499999999999746869, 0.3749999999999615308, 0.4374999999999549805, 0.4687499999999509837, 0.4843749999999483746, 0.4999999999999457101, 0.5624999999999517053, 0.5937499999999535927, 0.6093749999999549249, 0.6249999999999562572, 0.6874999999999608091, 0.7187499999999624745, 0.7343749999999641398, 0.7499999999999658051, 1.000000000000000000 ),
 .UNSPECIFIED. ) ;
#10131 = EDGE_LOOP ( 'NONE', ( #3485, #2331, #6056, #8982, #2493, #7496, #6004, #1418, #7926, #638, #8167, #2551, #9658 ) ) ;
#10132 = PLANE ( 'NONE',  #8682 ) ;
#10133 =( GEOMETRIC_REPRESENTATION_CONTEXT ( 3 ) GLOBAL_UNCERTAINTY_ASSIGNED_CONTEXT ( ( #495 ) ) GLOBAL_UNIT_ASSIGNED_CONTEXT ( ( #5352, #6869, #2156 ) ) REPRESENTATION_CONTEXT ( 'NONE', 'WORKASPACE' ) );
#10134 =( NAMED_UNIT ( * ) PLANE_ANGLE_UNIT ( ) SI_UNIT ( $, .RADIAN. ) );
#10135 = EDGE_LOOP ( 'NONE', ( #7861, #7178, #937, #5616 ) ) ;
#10136 =( NAMED_UNIT ( * ) SI_UNIT ( $, .STERADIAN. ) SOLID_ANGLE_UNIT ( ) );
#10137 = EDGE_CURVE ( 'NONE', #9757, #6048, #1529, .T. ) ;
#10138 = AXIS2_PLACEMENT_3D ( 'NONE', #115, #2588, #2644 ) ;
#10139 = FILL_AREA_STYLE_COLOUR ( '', #4 ) ;
#10140 = ORIENTED_EDGE ( 'NONE', *, *, #4170, .T. ) ;
#10141 = DIRECTION ( 'NONE',  ( 5.292964219876011532E-15, 1.256337252201300185E-14, 1.000000000000000000 ) ) ;
#10142 = COLOUR_RGB ( '',0.7529411764705882248, 0.7529411764705882248, 0.7529411764705882248 ) ;
#10143 = ORIENTED_EDGE ( 'NONE', *, *, #7361, .F. ) ;
#10144 = FILL_AREA_STYLE_COLOUR ( '', #1435 ) ;
#10145 = FILL_AREA_STYLE ('',( #10255 ) ) ;
#10146 = EDGE_CURVE ( 'NONE', #2351, #7068, #2983, .T. ) ;
#10147 = DIRECTION ( 'NONE',  ( 0.000000000000000000, 0.000000000000000000, -1.000000000000000000 ) ) ;
#10148 = FILL_AREA_STYLE_COLOUR ( '', #8669 ) ;
#10149 = VERTEX_POINT ( 'NONE', #8734 ) ;
#10150 =( NAMED_UNIT ( * ) PLANE_ANGLE_UNIT ( ) SI_UNIT ( $, .RADIAN. ) );
#10151 = DIRECTION ( 'NONE',  ( 2.478176364762575186E-15, 0.000000000000000000, 1.000000000000000000 ) ) ;
#10152 = CARTESIAN_POINT ( 'NONE',  ( -6.650000000000001243, -6.704630743366730705, -2.094532406675943648 ) ) ;
#10153 = FACE_OUTER_BOUND ( 'NONE', #8279, .T. ) ;
#10154 = ORIENTED_EDGE ( 'NONE', *, *, #9534, .T. ) ;
#10155 = COLOUR_RGB ( '',0.7529411764705882248, 0.7529411764705882248, 0.7529411764705882248 ) ;
#10156 = CARTESIAN_POINT ( 'NONE',  ( 2.250000000002337686, -5.435424868893542261, 3.200000000000010392 ) ) ;
#10157 = CARTESIAN_POINT ( 'NONE',  ( -1.462164714140016031, -5.819112848942094018, 3.600000000000000977 ) ) ;
#10158 =( NAMED_UNIT ( * ) SI_UNIT ( $, .STERADIAN. ) SOLID_ANGLE_UNIT ( ) );
#10159 = ADVANCED_FACE ( 'NONE', ( #9570 ), #1579, .T. ) ;
#10160 = FILL_AREA_STYLE ('',( #10064 ) ) ;
#10161 = CARTESIAN_POINT ( 'NONE',  ( -5.609556424471089819, -1.676841459417441227, 3.499999999999998668 ) ) ;
#10162 = ORIENTED_EDGE ( 'NONE', *, *, #3799, .F. ) ;
#10163 = VERTEX_POINT ( 'NONE', #5715 ) ;
#10164 =( NAMED_UNIT ( * ) PLANE_ANGLE_UNIT ( ) SI_UNIT ( $, .RADIAN. ) );
#10165 = ORIENTED_EDGE ( 'NONE', *, *, #1882, .T. ) ;
#10166 =( LENGTH_UNIT ( ) NAMED_UNIT ( * ) SI_UNIT ( .MILLI., .METRE. ) );
#10167 = CARTESIAN_POINT ( 'NONE',  ( -5.435424868894230599, 2.250000000001086242, 3.600000000000000977 ) ) ;
#10168 = FACE_OUTER_BOUND ( 'NONE', #9814, .T. ) ;
#10169 = DIRECTION ( 'NONE',  ( -1.000000000000000000, 0.000000000000000000, 0.000000000000000000 ) ) ;
#10170 = ORIENTED_EDGE ( 'NONE', *, *, #5629, .T. ) ;
#10171 = DIRECTION ( 'NONE',  ( 1.000000000000000000, -1.053031360026544826E-16, 0.000000000000000000 ) ) ;
#10172 = PRESENTATION_LAYER_ASSIGNMENT (  '', '', ( #3010 ) ) ;
#10173 = MECHANICAL_DESIGN_GEOMETRIC_PRESENTATION_REPRESENTATION (  '', ( #7186 ), #5686 ) ;
#10174 = CIRCLE ( 'NONE', #3874, 0.2999999999999999334 ) ;
#10175 = MECHANICAL_DESIGN_GEOMETRIC_PRESENTATION_REPRESENTATION (  '', ( #7005 ), #2002 ) ;
#10176 = SURFACE_STYLE_FILL_AREA ( #2893 ) ;
#10177 = VERTEX_POINT ( 'NONE', #3323 ) ;
#10178 = CARTESIAN_POINT ( 'NONE',  ( -4.150000000000000355, 0.000000000000000000, 3.600000000000001421 ) ) ;
#10179 = EDGE_CURVE ( 'NONE', #6705, #308, #2311, .T. ) ;
#10180 = DIRECTION ( 'NONE',  ( -0.8682466191274124112, 0.000000000000000000, -0.4961328535521690730 ) ) ;
#10181 = AXIS2_PLACEMENT_3D ( 'NONE', #3609, #6785, #1330 ) ;
#10182 = DIRECTION ( 'NONE',  ( 0.000000000000000000, 1.000000000000000000, -1.224227167353898122E-14 ) ) ;
#10183 =( NAMED_UNIT ( * ) SI_UNIT ( $, .STERADIAN. ) SOLID_ANGLE_UNIT ( ) );
#10184 =( NAMED_UNIT ( * ) SI_UNIT ( $, .STERADIAN. ) SOLID_ANGLE_UNIT ( ) );
#10185 = VECTOR ( 'NONE', #7546, 1000.000000000000000 ) ;
#10186 = FACE_OUTER_BOUND ( 'NONE', #5931, .T. ) ;
#10187 = EDGE_CURVE ( 'NONE', #1173, #8718, #8633, .T. ) ;
#10188 = AXIS2_PLACEMENT_3D ( 'NONE', #8090, #5038, #8188 ) ;
#10189 = COLOUR_RGB ( '',1.000000000000000000, 1.000000000000000000, 1.000000000000000000 ) ;
#10190 =( NAMED_UNIT ( * ) SI_UNIT ( $, .STERADIAN. ) SOLID_ANGLE_UNIT ( ) );
#10191 = DIRECTION ( 'NONE',  ( -0.4722150451494400158, 0.000000000000000000, -0.8814833810881020915 ) ) ;
#10192 = COLOUR_RGB ( '',1.000000000000000000, 1.000000000000000000, 1.000000000000000000 ) ;
#10193 = ORIENTED_EDGE ( 'NONE', *, *, #9978, .F. ) ;
#10194 = UNCERTAINTY_MEASURE_WITH_UNIT (LENGTH_MEASURE( 1.000000000000000082E-05 ), #6047, 'distance_accuracy_value', 'NONE');
#10195 = DIRECTION ( 'NONE',  ( -0.4961328535521692396, 0.000000000000000000, 0.8682466191274121892 ) ) ;
#10196 = DIRECTION ( 'NONE',  ( 0.000000000000000000, -1.000000000000000000, 0.000000000000000000 ) ) ;
#10197 = CARTESIAN_POINT ( 'NONE',  ( 1.283695372222837250E-13, 1.756407519426517183E-14, 3.500000000000001332 ) ) ;
#10198 = CARTESIAN_POINT ( 'NONE',  ( 1.899999999999999911, 0.000000000000000000, 4.299999999999999822 ) ) ;
#10199 = AXIS2_PLACEMENT_3D ( 'NONE', #5794, #7348, #7299 ) ;
#10200 = ORIENTED_EDGE ( 'NONE', *, *, #3105, .F. ) ;
#10201 = FILL_AREA_STYLE ('',( #10148 ) ) ;
#10202 = UNCERTAINTY_MEASURE_WITH_UNIT (LENGTH_MEASURE( 1.000000000000000082E-05 ), #1829, 'distance_accuracy_value', 'NONE');
#10203 = STYLED_ITEM ( 'NONE', ( #214 ), #87 ) ;
#10204 =( NAMED_UNIT ( * ) PLANE_ANGLE_UNIT ( ) SI_UNIT ( $, .RADIAN. ) );
#10205 =( GEOMETRIC_REPRESENTATION_CONTEXT ( 3 ) GLOBAL_UNCERTAINTY_ASSIGNED_CONTEXT ( ( #1204 ) ) GLOBAL_UNIT_ASSIGNED_CONTEXT ( ( #8158, #4299, #8115 ) ) REPRESENTATION_CONTEXT ( 'NONE', 'WORKASPACE' ) );
#10206 =( NAMED_UNIT ( * ) SI_UNIT ( $, .STERADIAN. ) SOLID_ANGLE_UNIT ( ) );
#10207 = FILL_AREA_STYLE_COLOUR ( '', #182 ) ;
#10208 = DIRECTION ( 'NONE',  ( 3.274077951839322246E-14, 1.637038975914476918E-13, -1.000000000000000000 ) ) ;
#10209 = UNCERTAINTY_MEASURE_WITH_UNIT (LENGTH_MEASURE( 1.000000000000000082E-05 ), #5424, 'distance_accuracy_value', 'NONE');
#10210 = DIRECTION ( 'NONE',  ( -0.000000000000000000, 1.000000000000000000, -0.000000000000000000 ) ) ;
#10211 = ORIENTED_EDGE ( 'NONE', *, *, #7810, .F. ) ;
#10212 = LINE ( 'NONE', #2926, #1055 ) ;
#10213 = FACE_OUTER_BOUND ( 'NONE', #8872, .T. ) ;
#10214 = PRESENTATION_LAYER_ASSIGNMENT (  '', '', ( #6552 ) ) ;
#10215 = CARTESIAN_POINT ( 'NONE',  ( 2.250000000009879653, -5.700000000000001066, 3.499999999999998668 ) ) ;
#10216 = CIRCLE ( 'NONE', #5568, 0.2999999999999192757 ) ;
#10217 = EDGE_CURVE ( 'NONE', #3896, #5337, #298, .T. ) ;
#10218 = CARTESIAN_POINT ( 'NONE',  ( 6.505213034913026604E-15, 8.673617379884035472E-16, 3.200000000000001954 ) ) ;
#10219 = AXIS2_PLACEMENT_3D ( 'NONE', #10156, #3381, #2572 ) ;
#10220 = ORIENTED_EDGE ( 'NONE', *, *, #7004, .T. ) ;
#10221 = VERTEX_POINT ( 'NONE', #8890 ) ;
#10222 = ORIENTED_EDGE ( 'NONE', *, *, #2484, .T. ) ;
#10223 = EDGE_CURVE ( 'NONE', #5188, #3061, #6144, .T. ) ;
#10224 = CARTESIAN_POINT ( 'NONE',  ( -4.713095711004408273, 3.950851657416640350, 3.500000000000000000 ) ) ;
#10225 = DIRECTION ( 'NONE',  ( -2.221018656992594206E-15, 2.221018656992604067E-15, -1.000000000000000000 ) ) ;
#10226 = DIRECTION ( 'NONE',  ( -0.000000000000000000, 2.797941090285171111E-16, -1.000000000000000000 ) ) ;
#10227 = SURFACE_STYLE_USAGE ( .BOTH. , #643 ) ;
#10228 =( NAMED_UNIT ( * ) PLANE_ANGLE_UNIT ( ) SI_UNIT ( $, .RADIAN. ) );
#10229 = ORIENTED_EDGE ( 'NONE', *, *, #4583, .T. ) ;
#10230 = TOROIDAL_SURFACE ( 'NONE', #1561, 0.8000000000000055955, 0.1999999999999988454 ) ;
#10231 = FILL_AREA_STYLE_COLOUR ( '', #4615 ) ;
#10232 = ORIENTED_EDGE ( 'NONE', *, *, #8128, .F. ) ;
#10233 = FILL_AREA_STYLE ('',( #6955 ) ) ;
#10234 = CIRCLE ( 'NONE', #9072, 0.4000000000000001887 ) ;
#10235 = CONICAL_SURFACE ( 'NONE', #1230, 0.9999999999941167061, 0.04995839572052565569 ) ;
#10236 =( GEOMETRIC_REPRESENTATION_CONTEXT ( 3 ) GLOBAL_UNCERTAINTY_ASSIGNED_CONTEXT ( ( #7471 ) ) GLOBAL_UNIT_ASSIGNED_CONTEXT ( ( #1403, #547, #8504 ) ) REPRESENTATION_CONTEXT ( 'NONE', 'WORKASPACE' ) );
#10237 = EDGE_CURVE ( 'NONE', #5856, #8063, #8938, .T. ) ;
#10238 = CARTESIAN_POINT ( 'NONE',  ( -6.300000004164958867, 3.000000000000000000, 6.564159265358979312 ) ) ;
#10239 = AXIS2_PLACEMENT_3D ( 'NONE', #5591, #3028, #751 ) ;
#10240 = EDGE_CURVE ( 'NONE', #8794, #9260, #5766, .T. ) ;
#10241 =( NAMED_UNIT ( * ) PLANE_ANGLE_UNIT ( ) SI_UNIT ( $, .RADIAN. ) );
#10242 = MECHANICAL_DESIGN_GEOMETRIC_PRESENTATION_REPRESENTATION (  '', ( #546 ), #8738 ) ;
#10243 = EDGE_CURVE ( 'NONE', #2483, #7851, #8048, .T. ) ;
#10244 = CONICAL_SURFACE ( 'NONE', #7735, 0.9999999999941167061, 0.04995839572052565569 ) ;
#10245 = DIRECTION ( 'NONE',  ( -1.000000000000000000, -2.168404344971010446E-15, 0.000000000000000000 ) ) ;
#10246 = DIRECTION ( 'NONE',  ( 0.000000000000000000, 0.000000000000000000, 1.000000000000000000 ) ) ;
#10247 = ORIENTED_EDGE ( 'NONE', *, *, #1312, .F. ) ;
#10248 = PRESENTATION_STYLE_ASSIGNMENT (( #2316 ) ) ;
#10249 = DIRECTION ( 'NONE',  ( 0.000000000000000000, 0.000000000000000000, 1.000000000000000000 ) ) ;
#10250 = PLANE ( 'NONE',  #9901 ) ;
#10251 = EDGE_CURVE ( 'NONE', #3216, #2967, #784, .T. ) ;
#10252 = MECHANICAL_DESIGN_GEOMETRIC_PRESENTATION_REPRESENTATION (  '', ( #900 ), #1577 ) ;
#10253 = FILL_AREA_STYLE_COLOUR ( '', #2142 ) ;
#10254 = ORIENTED_EDGE ( 'NONE', *, *, #3952, .T. ) ;
#10255 = FILL_AREA_STYLE_COLOUR ( '', #7511 ) ;
#10256 = SURFACE_STYLE_FILL_AREA ( #7019 ) ;
#10257 = ORIENTED_EDGE ( 'NONE', *, *, #5760, .F. ) ;
#10258 = SURFACE_STYLE_FILL_AREA ( #3962 ) ;
#10259 = CARTESIAN_POINT ( 'NONE',  ( -1.873689204426072674, -5.430510600647739494, 3.600000000000001421 ) ) ;
#10260 = ADVANCED_FACE ( 'NONE', ( #202 ), #3380, .T. ) ;
#10261 = FILL_AREA_STYLE ('',( #5463 ) ) ;
#10262 = FACE_OUTER_BOUND ( 'NONE', #3841, .T. ) ;
#10263 =( NAMED_UNIT ( * ) SI_UNIT ( $, .STERADIAN. ) SOLID_ANGLE_UNIT ( ) );
#10264 = FACE_OUTER_BOUND ( 'NONE', #2459, .T. ) ;
#10265 = ORIENTED_EDGE ( 'NONE', *, *, #780, .T. ) ;
#10266 = VECTOR ( 'NONE', #7465, 1000.000000000000000 ) ;
#10267 = FILL_AREA_STYLE ('',( #1644 ) ) ;
#10268 = CARTESIAN_POINT ( 'NONE',  ( 1.866168552841674932, 5.424745029542300756, 3.600000000000001421 ) ) ;
#10269 =( NAMED_UNIT ( * ) PLANE_ANGLE_UNIT ( ) SI_UNIT ( $, .RADIAN. ) );
#10270 = SURFACE_STYLE_USAGE ( .BOTH. , #4756 ) ;
#10271 = DIRECTION ( 'NONE',  ( -0.000000000000000000, -1.000000000000000000, 0.000000000000000000 ) ) ;
#10272 = DIRECTION ( 'NONE',  ( -4.900241895855846023E-16, -4.900241895855865745E-16, -1.000000000000000000 ) ) ;
#10273 =( GEOMETRIC_REPRESENTATION_CONTEXT ( 3 ) GLOBAL_UNCERTAINTY_ASSIGNED_CONTEXT ( ( #9472 ) ) GLOBAL_UNIT_ASSIGNED_CONTEXT ( ( #3392, #4293, #2585 ) ) REPRESENTATION_CONTEXT ( 'NONE', 'WORKASPACE' ) );
#10274 = EDGE_LOOP ( 'NONE', ( #8503, #4779, #9414, #4524, #7554 ) ) ;
#10275 = COLOUR_RGB ( '',1.000000000000000000, 1.000000000000000000, 1.000000000000000000 ) ;
#10276 =( NAMED_UNIT ( * ) SI_UNIT ( $, .STERADIAN. ) SOLID_ANGLE_UNIT ( ) );
#10277 = VERTEX_POINT ( 'NONE', #7726 ) ;
#10278 = SURFACE_SIDE_STYLE ('',( #5332 ) ) ;
#10279 = EDGE_LOOP ( 'NONE', ( #6738, #6790, #6363, #2408 ) ) ;
#10280 = LINE ( 'NONE', #544, #3635 ) ;
#10281 = CARTESIAN_POINT ( 'NONE',  ( 4.750000000000000000, 4.750000000000000000, 3.200000000000000178 ) ) ;
#10282 =( GEOMETRIC_REPRESENTATION_CONTEXT ( 3 ) GLOBAL_UNCERTAINTY_ASSIGNED_CONTEXT ( ( #4673 ) ) GLOBAL_UNIT_ASSIGNED_CONTEXT ( ( #9485, #1757, #9635 ) ) REPRESENTATION_CONTEXT ( 'NONE', 'WORKASPACE' ) );
#10284 = EDGE_CURVE ( 'NONE', #7648, #1321, #8318, .T. ) ;
#10283 = CARTESIAN_POINT ( 'NONE',  ( -6.693412330956372891, -2.999999999999999112, -2.119339049353551996 ) ) ;
#10285 = EDGE_CURVE ( 'NONE', #9260, #9160, #2796, .T. ) ;
#10286 = DIRECTION ( 'NONE',  ( -0.000000000000000000, -0.000000000000000000, 1.000000000000000000 ) ) ;
#10287 = ORIENTED_EDGE ( 'NONE', *, *, #1141, .F. ) ;
#10288 = AXIS2_PLACEMENT_3D ( 'NONE', #4526, #3654, #4487 ) ;
#10289 = DIRECTION ( 'NONE',  ( 0.000000000000000000, 0.000000000000000000, -1.000000000000000000 ) ) ;
#10290 = AXIS2_PLACEMENT_3D ( 'NONE', #2358, #3316, #2472 ) ;
#10291 = CARTESIAN_POINT ( 'NONE',  ( 6.694074169054405665, -2.000000000000000000, -2.070921654418471203 ) ) ;
#10292 = VECTOR ( 'NONE', #4851, 1000.000000000000114 ) ;
#10293 = ORIENTED_EDGE ( 'NONE', *, *, #410, .F. ) ;
#10294 = CARTESIAN_POINT ( 'NONE',  ( 1.600000000000000089, 1.599999999999999867, 7.299999999999998934 ) ) ;
#10295 = CIRCLE ( 'NONE', #6803, 0.1999999999999996503 ) ;
#10296 = EDGE_CURVE ( 'NONE', #5748, #10277, #2737, .T. ) ;
#10297 = DIRECTION ( 'NONE',  ( -1.000000000000000000, -1.222978688985946960E-15, 0.000000000000000000 ) ) ;
#10298 = FACE_OUTER_BOUND ( 'NONE', #4813, .T. ) ;
#10299 = CIRCLE ( 'NONE', #5305, 0.1999999999999996503 ) ;
#10300 = VECTOR ( 'NONE', #5753, 1000.000000000000000 ) ;
#10301 = EDGE_CURVE ( 'NONE', #4522, #1784, #1946, .T. ) ;
#10302 = CARTESIAN_POINT ( 'NONE',  ( -1.891518204694825789, 5.400000000000011902, 3.499999999999992895 ) ) ;
#10303 = FILL_AREA_STYLE_COLOUR ( '', #2226 ) ;
#10304 = ORIENTED_EDGE ( 'NONE', *, *, #7631, .F. ) ;
#10305 = AXIS2_PLACEMENT_3D ( 'NONE', #4438, #2911, #7594 ) ;
#10306 = PRESENTATION_STYLE_ASSIGNMENT (( #10094 ) ) ;
#10307 = LINE ( 'NONE', #1421, #4480 ) ;
#10308 = DIRECTION ( 'NONE',  ( -0.000000000000000000, -1.000000000000000000, -0.000000000000000000 ) ) ;
#10309 = UNCERTAINTY_MEASURE_WITH_UNIT (LENGTH_MEASURE( 1.000000000000000082E-05 ), #9517, 'distance_accuracy_value', 'NONE');
#10310 = EDGE_CURVE ( 'NONE', #308, #5988, #1265, .T. ) ;
#10311 = FILL_AREA_STYLE_COLOUR ( '', #6662 ) ;
#10312 = ORIENTED_EDGE ( 'NONE', *, *, #2222, .F. ) ;
#10313 = SURFACE_STYLE_USAGE ( .BOTH. , #5667 ) ;
#10314 = ORIENTED_EDGE ( 'NONE', *, *, #2452, .T. ) ;
#10315 = FILL_AREA_STYLE_COLOUR ( '', #2865 ) ;
#10316 = DIRECTION ( 'NONE',  ( 0.000000000000000000, 3.523657060577922227E-14, -1.000000000000000000 ) ) ;
#10317 = CIRCLE ( 'NONE', #5825, 0.8000000000000003775 ) ;
#10318 = CARTESIAN_POINT ( 'NONE',  ( 5.609556424471086267, 1.676841459417437008, 3.499999999999993783 ) ) ;
#10319 = UNCERTAINTY_MEASURE_WITH_UNIT (LENGTH_MEASURE( 1.000000000000000082E-05 ), #9124, 'distance_accuracy_value', 'NONE');
#10320 = PLANE ( 'NONE',  #3138 ) ;
#10321 = SURFACE_SIDE_STYLE ('',( #2276 ) ) ;
#10322 = LINE ( 'NONE', #3171, #2935 ) ;
#10323 = FACE_OUTER_BOUND ( 'NONE', #1677, .T. ) ;
#10324 = CARTESIAN_POINT ( 'NONE',  ( -1.734723475995296416E-15, -1.734723475995296416E-15, 3.300000000024282620 ) ) ;
#10325 = CARTESIAN_POINT ( 'NONE',  ( 6.000000000000000000, 0.000000000000000000, 1.146410165658806601 ) ) ;
#10326 = ADVANCED_FACE ( 'NONE', ( #1156 ), #6710, .F. ) ;
#10327 = PRESENTATION_LAYER_ASSIGNMENT (  '', '', ( #796 ) ) ;
#10328 = EDGE_LOOP ( 'NONE', ( #8218, #1701, #4845, #2766 ) ) ;
#10329 = FILL_AREA_STYLE_COLOUR ( '', #2713 ) ;
#10330 = ORIENTED_EDGE ( 'NONE', *, *, #1036, .T. ) ;
#10331 = PRESENTATION_STYLE_ASSIGNMENT (( #914 ) ) ;
#10332 = ORIENTED_EDGE ( 'NONE', *, *, #7976, .F. ) ;
#10333 = DIRECTION ( 'NONE',  ( 0.000000000000000000, 0.000000000000000000, 1.000000000000000000 ) ) ;
#10334 = ORIENTED_EDGE ( 'NONE', *, *, #5439, .F. ) ;
#10335 = MECHANICAL_DESIGN_GEOMETRIC_PRESENTATION_REPRESENTATION (  '', ( #5673 ), #2160 ) ;
#10336 = ORIENTED_EDGE ( 'NONE', *, *, #3928, .T. ) ;
#10337 = ORIENTED_EDGE ( 'NONE', *, *, #6924, .T. ) ;
#10338 = CARTESIAN_POINT ( 'NONE',  ( -1.822785312537827052, -5.499999999977941201, 3.590951180181852553 ) ) ;
#10339 =( NAMED_UNIT ( * ) PLANE_ANGLE_UNIT ( ) SI_UNIT ( $, .RADIAN. ) );
#10340 =( LENGTH_UNIT ( ) NAMED_UNIT ( * ) SI_UNIT ( .MILLI., .METRE. ) );
#10341 = CIRCLE ( 'NONE', #4692, 0.3499999999999996447 ) ;
#10342 = DIRECTION ( 'NONE',  ( 0.000000000000000000, 0.000000000000000000, -1.000000000000000000 ) ) ;
#10343 = MECHANICAL_DESIGN_GEOMETRIC_PRESENTATION_REPRESENTATION (  '', ( #2850 ), #8508 ) ;
#10344 = CIRCLE ( 'NONE', #5864, 0.2999999999999999334 ) ;
#10345 = CARTESIAN_POINT ( 'NONE',  ( 6.652220291788702458E-15, 1.014368994864080585E-15, 3.500000000000003997 ) ) ;
#10346 = DIRECTION ( 'NONE',  ( -1.000000000000000000, 2.710505431213761578E-16, 0.000000000000000000 ) ) ;
#10347 = AXIS2_PLACEMENT_3D ( 'NONE', #10050, #6931, #438 ) ;
#10348 = ORIENTED_EDGE ( 'NONE', *, *, #2062, .F. ) ;
#10349 = TOROIDAL_SURFACE ( 'NONE', #999, 0.7999999999999969358, 0.2000000000000016209 ) ;
#10350 = SURFACE_STYLE_FILL_AREA ( #829 ) ;
#10351 = CARTESIAN_POINT ( 'NONE',  ( -5.260202911683314220, 1.369495589747189213, 3.600000000000000533 ) ) ;
#10352 = VECTOR ( 'NONE', #8328, 1000.000000000000000 ) ;
#10353 = PRESENTATION_STYLE_ASSIGNMENT (( #7173 ) ) ;
#10354 = ORIENTED_EDGE ( 'NONE', *, *, #2988, .T. ) ;
#10355 = DIRECTION ( 'NONE',  ( 0.000000000000000000, 0.000000000000000000, 1.000000000000000000 ) ) ;
#10356 = UNCERTAINTY_MEASURE_WITH_UNIT (LENGTH_MEASURE( 1.000000000000000082E-05 ), #7739, 'distance_accuracy_value', 'NONE');
#10357 = ORIENTED_EDGE ( 'NONE', *, *, #5416, .T. ) ;
#10358 =( GEOMETRIC_REPRESENTATION_CONTEXT ( 3 ) GLOBAL_UNCERTAINTY_ASSIGNED_CONTEXT ( ( #8533 ) ) GLOBAL_UNIT_ASSIGNED_CONTEXT ( ( #9995, #9884, #5256 ) ) REPRESENTATION_CONTEXT ( 'NONE', 'WORKASPACE' ) );
#10359 = DIRECTION ( 'NONE',  ( -0.4620284873219822619, 0.4733177335605763814, 0.7500000000000268674 ) ) ;
ENDSEC;
END-ISO-10303-21;
