ISO-10303-21;
HEADER;
FILE_DESCRIPTION (( 'STEP AP214' ),
    '1' );
FILE_NAME ('CUI_DEVICES_TS15-1212-100-BK-260-SCR-D.step',
    '2024-04-17T15:12:04',
    ( '' ),
    ( '' ),
    'SwSTEP 2.0',
    'SolidWorks 2024',
    '' );
FILE_SCHEMA (( 'AUTOMOTIVE_DESIGN' ));
ENDSEC;

DATA;
#1 = LINE ( 'NONE', #4064, #1743 ) ;
#2 = ORIENTED_EDGE ( 'NONE', *, *, #4940, .F. ) ;
#3 = ADVANCED_FACE ( 'NONE', ( #1401 ), #1877, .F. ) ;
#4 = ORIENTED_EDGE ( 'NONE', *, *, #5727, .F. ) ;
#5 = LINE ( 'NONE', #5358, #876 ) ;
#6 = DIRECTION ( 'NONE',  ( 0.000000000000000000, 1.000000000000000000, 0.000000000000000000 ) ) ;
#7 = CARTESIAN_POINT ( 'NONE',  ( -0.2697666957634185514, -0.08083008780228616297, 0.07874015748031495954 ) ) ;
#8 = CARTESIAN_POINT ( 'NONE',  ( -0.2517439703971998677, -0.1325679440989251945, -0.07874015748031495954 ) ) ;
#9 = ADVANCED_FACE ( 'NONE', ( #2261 ), #2348, .T. ) ;
#10 = FACE_OUTER_BOUND ( 'NONE', #4435, .T. ) ;
#11 = ORIENTED_EDGE ( 'NONE', *, *, #3900, .F. ) ;
#12 = DIRECTION ( 'NONE',  ( -1.734723475976807883E-15, 0.000000000000000000, -1.000000000000000000 ) ) ;
#13 = CARTESIAN_POINT ( 'NONE',  ( -0.2401574803149607862, -0.01672474479929638227, 0.07874015748031495954 ) ) ;
#14 = ORIENTED_EDGE ( 'NONE', *, *, #4583, .F. ) ;
#15 = CARTESIAN_POINT ( 'NONE',  ( 0.2972320595286911393, -0.1197977719400046548, 0.07874015748031495954 ) ) ;
#16 = ORIENTED_EDGE ( 'NONE', *, *, #4501, .F. ) ;
#17 = DIRECTION ( 'NONE',  ( 0.2731234667176492548, 0.9619789872591464341, 0.000000000000000000 ) ) ;
#18 = FACE_OUTER_BOUND ( 'NONE', #1812, .T. ) ;
#19 = DIRECTION ( 'NONE',  ( 0.000000000000000000, 0.000000000000000000, 1.000000000000000000 ) ) ;
#20 = EDGE_CURVE ( 'NONE', #4825, #940, #31, .T. ) ;
#21 = EDGE_CURVE ( 'NONE', #752, #286, #1517, .T. ) ;
#22 = VECTOR ( 'NONE', #3475, 39.37007874015748143 ) ;
#23 = ORIENTED_EDGE ( 'NONE', *, *, #2790, .T. ) ;
#24 = VERTEX_POINT ( 'NONE', #3115 ) ;
#25 = FACE_OUTER_BOUND ( 'NONE', #4713, .T. ) ;
#26 = VERTEX_POINT ( 'NONE', #4538 ) ;
#27 = FACE_OUTER_BOUND ( 'NONE', #4457, .T. ) ;
#28 = EDGE_CURVE ( 'NONE', #666, #2809, #1851, .T. ) ;
#29 =( GEOMETRIC_REPRESENTATION_CONTEXT ( 3 ) GLOBAL_UNCERTAINTY_ASSIGNED_CONTEXT ( ( #1329 ) ) GLOBAL_UNIT_ASSIGNED_CONTEXT ( ( #4164, #3230, #2383 ) ) REPRESENTATION_CONTEXT ( 'NONE', 'WORKASPACE' ) );
#30 = DIRECTION ( 'NONE',  ( -0.2731234667176487552, 0.9619789872591466562, 0.000000000000000000 ) ) ;
#31 = CIRCLE ( 'NONE', #4618, 0.007874015748031482076 ) ;
#32 = CARTESIAN_POINT ( 'NONE',  ( -0.2362204724409450174, 0.03072628946406225775, -0.1181102362204724532 ) ) ;
#33 = LENGTH_MEASURE_WITH_UNIT ( LENGTH_MEASURE( 0.02539999999999999897 ), #1403 );
#34 = ORIENTED_EDGE ( 'NONE', *, *, #845, .T. ) ;
#35 = VECTOR ( 'NONE', #4397, 39.37007874015748143 ) ;
#36 = DIRECTION ( 'NONE',  ( 0.000000000000000000, 1.000000000000000000, 0.000000000000000000 ) ) ;
#37 = EDGE_CURVE ( 'NONE', #586, #1691, #1789, .T. ) ;
#38 = CARTESIAN_POINT ( 'NONE',  ( -0.2286303481374915847, 0.1122008850379245526, -0.09863432439295466425 ) ) ;
#39 = LINE ( 'NONE', #45, #5788 ) ;
#40 = VECTOR ( 'NONE', #1377, 39.37007874015748143 ) ;
#41 = CARTESIAN_POINT ( 'NONE',  ( 0.2283464566929132022, 0.1043307086614173318, 0.2204724409448819145 ) ) ;
#42 = ORIENTED_EDGE ( 'NONE', *, *, #1725, .T. ) ;
#43 = DIRECTION ( 'NONE',  ( 0.000000000000000000, -1.000000000000000000, 0.000000000000000000 ) ) ;
#44 = CIRCLE ( 'NONE', #4245, 0.04027075222444161801 ) ;
#45 = CARTESIAN_POINT ( 'NONE',  ( 0.2527541128200550546, -0.02068084257200989914, -0.07874015748031495954 ) ) ;
#46 = ORIENTED_EDGE ( 'NONE', *, *, #5536, .F. ) ;
#47 = CIRCLE ( 'NONE', #1920, 0.02486710885605532273 ) ;
#48 = LINE ( 'NONE', #1065, #1618 ) ;
#49 = LINE ( 'NONE', #1842, #3598 ) ;
#50 = CARTESIAN_POINT ( 'NONE',  ( -0.09865035267987298795, 0.1122047244094488277, -0.2283464566929133410 ) ) ;
#51 = CIRCLE ( 'NONE', #4075, 0.01305608523400804757 ) ;
#52 = APPLICATION_CONTEXT ( 'automotive_design' ) ;
#53 = ORIENTED_EDGE ( 'NONE', *, *, #1104, .F. ) ;
#54 = ORIENTED_EDGE ( 'NONE', *, *, #3464, .T. ) ;
#55 = EDGE_CURVE ( 'NONE', #4825, #4422, #4984, .T. ) ;
#56 = PLANE ( 'NONE',  #3787 ) ;
#57 = DIRECTION ( 'NONE',  ( 0.000000000000000000, 0.000000000000000000, -1.000000000000000000 ) ) ;
#58 = CIRCLE ( 'NONE', #4643, 0.007874015748031499423 ) ;
#59 = ORIENTED_EDGE ( 'NONE', *, *, #5410, .T. ) ;
#60 = CARTESIAN_POINT ( 'NONE',  ( 0.2362204724409450174, 0.01497825796799926064, -0.07874015748031495954 ) ) ;
#61 = PRESENTATION_LAYER_ASSIGNMENT (  '', '', ( #239 ) ) ;
#62 = DIRECTION ( 'NONE',  ( 0.000000000000000000, -1.000000000000000000, 0.000000000000000000 ) ) ;
#63 = DIRECTION ( 'NONE',  ( 0.000000000000000000, -1.000000000000000000, 0.000000000000000000 ) ) ;
#64 = EDGE_CURVE ( 'NONE', #3727, #3206, #1849, .T. ) ;
#65 = CARTESIAN_POINT ( 'NONE',  ( 0.08566664463896897508, 0.001968503937007873988, 0.2335546285650878240 ) ) ;
#66 = EDGE_CURVE ( 'NONE', #492, #4634, #900, .T. ) ;
#67 = EDGE_LOOP ( 'NONE', ( #5706, #3075, #2425, #4048 ) ) ;
#68 = AXIS2_PLACEMENT_3D ( 'NONE', #1610, #290, #731 ) ;
#69 = VECTOR ( 'NONE', #3745, 39.37007874015748143 ) ;
#70 = DIRECTION ( 'NONE',  ( 0.000000000000000000, 0.000000000000000000, 1.000000000000000000 ) ) ;
#71 = CARTESIAN_POINT ( 'NONE',  ( 0.08566664463896897508, 0.001968503937007873988, 0.2362204724409449341 ) ) ;
#72 = CARTESIAN_POINT ( 'NONE',  ( 0.09076414801644738795, 0.1358267716535433156, -0.2283464566929133410 ) ) ;
#73 = CIRCLE ( 'NONE', #3343, 0.01305608523400804757 ) ;
#74 = ORIENTED_EDGE ( 'NONE', *, *, #4334, .F. ) ;
#75 = EDGE_CURVE ( 'NONE', #4519, #3488, #3211, .T. ) ;
#76 = DIRECTION ( 'NONE',  ( 0.000000000000000000, 1.000000000000000000, 0.000000000000000000 ) ) ;
#77 = ORIENTED_EDGE ( 'NONE', *, *, #4005, .F. ) ;
#78 = CARTESIAN_POINT ( 'NONE',  ( 0.1870078740157481711, 0.1122047244094488277, 0.1870078740157479769 ) ) ;
#79 = VECTOR ( 'NONE', #3971, 39.37007874015748143 ) ;
#80 = DIRECTION ( 'NONE',  ( 1.000000000000000000, 0.000000000000000000, 0.000000000000000000 ) ) ;
#81 = DIRECTION ( 'NONE',  ( 0.000000000000000000, 0.000000000000000000, -1.000000000000000000 ) ) ;
#82 = FACE_OUTER_BOUND ( 'NONE', #3849, .T. ) ;
#83 = EDGE_LOOP ( 'NONE', ( #3567, #2215, #5511, #3252, #3219, #1780 ) ) ;
#84 = EDGE_LOOP ( 'NONE', ( #5206, #1982, #5297, #3878, #2566, #2044, #238, #4314, #2620, #4029, #470, #3375, #2514, #2624, #192, #3141 ) ) ;
#85 = DIRECTION ( 'NONE',  ( 1.000000000000000000, 0.000000000000000000, 0.000000000000000000 ) ) ;
#86 = CARTESIAN_POINT ( 'NONE',  ( 0.08566664463896897508, 0.001968503937007873988, -0.1657158043835799122 ) ) ;
#87 = DIRECTION ( 'NONE',  ( -0.000000000000000000, -0.000000000000000000, -1.000000000000000000 ) ) ;
#88 = EDGE_LOOP ( 'NONE', ( #942, #1929, #1768, #191 ) ) ;
#89 =( LENGTH_UNIT ( ) NAMED_UNIT ( * ) SI_UNIT ( $, .METRE. ) );
#90 = CARTESIAN_POINT ( 'NONE',  ( 0.2283464566929132300, 0.1358267716535433156, 0.09076414801644791530 ) ) ;
#91 =( NAMED_UNIT ( * ) PLANE_ANGLE_UNIT ( ) SI_UNIT ( $, .RADIAN. ) );
#92 = ORIENTED_EDGE ( 'NONE', *, *, #4978, .F. ) ;
#93 = ORIENTED_EDGE ( 'NONE', *, *, #2749, .T. ) ;
#94 = CARTESIAN_POINT ( 'NONE',  ( 0.2204724409448817202, 0.1043307086614173318, -0.2283464566929133133 ) ) ;
#95 = EDGE_CURVE ( 'NONE', #5187, #3702, #2707, .T. ) ;
#96 = EDGE_CURVE ( 'NONE', #2714, #3746, #1811, .T. ) ;
#97 = CARTESIAN_POINT ( 'NONE',  ( -0.2418392770515483403, -0.02519378386866816602, 0.1181102362204724532 ) ) ;
#98 = FACE_OUTER_BOUND ( 'NONE', #3846, .T. ) ;
#99 = EDGE_LOOP ( 'NONE', ( #2404, #3676, #1776, #3902 ) ) ;
#100 = CARTESIAN_POINT ( 'NONE',  ( 0.2331827080873518365, 0.1119544512436035782, -0.09838789059863402298 ) ) ;
#101 = EDGE_CURVE ( 'NONE', #4273, #2644, #5543, .T. ) ;
#102 = LINE ( 'NONE', #2278, #4011 ) ;
#103 = ORIENTED_EDGE ( 'NONE', *, *, #4038, .T. ) ;
#104 = CARTESIAN_POINT ( 'NONE',  ( 0.1870078740157481711, 0.1200787401574803237, 0.1870078740157479769 ) ) ;
#105 = CARTESIAN_POINT ( 'NONE',  ( 0.09076414801644719366, 0.1437007874015747977, 0.2362204724409449341 ) ) ;
#106 = DIRECTION ( 'NONE',  ( 0.000000000000000000, 0.000000000000000000, 1.000000000000000000 ) ) ;
#107 = ORIENTED_EDGE ( 'NONE', *, *, #2907, .F. ) ;
#108 = VERTEX_POINT ( 'NONE', #3551 ) ;
#109 = CARTESIAN_POINT ( 'NONE',  ( -0.09518123467049934006, 0.1087477953154689370, 0.2362204724409449341 ) ) ;
#110 = DIRECTION ( 'NONE',  ( 0.000000000000000000, 0.9158674837049330941, 0.4014806997752120576 ) ) ;
#111 = DIRECTION ( 'NONE',  ( 1.000000000000000000, 0.000000000000000000, 0.000000000000000000 ) ) ;
#112 = AXIS2_PLACEMENT_3D ( 'NONE', #4417, #892, #3600 ) ;
#113 = PLANE ( 'NONE',  #890 ) ;
#114 = CARTESIAN_POINT ( 'NONE',  ( 0.2362204724409450174, 0.01497825796799926064, -0.1181102362204724532 ) ) ;
#115 = AXIS2_PLACEMENT_3D ( 'NONE', #3674, #2801, #4495 ) ;
#116 = CARTESIAN_POINT ( 'NONE',  ( -0.2491021049974450341, -0.09989754952556670342, -0.07874015748031495954 ) ) ;
#117 = EDGE_LOOP ( 'NONE', ( #855, #2033, #1732, #5236 ) ) ;
#118 = CYLINDRICAL_SURFACE ( 'NONE', #4662, 0.01574803149606299885 ) ;
#119 = DIRECTION ( 'NONE',  ( 0.000000000000000000, 0.000000000000000000, 1.000000000000000000 ) ) ;
#120 = VECTOR ( 'NONE', #1793, 39.37007874015748143 ) ;
#121 = DIRECTION ( 'NONE',  ( 0.000000000000000000, 0.000000000000000000, 1.000000000000000000 ) ) ;
#122 = AXIS2_PLACEMENT_3D ( 'NONE', #5641, #1567, #340 ) ;
#123 = ORIENTED_EDGE ( 'NONE', *, *, #2436, .F. ) ;
#124 = EDGE_CURVE ( 'NONE', #4310, #3396, #2621, .T. ) ;
#125 = CARTESIAN_POINT ( 'NONE',  ( 0.2517439703971998677, -0.1325679440989251945, 0.07874015748031495954 ) ) ;
#126 = STYLED_ITEM ( 'NONE', ( #1824 ), #1771 ) ;
#127 = PLANE ( 'NONE',  #1461 ) ;
#128 = CARTESIAN_POINT ( 'NONE',  ( 0.2697666957634185514, -0.08083008780228616297, 0.1181102362204724532 ) ) ;
#129 = EDGE_CURVE ( 'NONE', #307, #252, #3587, .T. ) ;
#130 = LENGTH_MEASURE_WITH_UNIT ( LENGTH_MEASURE( 0.02539999999999999897 ), #5036 );
#131 = EDGE_CURVE ( 'NONE', #5662, #4702, #4484, .T. ) ;
#132 = AXIS2_PLACEMENT_3D ( 'NONE', #1933, #681, #5176 ) ;
#133 = CYLINDRICAL_SURFACE ( 'NONE', #3909, 0.1377952755905511861 ) ;
#134 = DIMENSIONAL_EXPONENTS ( 1.000000000000000000, 0.000000000000000000, 0.000000000000000000, 0.000000000000000000, 0.000000000000000000, 0.000000000000000000, 0.000000000000000000 ) ;
#135 = CIRCLE ( 'NONE', #3415, 0.1377952755905511584 ) ;
#136 = ORIENTED_EDGE ( 'NONE', *, *, #2695, .T. ) ;
#137 = ORIENTED_EDGE ( 'NONE', *, *, #1451, .T. ) ;
#138 = CARTESIAN_POINT ( 'NONE',  ( -0.2697666957634185514, -0.06182685724816141398, 0.07874015748031495954 ) ) ;
#139 = DIRECTION ( 'NONE',  ( 0.000000000000000000, 1.000000000000000000, 0.000000000000000000 ) ) ;
#140 = EDGE_CURVE ( 'NONE', #2290, #5747, #2204, .T. ) ;
#141 = EDGE_LOOP ( 'NONE', ( #2318, #1428, #3016, #3638 ) ) ;
#142 = ORIENTED_EDGE ( 'NONE', *, *, #1206, .T. ) ;
#143 = AXIS2_PLACEMENT_3D ( 'NONE', #5248, #3028, #2938 ) ;
#144 = LINE ( 'NONE', #5127, #991 ) ;
#145 = DIRECTION ( 'NONE',  ( 0.000000000000000000, -1.000000000000000000, 0.000000000000000000 ) ) ;
#146 = ORIENTED_EDGE ( 'NONE', *, *, #4757, .F. ) ;
#147 = VECTOR ( 'NONE', #466, 39.37007874015748143 ) ;
#148 = DIRECTION ( 'NONE',  ( 0.000000000000000000, 1.000000000000000000, 0.000000000000000000 ) ) ;
#149 = ORIENTED_EDGE ( 'NONE', *, *, #3354, .F. ) ;
#150 = DIRECTION ( 'NONE',  ( 0.2731234667175944097, 0.9619789872591620883, 0.000000000000000000 ) ) ;
#151 = VECTOR ( 'NONE', #3579, 39.37007874015748143 ) ;
#152 = LINE ( 'NONE', #1947, #788 ) ;
#153 = ORIENTED_EDGE ( 'NONE', *, *, #1054, .F. ) ;
#154 = AXIS2_PLACEMENT_3D ( 'NONE', #1328, #3101, #1212 ) ;
#155 = CIRCLE ( 'NONE', #3338, 0.01574803149606299885 ) ;
#156 = PLANE ( 'NONE',  #2747 ) ;
#157 = ORIENTED_EDGE ( 'NONE', *, *, #2723, .T. ) ;
#158 = DIRECTION ( 'NONE',  ( 0.000000000000000000, 1.000000000000000000, 0.000000000000000000 ) ) ;
#159 = AXIS2_PLACEMENT_3D ( 'NONE', #759, #3496, #5251 ) ;
#160 = DIRECTION ( 'NONE',  ( 0.000000000000000000, 0.000000000000000000, -1.000000000000000000 ) ) ;
#161 = VERTEX_POINT ( 'NONE', #3253 ) ;
#162 = DIRECTION ( 'NONE',  ( 1.000000000000000000, 0.000000000000000000, 9.686762837609348676E-16 ) ) ;
#163 = TOROIDAL_SURFACE ( 'NONE', #909, 0.1456692913385826127, 0.007874015748031495954 ) ;
#164 = DIRECTION ( 'NONE',  ( 1.000000000000000000, 0.000000000000000000, -0.000000000000000000 ) ) ;
#165 = EDGE_CURVE ( 'NONE', #1426, #4472, #5451, .T. ) ;
#166 = EDGE_CURVE ( 'NONE', #2379, #3399, #4522, .T. ) ;
#167 = ORIENTED_EDGE ( 'NONE', *, *, #3986, .T. ) ;
#168 = ORIENTED_EDGE ( 'NONE', *, *, #4206, .T. ) ;
#169 = CARTESIAN_POINT ( 'NONE',  ( -0.2467864344510313501, -0.07132847252522378501, -0.07874015748031495954 ) ) ;
#170 = DIRECTION ( 'NONE',  ( -0.000000000000000000, -0.000000000000000000, -1.000000000000000000 ) ) ;
#171 = ORIENTED_EDGE ( 'NONE', *, *, #5688, .F. ) ;
#172 = CARTESIAN_POINT ( 'NONE',  ( 0.000000000000000000, 0.1240157480314960647, 0.000000000000000000 ) ) ;
#173 = EDGE_CURVE ( 'NONE', #1814, #2438, #3774, .T. ) ;
#174 = CARTESIAN_POINT ( 'NONE',  ( -0.09862665203939345593, 0.1358267716535433156, -0.2287720791657799069 ) ) ;
#175 = ORIENTED_EDGE ( 'NONE', *, *, #210, .F. ) ;
#176 = LINE ( 'NONE', #2527, #810 ) ;
#177 = DIRECTION ( 'NONE',  ( 0.000000000000000000, 0.000000000000000000, 1.000000000000000000 ) ) ;
#178 = ORIENTED_EDGE ( 'NONE', *, *, #3403, .F. ) ;
#179 = DIRECTION ( 'NONE',  ( 0.000000000000000000, 0.000000000000000000, 1.000000000000000000 ) ) ;
#180 = EDGE_CURVE ( 'NONE', #4519, #2898, #4596, .T. ) ;
#181 = LINE ( 'NONE', #2800, #4065 ) ;
#182 = CARTESIAN_POINT ( 'NONE',  ( -0.2697666957634185514, -0.08083008780228616297, -0.07874015748031495954 ) ) ;
#183 = VERTEX_POINT ( 'NONE', #5470 ) ;
#184 = DIRECTION ( 'NONE',  ( -0.9619789872591621993, -0.2731234667175944653, 0.000000000000000000 ) ) ;
#185 = DIRECTION ( 'NONE',  ( -0.1132543357937751544, 0.3988975848869558694, 0.9099748195391258454 ) ) ;
#186 = VERTEX_POINT ( 'NONE', #5042 ) ;
#187 = LINE ( 'NONE', #5633, #863 ) ;
#188 = DIRECTION ( 'NONE',  ( 0.000000000000000000, 1.000000000000000000, 0.000000000000000000 ) ) ;
#189 = CARTESIAN_POINT ( 'NONE',  ( -0.2544350171358486512, -0.1230897017222303269, -0.1113407154407584365 ) ) ;
#190 = PRODUCT_DEFINITION_CONTEXT ( 'detailed design', #52, 'design' ) ;
#191 = ORIENTED_EDGE ( 'NONE', *, *, #2734, .T. ) ;
#192 = ORIENTED_EDGE ( 'NONE', *, *, #3156, .T. ) ;
#193 = DIRECTION ( 'NONE',  ( 0.000000000000000000, 0.000000000000000000, 1.000000000000000000 ) ) ;
#194 = DIRECTION ( 'NONE',  ( 0.000000000000000000, -1.000000000000000000, 0.000000000000000000 ) ) ;
#195 = ORIENTED_EDGE ( 'NONE', *, *, #2689, .T. ) ;
#196 = ADVANCED_FACE ( 'NONE', ( #517 ), #4187, .F. ) ;
#197 = EDGE_CURVE ( 'NONE', #2809, #1797, #1455, .T. ) ;
#198 = SURFACE_SIDE_STYLE ('',( #4161 ) ) ;
#199 = DIRECTION ( 'NONE',  ( -1.000000000000000000, 0.000000000000000000, 0.000000000000000000 ) ) ;
#200 = DIRECTION ( 'NONE',  ( 1.000000000000000000, 0.000000000000000000, 2.906028851282799278E-15 ) ) ;
#201 = B_SPLINE_CURVE_WITH_KNOTS ( 'NONE', 3,
 ( #2948, #4254, #2861, #2914 ),
 .UNSPECIFIED., .F., .F.,
 ( 4, 4 ),
 ( 0.000000000000000000, 1.083150619154771489E-05 ),
 .UNSPECIFIED. ) ;
#202 = DIRECTION ( 'NONE',  ( 0.000000000000000000, 0.000000000000000000, -1.000000000000000000 ) ) ;
#203 = ORIENTED_EDGE ( 'NONE', *, *, #5493, .T. ) ;
#204 = EDGE_CURVE ( 'NONE', #4274, #3309, #600, .T. ) ;
#205 = CARTESIAN_POINT ( 'NONE',  ( 0.2283464566929132300, 0.1043307086614173318, 0.2362204724409449341 ) ) ;
#206 = VECTOR ( 'NONE', #4556, 39.37007874015748143 ) ;
#207 = DIRECTION ( 'NONE',  ( 0.000000000000000000, 1.000000000000000000, 0.000000000000000000 ) ) ;
#208 = CARTESIAN_POINT ( 'NONE',  ( 0.2528192596362462408, -0.1287806252514483996, -0.1043184386361597493 ) ) ;
#209 = EDGE_LOOP ( 'NONE', ( #3604, #3750, #5076, #3476 ) ) ;
#210 = EDGE_CURVE ( 'NONE', #4379, #2549, #5067, .T. ) ;
#211 = VECTOR ( 'NONE', #5088, 39.37007874015748143 ) ;
#212 = FACE_OUTER_BOUND ( 'NONE', #2309, .T. ) ;
#213 = MECHANICAL_DESIGN_GEOMETRIC_PRESENTATION_REPRESENTATION (  '', ( #1809 ), #29 ) ;
#214 = VERTEX_POINT ( 'NONE', #4536 ) ;
#215 = CARTESIAN_POINT ( 'NONE',  ( 0.2467864344510313501, -0.07132847252522378501, -0.1181102362204724532 ) ) ;
#216 = CARTESIAN_POINT ( 'NONE',  ( -0.2401574803149607862, 0.01497825796799926064, 0.07874015748031495954 ) ) ;
#217 = VECTOR ( 'NONE', #4333, 39.37007874015748143 ) ;
#218 = LINE ( 'NONE', #189, #4180 ) ;
#219 = VERTEX_POINT ( 'NONE', #3664 ) ;
#220 = AXIS2_PLACEMENT_3D ( 'NONE', #4957, #2789, #4485 ) ;
#221 = EDGE_LOOP ( 'NONE', ( #5714, #1751, #3497, #394 ) ) ;
#222 = FACE_OUTER_BOUND ( 'NONE', #5594, .T. ) ;
#223 = DIRECTION ( 'NONE',  ( 0.000000000000000000, 1.000000000000000000, 0.000000000000000000 ) ) ;
#224 = VECTOR ( 'NONE', #5789, 39.37007874015748143 ) ;
#225 = CYLINDRICAL_SURFACE ( 'NONE', #3153, 0.01574803149606299885 ) ;
#226 = ORIENTED_EDGE ( 'NONE', *, *, #4650, .F. ) ;
#227 = EDGE_CURVE ( 'NONE', #5498, #1681, #2187, .T. ) ;
#228 = DIRECTION ( 'NONE',  ( 0.2485354773382520144, -0.8753766553315845966, 0.4146635115424737172 ) ) ;
#229 = CARTESIAN_POINT ( 'NONE',  ( -0.09863432439295495568, 0.1122008850379245526, 0.2286303481374914737 ) ) ;
#230 = AXIS2_PLACEMENT_3D ( 'NONE', #1792, #5421, #3581 ) ;
#231 = EDGE_LOOP ( 'NONE', ( #480, #5052, #2795, #3673 ) ) ;
#232 = DIRECTION ( 'NONE',  ( 0.000000000000000000, 0.000000000000000000, 1.000000000000000000 ) ) ;
#233 = AXIS2_PLACEMENT_3D ( 'NONE', #1640, #3524, #1202 ) ;
#234 = LINE ( 'NONE', #2085, #1638 ) ;
#235 = ADVANCED_FACE ( 'NONE', ( #2811 ), #2374, .F. ) ;
#236 = EDGE_CURVE ( 'NONE', #3948, #4523, #1072, .T. ) ;
#237 = LINE ( 'NONE', #2424, #958 ) ;
#238 = ORIENTED_EDGE ( 'NONE', *, *, #2148, .T. ) ;
#239 = STYLED_ITEM ( 'NONE', ( #5420 ), #3669 ) ;
#240 = LINE ( 'NONE', #4791, #4185 ) ;
#241 = VECTOR ( 'NONE', #5631, 39.37007874015748143 ) ;
#242 = ADVANCED_FACE ( 'NONE', ( #4569 ), #1961, .F. ) ;
#243 = VECTOR ( 'NONE', #4623, 39.37007874015748854 ) ;
#244 = EDGE_LOOP ( 'NONE', ( #2574, #2075, #2435, #2736, #5640, #732 ) ) ;
#245 = FACE_BOUND ( 'NONE', #1484, .T. ) ;
#246 = DIRECTION ( 'NONE',  ( -1.000000000000000000, 0.000000000000000000, 0.000000000000000000 ) ) ;
#247 = AXIS2_PLACEMENT_3D ( 'NONE', #1555, #292, #5628 ) ;
#248 = CARTESIAN_POINT ( 'NONE',  ( 0.2362204724409450174, 0.01497825796799926064, 0.07874015748031495954 ) ) ;
#249 = EDGE_CURVE ( 'NONE', #1016, #5298, #3682, .T. ) ;
#250 = VERTEX_POINT ( 'NONE', #3278 ) ;
#251 = AXIS2_PLACEMENT_3D ( 'NONE', #4515, #4081, #70 ) ;
#252 = VERTEX_POINT ( 'NONE', #3193 ) ;
#253 = CARTESIAN_POINT ( 'NONE',  ( 0.2584924420876581475, -0.1087988844851397185, 0.07874015748031495954 ) ) ;
#254 = CARTESIAN_POINT ( 'NONE',  ( -0.2623221870835733549, -0.01672474479929622962, 0.07874015748031495954 ) ) ;
#255 = DIRECTION ( 'NONE',  ( 0.000000000000000000, 0.000000000000000000, -1.000000000000000000 ) ) ;
#256 = DIRECTION ( 'NONE',  ( 0.000000000000000000, -1.000000000000000000, 0.000000000000000000 ) ) ;
#257 = ORIENTED_EDGE ( 'NONE', *, *, #983, .T. ) ;
#258 = LINE ( 'NONE', #283, #4091 ) ;
#259 = VERTEX_POINT ( 'NONE', #2840 ) ;
#260 = ORIENTED_EDGE ( 'NONE', *, *, #1964, .T. ) ;
#261 = DIRECTION ( 'NONE',  ( 0.000000000000000000, -1.000000000000000000, 0.000000000000000000 ) ) ;
#262 = CARTESIAN_POINT ( 'NONE',  ( -0.2697666957634185514, -0.06182685724816141398, -0.07874015748031495954 ) ) ;
#263 = FACE_OUTER_BOUND ( 'NONE', #1148, .T. ) ;
#264 =( NAMED_UNIT ( * ) PLANE_ANGLE_UNIT ( ) SI_UNIT ( $, .RADIAN. ) );
#265 = ORIENTED_EDGE ( 'NONE', *, *, #4834, .T. ) ;
#266 = EDGE_CURVE ( 'NONE', #645, #1008, #2665, .T. ) ;
#267 = DIRECTION ( 'NONE',  ( -1.000000000000000000, 0.000000000000000000, 0.000000000000000000 ) ) ;
#268 = ADVANCED_FACE ( 'NONE', ( #4209 ), #1983, .F. ) ;
#269 = CARTESIAN_POINT ( 'NONE',  ( -0.2471304855452270965, -0.1055730167680026116, 0.07874015748031495954 ) ) ;
#270 = ORIENTED_EDGE ( 'NONE', *, *, #1818, .T. ) ;
#271 = CARTESIAN_POINT ( 'NONE',  ( -0.2418392770515483403, -0.02519378386866816602, -0.07874015748031495954 ) ) ;
#272 = DIRECTION ( 'NONE',  ( 0.000000000000000000, 0.000000000000000000, -1.000000000000000000 ) ) ;
#273 = EDGE_CURVE ( 'NONE', #2248, #3486, #2487, .T. ) ;
#274 = CARTESIAN_POINT ( 'NONE',  ( 0.2623221870835730218, -0.01672474479929638227, -0.07874015748031495954 ) ) ;
#275 = EDGE_LOOP ( 'NONE', ( #1071, #2784, #5381, #3149 ) ) ;
#276 = VERTEX_POINT ( 'NONE', #5123 ) ;
#277 = DIRECTION ( 'NONE',  ( 0.000000000000000000, 0.000000000000000000, 1.000000000000000000 ) ) ;
#278 = CARTESIAN_POINT ( 'NONE',  ( 0.2697666957634185514, -0.06182685724816141398, 0.1181102362204724532 ) ) ;
#279 = EDGE_CURVE ( 'NONE', #2839, #1647, #2455, .T. ) ;
#280 = DIRECTION ( 'NONE',  ( 1.000000000000000000, 0.000000000000000000, 0.000000000000000000 ) ) ;
#281 = CARTESIAN_POINT ( 'NONE',  ( 0.000000000000000000, 0.001968503937007873988, 0.000000000000000000 ) ) ;
#282 = ORIENTED_EDGE ( 'NONE', *, *, #3347, .F. ) ;
#283 = CARTESIAN_POINT ( 'NONE',  ( 0.2362204724409450174, 0.01891526584201501035, 0.07874015748031495954 ) ) ;
#284 = ORIENTED_EDGE ( 'NONE', *, *, #4326, .T. ) ;
#285 = ORIENTED_EDGE ( 'NONE', *, *, #4542, .T. ) ;
#286 = VERTEX_POINT ( 'NONE', #1156 ) ;
#287 = FACE_OUTER_BOUND ( 'NONE', #3142, .T. ) ;
#288 = LINE ( 'NONE', #3819, #5664 ) ;
#289 = DIRECTION ( 'NONE',  ( -0.9619789872591467672, 0.2731234667176488107, -2.177189192900539481E-14 ) ) ;
#290 = DIRECTION ( 'NONE',  ( 0.000000000000000000, -1.000000000000000000, 0.000000000000000000 ) ) ;
#291 = EDGE_LOOP ( 'NONE', ( #2832, #2275, #1934, #2095, #1657, #713, #93, #565, #1574, #4067, #440, #4610, #2581, #1770, #5087, #652, #4232, #1367 ) ) ;
#292 = DIRECTION ( 'NONE',  ( 0.000000000000000000, 1.000000000000000000, 0.000000000000000000 ) ) ;
#293 = AXIS2_PLACEMENT_3D ( 'NONE', #2720, #1865, #4521 ) ;
#294 = FACE_OUTER_BOUND ( 'NONE', #3272, .T. ) ;
#295 = LINE ( 'NONE', #670, #241 ) ;
#296 = VERTEX_POINT ( 'NONE', #2139 ) ;
#297 = CARTESIAN_POINT ( 'NONE',  ( 0.1870078740157481711, 0.1122047244094488277, -0.2165354330708661457 ) ) ;
#298 = ADVANCED_FACE ( 'NONE', ( #5208 ), #3860, .T. ) ;
#299 = CARTESIAN_POINT ( 'NONE',  ( 0.2517439703971998677, -0.1325679440989251945, 0.07874015748031495954 ) ) ;
#300 = ORIENTED_EDGE ( 'NONE', *, *, #5118, .T. ) ;
#301 = CARTESIAN_POINT ( 'NONE',  ( 0.2528192596362462408, -0.1287806252514483996, 0.1043184386361597493 ) ) ;
#302 = CIRCLE ( 'NONE', #3681, 0.01035368314656493448 ) ;
#303 = AXIS2_PLACEMENT_3D ( 'NONE', #3575, #1762, #462 ) ;
#304 = ORIENTED_EDGE ( 'NONE', *, *, #417, .T. ) ;
#305 = EDGE_CURVE ( 'NONE', #3513, #1089, #1052, .T. ) ;
#306 = ADVANCED_FACE ( 'NONE', ( #222 ), #2016, .T. ) ;
#307 = VERTEX_POINT ( 'NONE', #5587 ) ;
#308 = FACE_OUTER_BOUND ( 'NONE', #1070, .T. ) ;
#309 = FACE_OUTER_BOUND ( 'NONE', #4384, .T. ) ;
#310 = VECTOR ( 'NONE', #4977, 39.37007874015748143 ) ;
#311 = CIRCLE ( 'NONE', #1718, 0.007874015748031482076 ) ;
#312 = LINE ( 'NONE', #2991, #1648 ) ;
#313 = CIRCLE ( 'NONE', #1061, 0.003937007874015754048 ) ;
#314 = FACE_OUTER_BOUND ( 'NONE', #3004, .T. ) ;
#315 = ORIENTED_EDGE ( 'NONE', *, *, #5432, .F. ) ;
#316 = CARTESIAN_POINT ( 'NONE',  ( -0.2769168319740318296, -0.1140299064768574983, 0.07874015748031495954 ) ) ;
#317 = ADVANCED_FACE ( 'NONE', ( #3455 ), #3895, .F. ) ;
#318 = CARTESIAN_POINT ( 'NONE',  ( 0.000000000000000000, 0.3861015708401771551, 0.000000000000000000 ) ) ;
#319 = ORIENTED_EDGE ( 'NONE', *, *, #1791, .T. ) ;
#320 = CIRCLE ( 'NONE', #5551, 0.007874015748031499423 ) ;
#321 = DIRECTION ( 'NONE',  ( 0.000000000000000000, -1.000000000000000000, 0.000000000000000000 ) ) ;
#322 = LINE ( 'NONE', #1546, #5128 ) ;
#323 = DIRECTION ( 'NONE',  ( 1.000000000000000000, 0.000000000000000000, 0.000000000000000000 ) ) ;
#324 = AXIS2_PLACEMENT_3D ( 'NONE', #2183, #1582, #3447 ) ;
#325 = VERTEX_POINT ( 'NONE', #2922 ) ;
#326 = CARTESIAN_POINT ( 'NONE',  ( 0.000000000000000000, 0.1240157480314960647, 0.000000000000000000 ) ) ;
#327 = ORIENTED_EDGE ( 'NONE', *, *, #1964, .F. ) ;
#328 = DIRECTION ( 'NONE',  ( -0.000000000000000000, -1.000000000000000000, -0.000000000000000000 ) ) ;
#329 = AXIS2_PLACEMENT_3D ( 'NONE', #1173, #3063, #2054 ) ;
#330 = DIRECTION ( 'NONE',  ( -0.2485354773382520976, 0.8753766553315847077, 0.4146635115424731621 ) ) ;
#331 = DIRECTION ( 'NONE',  ( -1.000000000000000000, 0.000000000000000000, 0.000000000000000000 ) ) ;
#332 = EDGE_LOOP ( 'NONE', ( #2740, #270, #3286, #3707 ) ) ;
#333 = VECTOR ( 'NONE', #1879, 39.37007874015748143 ) ;
#334 = DIRECTION ( 'NONE',  ( 0.000000000000000000, -1.000000000000000000, 0.000000000000000000 ) ) ;
#335 = EDGE_LOOP ( 'NONE', ( #3653, #1439, #3171, #4195 ) ) ;
#336 = PLANE ( 'NONE',  #2696 ) ;
#337 = VECTOR ( 'NONE', #4565, 39.37007874015748143 ) ;
#338 = ORIENTED_EDGE ( 'NONE', *, *, #2537, .F. ) ;
#339 = EDGE_LOOP ( 'NONE', ( #1806, #2221, #5776, #2167 ) ) ;
#340 = DIRECTION ( 'NONE',  ( 0.000000000000000000, 0.000000000000000000, -1.000000000000000000 ) ) ;
#341 = DIRECTION ( 'NONE',  ( -1.000000000000000000, 0.000000000000000000, 0.000000000000000000 ) ) ;
#342 = AXIS2_PLACEMENT_3D ( 'NONE', #4671, #1118, #1181 ) ;
#343 = FACE_OUTER_BOUND ( 'NONE', #1422, .T. ) ;
#344 = EDGE_CURVE ( 'NONE', #2806, #908, #680, .T. ) ;
#345 = EDGE_CURVE ( 'NONE', #5282, #1746, #5163, .T. ) ;
#346 = AXIS2_PLACEMENT_3D ( 'NONE', #2144, #840, #2619 ) ;
#347 = AXIS2_PLACEMENT_3D ( 'NONE', #733, #2509, #4345 ) ;
#348 = FACE_OUTER_BOUND ( 'NONE', #1678, .T. ) ;
#349 = ORIENTED_EDGE ( 'NONE', *, *, #5045, .T. ) ;
#350 = DIRECTION ( 'NONE',  ( -1.000000000000000000, 0.000000000000000000, 0.000000000000000000 ) ) ;
#351 = DIRECTION ( 'NONE',  ( 0.000000000000000000, -0.9158674837049328721, 0.4014806997752126683 ) ) ;
#352 = EDGE_LOOP ( 'NONE', ( #490, #3222, #5444, #3618 ) ) ;
#353 = CIRCLE ( 'NONE', #5037, 0.04027075222444161801 ) ;
#354 = CARTESIAN_POINT ( 'NONE',  ( -0.2283464566929135908, 0.1122047244094488277, -0.09842519685039363697 ) ) ;
#355 = EDGE_CURVE ( 'NONE', #4224, #4751, #2957, .T. ) ;
#356 = DIRECTION ( 'NONE',  ( 0.9619789872591466562, 0.2731234667176487552, 2.177189192900539166E-14 ) ) ;
#357 = VERTEX_POINT ( 'NONE', #2989 ) ;
#358 = DIRECTION ( 'NONE',  ( -0.000000000000000000, -1.000000000000000000, -0.000000000000000000 ) ) ;
#359 = DIRECTION ( 'NONE',  ( 1.000000000000000000, 0.000000000000000000, 0.000000000000000000 ) ) ;
#360 = ORIENTED_EDGE ( 'NONE', *, *, #1170, .T. ) ;
#361 = CARTESIAN_POINT ( 'NONE',  ( -0.09076414801644763775, 0.1358267716535433156, -0.2283464566929133410 ) ) ;
#362 = ADVANCED_FACE ( 'NONE', ( #4774 ), #1102, .T. ) ;
#363 = DIRECTION ( 'NONE',  ( 0.9241227617335713296, 0.3820956964504012010, 0.000000000000000000 ) ) ;
#364 = DIRECTION ( 'NONE',  ( -0.000000000000000000, -0.000000000000000000, -1.000000000000000000 ) ) ;
#365 = DIRECTION ( 'NONE',  ( 0.000000000000000000, 0.000000000000000000, -1.000000000000000000 ) ) ;
#366 = ORIENTED_EDGE ( 'NONE', *, *, #3589, .F. ) ;
#367 = DIRECTION ( 'NONE',  ( 0.000000000000000000, 1.000000000000000000, 0.000000000000000000 ) ) ;
#368 = ORIENTED_EDGE ( 'NONE', *, *, #2468, .F. ) ;
#369 = EDGE_LOOP ( 'NONE', ( #1685, #5258, #3989, #42 ) ) ;
#370 = CARTESIAN_POINT ( 'NONE',  ( -0.2287720791657801289, 0.1121932126843631361, 0.09862665203939319225 ) ) ;
#371 = DIRECTION ( 'NONE',  ( 0.000000000000000000, 0.000000000000000000, -1.000000000000000000 ) ) ;
#372 = DIRECTION ( 'NONE',  ( 0.000000000000000000, 0.000000000000000000, 1.000000000000000000 ) ) ;
#373 = ORIENTED_EDGE ( 'NONE', *, *, #129, .T. ) ;
#374 = DIRECTION ( 'NONE',  ( 0.000000000000000000, 0.000000000000000000, -1.000000000000000000 ) ) ;
#375 = ORIENTED_EDGE ( 'NONE', *, *, #5247, .T. ) ;
#376 = CARTESIAN_POINT ( 'NONE',  ( -0.1870078740157481711, 0.1200787401574803237, 0.1870078740157479769 ) ) ;
#377 = EDGE_CURVE ( 'NONE', #5282, #860, #3834, .T. ) ;
#378 = DIRECTION ( 'NONE',  ( 0.000000000000000000, 0.000000000000000000, -1.000000000000000000 ) ) ;
#379 = EDGE_CURVE ( 'NONE', #4454, #4260, #3970, .T. ) ;
#380 = ORIENTED_EDGE ( 'NONE', *, *, #1213, .T. ) ;
#381 = CARTESIAN_POINT ( 'NONE',  ( 0.1870078740157481711, 0.1200787401574803237, -0.1574803149606297803 ) ) ;
#382 = PLANE ( 'NONE',  #2771 ) ;
#383 = EDGE_CURVE ( 'NONE', #4921, #1398, #1432, .T. ) ;
#384 = CARTESIAN_POINT ( 'NONE',  ( -0.2697666957634185514, -0.08083008780228616297, 0.07874015748031495954 ) ) ;
#385 = VERTEX_POINT ( 'NONE', #653 ) ;
#386 = CARTESIAN_POINT ( 'NONE',  ( 0.2519685039370080371, 0.01497825796799926064, -0.07874015748031495954 ) ) ;
#387 = DIRECTION ( 'NONE',  ( -0.05405405405405416808, 0.000000000000000000, -0.9985380109141170912 ) ) ;
#388 = EDGE_CURVE ( 'NONE', #5611, #2752, #5613, .T. ) ;
#389 = CARTESIAN_POINT ( 'NONE',  ( 0.2362204724409450174, 0.01891526584201501035, -0.1181102362204724532 ) ) ;
#390 = ORIENTED_EDGE ( 'NONE', *, *, #3752, .F. ) ;
#391 = DIRECTION ( 'NONE',  ( -0.000000000000000000, -0.000000000000000000, -1.000000000000000000 ) ) ;
#392 = CARTESIAN_POINT ( 'NONE',  ( 0.09076414801644717978, 0.1437007874015747977, 0.2283464566929134520 ) ) ;
#393 = VECTOR ( 'NONE', #3564, 39.37007874015748854 ) ;
#394 = ORIENTED_EDGE ( 'NONE', *, *, #2177, .T. ) ;
#395 = ORIENTED_EDGE ( 'NONE', *, *, #5110, .F. ) ;
#396 = FACE_OUTER_BOUND ( 'NONE', #209, .T. ) ;
#397 = FACE_OUTER_BOUND ( 'NONE', #5552, .T. ) ;
#398 = VECTOR ( 'NONE', #4760, 39.37007874015748854 ) ;
#399 = CARTESIAN_POINT ( 'NONE',  ( 0.2972320595286911393, -0.1197977719400046548, -0.07874015748031495954 ) ) ;
#400 = VECTOR ( 'NONE', #1875, 39.37007874015748143 ) ;
#401 = ORIENTED_EDGE ( 'NONE', *, *, #2647, .F. ) ;
#402 = CYLINDRICAL_SURFACE ( 'NONE', #1658, 0.01305608523400804757 ) ;
#403 = VECTOR ( 'NONE', #4228, 39.37007874015748143 ) ;
#404 = ORIENTED_EDGE ( 'NONE', *, *, #3368, .F. ) ;
#405 = CARTESIAN_POINT ( 'NONE',  ( 0.09518123467049903474, 0.1087477953154689370, -0.2362204724409448509 ) ) ;
#406 = CIRCLE ( 'NONE', #4892, 0.01305608523400804757 ) ;
#407 = CARTESIAN_POINT ( 'NONE',  ( 0.2283464566929132300, 0.1043307086614173318, -0.2204724409448818312 ) ) ;
#408 = ORIENTED_EDGE ( 'NONE', *, *, #4334, .T. ) ;
#409 = CARTESIAN_POINT ( 'NONE',  ( -0.08566664463896878079, 0.001968503937007873988, -0.2335546285650877130 ) ) ;
#410 = AXIS2_PLACEMENT_3D ( 'NONE', #5219, #4871, #4812 ) ;
#411 = DIRECTION ( 'NONE',  ( -0.9619789872591466562, -0.2731234667176487552, 0.000000000000000000 ) ) ;
#412 = ORIENTED_EDGE ( 'NONE', *, *, #4113, .F. ) ;
#413 = VECTOR ( 'NONE', #2523, 39.37007874015748143 ) ;
#414 = DIRECTION ( 'NONE',  ( 0.000000000000000000, 0.000000000000000000, -1.000000000000000000 ) ) ;
#415 = ORIENTED_EDGE ( 'NONE', *, *, #4691, .T. ) ;
#416 = DIRECTION ( 'NONE',  ( -0.000000000000000000, -1.000000000000000000, -0.000000000000000000 ) ) ;
#417 = EDGE_CURVE ( 'NONE', #296, #5482, #1593, .T. ) ;
#418 = EDGE_CURVE ( 'NONE', #2438, #1603, #869, .T. ) ;
#419 = CIRCLE ( 'NONE', #2952, 0.01305608523400804757 ) ;
#420 = PLANE ( 'NONE',  #2585 ) ;
#421 = DIRECTION ( 'NONE',  ( -0.05405405405405417502, 0.000000000000000000, -0.9985380109141172023 ) ) ;
#422 = DIRECTION ( 'NONE',  ( 0.000000000000000000, 0.000000000000000000, 1.000000000000000000 ) ) ;
#423 = ORIENTED_EDGE ( 'NONE', *, *, #2537, .T. ) ;
#424 = VECTOR ( 'NONE', #2351, 39.37007874015748143 ) ;
#425 = CARTESIAN_POINT ( 'NONE',  ( -0.2362204724409450174, 0.1043307086614173318, -0.2362204724409448231 ) ) ;
#426 = ADVANCED_FACE ( 'NONE', ( #308 ), #1336, .T. ) ;
#427 = CIRCLE ( 'NONE', #5570, 0.003937007874015758385 ) ;
#428 = VERTEX_POINT ( 'NONE', #4952 ) ;
#429 = DIRECTION ( 'NONE',  ( 1.000000000000000000, 0.000000000000000000, 0.000000000000000000 ) ) ;
#430 = LINE ( 'NONE', #4953, #3498 ) ;
#431 = AXIS2_PLACEMENT_3D ( 'NONE', #605, #3337, #5048 ) ;
#432 = DIRECTION ( 'NONE',  ( -0.3820956964504011455, -0.9241227617335711075, -0.000000000000000000 ) ) ;
#433 = EDGE_CURVE ( 'NONE', #1647, #5666, #2937, .T. ) ;
#434 = VERTEX_POINT ( 'NONE', #2641 ) ;
#435 = CIRCLE ( 'NONE', #342, 0.007874015748031499423 ) ;
#436 = AXIS2_PLACEMENT_3D ( 'NONE', #4181, #4231, #1927 ) ;
#437 = ORIENTED_EDGE ( 'NONE', *, *, #3403, .T. ) ;
#438 = CARTESIAN_POINT ( 'NONE',  ( 0.2418392770515483403, -0.02519378386866816602, -0.07874015748031495954 ) ) ;
#439 = ORIENTED_EDGE ( 'NONE', *, *, #4717, .F. ) ;
#440 = ORIENTED_EDGE ( 'NONE', *, *, #984, .T. ) ;
#441 = AXIS2_PLACEMENT_3D ( 'NONE', #1989, #1967, #3755 ) ;
#442 = AXIS2_PLACEMENT_3D ( 'NONE', #4474, #4948, #3628 ) ;
#443 = CARTESIAN_POINT ( 'NONE',  ( -0.2623221870835730218, -0.01672474479929638227, -0.07874015748031495954 ) ) ;
#444 = CIRCLE ( 'NONE', #4009, 0.05208177584647953606 ) ;
#445 = CARTESIAN_POINT ( 'NONE',  ( 0.2697666957634185514, -0.08083008780228616297, 0.07874015748031495954 ) ) ;
#446 = VERTEX_POINT ( 'NONE', #5736 ) ;
#447 = DIRECTION ( 'NONE',  ( -1.000000000000000000, 0.000000000000000000, 0.000000000000000000 ) ) ;
#448 = CARTESIAN_POINT ( 'NONE',  ( -0.2053607947469176798, -0.09371383594840826392, -0.1181102362204724532 ) ) ;
#449 = DIRECTION ( 'NONE',  ( 0.000000000000000000, 1.000000000000000000, 0.000000000000000000 ) ) ;
#450 = PLANE ( 'NONE',  #4140 ) ;
#451 = EDGE_CURVE ( 'NONE', #1874, #2158, #4624, .T. ) ;
#452 = EDGE_LOOP ( 'NONE', ( #4739, #3934, #5303, #5195 ) ) ;
#453 = EDGE_CURVE ( 'NONE', #3798, #3839, #311, .T. ) ;
#454 = DIRECTION ( 'NONE',  ( 0.000000000000000000, 0.000000000000000000, -1.000000000000000000 ) ) ;
#455 = EDGE_LOOP ( 'NONE', ( #5424, #5056, #1288, #2814 ) ) ;
#456 = DIRECTION ( 'NONE',  ( 0.000000000000000000, 0.000000000000000000, -1.000000000000000000 ) ) ;
#457 = FACE_OUTER_BOUND ( 'NONE', #88, .T. ) ;
#458 = EDGE_CURVE ( 'NONE', #3948, #1063, #4707, .T. ) ;
#459 = CARTESIAN_POINT ( 'NONE',  ( -0.2588518599949117815, -0.07631714650562787527, 0.1181102362204724532 ) ) ;
#460 = ORIENTED_EDGE ( 'NONE', *, *, #3347, .T. ) ;
#461 = ORIENTED_EDGE ( 'NONE', *, *, #5226, .T. ) ;
#462 = DIRECTION ( 'NONE',  ( 1.000000000000000000, 0.000000000000000000, 0.000000000000000000 ) ) ;
#463 = DIRECTION ( 'NONE',  ( -0.9619789872591466562, -0.2731234667176487552, 2.178576971681320296E-14 ) ) ;
#464 = EDGE_CURVE ( 'NONE', #5694, #2531, #3056, .T. ) ;
#465 = ORIENTED_EDGE ( 'NONE', *, *, #2391, .F. ) ;
#466 = DIRECTION ( 'NONE',  ( 0.9619789872591466562, -0.2731234667176487552, 2.178576971681320296E-14 ) ) ;
#467 = DIRECTION ( 'NONE',  ( 0.000000000000000000, 0.000000000000000000, 1.000000000000000000 ) ) ;
#468 = CARTESIAN_POINT ( 'NONE',  ( -0.2584924420876581475, -0.1087988844851397185, 0.07874015748031495954 ) ) ;
#469 = FILL_AREA_STYLE_COLOUR ( '', #3135 ) ;
#470 = ORIENTED_EDGE ( 'NONE', *, *, #204, .F. ) ;
#471 = DIRECTION ( 'NONE',  ( 0.000000000000000000, 0.000000000000000000, -1.000000000000000000 ) ) ;
#472 = ORIENTED_EDGE ( 'NONE', *, *, #4214, .T. ) ;
#473 = CARTESIAN_POINT ( 'NONE',  ( 0.2491021049974450341, -0.09989754952556670342, 0.1181102362204724532 ) ) ;
#474 = LINE ( 'NONE', #1773, #3609 ) ;
#475 = DIRECTION ( 'NONE',  ( 1.000000000000000000, 0.000000000000000000, 0.000000000000000000 ) ) ;
#476 = FACE_OUTER_BOUND ( 'NONE', #369, .T. ) ;
#477 = ORIENTED_EDGE ( 'NONE', *, *, #273, .F. ) ;
#478 = DIRECTION ( 'NONE',  ( 0.000000000000000000, 0.000000000000000000, -1.000000000000000000 ) ) ;
#479 = EDGE_CURVE ( 'NONE', #385, #4990, #5708, .T. ) ;
#480 = ORIENTED_EDGE ( 'NONE', *, *, #2513, .F. ) ;
#481 = DIRECTION ( 'NONE',  ( 0.000000000000000000, -1.000000000000000000, 0.000000000000000000 ) ) ;
#482 = CARTESIAN_POINT ( 'NONE',  ( 0.08566664463896897508, 0.001968503937007873988, 0.2335546285650878240 ) ) ;
#483 = LINE ( 'NONE', #513, #4651 ) ;
#484 = AXIS2_PLACEMENT_3D ( 'NONE', #1712, #4827, #4884 ) ;
#485 = EDGE_CURVE ( 'NONE', #1136, #5486, #5299, .T. ) ;
#486 = ADVANCED_FACE ( 'NONE', ( #5266 ), #3545, .T. ) ;
#487 = VERTEX_POINT ( 'NONE', #1283 ) ;
#488 = ORIENTED_EDGE ( 'NONE', *, *, #1068, .T. ) ;
#489 = FACE_OUTER_BOUND ( 'NONE', #117, .T. ) ;
#490 = ORIENTED_EDGE ( 'NONE', *, *, #1745, .F. ) ;
#491 = CIRCLE ( 'NONE', #3395, 0.003937007874015754048 ) ;
#492 = VERTEX_POINT ( 'NONE', #1249 ) ;
#493 = CARTESIAN_POINT ( 'NONE',  ( -0.2697666957634185514, -0.08083008780228616297, 0.1181102362204724532 ) ) ;
#494 = ADVANCED_FACE ( 'NONE', ( #3084 ), #3953, .T. ) ;
#495 = DIRECTION ( 'NONE',  ( -0.000000000000000000, -0.000000000000000000, -1.000000000000000000 ) ) ;
#496 = VECTOR ( 'NONE', #3195, 39.37007874015748143 ) ;
#497 = ORIENTED_EDGE ( 'NONE', *, *, #1889, .T. ) ;
#498 = AXIS2_PLACEMENT_3D ( 'NONE', #4424, #2078, #3114 ) ;
#499 = FACE_OUTER_BOUND ( 'NONE', #83, .T. ) ;
#500 = DIRECTION ( 'NONE',  ( 1.000000000000000000, 0.000000000000000000, 0.000000000000000000 ) ) ;
#501 = CARTESIAN_POINT ( 'NONE',  ( -0.2362204724409450174, 0.1358267716535433156, 0.2362204724409449341 ) ) ;
#502 = AXIS2_PLACEMENT_3D ( 'NONE', #5389, #3665, #1900 ) ;
#503 = ORIENTED_EDGE ( 'NONE', *, *, #3079, .T. ) ;
#504 = DIRECTION ( 'NONE',  ( 0.000000000000000000, 0.000000000000000000, -1.000000000000000000 ) ) ;
#505 = ORIENTED_EDGE ( 'NONE', *, *, #5536, .T. ) ;
#506 = LINE ( 'NONE', #5794, #814 ) ;
#507 = CIRCLE ( 'NONE', #3512, 0.007874015748031482076 ) ;
#508 = DIRECTION ( 'NONE',  ( 0.000000000000000000, 0.000000000000000000, 1.000000000000000000 ) ) ;
#509 = VERTEX_POINT ( 'NONE', #4034 ) ;
#510 = CIRCLE ( 'NONE', #5473, 0.01035368314656493448 ) ;
#511 = DIRECTION ( 'NONE',  ( 0.000000000000000000, 0.000000000000000000, -1.000000000000000000 ) ) ;
#512 = DIRECTION ( 'NONE',  ( 0.2485354773382520976, 0.8753766553315847077, 0.4146635115424731621 ) ) ;
#513 = CARTESIAN_POINT ( 'NONE',  ( -0.2707977663108309674, -0.1355821101757923031, 0.08894937703494645853 ) ) ;
#514 = CIRCLE ( 'NONE', #799, 0.1377952755905511029 ) ;
#515 = EDGE_LOOP ( 'NONE', ( #2912, #2956, #4767, #1141 ) ) ;
#516 = ORIENTED_EDGE ( 'NONE', *, *, #2824, .F. ) ;
#517 = FACE_OUTER_BOUND ( 'NONE', #5326, .T. ) ;
#518 = LINE ( 'NONE', #4928, #872 ) ;
#519 = CARTESIAN_POINT ( 'NONE',  ( 0.2707977663108309674, -0.1355821101757923031, 0.08894937703494645853 ) ) ;
#520 = VECTOR ( 'NONE', #4661, 39.37007874015748143 ) ;
#521 = EDGE_CURVE ( 'NONE', #4595, #940, #1368, .T. ) ;
#522 = ADVANCED_FACE ( 'NONE', ( #396 ), #2196, .T. ) ;
#523 = CARTESIAN_POINT ( 'NONE',  ( 0.2517439703971995346, -0.1325679440989251390, 0.09253195506462764952 ) ) ;
#524 = AXIS2_PLACEMENT_3D ( 'NONE', #72, #3592, #1832 ) ;
#525 = VECTOR ( 'NONE', #5739, 39.37007874015748854 ) ;
#526 = DIRECTION ( 'NONE',  ( -1.000000000000000000, 0.000000000000000000, 0.000000000000000000 ) ) ;
#527 = ORIENTED_EDGE ( 'NONE', *, *, #2118, .F. ) ;
#528 = CIRCLE ( 'NONE', #4374, 0.007874015748031499423 ) ;
#529 = ADVANCED_FACE ( 'NONE', ( #1807 ), #5328, .F. ) ;
#530 = AXIS2_PLACEMENT_3D ( 'NONE', #928, #2730, #4504 ) ;
#531 = CARTESIAN_POINT ( 'NONE',  ( 0.2410114198820278719, -0.1271252204669363339, -0.08894937703494577852 ) ) ;
#532 = CARTESIAN_POINT ( 'NONE',  ( 0.2362204724409450174, 0.01891526584201501035, 0.07874015748031495954 ) ) ;
#533 = VECTOR ( 'NONE', #3349, 39.37007874015748143 ) ;
#534 = ORIENTED_EDGE ( 'NONE', *, *, #1958, .T. ) ;
#535 = CARTESIAN_POINT ( 'NONE',  ( 0.2283464566929132300, 0.007874015748031499423, 0.2362204724409449341 ) ) ;
#536 = ORIENTED_EDGE ( 'NONE', *, *, #5564, .T. ) ;
#537 = EDGE_CURVE ( 'NONE', #1201, #3558, #406, .T. ) ;
#538 = CARTESIAN_POINT ( 'NONE',  ( -0.2283464566929135908, 0.007874015748031499423, 0.2204724409448819145 ) ) ;
#539 = AXIS2_PLACEMENT_3D ( 'NONE', #1436, #5533, #4549 ) ;
#540 = DIRECTION ( 'NONE',  ( 0.000000000000000000, 0.9158674837049330941, 0.4014806997752120576 ) ) ;
#541 = ORIENTED_EDGE ( 'NONE', *, *, #5797, .T. ) ;
#542 = CARTESIAN_POINT ( 'NONE',  ( 0.1870078740157481711, 0.08907480314960614098, 0.1870078740157479769 ) ) ;
#543 = DIRECTION ( 'NONE',  ( 1.000000000000000000, 0.000000000000000000, 0.000000000000000000 ) ) ;
#544 = LINE ( 'NONE', #3985, #1375 ) ;
#545 = ORIENTED_EDGE ( 'NONE', *, *, #3050, .T. ) ;
#546 = ORIENTED_EDGE ( 'NONE', *, *, #5086, .F. ) ;
#547 = DIRECTION ( 'NONE',  ( 0.9619789872591621993, 0.2731234667175944653, 0.000000000000000000 ) ) ;
#548 = CARTESIAN_POINT ( 'NONE',  ( 0.2588518599949117815, -0.07631714650562787527, -0.07874015748031495954 ) ) ;
#549 = EDGE_LOOP ( 'NONE', ( #4462, #2431, #765, #3038, #817, #4656, #1698, #3291, #1511, #2372, #4828, #4303, #77, #3081, #3332, #1545, #5122, #2454 ) ) ;
#550 = VERTEX_POINT ( 'NONE', #2228 ) ;
#551 = CARTESIAN_POINT ( 'NONE',  ( -0.2204724409448820255, 0.1437007874015747977, -0.2362204724409448231 ) ) ;
#552 = EDGE_CURVE ( 'NONE', #446, #3968, #5462, .T. ) ;
#553 = EDGE_CURVE ( 'NONE', #673, #1426, #4620, .T. ) ;
#554 =( LENGTH_UNIT ( ) NAMED_UNIT ( * ) SI_UNIT ( $, .METRE. ) );
#555 = PLANE ( 'NONE',  #3636 ) ;
#556 = PLANE ( 'NONE',  #4540 ) ;
#557 = EDGE_CURVE ( 'NONE', #4568, #5221, #5089, .T. ) ;
#558 = EDGE_CURVE ( 'NONE', #4340, #5154, #48, .T. ) ;
#559 = VERTEX_POINT ( 'NONE', #128 ) ;
#560 = PLANE ( 'NONE',  #1708 ) ;
#561 = ORIENTED_EDGE ( 'NONE', *, *, #913, .F. ) ;
#562 = LINE ( 'NONE', #5487, #1002 ) ;
#563 = CARTESIAN_POINT ( 'NONE',  ( -0.2283464566929135908, 0.1043307086614173318, -0.2204724409448818312 ) ) ;
#564 = ADVANCED_FACE ( 'NONE', ( #3214 ), #4338, .T. ) ;
#565 = ORIENTED_EDGE ( 'NONE', *, *, #2791, .T. ) ;
#566 = FACE_OUTER_BOUND ( 'NONE', #2810, .T. ) ;
#567 = DIRECTION ( 'NONE',  ( -0.000000000000000000, -1.000000000000000000, -0.000000000000000000 ) ) ;
#568 = LINE ( 'NONE', #3275, #3162 ) ;
#569 = VERTEX_POINT ( 'NONE', #4178 ) ;
#570 = ORIENTED_EDGE ( 'NONE', *, *, #5727, .T. ) ;
#571 = DIRECTION ( 'NONE',  ( -0.000000000000000000, -1.000000000000000000, -0.000000000000000000 ) ) ;
#572 = CARTESIAN_POINT ( 'NONE',  ( 0.2403820138547686225, -0.1293420763817875185, 0.09253195506462739972 ) ) ;
#573 = ORIENTED_EDGE ( 'NONE', *, *, #1290, .F. ) ;
#574 = AXIS2_PLACEMENT_3D ( 'NONE', #1416, #1038, #1841 ) ;
#575 = DIRECTION ( 'NONE',  ( -1.000000000000000000, 0.000000000000000000, 0.000000000000000000 ) ) ;
#576 = CARTESIAN_POINT ( 'NONE',  ( 0.2600169407659517762, -0.1044104908222249634, -0.1181102362204724532 ) ) ;
#577 = CIRCLE ( 'NONE', #293, 0.01574803149606299885 ) ;
#578 = PLANE ( 'NONE',  #5315 ) ;
#579 = AXIS2_PLACEMENT_3D ( 'NONE', #1522, #4223, #4280 ) ;
#580 = AXIS2_PLACEMENT_3D ( 'NONE', #3666, #902, #4510 ) ;
#581 = CARTESIAN_POINT ( 'NONE',  ( 0.2519685039370080371, -0.01672474479929638227, -0.1181102362204724532 ) ) ;
#582 = ORIENTED_EDGE ( 'NONE', *, *, #2856, .T. ) ;
#583 = VECTOR ( 'NONE', #3134, 39.37007874015748143 ) ;
#584 = CYLINDRICAL_SURFACE ( 'NONE', #4229, 0.01305608523400804757 ) ;
#585 = AXIS2_PLACEMENT_3D ( 'NONE', #2864, #5490, #2779 ) ;
#586 = VERTEX_POINT ( 'NONE', #2310 ) ;
#587 = EDGE_CURVE ( 'NONE', #1228, #434, #2652, .T. ) ;
#588 = DIRECTION ( 'NONE',  ( 0.000000000000000000, 0.000000000000000000, 1.000000000000000000 ) ) ;
#589 = ADVANCED_FACE ( 'NONE', ( #4094 ), #4121, .F. ) ;
#590 = AXIS2_PLACEMENT_3D ( 'NONE', #2648, #2995, #2205 ) ;
#591 = DIRECTION ( 'NONE',  ( 0.000000000000000000, 0.000000000000000000, -1.000000000000000000 ) ) ;
#592 = ORIENTED_EDGE ( 'NONE', *, *, #3257, .F. ) ;
#593 = CARTESIAN_POINT ( 'NONE',  ( 0.2600169407659517762, -0.1044104908222249634, 0.07874015748031495954 ) ) ;
#594 = CARTESIAN_POINT ( 'NONE',  ( 0.2584924420876582030, -0.1087988844851396769, -0.07874015748031495954 ) ) ;
#595 = ADVANCED_FACE ( 'NONE', ( #5412 ), #3187, .T. ) ;
#596 = DIRECTION ( 'NONE',  ( 0.000000000000000000, 0.000000000000000000, 1.000000000000000000 ) ) ;
#597 = CIRCLE ( 'NONE', #683, 0.007874015748031482076 ) ;
#598 = ORIENTED_EDGE ( 'NONE', *, *, #5324, .T. ) ;
#599 = ORIENTED_EDGE ( 'NONE', *, *, #3229, .T. ) ;
#600 = LINE ( 'NONE', #1018, #400 ) ;
#601 = CARTESIAN_POINT ( 'NONE',  ( 0.2588518599949117815, -0.06633979854481968086, 0.07874015748031495954 ) ) ;
#602 = ORIENTED_EDGE ( 'NONE', *, *, #777, .F. ) ;
#603 = EDGE_CURVE ( 'NONE', #5467, #4379, #3876, .T. ) ;
#604 = AXIS2_PLACEMENT_3D ( 'NONE', #1578, #3493, #5281 ) ;
#605 = CARTESIAN_POINT ( 'NONE',  ( 0.1870078740157481711, 0.1200787401574803237, 0.1870078740157479769 ) ) ;
#606 = FACE_OUTER_BOUND ( 'NONE', #2405, .T. ) ;
#607 = LINE ( 'NONE', #3840, #3634 ) ;
#608 = AXIS2_PLACEMENT_3D ( 'NONE', #2525, #256, #1571 ) ;
#609 = LINE ( 'NONE', #2881, #4154 ) ;
#610 = ORIENTED_EDGE ( 'NONE', *, *, #3825, .T. ) ;
#611 = VERTEX_POINT ( 'NONE', #980 ) ;
#612 = CARTESIAN_POINT ( 'NONE',  ( 0.2362204724409450174, 0.01497825796799926064, 0.1181102362204724532 ) ) ;
#613 = CIRCLE ( 'NONE', #5671, 0.007874015748031482076 ) ;
#614 = CARTESIAN_POINT ( 'NONE',  ( 0.2697666957634185514, -0.06182685724816141398, -0.1181102362204724532 ) ) ;
#615 = AXIS2_PLACEMENT_3D ( 'NONE', #2157, #5726, #2633 ) ;
#616 = AXIS2_PLACEMENT_3D ( 'NONE', #3717, #164, #2012 ) ;
#617 = CARTESIAN_POINT ( 'NONE',  ( 0.2283464566929132300, 0.1437007874015747977, 0.09076414801644791530 ) ) ;
#618 = ORIENTED_EDGE ( 'NONE', *, *, #1272, .F. ) ;
#619 = LINE ( 'NONE', #2804, #2036 ) ;
#620 = VECTOR ( 'NONE', #1109, 39.37007874015748143 ) ;
#621 = VECTOR ( 'NONE', #5373, 39.37007874015748143 ) ;
#622 = DIRECTION ( 'NONE',  ( -0.2731234667176492548, 0.9619789872591464341, 0.000000000000000000 ) ) ;
#623 = DIRECTION ( 'NONE',  ( 0.000000000000000000, -1.000000000000000000, 0.000000000000000000 ) ) ;
#624 = ADVANCED_FACE ( 'NONE', ( #3632 ), #5006, .T. ) ;
#625 = ADVANCED_FACE ( 'NONE', ( #3743 ), #1892, .T. ) ;
#626 = DIRECTION ( 'NONE',  ( 0.000000000000000000, -1.000000000000000000, 0.000000000000000000 ) ) ;
#627 = CIRCLE ( 'NONE', #2234, 0.1168368100007918381 ) ;
#628 = DIRECTION ( 'NONE',  ( 0.000000000000000000, 0.000000000000000000, 1.000000000000000000 ) ) ;
#629 = VERTEX_POINT ( 'NONE', #1013 ) ;
#630 = EDGE_CURVE ( 'NONE', #1486, #4224, #4608, .T. ) ;
#631 = ORIENTED_EDGE ( 'NONE', *, *, #5324, .F. ) ;
#632 = DIRECTION ( 'NONE',  ( 0.3820956964504006459, 0.9241227617335713296, 0.000000000000000000 ) ) ;
#633 = DIRECTION ( 'NONE',  ( 0.000000000000000000, -0.9993908270190957621, 0.03489949670250104552 ) ) ;
#634 = ORIENTED_EDGE ( 'NONE', *, *, #2251, .F. ) ;
#635 = FACE_OUTER_BOUND ( 'NONE', #5097, .T. ) ;
#636 = DIRECTION ( 'NONE',  ( 0.05405405405405417502, 0.000000000000000000, -0.9985380109141172023 ) ) ;
#637 = VERTEX_POINT ( 'NONE', #4590 ) ;
#638 = DIRECTION ( 'NONE',  ( -0.9985380109141170912, 0.000000000000000000, -0.05405405405405416808 ) ) ;
#639 = ADVANCED_FACE ( 'NONE', ( #566 ), #2367, .F. ) ;
#640 = CARTESIAN_POINT ( 'NONE',  ( -0.09864223006555618289, 0.1122047244094488277, 0.2284883701790052513 ) ) ;
#641 = ORIENTED_EDGE ( 'NONE', *, *, #2110, .T. ) ;
#642 = CARTESIAN_POINT ( 'NONE',  ( 0.2403820138547686225, -0.1293420763817875185, -0.07874015748031495954 ) ) ;
#643 = DIRECTION ( 'NONE',  ( -0.000000000000000000, -1.000000000000000000, -0.000000000000000000 ) ) ;
#644 = PLANE ( 'NONE',  #579 ) ;
#645 = VERTEX_POINT ( 'NONE', #5515 ) ;
#646 = DIRECTION ( 'NONE',  ( 0.2731234667176492548, 0.9619789872591464341, 0.000000000000000000 ) ) ;
#647 = CARTESIAN_POINT ( 'NONE',  ( 0.2588518599949117815, -0.06633979854481968086, -0.07874015748031495954 ) ) ;
#648 = LINE ( 'NONE', #271, #2377 ) ;
#649 = CARTESIAN_POINT ( 'NONE',  ( -0.2623221870835733549, -0.01672474479929622962, -0.07874015748031495954 ) ) ;
#650 = LINE ( 'NONE', #1122, #5581 ) ;
#651 = EDGE_LOOP ( 'NONE', ( #4820, #4448, #4405, #2392 ) ) ;
#652 = ORIENTED_EDGE ( 'NONE', *, *, #227, .T. ) ;
#653 = CARTESIAN_POINT ( 'NONE',  ( 0.000000000000000000, 0.3861015708401771551, -0.1247060291111784236 ) ) ;
#654 = CARTESIAN_POINT ( 'NONE',  ( 0.2283464566929132300, 0.1122047244094488277, 0.09865035267987325163 ) ) ;
#655 = EDGE_CURVE ( 'NONE', #3206, #4099, #1999, .T. ) ;
#656 = ADVANCED_FACE ( 'NONE', ( #1502 ), #4316, .F. ) ;
#657 = CARTESIAN_POINT ( 'NONE',  ( -0.2972320595286823686, -0.1197977719400012131, -0.1181102362204724532 ) ) ;
#658 = EDGE_LOOP ( 'NONE', ( #4023, #1802, #4989, #4539 ) ) ;
#659 = DIRECTION ( 'NONE',  ( -0.05405405405405417502, 0.000000000000000000, 0.9985380109141172023 ) ) ;
#660 = DIRECTION ( 'NONE',  ( 0.000000000000000000, 0.000000000000000000, 1.000000000000000000 ) ) ;
#661 = DIRECTION ( 'NONE',  ( 0.000000000000000000, 0.000000000000000000, -1.000000000000000000 ) ) ;
#662 = EDGE_CURVE ( 'NONE', #3041, #2240, #5668, .T. ) ;
#663 = CIRCLE ( 'NONE', #3582, 0.003937007874015747109 ) ;
#664 = DIRECTION ( 'NONE',  ( 0.2485354773382520144, -0.8753766553315845966, -0.4146635115424737172 ) ) ;
#665 = CARTESIAN_POINT ( 'NONE',  ( 0.2418392770515483403, -0.02519378386866816602, 0.1181102362204724532 ) ) ;
#666 = VERTEX_POINT ( 'NONE', #5233 ) ;
#667 = VECTOR ( 'NONE', #4851, 39.37007874015748143 ) ;
#668 = CYLINDRICAL_SURFACE ( 'NONE', #2786, 0.003937007874015744507 ) ;
#669 = ADVANCED_FACE ( 'NONE', ( #1215 ), #3769, .T. ) ;
#670 = CARTESIAN_POINT ( 'NONE',  ( 0.2204724409448817202, 0.1437007874015747977, 0.2362204724409449341 ) ) ;
#671 = AXIS2_PLACEMENT_3D ( 'NONE', #2212, #63, #4545 ) ;
#672 = AXIS2_PLACEMENT_3D ( 'NONE', #2613, #1781, #456 ) ;
#673 = VERTEX_POINT ( 'NONE', #2063 ) ;
#674 = DIRECTION ( 'NONE',  ( 0.000000000000000000, 0.000000000000000000, -1.000000000000000000 ) ) ;
#675 = DIRECTION ( 'NONE',  ( 0.000000000000000000, 0.000000000000000000, 1.000000000000000000 ) ) ;
#676 = VECTOR ( 'NONE', #4665, 39.37007874015748854 ) ;
#677 = CARTESIAN_POINT ( 'NONE',  ( 0.2972320595286823686, -0.1197977719400012131, 0.1181102362204724532 ) ) ;
#678 = ORIENTED_EDGE ( 'NONE', *, *, #2803, .T. ) ;
#679 = EDGE_LOOP ( 'NONE', ( #1663, #1500, #1405, #3117 ) ) ;
#680 = LINE ( 'NONE', #253, #1909 ) ;
#681 = DIRECTION ( 'NONE',  ( 0.000000000000000000, 1.000000000000000000, 0.000000000000000000 ) ) ;
#682 =( NAMED_UNIT ( * ) PLANE_ANGLE_UNIT ( ) SI_UNIT ( $, .RADIAN. ) );
#683 = AXIS2_PLACEMENT_3D ( 'NONE', #1742, #2742, #500 ) ;
#684 = CARTESIAN_POINT ( 'NONE',  ( 0.2283464566929132300, 0.000000000000000000, 0.2204724409448819145 ) ) ;
#685 = VERTEX_POINT ( 'NONE', #4230 ) ;
#686 = PLANE ( 'NONE',  #5579 ) ;
#687 = ORIENTED_EDGE ( 'NONE', *, *, #3973, .F. ) ;
#688 = ADVANCED_FACE ( 'NONE', ( #3414 ), #4699, .F. ) ;
#689 = CARTESIAN_POINT ( 'NONE',  ( 0.2287720791657797959, 0.1358267716535433156, 0.09862665203939371961 ) ) ;
#690 = ADVANCED_FACE ( 'NONE', ( #5169 ), #2917, .T. ) ;
#691 = ORIENTED_EDGE ( 'NONE', *, *, #479, .T. ) ;
#692 = AXIS2_PLACEMENT_3D ( 'NONE', #2738, #62, #847 ) ;
#693 = VERTEX_POINT ( 'NONE', #5634 ) ;
#694 = CARTESIAN_POINT ( 'NONE',  ( -0.2283464566929135908, 0.1122047244094488277, -0.09865035267987277978 ) ) ;
#695 = VECTOR ( 'NONE', #5019, 39.37007874015748143 ) ;
#696 = CARTESIAN_POINT ( 'NONE',  ( -0.2467864344510313501, -0.07132847252522378501, 0.07874015748031495954 ) ) ;
#697 = EDGE_CURVE ( 'NONE', #2453, #2048, #4204, .T. ) ;
#698 = DIRECTION ( 'NONE',  ( 0.000000000000000000, 1.000000000000000000, 0.000000000000000000 ) ) ;
#699 = FACE_OUTER_BOUND ( 'NONE', #2304, .T. ) ;
#700 = ORIENTED_EDGE ( 'NONE', *, *, #3040, .F. ) ;
#701 = CIRCLE ( 'NONE', #1935, 0.01305608523400804757 ) ;
#702 = FACE_OUTER_BOUND ( 'NONE', #4079, .T. ) ;
#703 = LINE ( 'NONE', #269, #1359 ) ;
#704 = DIRECTION ( 'NONE',  ( -0.000000000000000000, -0.000000000000000000, -1.000000000000000000 ) ) ;
#705 = CIRCLE ( 'NONE', #2129, 0.007874015748031499423 ) ;
#706 = VECTOR ( 'NONE', #2135, 39.37007874015748854 ) ;
#707 = EDGE_LOOP ( 'NONE', ( #1731, #3960, #826, #2172 ) ) ;
#708 = CARTESIAN_POINT ( 'NONE',  ( 0.2362204724409447121, 0.1043307086614173318, 0.2204724409448819145 ) ) ;
#709 = EDGE_CURVE ( 'NONE', #3047, #5747, #4796, .T. ) ;
#710 = CARTESIAN_POINT ( 'NONE',  ( -0.2204724409448820255, 0.1122047244094488277, -0.2283464566929133410 ) ) ;
#711 = VECTOR ( 'NONE', #761, 39.37007874015748143 ) ;
#712 = DIRECTION ( 'NONE',  ( 0.000000000000000000, 0.000000000000000000, 1.000000000000000000 ) ) ;
#713 = ORIENTED_EDGE ( 'NONE', *, *, #2825, .T. ) ;
#714 = ORIENTED_EDGE ( 'NONE', *, *, #4005, .T. ) ;
#715 = DIRECTION ( 'NONE',  ( 1.000000000000000000, 0.000000000000000000, 0.000000000000000000 ) ) ;
#716 = CARTESIAN_POINT ( 'NONE',  ( -0.09862665203939351144, 0.1122047244094488277, 0.2287720791657800179 ) ) ;
#717 = DIRECTION ( 'NONE',  ( 1.000000000000000000, 0.000000000000000000, 0.000000000000000000 ) ) ;
#718 = AXIS2_PLACEMENT_3D ( 'NONE', #5573, #2060, #622 ) ;
#719 = CARTESIAN_POINT ( 'NONE',  ( 0.09862665203939298408, 0.1121932126843631361, 0.2287720791657800179 ) ) ;
#720 = ORIENTED_EDGE ( 'NONE', *, *, #3685, .T. ) ;
#721 = CARTESIAN_POINT ( 'NONE',  ( 0.2491021049974450341, -0.09989754952556670342, -0.1181102362204724532 ) ) ;
#722 = ORIENTED_EDGE ( 'NONE', *, *, #804, .T. ) ;
#723 = DIRECTION ( 'NONE',  ( 1.000000000000000000, 0.000000000000000000, 0.000000000000000000 ) ) ;
#724 = EDGE_LOOP ( 'NONE', ( #401, #3204, #1093, #4598, #4527 ) ) ;
#725 = ORIENTED_EDGE ( 'NONE', *, *, #4080, .T. ) ;
#726 = DIRECTION ( 'NONE',  ( -0.9619789872591597568, 0.2731234667176027919, 0.000000000000000000 ) ) ;
#727 = FACE_OUTER_BOUND ( 'NONE', #1162, .T. ) ;
#728 = EDGE_CURVE ( 'NONE', #4260, #2158, #3390, .T. ) ;
#729 = DIRECTION ( 'NONE',  ( 0.000000000000000000, 0.000000000000000000, 1.000000000000000000 ) ) ;
#730 = CARTESIAN_POINT ( 'NONE',  ( 0.2401574803149607862, -0.01672474479929638227, -0.07874015748031495954 ) ) ;
#731 = DIRECTION ( 'NONE',  ( 0.000000000000000000, 0.000000000000000000, -1.000000000000000000 ) ) ;
#732 = ORIENTED_EDGE ( 'NONE', *, *, #2340, .F. ) ;
#733 = CARTESIAN_POINT ( 'NONE',  ( 0.2697666957634185514, -0.06182685724816141398, -0.07874015748031495954 ) ) ;
#734 = EDGE_CURVE ( 'NONE', #5222, #5683, #1095, .T. ) ;
#735 = EDGE_CURVE ( 'NONE', #3951, #1750, #740, .T. ) ;
#736 = FACE_OUTER_BOUND ( 'NONE', #1974, .T. ) ;
#737 = LINE ( 'NONE', #4287, #2423 ) ;
#738 = ORIENTED_EDGE ( 'NONE', *, *, #5395, .T. ) ;
#739 = CARTESIAN_POINT ( 'NONE',  ( -0.2362204724409450174, 0.03072628946406225775, -0.07874015748031495954 ) ) ;
#740 = LINE ( 'NONE', #2951, #4425 ) ;
#741 = ORIENTED_EDGE ( 'NONE', *, *, #5255, .F. ) ;
#742 = CARTESIAN_POINT ( 'NONE',  ( -0.2401574803149607862, 0.01497825796799926064, -0.07874015748031495954 ) ) ;
#743 = EDGE_CURVE ( 'NONE', #3956, #3623, #4290, .T. ) ;
#744 = ORIENTED_EDGE ( 'NONE', *, *, #4119, .F. ) ;
#745 = EDGE_LOOP ( 'NONE', ( #4114, #3304, #1668, #1738 ) ) ;
#746 = CARTESIAN_POINT ( 'NONE',  ( -0.2519685039370080371, 0.01497825796799926064, 0.07874015748031495954 ) ) ;
#747 = CARTESIAN_POINT ( 'NONE',  ( 0.2287720791657797959, 0.1121932126843631361, -0.09862665203939351144 ) ) ;
#748 = CARTESIAN_POINT ( 'NONE',  ( 0.2414573030938143294, -0.1255547575343105293, -0.1043184386361599991 ) ) ;
#749 = PLANE ( 'NONE',  #608 ) ;
#750 = ORIENTED_EDGE ( 'NONE', *, *, #1764, .T. ) ;
#751 = DIRECTION ( 'NONE',  ( 0.3820956964504006459, -0.9241227617335713296, 0.000000000000000000 ) ) ;
#752 = VERTEX_POINT ( 'NONE', #216 ) ;
#753 = CARTESIAN_POINT ( 'NONE',  ( -0.2600169407659517762, -0.1044104908222249634, -0.1181102362204724532 ) ) ;
#754 = ORIENTED_EDGE ( 'NONE', *, *, #3007, .T. ) ;
#755 = FACE_OUTER_BOUND ( 'NONE', #452, .T. ) ;
#756 = LINE ( 'NONE', #5693, #1836 ) ;
#757 = ORIENTED_EDGE ( 'NONE', *, *, #2919, .T. ) ;
#758 = LINE ( 'NONE', #384, #3868 ) ;
#759 = CARTESIAN_POINT ( 'NONE',  ( -0.2204724409448820255, 0.1043307086614173318, -0.2283464566929133410 ) ) ;
#760 = ORIENTED_EDGE ( 'NONE', *, *, #140, .T. ) ;
#761 = DIRECTION ( 'NONE',  ( -0.000000000000000000, -1.000000000000000000, -0.000000000000000000 ) ) ;
#762 = VECTOR ( 'NONE', #3074, 39.37007874015748143 ) ;
#763 = DIRECTION ( 'NONE',  ( 0.000000000000000000, 0.000000000000000000, 1.000000000000000000 ) ) ;
#764 = DIRECTION ( 'NONE',  ( 0.000000000000000000, 0.000000000000000000, 1.000000000000000000 ) ) ;
#765 = ORIENTED_EDGE ( 'NONE', *, *, #4842, .F. ) ;
#766 = DIRECTION ( 'NONE',  ( -0.9241227617335713296, 0.3820956964504012010, 0.000000000000000000 ) ) ;
#767 = EDGE_CURVE ( 'NONE', #4398, #3379, #3961, .T. ) ;
#768 = ORIENTED_EDGE ( 'NONE', *, *, #2102, .T. ) ;
#769 = ADVANCED_FACE ( 'NONE', ( #4674 ), #2010, .T. ) ;
#770 = FACE_OUTER_BOUND ( 'NONE', #67, .T. ) ;
#771 = AXIS2_PLACEMENT_3D ( 'NONE', #4503, #1311, #3166 ) ;
#772 = CLOSED_SHELL ( 'NONE', ( #2765, #3213, #5528, #3473, #4866, #2617, #3851, #3791, #889, #4277, #4950, #688, #993, #1563, #4684, #1019, #5461, #1177, #3736, #589, #2626, #4906, #268, #3836, #4641, #4149 ) ) ;
#773 = EDGE_LOOP ( 'NONE', ( #5093, #4738 ) ) ;
#774 = ORIENTED_EDGE ( 'NONE', *, *, #4317, .T. ) ;
#775 = CARTESIAN_POINT ( 'NONE',  ( 0.2471304855452270965, -0.1055730167680026116, -0.07874015748031495954 ) ) ;
#776 = FACE_OUTER_BOUND ( 'NONE', #231, .T. ) ;
#777 = EDGE_CURVE ( 'NONE', #3991, #1949, #1150, .T. ) ;
#778 = AXIS2_PLACEMENT_3D ( 'NONE', #2558, #4781, #5277 ) ;
#779 = LINE ( 'NONE', #5645, #5575 ) ;
#780 = AXIS2_PLACEMENT_3D ( 'NONE', #5471, #4509, #3173 ) ;
#781 = CARTESIAN_POINT ( 'NONE',  ( 0.2519685039370080371, -0.01672474479929638227, 0.1181102362204724532 ) ) ;
#782 = ORIENTED_EDGE ( 'NONE', *, *, #728, .T. ) ;
#783 = DIRECTION ( 'NONE',  ( -0.000000000000000000, -1.000000000000000000, -0.000000000000000000 ) ) ;
#784 = VERTEX_POINT ( 'NONE', #3353 ) ;
#785 = FACE_OUTER_BOUND ( 'NONE', #4585, .T. ) ;
#786 = ADVANCED_FACE ( 'NONE', ( #5203 ), #5143, .F. ) ;
#787 = ORIENTED_EDGE ( 'NONE', *, *, #603, .F. ) ;
#788 = VECTOR ( 'NONE', #2388, 39.37007874015748143 ) ;
#789 = DIRECTION ( 'NONE',  ( -1.000000000000000000, 0.000000000000000000, -2.906028851282798884E-15 ) ) ;
#790 = DIRECTION ( 'NONE',  ( 0.000000000000000000, 0.000000000000000000, 1.000000000000000000 ) ) ;
#791 = VECTOR ( 'NONE', #1615, 39.37007874015748143 ) ;
#792 = ORIENTED_EDGE ( 'NONE', *, *, #124, .F. ) ;
#793 = LINE ( 'NONE', #3559, #3027 ) ;
#794 = VERTEX_POINT ( 'NONE', #2039 ) ;
#795 = DIRECTION ( 'NONE',  ( 1.000000000000000000, 0.000000000000000000, 0.000000000000000000 ) ) ;
#796 = CIRCLE ( 'NONE', #5294, 0.01574803149606299885 ) ;
#797 = CARTESIAN_POINT ( 'NONE',  ( 0.2528192596362454636, -0.1287806252514481775, 0.09253195506462764952 ) ) ;
#798 = DIRECTION ( 'NONE',  ( 1.000000000000000000, 0.000000000000000000, 0.000000000000000000 ) ) ;
#799 = AXIS2_PLACEMENT_3D ( 'NONE', #1255, #5711, #1695 ) ;
#800 = LINE ( 'NONE', #854, #22 ) ;
#801 = ORIENTED_EDGE ( 'NONE', *, *, #1026, .T. ) ;
#802 = CYLINDRICAL_SURFACE ( 'NONE', #5211, 0.003937007874015744507 ) ;
#803 = AXIS2_PLACEMENT_3D ( 'NONE', #399, #3482, #717 ) ;
#804 = EDGE_CURVE ( 'NONE', #752, #2048, #5607, .T. ) ;
#805 = ADVANCED_FACE ( 'NONE', ( #3536 ), #4443, .T. ) ;
#806 = ORIENTED_EDGE ( 'NONE', *, *, #2874, .T. ) ;
#807 = EDGE_LOOP ( 'NONE', ( #4567, #3067, #3370, #284, #1951, #5161, #5520, #3412 ) ) ;
#808 = DIRECTION ( 'NONE',  ( -1.000000000000000000, 0.000000000000000000, 0.000000000000000000 ) ) ;
#809 = CARTESIAN_POINT ( 'NONE',  ( 0.2204724409448817202, 0.1437007874015747977, 0.2204724409448819145 ) ) ;
#810 = VECTOR ( 'NONE', #2021, 39.37007874015748854 ) ;
#811 = CIRCLE ( 'NONE', #5399, 0.1456692913385826960 ) ;
#812 = DIRECTION ( 'NONE',  ( 1.000000000000000000, 0.000000000000000000, 0.000000000000000000 ) ) ;
#813 = EDGE_CURVE ( 'NONE', #3488, #3428, #800, .T. ) ;
#814 = VECTOR ( 'NONE', #888, 39.37007874015748143 ) ;
#815 = ORIENTED_EDGE ( 'NONE', *, *, #5255, .T. ) ;
#816 = CARTESIAN_POINT ( 'NONE',  ( 0.2283464566929132300, 0.1358267716535433156, -0.09076414801644770713 ) ) ;
#817 = ORIENTED_EDGE ( 'NONE', *, *, #1124, .F. ) ;
#818 = DIRECTION ( 'NONE',  ( 0.2485354773382434934, -0.8753766553315870391, -0.4146635115424738283 ) ) ;
#819 = DIRECTION ( 'NONE',  ( 0.000000000000000000, 1.000000000000000000, 0.000000000000000000 ) ) ;
#820 = VERTEX_POINT ( 'NONE', #13 ) ;
#821 = VECTOR ( 'NONE', #2658, 39.37007874015748854 ) ;
#822 = CARTESIAN_POINT ( 'NONE',  ( 0.2697666957634185514, -0.08083008780228616297, -0.1181102362204724532 ) ) ;
#823 = EDGE_CURVE ( 'NONE', #3558, #5147, #5321, .T. ) ;
#824 = CYLINDRICAL_SURFACE ( 'NONE', #5562, 0.01035368314656493448 ) ;
#825 = CYLINDRICAL_SURFACE ( 'NONE', #4327, 0.007874015748031482076 ) ;
#826 = ORIENTED_EDGE ( 'NONE', *, *, #249, .F. ) ;
#827 = DIRECTION ( 'NONE',  ( 0.000000000000000000, 0.000000000000000000, 1.000000000000000000 ) ) ;
#828 = DIRECTION ( 'NONE',  ( -0.000000000000000000, -0.000000000000000000, -1.000000000000000000 ) ) ;
#829 = CARTESIAN_POINT ( 'NONE',  ( 0.09862665203939298408, 0.1121932126843631361, 0.2287720791657800179 ) ) ;
#830 = DIRECTION ( 'NONE',  ( -1.000000000000000000, 0.000000000000000000, 0.000000000000000000 ) ) ;
#831 = EDGE_LOOP ( 'NONE', ( #5531, #5260, #5046, #5027 ) ) ;
#832 = CARTESIAN_POINT ( 'NONE',  ( -0.2471304855452270965, -0.1055730167680026116, -0.07874015748031495954 ) ) ;
#833 = DIRECTION ( 'NONE',  ( 0.3820956964504009234, 0.9241227617335713296, 0.000000000000000000 ) ) ;
#834 = ORIENTED_EDGE ( 'NONE', *, *, #55, .F. ) ;
#835 = EDGE_LOOP ( 'NONE', ( #1434, #4066, #5627, #4217 ) ) ;
#836 = DIRECTION ( 'NONE',  ( 0.000000000000000000, 0.000000000000000000, -1.000000000000000000 ) ) ;
#837 = DIRECTION ( 'NONE',  ( 0.000000000000000000, -1.000000000000000000, 0.000000000000000000 ) ) ;
#838 = EDGE_CURVE ( 'NONE', #1247, #2752, #2833, .T. ) ;
#839 = ORIENTED_EDGE ( 'NONE', *, *, #2430, .F. ) ;
#840 = DIRECTION ( 'NONE',  ( 0.000000000000000000, 0.000000000000000000, -1.000000000000000000 ) ) ;
#841 = EDGE_LOOP ( 'NONE', ( #2300, #1125, #3935, #834 ) ) ;
#842 = DIRECTION ( 'NONE',  ( 0.000000000000000000, 0.000000000000000000, -1.000000000000000000 ) ) ;
#843 = PLANE ( 'NONE',  #4711 ) ;
#844 = ADVANCED_FACE ( 'NONE', ( #5259 ), #5759, .F. ) ;
#845 = EDGE_CURVE ( 'NONE', #183, #3702, #4471, .T. ) ;
#846 = CARTESIAN_POINT ( 'NONE',  ( 0.2467864344510313501, -0.07132847252522378501, -0.07874015748031495954 ) ) ;
#847 = DIRECTION ( 'NONE',  ( 0.000000000000000000, 0.000000000000000000, -1.000000000000000000 ) ) ;
#848 = ORIENTED_EDGE ( 'NONE', *, *, #838, .T. ) ;
#849 = DIRECTION ( 'NONE',  ( 0.000000000000000000, 0.000000000000000000, 1.000000000000000000 ) ) ;
#850 = ORIENTED_EDGE ( 'NONE', *, *, #4292, .F. ) ;
#851 = EDGE_CURVE ( 'NONE', #5620, #693, #4799, .T. ) ;
#852 = DIRECTION ( 'NONE',  ( 0.000000000000000000, 0.000000000000000000, 1.000000000000000000 ) ) ;
#853 = DIRECTION ( 'NONE',  ( -1.000000000000000000, 0.000000000000000000, 0.000000000000000000 ) ) ;
#854 = CARTESIAN_POINT ( 'NONE',  ( -0.1870078740157481711, 0.1200787401574803237, 0.1574803149606297803 ) ) ;
#855 = ORIENTED_EDGE ( 'NONE', *, *, #4392, .F. ) ;
#856 = EDGE_CURVE ( 'NONE', #4873, #794, #2220, .T. ) ;
#857 = AXIS2_PLACEMENT_3D ( 'NONE', #5238, #3805, #3359 ) ;
#858 = CARTESIAN_POINT ( 'NONE',  ( 0.2204724409448817202, 0.1122047244094488277, 0.2283464566929134520 ) ) ;
#859 = AXIS2_PLACEMENT_3D ( 'NONE', #4769, #2896, #2482 ) ;
#860 = VERTEX_POINT ( 'NONE', #4004 ) ;
#861 = DIRECTION ( 'NONE',  ( 0.000000000000000000, 0.000000000000000000, -1.000000000000000000 ) ) ;
#862 = DIRECTION ( 'NONE',  ( 0.000000000000000000, 0.000000000000000000, 1.000000000000000000 ) ) ;
#863 = VECTOR ( 'NONE', #674, 39.37007874015748143 ) ;
#864 = CARTESIAN_POINT ( 'NONE',  ( 0.2517439703972003673, -0.1325679440989253610, -0.1043184386361597493 ) ) ;
#865 = AXIS2_PLACEMENT_3D ( 'NONE', #1423, #547, #2433 ) ;
#866 = ORIENTED_EDGE ( 'NONE', *, *, #3615, .T. ) ;
#867 = VECTOR ( 'NONE', #4324, 39.37007874015748143 ) ;
#868 = FACE_OUTER_BOUND ( 'NONE', #3024, .T. ) ;
#869 = B_SPLINE_CURVE_WITH_KNOTS ( 'NONE', 3,
 ( #4390, #3108, #3048, #3514 ),
 .UNSPECIFIED., .F., .F.,
 ( 4, 4 ),
 ( 0.000000000000000000, 1.083150619154773860E-05 ),
 .UNSPECIFIED. ) ;
#870 = ORIENTED_EDGE ( 'NONE', *, *, #4007, .F. ) ;
#871 = CARTESIAN_POINT ( 'NONE',  ( 0.09862665203939320613, 0.1358267716535433156, -0.2287720791657799069 ) ) ;
#872 = VECTOR ( 'NONE', #463, 39.37007874015748143 ) ;
#873 = DIRECTION ( 'NONE',  ( 0.000000000000000000, 0.000000000000000000, 1.000000000000000000 ) ) ;
#874 = ADVANCED_FACE ( 'NONE', ( #885 ), #5347, .T. ) ;
#875 = ADVANCED_FACE ( 'NONE', ( #3039 ), #1687, .F. ) ;
#876 = VECTOR ( 'NONE', #4102, 39.37007874015748143 ) ;
#877 = CARTESIAN_POINT ( 'NONE',  ( -0.2600169407659517762, -0.1044104908222249634, 0.07874015748031495954 ) ) ;
#878 = APPLICATION_PROTOCOL_DEFINITION ( 'draft international standard', 'automotive_design', 1998, #3416 ) ;
#879 = VERTEX_POINT ( 'NONE', #389 ) ;
#880 = LINE ( 'NONE', #5755, #621 ) ;
#881 = CIRCLE ( 'NONE', #3890, 0.007874015748031499423 ) ;
#882 = DIRECTION ( 'NONE',  ( 0.9619789872591466562, 0.2731234667176487552, -2.178576971681320296E-14 ) ) ;
#883 = FACE_OUTER_BOUND ( 'NONE', #724, .T. ) ;
#884 = ADVANCED_FACE ( 'NONE', ( #2247 ), #450, .F. ) ;
#885 = FACE_OUTER_BOUND ( 'NONE', #2949, .T. ) ;
#886 = EDGE_LOOP ( 'NONE', ( #4664, #4505, #1111 ) ) ;
#887 = TOROIDAL_SURFACE ( 'NONE', #2211, 0.1456692913385826960, 0.007874015748031495954 ) ;
#888 = DIRECTION ( 'NONE',  ( 0.9619789872591466562, -0.2731234667176487552, -2.175987969930884715E-14 ) ) ;
#889 = ADVANCED_FACE ( 'NONE', ( #3158 ), #2186, .F. ) ;
#890 = AXIS2_PLACEMENT_3D ( 'NONE', #60, #1379, #3175 ) ;
#891 = EDGE_LOOP ( 'NONE', ( #4166, #3723, #5292, #5356 ) ) ;
#892 = DIRECTION ( 'NONE',  ( 0.000000000000000000, -1.000000000000000000, 0.000000000000000000 ) ) ;
#893 = DIRECTION ( 'NONE',  ( -0.3820956964504000353, 0.9241227617335716626, 0.000000000000000000 ) ) ;
#894 = VECTOR ( 'NONE', #2460, 39.37007874015748143 ) ;
#895 = DIRECTION ( 'NONE',  ( -0.9619789872591596458, -0.2731234667176027919, 0.000000000000000000 ) ) ;
#896 = VERTEX_POINT ( 'NONE', #5728 ) ;
#897 = AXIS2_PLACEMENT_3D ( 'NONE', #2603, #5790, #331 ) ;
#898 = VECTOR ( 'NONE', #4736, 39.37007874015748143 ) ;
#899 = EDGE_LOOP ( 'NONE', ( #570, #1864, #1335, #2599 ) ) ;
#900 = LINE ( 'NONE', #2237, #2090 ) ;
#901 = DIRECTION ( 'NONE',  ( -0.9985380109141172023, 0.000000000000000000, -0.05405405405405417502 ) ) ;
#902 = DIRECTION ( 'NONE',  ( -0.9241227617335717737, 0.3820956964504000908, 0.000000000000000000 ) ) ;
#903 = FILL_AREA_STYLE_COLOUR ( '', #3242 ) ;
#904 = VECTOR ( 'NONE', #751, 39.37007874015748854 ) ;
#905 = VECTOR ( 'NONE', #4225, 39.37007874015748143 ) ;
#906 = CARTESIAN_POINT ( 'NONE',  ( -0.2414573030938143294, -0.1255547575343105293, 0.09253195506462737197 ) ) ;
#907 = FACE_OUTER_BOUND ( 'NONE', #2239, .T. ) ;
#908 = VERTEX_POINT ( 'NONE', #2573 ) ;
#909 = AXIS2_PLACEMENT_3D ( 'NONE', #5623, #261, #4755 ) ;
#910 = CARTESIAN_POINT ( 'NONE',  ( 0.2401574803149607862, -0.01672474479929638227, -0.1181102362204724532 ) ) ;
#911 = SHAPE_DEFINITION_REPRESENTATION ( #3233, #5007 ) ;
#912 = VERTEX_POINT ( 'NONE', #5290 ) ;
#913 = EDGE_CURVE ( 'NONE', #3454, #325, #3768, .T. ) ;
#914 = CARTESIAN_POINT ( 'NONE',  ( 0.2467864344510313501, -0.07132847252522378501, 0.1181102362204724532 ) ) ;
#915 = FACE_OUTER_BOUND ( 'NONE', #4261, .T. ) ;
#916 = FACE_OUTER_BOUND ( 'NONE', #5673, .T. ) ;
#917 = DIRECTION ( 'NONE',  ( 1.000000000000000000, 0.000000000000000000, 0.000000000000000000 ) ) ;
#918 = EDGE_LOOP ( 'NONE', ( #3919, #5672, #678, #4282 ) ) ;
#919 = ADVANCED_FACE ( 'NONE', ( #2132 ), #5733, .T. ) ;
#920 = DIMENSIONAL_EXPONENTS ( 1.000000000000000000, 0.000000000000000000, 0.000000000000000000, 0.000000000000000000, 0.000000000000000000, 0.000000000000000000, 0.000000000000000000 ) ;
#921 = LINE ( 'NONE', #1777, #1557 ) ;
#922 = ADVANCED_FACE ( 'NONE', ( #4857 ), #584, .F. ) ;
#923 = CARTESIAN_POINT ( 'NONE',  ( 0.2491021049974450341, -0.09989754952556670342, -0.07874015748031495954 ) ) ;
#924 = EDGE_LOOP ( 'NONE', ( #3599, #1645, #3544, #1515, #3586, #2900 ) ) ;
#925 = CARTESIAN_POINT ( 'NONE',  ( -0.2204724409448820255, 0.007874015748031499423, 0.2283464566929134520 ) ) ;
#926 = LINE ( 'NONE', #482, #1998 ) ;
#927 = EDGE_CURVE ( 'NONE', #5222, #1537, #5485, .T. ) ;
#928 = CARTESIAN_POINT ( 'NONE',  ( 0.09076414801644738795, 0.1122047244094488277, -0.2283464566929133410 ) ) ;
#929 = ORIENTED_EDGE ( 'NONE', *, *, #4089, .F. ) ;
#930 = VERTEX_POINT ( 'NONE', #1472 ) ;
#931 = LINE ( 'NONE', #3607, #40 ) ;
#932 = CARTESIAN_POINT ( 'NONE',  ( 0.2697666957634185514, -0.08083008780228616297, -0.07874015748031495954 ) ) ;
#933 = PLANE ( 'NONE',  #2682 ) ;
#934 = FACE_OUTER_BOUND ( 'NONE', #2376, .T. ) ;
#935 = DIRECTION ( 'NONE',  ( -1.000000000000000000, 0.000000000000000000, 0.000000000000000000 ) ) ;
#936 = ORIENTED_EDGE ( 'NONE', *, *, #418, .T. ) ;
#937 = CARTESIAN_POINT ( 'NONE',  ( 0.1870078740157481711, 0.1122047244094488277, -0.1574803149606297803 ) ) ;
#938 = CARTESIAN_POINT ( 'NONE',  ( 0.2204724409448817202, 0.000000000000000000, 0.2204724409448819145 ) ) ;
#939 = DIRECTION ( 'NONE',  ( -0.000000000000000000, -0.000000000000000000, -1.000000000000000000 ) ) ;
#940 = VERTEX_POINT ( 'NONE', #2775 ) ;
#941 = DIRECTION ( 'NONE',  ( -0.2731234667176027919, -0.9619789872591596458, -0.000000000000000000 ) ) ;
#942 = ORIENTED_EDGE ( 'NONE', *, *, #4143, .T. ) ;
#943 = CARTESIAN_POINT ( 'NONE',  ( -0.2517439703971998677, -0.1325679440989251945, -0.1043184386361597493 ) ) ;
#944 = CARTESIAN_POINT ( 'NONE',  ( -0.09076414801644772101, 0.1358267716535433156, 0.2283464566929134520 ) ) ;
#945 = ORIENTED_EDGE ( 'NONE', *, *, #5432, .T. ) ;
#946 = ADVANCED_FACE ( 'NONE', ( #98 ), #3237, .F. ) ;
#947 = EDGE_CURVE ( 'NONE', #2968, #2697, #2371, .T. ) ;
#948 = DIRECTION ( 'NONE',  ( 0.000000000000000000, 1.000000000000000000, 0.000000000000000000 ) ) ;
#949 = DIRECTION ( 'NONE',  ( 0.000000000000000000, 0.000000000000000000, 1.000000000000000000 ) ) ;
#950 = PLANE ( 'NONE',  #2125 ) ;
#951 = VECTOR ( 'NONE', #5547, 39.37007874015748143 ) ;
#952 = ORIENTED_EDGE ( 'NONE', *, *, #5254, .T. ) ;
#953 = ADVANCED_FACE ( 'NONE', ( #1885 ), #5510, .T. ) ;
#954 = EDGE_LOOP ( 'NONE', ( #23, #3182 ) ) ;
#955 = CARTESIAN_POINT ( 'NONE',  ( -0.08566664463896897508, 0.001968503937007873988, 0.2362204724409449341 ) ) ;
#956 = CARTESIAN_POINT ( 'NONE',  ( 0.2362204724409447121, 0.1087477953154689370, 0.09518123467049953434 ) ) ;
#957 = ORIENTED_EDGE ( 'NONE', *, *, #3354, .T. ) ;
#958 = VECTOR ( 'NONE', #5107, 39.37007874015748143 ) ;
#959 = VECTOR ( 'NONE', #818, 39.37007874015748143 ) ;
#960 = LINE ( 'NONE', #551, #695 ) ;
#961 = FACE_OUTER_BOUND ( 'NONE', #679, .T. ) ;
#962 = AXIS2_PLACEMENT_3D ( 'NONE', #3327, #272, #1587 ) ;
#963 = EDGE_CURVE ( 'NONE', #3786, #3798, #577, .T. ) ;
#964 = SURFACE_STYLE_FILL_AREA ( #4576 ) ;
#965 = ORIENTED_EDGE ( 'NONE', *, *, #3435, .T. ) ;
#966 = EDGE_LOOP ( 'NONE', ( #4588, #54, #3942, #4894 ) ) ;
#967 = AXIS2_PLACEMENT_3D ( 'NONE', #2622, #2321, #3696 ) ;
#968 = FACE_OUTER_BOUND ( 'NONE', #2577, .T. ) ;
#969 = LINE ( 'NONE', #3154, #3981 ) ;
#970 = CARTESIAN_POINT ( 'NONE',  ( -0.2491021049974450341, -0.09989754952556670342, -0.07874015748031495954 ) ) ;
#971 = AXIS2_PLACEMENT_3D ( 'NONE', #5675, #3984, #2071 ) ;
#972 = EDGE_LOOP ( 'NONE', ( #4801, #2706, #4653, #5499 ) ) ;
#973 = CARTESIAN_POINT ( 'NONE',  ( 0.2467864344510313501, -0.07132847252522378501, -0.07874015748031495954 ) ) ;
#974 = ORIENTED_EDGE ( 'NONE', *, *, #180, .F. ) ;
#975 = DIRECTION ( 'NONE',  ( 0.000000000000000000, 0.000000000000000000, 1.000000000000000000 ) ) ;
#976 = VECTOR ( 'NONE', #2511, 39.37007874015748143 ) ;
#977 = LINE ( 'NONE', #5033, #4554 ) ;
#978 = ORIENTED_EDGE ( 'NONE', *, *, #4550, .F. ) ;
#979 = AXIS2_PLACEMENT_3D ( 'NONE', #3965, #4961, #2297 ) ;
#980 = CARTESIAN_POINT ( 'NONE',  ( 0.2401574803149607862, 0.01497825796799926064, -0.1181102362204724532 ) ) ;
#981 = CARTESIAN_POINT ( 'NONE',  ( -0.2362204724409450174, 0.1437007874015747977, 0.2362204724409449341 ) ) ;
#982 = FACE_OUTER_BOUND ( 'NONE', #1541, .T. ) ;
#983 = EDGE_CURVE ( 'NONE', #3488, #4519, #2659, .T. ) ;
#984 = EDGE_CURVE ( 'NONE', #5683, #1136, #3862, .T. ) ;
#985 = AXIS2_PLACEMENT_3D ( 'NONE', #1464, #3427, #2111 ) ;
#986 = ORIENTED_EDGE ( 'NONE', *, *, #1869, .F. ) ;
#987 = ORIENTED_EDGE ( 'NONE', *, *, #5688, .T. ) ;
#988 = CARTESIAN_POINT ( 'NONE',  ( -0.2414573030938143294, -0.1255547575343105293, -0.09253195506462737197 ) ) ;
#989 = CARTESIAN_POINT ( 'NONE',  ( -0.2401574803149607862, 0.01497825796799926064, 0.1181102362204724532 ) ) ;
#990 = ORIENTED_EDGE ( 'NONE', *, *, #1053, .T. ) ;
#991 = VECTOR ( 'NONE', #255, 39.37007874015748143 ) ;
#992 = CYLINDRICAL_SURFACE ( 'NONE', #3710, 0.02486710885605532273 ) ;
#993 = ADVANCED_FACE ( 'NONE', ( #4969 ), #560, .F. ) ;
#994 = EDGE_CURVE ( 'NONE', #3379, #1576, #1334, .T. ) ;
#995 = CIRCLE ( 'NONE', #1091, 0.01574803149606299885 ) ;
#996 = VECTOR ( 'NONE', #2748, 39.37007874015748143 ) ;
#997 = CARTESIAN_POINT ( 'NONE',  ( 0.2623221870835730218, -0.01672474479929638227, -0.1181102362204724532 ) ) ;
#998 = FILL_AREA_STYLE_COLOUR ( '', #2470 ) ;
#999 = ORIENTED_EDGE ( 'NONE', *, *, #4362, .F. ) ;
#1000 = EDGE_LOOP ( 'NONE', ( #4778, #1112, #3431, #3107 ) ) ;
#1001 = TOROIDAL_SURFACE ( 'NONE', #68, 0.007874015748031495954, 0.007874015748031495954 ) ;
#1002 = VECTOR ( 'NONE', #1474, 39.37007874015748143 ) ;
#1003 = CARTESIAN_POINT ( 'NONE',  ( 0.2362204724409450174, 0.03072628946406225775, 0.07874015748031495954 ) ) ;
#1004 = EDGE_CURVE ( 'NONE', #2839, #1706, #4055, .T. ) ;
#1005 = DIRECTION ( 'NONE',  ( 1.000000000000000000, 0.000000000000000000, 0.000000000000000000 ) ) ;
#1006 = AXIS2_PLACEMENT_3D ( 'NONE', #205, #2561, #5133 ) ;
#1007 = DIRECTION ( 'NONE',  ( 0.000000000000000000, 0.000000000000000000, 1.000000000000000000 ) ) ;
#1008 = VERTEX_POINT ( 'NONE', #2827 ) ;
#1009 = DIRECTION ( 'NONE',  ( 0.000000000000000000, 0.000000000000000000, 1.000000000000000000 ) ) ;
#1010 = VECTOR ( 'NONE', #1953, 39.37007874015748143 ) ;
#1011 = CARTESIAN_POINT ( 'NONE',  ( -0.2283464566929135908, 0.1358267716535433156, 0.000000000000000000 ) ) ;
#1012 = VERTEX_POINT ( 'NONE', #4170 ) ;
#1013 = CARTESIAN_POINT ( 'NONE',  ( 0.2527541128200550546, -0.02068084257200989914, -0.1181102362204724532 ) ) ;
#1014 = DIRECTION ( 'NONE',  ( 0.3820956964504011455, -0.9241227617335711075, 0.000000000000000000 ) ) ;
#1015 = CARTESIAN_POINT ( 'NONE',  ( 0.2697666957634185514, -0.08083008780228616297, -0.07874015748031495954 ) ) ;
#1016 = VERTEX_POINT ( 'NONE', #1917 ) ;
#1017 = VERTEX_POINT ( 'NONE', #4611 ) ;
#1018 = CARTESIAN_POINT ( 'NONE',  ( -0.08566664463896878079, 0.000000000000000000, -0.2362204724409449896 ) ) ;
#1019 = ADVANCED_FACE ( 'NONE', ( #476 ), #156, .F. ) ;
#1020 = CARTESIAN_POINT ( 'NONE',  ( -0.09862665203939342817, 0.1122047244094488277, -0.2287720791657799069 ) ) ;
#1021 = VERTEX_POINT ( 'NONE', #2360 ) ;
#1022 = ORIENTED_EDGE ( 'NONE', *, *, #2357, .F. ) ;
#1023 = CARTESIAN_POINT ( 'NONE',  ( 0.2362204724409450174, 0.01891526584201501035, -0.07874015748031495954 ) ) ;
#1024 = ORIENTED_EDGE ( 'NONE', *, *, #2824, .T. ) ;
#1025 = EDGE_CURVE ( 'NONE', #693, #2345, #3738, .T. ) ;
#1026 = EDGE_CURVE ( 'NONE', #1817, #1496, #3489, .T. ) ;
#1027 = ORIENTED_EDGE ( 'NONE', *, *, #3007, .F. ) ;
#1028 = CARTESIAN_POINT ( 'NONE',  ( -0.2519685039370080371, -0.01672474479929638227, -0.1181102362204724532 ) ) ;
#1029 = FACE_OUTER_BOUND ( 'NONE', #5744, .T. ) ;
#1030 = ORIENTED_EDGE ( 'NONE', *, *, #3189, .F. ) ;
#1031 = EDGE_CURVE ( 'NONE', #2813, #4694, #3207, .T. ) ;
#1032 = CARTESIAN_POINT ( 'NONE',  ( 0.2204724409448817202, 0.007874015748031499423, 0.2204724409448819145 ) ) ;
#1033 = ORIENTED_EDGE ( 'NONE', *, *, #5656, .F. ) ;
#1034 = DIRECTION ( 'NONE',  ( -1.000000000000000000, 0.000000000000000000, 0.000000000000000000 ) ) ;
#1035 = CYLINDRICAL_SURFACE ( 'NONE', #1277, 0.007874015748031482076 ) ;
#1036 = ORIENTED_EDGE ( 'NONE', *, *, #5153, .F. ) ;
#1037 = EDGE_CURVE ( 'NONE', #550, #4679, #663, .T. ) ;
#1038 = DIRECTION ( 'NONE',  ( 0.000000000000000000, 0.000000000000000000, -1.000000000000000000 ) ) ;
#1039 = DIRECTION ( 'NONE',  ( -0.000000000000000000, -0.000000000000000000, -1.000000000000000000 ) ) ;
#1040 = ORIENTED_EDGE ( 'NONE', *, *, #418, .F. ) ;
#1041 = ORIENTED_EDGE ( 'NONE', *, *, #3685, .F. ) ;
#1042 = DIRECTION ( 'NONE',  ( 0.2731234667176057340, -0.9619789872591587576, 2.168404344971009499E-14 ) ) ;
#1043 = CARTESIAN_POINT ( 'NONE',  ( 0.2716535433070866867, -0.07132847252522378501, -0.1181102362204724532 ) ) ;
#1044 = VERTEX_POINT ( 'NONE', #665 ) ;
#1045 = AXIS2_PLACEMENT_3D ( 'NONE', #3888, #5116, #3853 ) ;
#1046 = CARTESIAN_POINT ( 'NONE',  ( 0.2403820138547686225, -0.1293420763817875185, 0.07874015748031495954 ) ) ;
#1047 = AXIS2_PLACEMENT_3D ( 'NONE', #326, #1679, #849 ) ;
#1048 = CARTESIAN_POINT ( 'NONE',  ( -0.09865035267987307122, 0.1122047244094488277, 0.2283464566929134520 ) ) ;
#1049 = ORIENTED_EDGE ( 'NONE', *, *, #3752, .T. ) ;
#1050 = DIRECTION ( 'NONE',  ( 0.000000000000000000, 1.000000000000000000, 0.000000000000000000 ) ) ;
#1051 = VECTOR ( 'NONE', #4250, 39.37007874015748143 ) ;
#1052 = CIRCLE ( 'NONE', #122, 0.02952755905511817228 ) ;
#1053 = EDGE_CURVE ( 'NONE', #3993, #1706, #1609, .T. ) ;
#1054 = EDGE_CURVE ( 'NONE', #3786, #3399, #2506, .T. ) ;
#1055 = FACE_OUTER_BOUND ( 'NONE', #244, .T. ) ;
#1056 = CARTESIAN_POINT ( 'NONE',  ( -0.2519685039370080371, 0.01497825796799926064, -0.07874015748031495954 ) ) ;
#1057 = AXIS2_PLACEMENT_3D ( 'NONE', #2070, #3388, #2901 ) ;
#1058 = VERTEX_POINT ( 'NONE', #4308 ) ;
#1059 = FACE_OUTER_BOUND ( 'NONE', #4844, .T. ) ;
#1060 = EDGE_CURVE ( 'NONE', #1063, #3839, #237, .T. ) ;
#1061 = AXIS2_PLACEMENT_3D ( 'NONE', #2847, #5186, #5529 ) ;
#1062 = DIRECTION ( 'NONE',  ( -1.000000000000000000, 0.000000000000000000, 0.000000000000000000 ) ) ;
#1063 = VERTEX_POINT ( 'NONE', #1174 ) ;
#1064 = CARTESIAN_POINT ( 'NONE',  ( 0.2362204724409447121, 0.1043307086614173318, 0.09076414801644791530 ) ) ;
#1065 = CARTESIAN_POINT ( 'NONE',  ( -0.2517439703972003673, -0.1325679440989253610, -0.1043184386361597493 ) ) ;
#1066 = VECTOR ( 'NONE', #4325, 39.37007874015748854 ) ;
#1067 = CARTESIAN_POINT ( 'NONE',  ( -0.08566664463896897508, 0.001968503937007873988, -0.1657158043835799122 ) ) ;
#1068 = EDGE_CURVE ( 'NONE', #1136, #2644, #4724, .T. ) ;
#1069 = AXIS2_PLACEMENT_3D ( 'NONE', #3885, #3035, #4823 ) ;
#1070 = EDGE_LOOP ( 'NONE', ( #153, #2920, #4958, #3113 ) ) ;
#1071 = ORIENTED_EDGE ( 'NONE', *, *, #1354, .T. ) ;
#1072 = LINE ( 'NONE', #2870, #5740 ) ;
#1073 = DIRECTION ( 'NONE',  ( 1.000000000000000000, 0.000000000000000000, 0.000000000000000000 ) ) ;
#1074 = EDGE_LOOP ( 'NONE', ( #2024, #5066, #2418, #5094 ) ) ;
#1075 = VECTOR ( 'NONE', #4112, 39.37007874015748143 ) ;
#1076 = LINE ( 'NONE', #2875, #520 ) ;
#1077 = CARTESIAN_POINT ( 'NONE',  ( 0.2467864344510313501, -0.07132847252522378501, 0.07874015748031495954 ) ) ;
#1078 = ORIENTED_EDGE ( 'NONE', *, *, #1492, .T. ) ;
#1079 = DIRECTION ( 'NONE',  ( 1.077125096681061906E-15, -1.000000000000000000, 0.000000000000000000 ) ) ;
#1080 = CIRCLE ( 'NONE', #2688, 0.003937007874015747109 ) ;
#1081 = LINE ( 'NONE', #1165, #5280 ) ;
#1082 = ORIENTED_EDGE ( 'NONE', *, *, #2327, .T. ) ;
#1083 = CARTESIAN_POINT ( 'NONE',  ( 0.2362204724409450174, 0.01497825796799926064, -0.07874015748031495954 ) ) ;
#1084 = STYLED_ITEM ( 'NONE', ( #2411 ), #3691 ) ;
#1085 = DIRECTION ( 'NONE',  ( 0.3820956964504000353, 0.9241227617335716626, 0.000000000000000000 ) ) ;
#1086 = AXIS2_PLACEMENT_3D ( 'NONE', #3783, #4714, #3813 ) ;
#1087 = VECTOR ( 'NONE', #2836, 39.37007874015748143 ) ;
#1088 = FACE_OUTER_BOUND ( 'NONE', #3459, .T. ) ;
#1089 = VERTEX_POINT ( 'NONE', #1579 ) ;
#1090 = CARTESIAN_POINT ( 'NONE',  ( 0.09076414801644738795, 0.1358267716535433156, -0.2283464566929133410 ) ) ;
#1091 = AXIS2_PLACEMENT_3D ( 'NONE', #5243, #374, #350 ) ;
#1092 = DIRECTION ( 'NONE',  ( -0.000000000000000000, -0.000000000000000000, -1.000000000000000000 ) ) ;
#1093 = ORIENTED_EDGE ( 'NONE', *, *, #5410, .F. ) ;
#1094 = LINE ( 'NONE', #1149, #3969 ) ;
#1095 = LINE ( 'NONE', #1621, #2559 ) ;
#1096 = ADVANCED_FACE ( 'NONE', ( #3373 ), #2911, .T. ) ;
#1097 = EDGE_CURVE ( 'NONE', #3164, #2332, #2086, .T. ) ;
#1098 = AXIS2_PLACEMENT_3D ( 'NONE', #2421, #4111, #5054 ) ;
#1099 = CARTESIAN_POINT ( 'NONE',  ( -0.2362204724409450174, 0.1087477953154689370, 0.09518123467049900699 ) ) ;
#1100 = ORIENTED_EDGE ( 'NONE', *, *, #4032, .F. ) ;
#1101 = ORIENTED_EDGE ( 'NONE', *, *, #2064, .F. ) ;
#1102 = CYLINDRICAL_SURFACE ( 'NONE', #3855, 0.02486710885605532273 ) ;
#1103 = DIRECTION ( 'NONE',  ( 0.000000000000000000, 0.000000000000000000, 1.000000000000000000 ) ) ;
#1104 = EDGE_CURVE ( 'NONE', #214, #550, #3406, .T. ) ;
#1105 = ORIENTED_EDGE ( 'NONE', *, *, #66, .T. ) ;
#1106 = FACE_OUTER_BOUND ( 'NONE', #5065, .T. ) ;
#1107 = DIRECTION ( 'NONE',  ( 1.000000000000000000, 0.000000000000000000, 0.000000000000000000 ) ) ;
#1108 = EDGE_LOOP ( 'NONE', ( #2676, #439, #5478, #1357 ) ) ;
#1109 = DIRECTION ( 'NONE',  ( -0.2485354773382434934, -0.8753766553315870391, 0.4146635115424738283 ) ) ;
#1110 = CARTESIAN_POINT ( 'NONE',  ( 0.2697666957634185514, -0.06182685724816141398, 0.07874015748031495954 ) ) ;
#1111 = ORIENTED_EDGE ( 'NONE', *, *, #20, .F. ) ;
#1112 = ORIENTED_EDGE ( 'NONE', *, *, #557, .F. ) ;
#1113 = FACE_OUTER_BOUND ( 'NONE', #966, .T. ) ;
#1114 = CARTESIAN_POINT ( 'NONE',  ( -0.2467864344510313501, -0.07132847252522378501, 0.07874015748031495954 ) ) ;
#1115 = DIRECTION ( 'NONE',  ( 0.000000000000000000, 0.000000000000000000, 1.000000000000000000 ) ) ;
#1116 = ORIENTED_EDGE ( 'NONE', *, *, #4758, .F. ) ;
#1117 = PLANE ( 'NONE',  #347 ) ;
#1118 = DIRECTION ( 'NONE',  ( -0.05405405405405405705, 0.000000000000000000, -0.9985380109141170912 ) ) ;
#1119 = ORIENTED_EDGE ( 'NONE', *, *, #1054, .T. ) ;
#1120 = DIRECTION ( 'NONE',  ( 0.000000000000000000, 0.000000000000000000, -1.000000000000000000 ) ) ;
#1121 = CARTESIAN_POINT ( 'NONE',  ( -0.2972320595286911393, -0.1197977719400046548, 0.07874015748031495954 ) ) ;
#1122 = CARTESIAN_POINT ( 'NONE',  ( -0.2401574803149607862, 0.01497825796799926064, -0.1181102362204724532 ) ) ;
#1123 = ADVANCED_FACE ( 'NONE', ( #3880 ), #5660, .T. ) ;
#1124 = EDGE_CURVE ( 'NONE', #3663, #3923, #5539, .T. ) ;
#1125 = ORIENTED_EDGE ( 'NONE', *, *, #521, .F. ) ;
#1126 = ORIENTED_EDGE ( 'NONE', *, *, #4372, .T. ) ;
#1127 = DIRECTION ( 'NONE',  ( 0.000000000000000000, 0.000000000000000000, -1.000000000000000000 ) ) ;
#1128 = CARTESIAN_POINT ( 'NONE',  ( 0.2362204724409444900, 0.1122047244094488277, 0.2362204724409452394 ) ) ;
#1129 = EDGE_CURVE ( 'NONE', #2813, #2610, #4427, .T. ) ;
#1130 = DIRECTION ( 'NONE',  ( -0.9619789872591596458, -0.2731234667176027919, -0.000000000000000000 ) ) ;
#1131 = EDGE_LOOP ( 'NONE', ( #5103, #545, #2194, #1199 ) ) ;
#1132 = LINE ( 'NONE', #5130, #620 ) ;
#1133 = ORIENTED_EDGE ( 'NONE', *, *, #2146, .T. ) ;
#1134 = LINE ( 'NONE', #2466, #676 ) ;
#1135 = EDGE_LOOP ( 'NONE', ( #1580, #1126, #4947, #4547 ) ) ;
#1136 = VERTEX_POINT ( 'NONE', #1056 ) ;
#1137 = AXIS2_PLACEMENT_3D ( 'NONE', #4350, #334, #365 ) ;
#1138 = CARTESIAN_POINT ( 'NONE',  ( 0.2283464566929132300, 0.1122047244094488277, -0.09076414801644770713 ) ) ;
#1139 = DIRECTION ( 'NONE',  ( -0.000000000000000000, -0.000000000000000000, -1.000000000000000000 ) ) ;
#1140 = FILL_AREA_STYLE_COLOUR ( '', #2191 ) ;
#1141 = ORIENTED_EDGE ( 'NONE', *, *, #4978, .T. ) ;
#1142 = VECTOR ( 'NONE', #3121, 39.37007874015748143 ) ;
#1143 = AXIS2_PLACEMENT_3D ( 'NONE', #3608, #57, #3553 ) ;
#1144 = CYLINDRICAL_SURFACE ( 'NONE', #4746, 0.007874015748031482076 ) ;
#1145 = LINE ( 'NONE', #3621, #224 ) ;
#1146 = LINE ( 'NONE', #2479, #3715 ) ;
#1147 = AXIS2_PLACEMENT_3D ( 'NONE', #981, #5384, #2254 ) ;
#1148 = EDGE_LOOP ( 'NONE', ( #5786, #839, #4155, #631 ) ) ;
#1149 = CARTESIAN_POINT ( 'NONE',  ( -0.2204724409448820255, 0.1437007874015747977, 0.2362204724409449341 ) ) ;
#1150 = LINE ( 'NONE', #1560, #4987 ) ;
#1151 = CIRCLE ( 'NONE', #2571, 0.02952755905511817228 ) ;
#1152 = DIRECTION ( 'NONE',  ( 0.000000000000000000, 0.000000000000000000, 1.000000000000000000 ) ) ;
#1153 = VERTEX_POINT ( 'NONE', #2032 ) ;
#1154 = AXIS2_PLACEMENT_3D ( 'NONE', #5300, #5709, #3954 ) ;
#1155 = VERTEX_POINT ( 'NONE', #617 ) ;
#1156 = CARTESIAN_POINT ( 'NONE',  ( -0.2362204724409450174, 0.01891526584201501035, 0.07874015748031495954 ) ) ;
#1157 = DIRECTION ( 'NONE',  ( 0.000000000000000000, 1.000000000000000000, 0.000000000000000000 ) ) ;
#1158 = EDGE_CURVE ( 'NONE', #820, #752, #2975, .T. ) ;
#1159 = PLANE ( 'NONE',  #4551 ) ;
#1160 = CIRCLE ( 'NONE', #5102, 0.05208177584647953606 ) ;
#1161 = CARTESIAN_POINT ( 'NONE',  ( -0.2418392770515483403, -0.02519378386866816602, -0.07874015748031495954 ) ) ;
#1162 = EDGE_LOOP ( 'NONE', ( #1024, #300, #4227, #5504, #598, #1840, #2288, #3720 ) ) ;
#1163 = LINE ( 'NONE', #5100, #1467 ) ;
#1164 = EDGE_LOOP ( 'NONE', ( #203, #1349, #3122, #1859 ) ) ;
#1165 = CARTESIAN_POINT ( 'NONE',  ( 0.2403820138547687058, -0.1293420763817875740, -0.1068508981224270543 ) ) ;
#1166 = ORIENTED_EDGE ( 'NONE', *, *, #249, .T. ) ;
#1167 = CIRCLE ( 'NONE', #604, 0.01305608523400804757 ) ;
#1168 = EDGE_CURVE ( 'NONE', #1681, #3923, #1552, .T. ) ;
#1169 = ORIENTED_EDGE ( 'NONE', *, *, #21, .F. ) ;
#1170 = EDGE_CURVE ( 'NONE', #693, #1348, #3761, .T. ) ;
#1171 = CARTESIAN_POINT ( 'NONE',  ( -0.1870078740157481711, 0.08907480314960614098, 0.1870078740157479769 ) ) ;
#1172 = AXIS2_PLACEMENT_3D ( 'NONE', #4900, #1820, #4488 ) ;
#1173 = CARTESIAN_POINT ( 'NONE',  ( 0.2283464566929132300, 0.1358267716535433156, -0.09076414801644770713 ) ) ;
#1174 = CARTESIAN_POINT ( 'NONE',  ( -0.08566664463896897508, 0.000000000000000000, 0.2283464566929134520 ) ) ;
#1175 = FACE_OUTER_BOUND ( 'NONE', #3887, .T. ) ;
#1176 = ORIENTED_EDGE ( 'NONE', *, *, #2819, .F. ) ;
#1177 = ADVANCED_FACE ( 'NONE', ( #1088 ), #644, .F. ) ;
#1178 = AXIS2_PLACEMENT_3D ( 'NONE', #2845, #3837, #1987 ) ;
#1179 = DIRECTION ( 'NONE',  ( 0.9241227617335713296, -0.3820956964504008679, 0.000000000000000000 ) ) ;
#1180 = CARTESIAN_POINT ( 'NONE',  ( -0.2283464566929135908, 0.000000000000000000, 0.2204724409448819145 ) ) ;
#1181 = DIRECTION ( 'NONE',  ( -0.9985380109141172023, 0.000000000000000000, 0.05405405405405417502 ) ) ;
#1182 = VECTOR ( 'NONE', #3155, 39.37007874015748143 ) ;
#1183 = AXIS2_PLACEMENT_3D ( 'NONE', #677, #3452, #5235 ) ;
#1184 = ORIENTED_EDGE ( 'NONE', *, *, #5218, .F. ) ;
#1185 = DIRECTION ( 'NONE',  ( 0.000000000000000000, 0.000000000000000000, -1.000000000000000000 ) ) ;
#1186 = DIRECTION ( 'NONE',  ( -1.000000000000000000, 0.000000000000000000, 0.000000000000000000 ) ) ;
#1187 = VECTOR ( 'NONE', #2628, 39.37007874015748143 ) ;
#1188 = AXIS2_PLACEMENT_3D ( 'NONE', #2308, #5060, #1034 ) ;
#1189 = CARTESIAN_POINT ( 'NONE',  ( -0.2401574803149607862, 0.01497825796799926064, -0.1181102362204724532 ) ) ;
#1190 = ORIENTED_EDGE ( 'NONE', *, *, #3087, .F. ) ;
#1191 = AXIS2_PLACEMENT_3D ( 'NONE', #1358, #3152, #1325 ) ;
#1192 = ORIENTED_EDGE ( 'NONE', *, *, #1244, .F. ) ;
#1193 = DIRECTION ( 'NONE',  ( 0.000000000000000000, 0.000000000000000000, 1.000000000000000000 ) ) ;
#1194 = LINE ( 'NONE', #2197, #4631 ) ;
#1195 = CYLINDRICAL_SURFACE ( 'NONE', #803, 0.04027075222444161801 ) ;
#1196 = DIRECTION ( 'NONE',  ( 0.05405405405405417502, 0.000000000000000000, 0.9985380109141172023 ) ) ;
#1197 = EDGE_LOOP ( 'NONE', ( #3882, #691, #750, #5639 ) ) ;
#1198 = SPHERICAL_SURFACE ( 'NONE', #4370, 0.007874015748031495954 ) ;
#1199 = ORIENTED_EDGE ( 'NONE', *, *, #587, .F. ) ;
#1200 = CARTESIAN_POINT ( 'NONE',  ( 0.2362204724409447121, 0.1437007874015747977, 0.09076414801644791530 ) ) ;
#1201 = VERTEX_POINT ( 'NONE', #5600 ) ;
#1202 = DIRECTION ( 'NONE',  ( 0.000000000000000000, 0.000000000000000000, -1.000000000000000000 ) ) ;
#1203 = SPHERICAL_SURFACE ( 'NONE', #3259, 0.04281496062992144053 ) ;
#1204 = CARTESIAN_POINT ( 'NONE',  ( 0.2716535433070866867, -0.07132847252522378501, 0.07874015748031495954 ) ) ;
#1205 = ADVANCED_FACE ( 'NONE', ( #263 ), #2002, .T. ) ;
#1206 = EDGE_CURVE ( 'NONE', #3914, #3577, #4701, .T. ) ;
#1207 = ORIENTED_EDGE ( 'NONE', *, *, #2749, .F. ) ;
#1208 = DIRECTION ( 'NONE',  ( -1.000000000000000000, 0.000000000000000000, 0.000000000000000000 ) ) ;
#1209 = ORIENTED_EDGE ( 'NONE', *, *, #1784, .T. ) ;
#1210 = CARTESIAN_POINT ( 'NONE',  ( 0.2712436495226174804, -0.1340116472431664985, 0.09253195506462806585 ) ) ;
#1211 = CARTESIAN_POINT ( 'NONE',  ( 0.2283464566929132300, 0.1122047244094488277, 0.09842519685039413657 ) ) ;
#1212 = DIRECTION ( 'NONE',  ( 0.000000000000000000, 0.000000000000000000, 1.000000000000000000 ) ) ;
#1213 = EDGE_CURVE ( 'NONE', #4422, #4933, #2214, .T. ) ;
#1214 = EDGE_LOOP ( 'NONE', ( #3031, #5139, #1231, #2080 ) ) ;
#1215 = FACE_OUTER_BOUND ( 'NONE', #3348, .T. ) ;
#1216 = ORIENTED_EDGE ( 'NONE', *, *, #1894, .F. ) ;
#1217 = CARTESIAN_POINT ( 'NONE',  ( 1.639290990984646103E-17, 0.1437007874015747977, -0.1338582677165354173 ) ) ;
#1218 = EDGE_CURVE ( 'NONE', #3702, #3663, #5171, .T. ) ;
#1219 = VERTEX_POINT ( 'NONE', #3442 ) ;
#1220 = ORIENTED_EDGE ( 'NONE', *, *, #4833, .F. ) ;
#1221 = DIRECTION ( 'NONE',  ( 0.000000000000000000, 0.000000000000000000, 1.000000000000000000 ) ) ;
#1222 = PLANE ( 'NONE',  #971 ) ;
#1223 = CARTESIAN_POINT ( 'NONE',  ( -0.1870078740157481711, 0.1200787401574803237, -0.1574803149606297803 ) ) ;
#1224 = CARTESIAN_POINT ( 'NONE',  ( 0.09076414801644717978, 0.1043307086614173318, 0.2362204724409449341 ) ) ;
#1225 = ORIENTED_EDGE ( 'NONE', *, *, #2232, .T. ) ;
#1226 = PLANE ( 'NONE',  #2971 ) ;
#1227 = FACE_OUTER_BOUND ( 'NONE', #221, .T. ) ;
#1228 = VERTEX_POINT ( 'NONE', #4908 ) ;
#1229 = CARTESIAN_POINT ( 'NONE',  ( -0.08566664463896878079, 0.001968503937007873988, -0.2362204724409449896 ) ) ;
#1230 = CARTESIAN_POINT ( 'NONE',  ( -0.09865035267987298795, 0.1122047244094488277, -0.2283464566929133410 ) ) ;
#1231 = ORIENTED_EDGE ( 'NONE', *, *, #4031, .F. ) ;
#1232 = CARTESIAN_POINT ( 'NONE',  ( -0.2362204724409450174, 0.03072628946406225775, 0.1181102362204724532 ) ) ;
#1233 = DIRECTION ( 'NONE',  ( 0.000000000000000000, 0.000000000000000000, 1.000000000000000000 ) ) ;
#1234 = ORIENTED_EDGE ( 'NONE', *, *, #1922, .T. ) ;
#1235 = EDGE_CURVE ( 'NONE', #4873, #5132, #793, .T. ) ;
#1236 = CARTESIAN_POINT ( 'NONE',  ( 0.2600169407659517762, -0.1044104908222249634, 0.07874015748031495954 ) ) ;
#1237 = EDGE_CURVE ( 'NONE', #1012, #559, #2663, .T. ) ;
#1238 = AXIS2_PLACEMENT_3D ( 'NONE', #5057, #5454, #3181 ) ;
#1239 = LINE ( 'NONE', #2980, #976 ) ;
#1240 = ORIENTED_EDGE ( 'NONE', *, *, #3908, .F. ) ;
#1241 = VECTOR ( 'NONE', #1300, 39.37007874015748143 ) ;
#1242 = CARTESIAN_POINT ( 'NONE',  ( -0.2697666957634185514, -0.06182685724816141398, -0.1181102362204724532 ) ) ;
#1243 = EDGE_LOOP ( 'NONE', ( #5391, #2088, #1719, #1761 ) ) ;
#1244 = EDGE_CURVE ( 'NONE', #3814, #3484, #2565, .T. ) ;
#1245 = DIRECTION ( 'NONE',  ( 0.2731234667176492548, 0.9619789872591464341, 0.000000000000000000 ) ) ;
#1246 = AXIS2_PLACEMENT_3D ( 'NONE', #5329, #5352, #81 ) ;
#1247 = VERTEX_POINT ( 'NONE', #1232 ) ;
#1248 = ORIENTED_EDGE ( 'NONE', *, *, #4940, .T. ) ;
#1249 = CARTESIAN_POINT ( 'NONE',  ( -0.2588518599949117815, -0.06633979854481968086, -0.1181102362204724532 ) ) ;
#1250 = DIRECTION ( 'NONE',  ( -0.000000000000000000, -1.000000000000000000, -0.000000000000000000 ) ) ;
#1251 = CIRCLE ( 'NONE', #2575, 0.1338582677165354173 ) ;
#1252 = EDGE_CURVE ( 'NONE', #2657, #2817, #302, .T. ) ;
#1253 = FACE_OUTER_BOUND ( 'NONE', #5596, .T. ) ;
#1254 = AXIS2_PLACEMENT_3D ( 'NONE', #254, #3725, #2046 ) ;
#1255 = CARTESIAN_POINT ( 'NONE',  ( -0.2362204724409450174, 0.1122047244094488277, 0.2362204724409446843 ) ) ;
#1256 = ORIENTED_EDGE ( 'NONE', *, *, #1158, .T. ) ;
#1257 = DIRECTION ( 'NONE',  ( 0.000000000000000000, 0.000000000000000000, 1.000000000000000000 ) ) ;
#1258 = CARTESIAN_POINT ( 'NONE',  ( 0.09076414801644717978, 0.1122047244094488277, 0.2283464566929134520 ) ) ;
#1259 = ORIENTED_EDGE ( 'NONE', *, *, #305, .F. ) ;
#1260 = AXIS2_PLACEMENT_3D ( 'NONE', #797, #3377, #4382 ) ;
#1261 = DIRECTION ( 'NONE',  ( 0.000000000000000000, 0.000000000000000000, 1.000000000000000000 ) ) ;
#1262 = CARTESIAN_POINT ( 'NONE',  ( 0.2204724409448817202, 0.000000000000000000, -0.2283464566929133410 ) ) ;
#1263 = CIRCLE ( 'NONE', #5198, 0.04027075222444161801 ) ;
#1264 = ORIENTED_EDGE ( 'NONE', *, *, #3687, .T. ) ;
#1265 = DIRECTION ( 'NONE',  ( -1.000000000000000000, 0.000000000000000000, 0.000000000000000000 ) ) ;
#1266 = DIRECTION ( 'NONE',  ( 0.000000000000000000, -1.000000000000000000, 0.000000000000000000 ) ) ;
#1267 = EDGE_LOOP ( 'NONE', ( #5083, #2564, #4846 ) ) ;
#1268 = CARTESIAN_POINT ( 'NONE',  ( 0.2283464566929132300, 0.1437007874015747977, 0.000000000000000000 ) ) ;
#1269 = AXIS2_PLACEMENT_3D ( 'NONE', #1431, #1510, #2437 ) ;
#1270 = LINE ( 'NONE', #5603, #5287 ) ;
#1271 = CARTESIAN_POINT ( 'NONE',  ( -0.2471304855452271521, -0.1055730167680026255, 0.1181102362204724532 ) ) ;
#1272 = EDGE_CURVE ( 'NONE', #3527, #4548, #3913, .T. ) ;
#1273 = DIRECTION ( 'NONE',  ( 1.000000000000000000, 0.000000000000000000, 0.000000000000000000 ) ) ;
#1274 = VERTEX_POINT ( 'NONE', #1704 ) ;
#1275 = CARTESIAN_POINT ( 'NONE',  ( -0.2697666957634185514, -0.06182685724816141398, 0.07874015748031495954 ) ) ;
#1276 = DIRECTION ( 'NONE',  ( 0.000000000000000000, 0.000000000000000000, 1.000000000000000000 ) ) ;
#1277 = AXIS2_PLACEMENT_3D ( 'NONE', #1011, #508, #1414 ) ;
#1278 = AXIS2_PLACEMENT_3D ( 'NONE', #274, #1276, #1623 ) ;
#1279 = ORIENTED_EDGE ( 'NONE', *, *, #5112, .F. ) ;
#1280 = ADVANCED_FACE ( 'NONE', ( #2684 ), #2598, .T. ) ;
#1281 = EDGE_CURVE ( 'NONE', #1153, #4340, #491, .T. ) ;
#1282 = ORIENTED_EDGE ( 'NONE', *, *, #767, .F. ) ;
#1283 = CARTESIAN_POINT ( 'NONE',  ( 0.2418392770515483403, -0.02519378386866816602, -0.1181102362204724532 ) ) ;
#1284 = CARTESIAN_POINT ( 'NONE',  ( 0.2519685039370080371, 0.01497825796799926064, 0.07874015748031495954 ) ) ;
#1285 = CIRCLE ( 'NONE', #1183, 0.05208177584647953606 ) ;
#1286 = DIRECTION ( 'NONE',  ( -0.3820956964504006459, 0.9241227617335713296, 0.000000000000000000 ) ) ;
#1287 = CIRCLE ( 'NONE', #1188, 0.02216470676861258607 ) ;
#1288 = ORIENTED_EDGE ( 'NONE', *, *, #3790, .F. ) ;
#1289 = DIRECTION ( 'NONE',  ( -0.000000000000000000, -0.000000000000000000, -1.000000000000000000 ) ) ;
#1290 = EDGE_CURVE ( 'NONE', #4025, #2809, #3771, .T. ) ;
#1291 = ORIENTED_EDGE ( 'NONE', *, *, #2252, .T. ) ;
#1292 = PLANE ( 'NONE',  #410 ) ;
#1293 = VERTEX_POINT ( 'NONE', #2242 ) ;
#1294 = ORIENTED_EDGE ( 'NONE', *, *, #552, .T. ) ;
#1295 = AXIS2_PLACEMENT_3D ( 'NONE', #94, #2822, #1970 ) ;
#1296 = CARTESIAN_POINT ( 'NONE',  ( 0.2283464566929132300, 0.000000000000000000, -0.2204724409448818312 ) ) ;
#1297 = CARTESIAN_POINT ( 'NONE',  ( 0.2697666957634185514, -0.06182685724816141398, -0.07874015748031495954 ) ) ;
#1298 = ADVANCED_FACE ( 'NONE', ( #4342 ), #1612, .T. ) ;
#1299 = DIRECTION ( 'NONE',  ( 0.000000000000000000, 1.000000000000000000, 0.000000000000000000 ) ) ;
#1300 = DIRECTION ( 'NONE',  ( 1.000000000000000000, 0.000000000000000000, 0.000000000000000000 ) ) ;
#1301 = ORIENTED_EDGE ( 'NONE', *, *, #994, .T. ) ;
#1302 = CARTESIAN_POINT ( 'NONE',  ( 0.2588518599949117815, -0.06633979854481968086, -0.1181102362204724532 ) ) ;
#1303 = DIRECTION ( 'NONE',  ( 0.000000000000000000, 1.000000000000000000, 0.000000000000000000 ) ) ;
#1304 = CARTESIAN_POINT ( 'NONE',  ( -0.2697666957634185514, -0.06182685724816141398, -0.07874015748031495954 ) ) ;
#1305 = DIRECTION ( 'NONE',  ( 0.000000000000000000, 0.000000000000000000, -1.000000000000000000 ) ) ;
#1306 = VERTEX_POINT ( 'NONE', #2151 ) ;
#1307 = CARTESIAN_POINT ( 'NONE',  ( -0.2584924420876581475, -0.1087988844851397185, 0.07874015748031495954 ) ) ;
#1308 = EDGE_LOOP ( 'NONE', ( #4010, #2349, #2267, #5398 ) ) ;
#1309 = VERTEX_POINT ( 'NONE', #445 ) ;
#1310 = CARTESIAN_POINT ( 'NONE',  ( -0.2204724409448820255, 0.1437007874015747977, 0.2204724409448819145 ) ) ;
#1311 = DIRECTION ( 'NONE',  ( -0.000000000000000000, -0.000000000000000000, -1.000000000000000000 ) ) ;
#1312 = LINE ( 'NONE', #2233, #2494 ) ;
#1313 = ADVANCED_FACE ( 'NONE', ( #3065 ), #825, .T. ) ;
#1314 = EDGE_CURVE ( 'NONE', #1959, #3865, #4434, .T. ) ;
#1315 = ORIENTED_EDGE ( 'NONE', *, *, #5293, .F. ) ;
#1316 = LINE ( 'NONE', #3959, #5458 ) ;
#1317 = ORIENTED_EDGE ( 'NONE', *, *, #1213, .F. ) ;
#1318 = CARTESIAN_POINT ( 'NONE',  ( -0.2600169407659517762, -0.1044104908222249634, 0.1181102362204724532 ) ) ;
#1319 = EDGE_CURVE ( 'NONE', #4330, #1750, #2279, .T. ) ;
#1320 = CYLINDRICAL_SURFACE ( 'NONE', #1735, 0.01574803149606299885 ) ;
#1321 = LINE ( 'NONE', #32, #120 ) ;
#1322 = ORIENTED_EDGE ( 'NONE', *, *, #4955, .F. ) ;
#1323 = DIRECTION ( 'NONE',  ( -0.2731234667175965747, 0.9619789872591615332, 4.336808689942011425E-15 ) ) ;
#1324 = ORIENTED_EDGE ( 'NONE', *, *, #5404, .T. ) ;
#1325 = DIRECTION ( 'NONE',  ( 0.000000000000000000, 0.000000000000000000, 1.000000000000000000 ) ) ;
#1326 = EDGE_CURVE ( 'NONE', #286, #509, #1646, .T. ) ;
#1327 = CYLINDRICAL_SURFACE ( 'NONE', #2208, 0.02486710885605532273 ) ;
#1328 = CARTESIAN_POINT ( 'NONE',  ( 0.000000000000000000, 0.3861015708401771551, 0.000000000000000000 ) ) ;
#1329 = UNCERTAINTY_MEASURE_WITH_UNIT (LENGTH_MEASURE( 1.000000000000000082E-05 ), #4164, 'distance_accuracy_value', 'NONE');
#1330 = CARTESIAN_POINT ( 'NONE',  ( 0.000000000000000000, 0.000000000000000000, 0.000000000000000000 ) ) ;
#1331 = ORIENTED_EDGE ( 'NONE', *, *, #1863, .T. ) ;
#1332 = AXIS2_PLACEMENT_3D ( 'NONE', #4802, #4295, #3924 ) ;
#1333 = DIRECTION ( 'NONE',  ( 0.2731234667175965747, 0.9619789872591615332, -4.336808689942011425E-15 ) ) ;
#1334 = CIRCLE ( 'NONE', #4613, 0.01574803149606299885 ) ;
#1335 = ORIENTED_EDGE ( 'NONE', *, *, #1863, .F. ) ;
#1336 = CYLINDRICAL_SURFACE ( 'NONE', #4152, 0.01574803149606299885 ) ;
#1337 = CYLINDRICAL_SURFACE ( 'NONE', #4436, 0.05208177584647953606 ) ;
#1338 = CIRCLE ( 'NONE', #4617, 0.02486710885605532273 ) ;
#1339 = DIRECTION ( 'NONE',  ( 0.000000000000000000, 0.000000000000000000, 1.000000000000000000 ) ) ;
#1340 = ORIENTED_EDGE ( 'NONE', *, *, #377, .T. ) ;
#1341 = AXIS2_PLACEMENT_3D ( 'NONE', #5799, #5413, #2282 ) ;
#1342 = ORIENTED_EDGE ( 'NONE', *, *, #3283, .T. ) ;
#1343 = CARTESIAN_POINT ( 'NONE',  ( 0.09862665203939319225, 0.1121932126843631361, -0.2287720791657799069 ) ) ;
#1344 = AXIS2_PLACEMENT_3D ( 'NONE', #299, #5578, #2516 ) ;
#1345 = EDGE_CURVE ( 'NONE', #3646, #3814, #758, .T. ) ;
#1346 = CARTESIAN_POINT ( 'NONE',  ( -0.09076414801644763775, 0.1358267716535433156, -0.2283464566929133410 ) ) ;
#1347 = EDGE_CURVE ( 'NONE', #24, #4595, #5636, .T. ) ;
#1348 = VERTEX_POINT ( 'NONE', #910 ) ;
#1349 = ORIENTED_EDGE ( 'NONE', *, *, #131, .F. ) ;
#1350 = CARTESIAN_POINT ( 'NONE',  ( -0.2467864344510313501, -0.07132847252522378501, 0.07874015748031495954 ) ) ;
#1351 = CIRCLE ( 'NONE', #3307, 0.01305608523400804757 ) ;
#1352 = CARTESIAN_POINT ( 'NONE',  ( -0.2517439703971998677, -0.1325679440989251945, 0.07874015748031495954 ) ) ;
#1353 = ADVANCED_FACE ( 'NONE', ( #10 ), #4491, .T. ) ;
#1354 = EDGE_CURVE ( 'NONE', #4322, #3712, #4992, .T. ) ;
#1355 = CIRCLE ( 'NONE', #4446, 0.01305608523400804757 ) ;
#1356 = CARTESIAN_POINT ( 'NONE',  ( 0.2283464566929132300, 0.1358267716535433156, 0.000000000000000000 ) ) ;
#1357 = ORIENTED_EDGE ( 'NONE', *, *, #5179, .T. ) ;
#1358 = CARTESIAN_POINT ( 'NONE',  ( -0.2283464566929135908, 0.1358267716535433156, 0.09076414801644738795 ) ) ;
#1359 = VECTOR ( 'NONE', #763, 39.37007874015748143 ) ;
#1360 = LINE ( 'NONE', #5374, #2011 ) ;
#1361 = LINE ( 'NONE', #3622, #1766 ) ;
#1362 = EDGE_CURVE ( 'NONE', #3513, #4921, #2715, .T. ) ;
#1363 = DIRECTION ( 'NONE',  ( 0.2731234667176487552, 0.9619789872591466562, 0.000000000000000000 ) ) ;
#1364 = ORIENTED_EDGE ( 'NONE', *, *, #5508, .F. ) ;
#1365 = CIRCLE ( 'NONE', #979, 0.003937007874015747109 ) ;
#1366 = LINE ( 'NONE', #425, #5780 ) ;
#1367 = ORIENTED_EDGE ( 'NONE', *, *, #5754, .T. ) ;
#1368 = LINE ( 'NONE', #4863, #2094 ) ;
#1369 = DIRECTION ( 'NONE',  ( 0.000000000000000000, 1.000000000000000000, 0.000000000000000000 ) ) ;
#1370 = AXIS2_PLACEMENT_3D ( 'NONE', #5679, #4805, #1666 ) ;
#1371 = CARTESIAN_POINT ( 'NONE',  ( 0.2523733764244589506, -0.1303510881840740376, -0.1079010166658413428 ) ) ;
#1372 = DIMENSIONAL_EXPONENTS ( 1.000000000000000000, 0.000000000000000000, 0.000000000000000000, 0.000000000000000000, 0.000000000000000000, 0.000000000000000000, 0.000000000000000000 ) ;
#1373 = ORIENTED_EDGE ( 'NONE', *, *, #1362, .F. ) ;
#1374 = AXIS2_PLACEMENT_3D ( 'NONE', #4560, #2725, #1868 ) ;
#1375 = VECTOR ( 'NONE', #5771, 39.37007874015748143 ) ;
#1376 = ORIENTED_EDGE ( 'NONE', *, *, #4412, .F. ) ;
#1377 = DIRECTION ( 'NONE',  ( 0.000000000000000000, 0.000000000000000000, 1.000000000000000000 ) ) ;
#1378 = ORIENTED_EDGE ( 'NONE', *, *, #1994, .F. ) ;
#1379 = DIRECTION ( 'NONE',  ( 0.000000000000000000, 0.000000000000000000, 1.000000000000000000 ) ) ;
#1380 = AXIS2_PLACEMENT_3D ( 'NONE', #4935, #2685, #5785 ) ;
#1381 = CIRCLE ( 'NONE', #5121, 0.01305608523400804757 ) ;
#1382 = FACE_OUTER_BOUND ( 'NONE', #1459, .T. ) ;
#1383 = VERTEX_POINT ( 'NONE', #2893 ) ;
#1384 = LINE ( 'NONE', #386, #2137 ) ;
#1385 = EDGE_CURVE ( 'NONE', #2345, #611, #187, .T. ) ;
#1386 = EDGE_CURVE ( 'NONE', #4548, #26, #4901, .T. ) ;
#1387 = DIRECTION ( 'NONE',  ( -0.2731234667176492548, 0.9619789872591464341, 0.000000000000000000 ) ) ;
#1388 = CARTESIAN_POINT ( 'NONE',  ( 0.09864223006555565554, 0.1122047244094488277, 0.2284883701790052513 ) ) ;
#1389 = DIRECTION ( 'NONE',  ( -0.000000000000000000, -0.000000000000000000, -1.000000000000000000 ) ) ;
#1390 = ORIENTED_EDGE ( 'NONE', *, *, #1281, .T. ) ;
#1391 = DIRECTION ( 'NONE',  ( 0.3820956964504000353, 0.9241227617335716626, 0.000000000000000000 ) ) ;
#1392 = EDGE_CURVE ( 'NONE', #3420, #4634, #648, .T. ) ;
#1393 = DIRECTION ( 'NONE',  ( 1.000000000000000000, 0.000000000000000000, 0.000000000000000000 ) ) ;
#1394 = VERTEX_POINT ( 'NONE', #1501 ) ;
#1395 = CARTESIAN_POINT ( 'NONE',  ( 0.2362204724409447121, 0.007874015748031499423, 0.2204724409448819145 ) ) ;
#1396 = LINE ( 'NONE', #1810, #337 ) ;
#1397 = ADVANCED_FACE ( 'NONE', ( #3352 ), #1620, .F. ) ;
#1398 = VERTEX_POINT ( 'NONE', #297 ) ;
#1399 = VERTEX_POINT ( 'NONE', #2008 ) ;
#1400 = LINE ( 'NONE', #5522, #2104 ) ;
#1401 = FACE_OUTER_BOUND ( 'NONE', #2162, .T. ) ;
#1402 = DIRECTION ( 'NONE',  ( 0.3820956964504009234, 0.9241227617335713296, 0.000000000000000000 ) ) ;
#1403 =( LENGTH_UNIT ( ) NAMED_UNIT ( * ) SI_UNIT ( $, .METRE. ) );
#1404 = ORIENTED_EDGE ( 'NONE', *, *, #1671, .F. ) ;
#1405 = ORIENTED_EDGE ( 'NONE', *, *, #984, .F. ) ;
#1406 = CARTESIAN_POINT ( 'NONE',  ( 0.000000000000000000, 0.3937007874015748254, 0.000000000000000000 ) ) ;
#1407 = DIRECTION ( 'NONE',  ( 0.000000000000000000, 1.000000000000000000, 0.000000000000000000 ) ) ;
#1408 = CARTESIAN_POINT ( 'NONE',  ( 0.09862665203939298408, 0.1121932126843631361, 0.2287720791657800179 ) ) ;
#1409 = CARTESIAN_POINT ( 'NONE',  ( 0.2053607947469177353, -0.09371383594840826392, -0.07874015748031495954 ) ) ;
#1410 = EDGE_CURVE ( 'NONE', #2549, #4630, #5606, .T. ) ;
#1411 = VERTEX_POINT ( 'NONE', #3413 ) ;
#1412 = EDGE_CURVE ( 'NONE', #2344, #3486, #1338, .T. ) ;
#1413 = CARTESIAN_POINT ( 'NONE',  ( -0.08566664463896897508, 0.001968503937007873988, 0.1657158043835799122 ) ) ;
#1414 = DIRECTION ( 'NONE',  ( 1.000000000000000000, 0.000000000000000000, 0.000000000000000000 ) ) ;
#1415 = ORIENTED_EDGE ( 'NONE', *, *, #458, .F. ) ;
#1416 = CARTESIAN_POINT ( 'NONE',  ( 0.2623221870835733549, -0.01672474479929622962, 0.07874015748031495954 ) ) ;
#1417 = DIRECTION ( 'NONE',  ( 0.000000000000000000, 0.000000000000000000, 1.000000000000000000 ) ) ;
#1418 = ADVANCED_FACE ( 'NONE', ( #3295 ), #5202, .T. ) ;
#1419 = CARTESIAN_POINT ( 'NONE',  ( 0.2283464566929132300, 0.1122047244094488277, 0.09076414801644791530 ) ) ;
#1420 = VECTOR ( 'NONE', #422, 39.37007874015748143 ) ;
#1421 = EDGE_LOOP ( 'NONE', ( #3980, #4415, #4444, #3441 ) ) ;
#1422 = EDGE_LOOP ( 'NONE', ( #1315, #3920, #3369, #5576 ) ) ;
#1423 = CARTESIAN_POINT ( 'NONE',  ( -0.2528192596362454636, -0.1287806252514481775, 0.09253195506462764952 ) ) ;
#1424 = CARTESIAN_POINT ( 'NONE',  ( -0.2769168319740318296, -0.1140299064768574983, -0.07874015748031495954 ) ) ;
#1425 = EDGE_CURVE ( 'NONE', #5683, #4273, #1584, .T. ) ;
#1426 = VERTEX_POINT ( 'NONE', #2543 ) ;
#1427 = VECTOR ( 'NONE', #6, 39.37007874015748143 ) ;
#1428 = ORIENTED_EDGE ( 'NONE', *, *, #4038, .F. ) ;
#1429 = LENGTH_MEASURE_WITH_UNIT ( LENGTH_MEASURE( 0.02539999999999999897 ), #89 );
#1430 = VECTOR ( 'NONE', #5577, 39.37007874015748143 ) ;
#1431 = CARTESIAN_POINT ( 'NONE',  ( -0.2467864344510313501, -0.07132847252522378501, 0.07874015748031495954 ) ) ;
#1432 = CIRCLE ( 'NONE', #1057, 0.02952755905511817228 ) ;
#1433 = PRESENTATION_STYLE_ASSIGNMENT (( #4490 ) ) ;
#1434 = ORIENTED_EDGE ( 'NONE', *, *, #5396, .T. ) ;
#1435 = CIRCLE ( 'NONE', #4815, 0.02216470676861258607 ) ;
#1436 = CARTESIAN_POINT ( 'NONE',  ( -0.2519685039370080371, 0.01497825796799926064, 0.07874015748031495954 ) ) ;
#1437 = FACE_OUTER_BOUND ( 'NONE', #972, .T. ) ;
#1438 = AXIS2_PLACEMENT_3D ( 'NONE', #2871, #3279, #2456 ) ;
#1439 = ORIENTED_EDGE ( 'NONE', *, *, #3973, .T. ) ;
#1440 = CARTESIAN_POINT ( 'NONE',  ( 0.2362204724409450174, 0.01497825796799926064, 0.07874015748031495954 ) ) ;
#1441 = VERTEX_POINT ( 'NONE', #3325 ) ;
#1442 = DIRECTION ( 'NONE',  ( 0.000000000000000000, 1.000000000000000000, 0.000000000000000000 ) ) ;
#1443 = CIRCLE ( 'NONE', #2395, 0.02216470676861258607 ) ;
#1444 = DIRECTION ( 'NONE',  ( -1.000000000000000000, 0.000000000000000000, 0.000000000000000000 ) ) ;
#1445 = ORIENTED_EDGE ( 'NONE', *, *, #4044, .T. ) ;
#1446 = CIRCLE ( 'NONE', #1532, 0.02486710885605532273 ) ;
#1447 = CARTESIAN_POINT ( 'NONE',  ( 0.2204724409448817202, 0.007874015748031499423, -0.2204724409448818312 ) ) ;
#1448 = SURFACE_STYLE_FILL_AREA ( #2368 ) ;
#1449 = CARTESIAN_POINT ( 'NONE',  ( -0.2697666957634185514, -0.06182685724816141398, 0.07874015748031495954 ) ) ;
#1450 = AXIS2_PLACEMENT_3D ( 'NONE', #90, #4191, #5503 ) ;
#1451 = EDGE_CURVE ( 'NONE', #4990, #4200, #3799, .T. ) ;
#1452 = EDGE_CURVE ( 'NONE', #2531, #685, #5514, .T. ) ;
#1453 = VERTEX_POINT ( 'NONE', #3380 ) ;
#1454 = ORIENTED_EDGE ( 'NONE', *, *, #2927, .F. ) ;
#1455 = LINE ( 'NONE', #2761, #2751 ) ;
#1456 = DIRECTION ( 'NONE',  ( 0.000000000000000000, 0.000000000000000000, -1.000000000000000000 ) ) ;
#1457 = VERTEX_POINT ( 'NONE', #1064 ) ;
#1458 = TOROIDAL_SURFACE ( 'NONE', #4737, 0.1456692913385826127, 0.007874015748031495954 ) ;
#1459 = EDGE_LOOP ( 'NONE', ( #3319, #4964, #3694, #4578, #4103, #4887, #1912, #2339, #3554, #3133, #1169, #3088, #3698, #74, #3419, #5272, #1736, #4682 ) ) ;
#1460 = CARTESIAN_POINT ( 'NONE',  ( -0.2697666957634185514, -0.06182685724816141398, -0.1181102362204724532 ) ) ;
#1461 = AXIS2_PLACEMENT_3D ( 'NONE', #4587, #160, #5489 ) ;
#1462 = EDGE_CURVE ( 'NONE', #2379, #3798, #1094, .T. ) ;
#1463 = CIRCLE ( 'NONE', #4555, 0.02952755905511817228 ) ;
#1464 = CARTESIAN_POINT ( 'NONE',  ( -0.2362204724409450174, 0.01497825796799926064, -0.07874015748031495954 ) ) ;
#1465 = ORIENTED_EDGE ( 'NONE', *, *, #1923, .T. ) ;
#1466 = VERTEX_POINT ( 'NONE', #2450 ) ;
#1467 = VECTOR ( 'NONE', #1079, 39.37007874015748143 ) ;
#1468 = VECTOR ( 'NONE', #3470, 39.37007874015748143 ) ;
#1469 = CARTESIAN_POINT ( 'NONE',  ( -0.2491021049974450341, -0.09989754952556670342, 0.07874015748031495954 ) ) ;
#1470 = CARTESIAN_POINT ( 'NONE',  ( -0.2283464566929135908, 0.1043307086614173318, 0.2204724409448819145 ) ) ;
#1471 = CIRCLE ( 'NONE', #3082, 0.01305608523400804757 ) ;
#1472 = CARTESIAN_POINT ( 'NONE',  ( -0.2584924420876582030, -0.1087988844851396769, 0.07874015748031495954 ) ) ;
#1473 = ORIENTED_EDGE ( 'NONE', *, *, #1992, .F. ) ;
#1474 = DIRECTION ( 'NONE',  ( 0.000000000000000000, -1.000000000000000000, 0.000000000000000000 ) ) ;
#1475 = CIRCLE ( 'NONE', #3530, 0.007874015748031482076 ) ;
#1476 = LINE ( 'NONE', #4526, #1010 ) ;
#1477 = DIRECTION ( 'NONE',  ( 0.2731234667175944097, 0.9619789872591620883, 0.000000000000000000 ) ) ;
#1478 = SURFACE_SIDE_STYLE ('',( #1448 ) ) ;
#1479 = CARTESIAN_POINT ( 'NONE',  ( -0.2584924420876581475, -0.1087988844851397185, -0.1181102362204724532 ) ) ;
#1480 = DIMENSIONAL_EXPONENTS ( 1.000000000000000000, 0.000000000000000000, 0.000000000000000000, 0.000000000000000000, 0.000000000000000000, 0.000000000000000000, 0.000000000000000000 ) ;
#1481 = EDGE_LOOP ( 'NONE', ( #744, #3045, #149 ) ) ;
#1482 = DIRECTION ( 'NONE',  ( 0.9619789872591597568, 0.2731234667176027919, 0.000000000000000000 ) ) ;
#1483 = CARTESIAN_POINT ( 'NONE',  ( -0.2584924420876581475, -0.1087988844851397185, -0.07874015748031495954 ) ) ;
#1484 = EDGE_LOOP ( 'NONE', ( #3104, #2293 ) ) ;
#1485 = EDGE_CURVE ( 'NONE', #4100, #3527, #3767, .T. ) ;
#1486 = VERTEX_POINT ( 'NONE', #2862 ) ;
#1487 = ADVANCED_FACE ( 'NONE', ( #245, #4734 ), #4647, .F. ) ;
#1488 = CARTESIAN_POINT ( 'NONE',  ( 0.2362204724409447121, 0.1437007874015747977, 0.2204724409448819145 ) ) ;
#1489 = ORIENTED_EDGE ( 'NONE', *, *, #173, .T. ) ;
#1490 = CARTESIAN_POINT ( 'NONE',  ( 0.09864223006555586371, 0.1122047244094488277, -0.2284883701790051680 ) ) ;
#1491 = ORIENTED_EDGE ( 'NONE', *, *, #4406, .T. ) ;
#1492 = EDGE_CURVE ( 'NONE', #1688, #252, #4673, .T. ) ;
#1493 = DIRECTION ( 'NONE',  ( 0.000000000000000000, 1.000000000000000000, 0.000000000000000000 ) ) ;
#1494 = DIRECTION ( 'NONE',  ( 0.000000000000000000, 1.000000000000000000, 0.000000000000000000 ) ) ;
#1495 = DIRECTION ( 'NONE',  ( 0.9619789872591596458, -0.2731234667176027919, 0.000000000000000000 ) ) ;
#1496 = VERTEX_POINT ( 'NONE', #708 ) ;
#1497 = ADVANCED_FACE ( 'NONE', ( #2515 ), #5140, .F. ) ;
#1498 = LINE ( 'NONE', #5457, #3077 ) ;
#1499 = CARTESIAN_POINT ( 'NONE',  ( -0.2467864344510313501, -0.07132847252522378501, -0.07874015748031495954 ) ) ;
#1500 = ORIENTED_EDGE ( 'NONE', *, *, #1068, .F. ) ;
#1501 = CARTESIAN_POINT ( 'NONE',  ( 0.2697666957634185514, -0.06182685724816141398, -0.1181102362204724532 ) ) ;
#1502 = FACE_OUTER_BOUND ( 'NONE', #3469, .T. ) ;
#1503 = CARTESIAN_POINT ( 'NONE',  ( -0.08566664463896897508, 0.001968503937007873988, -0.1657158043835799122 ) ) ;
#1504 = CARTESIAN_POINT ( 'NONE',  ( 0.2362204724409447676, 0.1437007874015747977, -0.2362204724409451007 ) ) ;
#1505 = VERTEX_POINT ( 'NONE', #3095 ) ;
#1506 = ORIENTED_EDGE ( 'NONE', *, *, #1527, .T. ) ;
#1507 = CARTESIAN_POINT ( 'NONE',  ( -0.09862665203939353920, 0.1121932126843631361, 0.2287720791657800179 ) ) ;
#1508 = CARTESIAN_POINT ( 'NONE',  ( -0.2471304855452271521, -0.1055730167680026255, -0.1181102362204724532 ) ) ;
#1509 = VERTEX_POINT ( 'NONE', #4076 ) ;
#1510 = DIRECTION ( 'NONE',  ( 0.000000000000000000, 0.000000000000000000, 1.000000000000000000 ) ) ;
#1511 = ORIENTED_EDGE ( 'NONE', *, *, #4577, .F. ) ;
#1512 = CARTESIAN_POINT ( 'NONE',  ( 0.2519685039370080371, 0.01497825796799926064, 0.07874015748031495954 ) ) ;
#1513 = AXIS2_PLACEMENT_3D ( 'NONE', #3844, #3346, #5625 ) ;
#1514 = DIRECTION ( 'NONE',  ( 0.000000000000000000, 0.000000000000000000, -1.000000000000000000 ) ) ;
#1515 = ORIENTED_EDGE ( 'NONE', *, *, #3825, .F. ) ;
#1516 = VECTOR ( 'NONE', #1014, 39.37007874015748854 ) ;
#1517 = CIRCLE ( 'NONE', #1143, 0.003937007874015758385 ) ;
#1518 = DIRECTION ( 'NONE',  ( -0.000000000000000000, -0.000000000000000000, -1.000000000000000000 ) ) ;
#1519 = EDGE_CURVE ( 'NONE', #1537, #4273, #1321, .T. ) ;
#1520 = ADVANCED_FACE ( 'NONE', ( #4432 ), #4910, .T. ) ;
#1521 =( GEOMETRIC_REPRESENTATION_CONTEXT ( 3 ) GLOBAL_UNCERTAINTY_ASSIGNED_CONTEXT ( ( #1531 ) ) GLOBAL_UNIT_ASSIGNED_CONTEXT ( ( #3701, #91, #1910 ) ) REPRESENTATION_CONTEXT ( 'NONE', 'WORKASPACE' ) );
#1522 = CARTESIAN_POINT ( 'NONE',  ( 0.2401574803149607862, 0.01497825796799926064, 0.07874015748031495954 ) ) ;
#1523 = ORIENTED_EDGE ( 'NONE', *, *, #709, .F. ) ;
#1524 = CARTESIAN_POINT ( 'NONE',  ( 0.2362204724409450174, 0.03072628946406225775, 0.1181102362204724532 ) ) ;
#1525 = VECTOR ( 'NONE', #633, 39.37007874015748143 ) ;
#1526 = CARTESIAN_POINT ( 'NONE',  ( 0.2283464566929132300, 0.1122047244094488277, -0.2362204724409451007 ) ) ;
#1527 = EDGE_CURVE ( 'NONE', #930, #3727, #3583, .T. ) ;
#1528 = DIRECTION ( 'NONE',  ( 1.000000000000000000, 0.000000000000000000, 0.000000000000000000 ) ) ;
#1529 = DIRECTION ( 'NONE',  ( -1.000000000000000000, 0.000000000000000000, 0.000000000000000000 ) ) ;
#1530 = CARTESIAN_POINT ( 'NONE',  ( -0.2517439703971998677, -0.1325679440989251945, 0.1043184386361597493 ) ) ;
#1531 = UNCERTAINTY_MEASURE_WITH_UNIT (LENGTH_MEASURE( 1.000000000000000082E-05 ), #3701, 'distance_accuracy_value', 'NONE');
#1532 = AXIS2_PLACEMENT_3D ( 'NONE', #696, #4756, #5624 ) ;
#1533 = ORIENTED_EDGE ( 'NONE', *, *, #963, .F. ) ;
#1534 = ORIENTED_EDGE ( 'NONE', *, *, #558, .T. ) ;
#1535 = DIRECTION ( 'NONE',  ( -1.000000000000000000, 0.000000000000000000, 0.000000000000000000 ) ) ;
#1536 = FACE_OUTER_BOUND ( 'NONE', #1308, .T. ) ;
#1537 = VERTEX_POINT ( 'NONE', #4962 ) ;
#1538 = CIRCLE ( 'NONE', #230, 0.1338582677165354173 ) ;
#1539 = DIRECTION ( 'NONE',  ( 0.3820956964504008679, -0.9241227617335713296, 0.000000000000000000 ) ) ;
#1540 = DIRECTION ( 'NONE',  ( 0.3820956964504006459, -0.9241227617335713296, 0.000000000000000000 ) ) ;
#1541 = EDGE_LOOP ( 'NONE', ( #2879, #1655, #5760, #3640, #53, #4858 ) ) ;
#1542 = CARTESIAN_POINT ( 'NONE',  ( -0.2519685039370080371, 0.01497825796799926064, 0.07874015748031495954 ) ) ;
#1543 = AXIS2_PLACEMENT_3D ( 'NONE', #114, #2414, #199 ) ;
#1544 = CARTESIAN_POINT ( 'NONE',  ( -0.2204724409448820255, 0.000000000000000000, -0.2283464566929133133 ) ) ;
#1545 = ORIENTED_EDGE ( 'NONE', *, *, #5720, .F. ) ;
#1546 = CARTESIAN_POINT ( 'NONE',  ( -0.2588518599949117815, -0.07631714650562787527, 0.07874015748031495954 ) ) ;
#1547 = VECTOR ( 'NONE', #1339, 39.37007874015748143 ) ;
#1548 = CARTESIAN_POINT ( 'NONE',  ( -0.2527541128200550546, -0.02068084257200989914, 0.1181102362204724532 ) ) ;
#1549 = CIRCLE ( 'NONE', #1944, 0.04027075222444161801 ) ;
#1550 = B_SPLINE_CURVE_WITH_KNOTS ( 'NONE', 3,
 ( #3284, #1490, #1968, #1602 ),
 .UNSPECIFIED., .F., .F.,
 ( 4, 4 ),
 ( 0.000000000000000000, 1.083150619154773860E-05 ),
 .UNSPECIFIED. ) ;
#1551 = VECTOR ( 'NONE', #833, 39.37007874015748143 ) ;
#1552 = LINE ( 'NONE', #182, #5084 ) ;
#1553 = ORIENTED_EDGE ( 'NONE', *, *, #1252, .T. ) ;
#1554 = ADVANCED_FACE ( 'NONE', ( #934 ), #4988, .F. ) ;
#1555 = CARTESIAN_POINT ( 'NONE',  ( 0.09076414801644740182, 0.1358267716535433156, -0.2283464566929133410 ) ) ;
#1556 = EDGE_CURVE ( 'NONE', #1486, #3192, #2728, .T. ) ;
#1557 = VECTOR ( 'NONE', #3160, 39.37007874015748854 ) ;
#1558 = ORIENTED_EDGE ( 'NONE', *, *, #2798, .F. ) ;
#1559 = CARTESIAN_POINT ( 'NONE',  ( 0.09076414801644740182, 0.1437007874015747977, -0.2362204724409448231 ) ) ;
#1560 = CARTESIAN_POINT ( 'NONE',  ( -0.2600169407659517762, -0.1044104908222249634, -0.07874015748031495954 ) ) ;
#1561 = CIRCLE ( 'NONE', #4275, 0.003937007874015747109 ) ;
#1562 = FACE_OUTER_BOUND ( 'NONE', #899, .T. ) ;
#1563 = ADVANCED_FACE ( 'NONE', ( #457 ), #1337, .T. ) ;
#1564 = DIRECTION ( 'NONE',  ( 0.000000000000000000, 0.000000000000000000, -1.000000000000000000 ) ) ;
#1565 = ORIENTED_EDGE ( 'NONE', *, *, #1386, .T. ) ;
#1566 = ORIENTED_EDGE ( 'NONE', *, *, #1785, .T. ) ;
#1567 = DIRECTION ( 'NONE',  ( 0.000000000000000000, 1.000000000000000000, 0.000000000000000000 ) ) ;
#1568 = FACE_OUTER_BOUND ( 'NONE', #1592, .T. ) ;
#1569 = EDGE_CURVE ( 'NONE', #219, #4454, #2780, .T. ) ;
#1570 = DIRECTION ( 'NONE',  ( 0.000000000000000000, 1.000000000000000000, 0.000000000000000000 ) ) ;
#1571 = DIRECTION ( 'NONE',  ( 0.000000000000000000, 0.000000000000000000, -1.000000000000000000 ) ) ;
#1572 = ORIENTED_EDGE ( 'NONE', *, *, #5434, .F. ) ;
#1573 = CARTESIAN_POINT ( 'NONE',  ( -0.2598425196850394081, -0.07132847252522378501, -0.07874015748031495954 ) ) ;
#1574 = ORIENTED_EDGE ( 'NONE', *, *, #5059, .T. ) ;
#1575 = PLANE ( 'NONE',  #2939 ) ;
#1576 = VERTEX_POINT ( 'NONE', #1395 ) ;
#1577 = DIRECTION ( 'NONE',  ( 1.000000000000000000, 0.000000000000000000, 0.000000000000000000 ) ) ;
#1578 = CARTESIAN_POINT ( 'NONE',  ( -0.2467864344510313501, -0.07132847252522378501, 0.07874015748031495954 ) ) ;
#1579 = CARTESIAN_POINT ( 'NONE',  ( 0.1870078740157481711, 0.1200787401574803237, -0.2165354330708661457 ) ) ;
#1580 = ORIENTED_EDGE ( 'NONE', *, *, #1097, .T. ) ;
#1581 = DIRECTION ( 'NONE',  ( -1.000000000000000000, -0.000000000000000000, -0.000000000000000000 ) ) ;
#1582 = DIRECTION ( 'NONE',  ( -1.000000000000000000, -1.077125096681061906E-15, -0.000000000000000000 ) ) ;
#1583 = ORIENTED_EDGE ( 'NONE', *, *, #4583, .T. ) ;
#1584 = LINE ( 'NONE', #739, #211 ) ;
#1585 = EDGE_CURVE ( 'NONE', #487, #1348, #2668, .T. ) ;
#1586 = EDGE_CURVE ( 'NONE', #5174, #5620, #430, .T. ) ;
#1587 = DIRECTION ( 'NONE',  ( 1.000000000000000000, 0.000000000000000000, 0.000000000000000000 ) ) ;
#1588 = DIRECTION ( 'NONE',  ( 0.3820956964504000353, -0.9241227617335716626, 0.000000000000000000 ) ) ;
#1589 = ORIENTED_EDGE ( 'NONE', *, *, #5332, .T. ) ;
#1590 = EDGE_CURVE ( 'NONE', #186, #5793, #3777, .T. ) ;
#1591 = EDGE_CURVE ( 'NONE', #1750, #3948, #926, .T. ) ;
#1592 = EDGE_LOOP ( 'NONE', ( #3129, #3519, #460, #2536 ) ) ;
#1593 = LINE ( 'NONE', #5175, #867 ) ;
#1594 = CARTESIAN_POINT ( 'NONE',  ( -0.2588518599949117815, -0.07631714650562787527, -0.07874015748031495954 ) ) ;
#1595 = DIRECTION ( 'NONE',  ( 0.000000000000000000, 0.000000000000000000, -1.000000000000000000 ) ) ;
#1596 = B_SPLINE_CURVE_WITH_KNOTS ( 'NONE', 3,
 ( #1408, #1862, #1388, #4943 ),
 .UNSPECIFIED., .F., .F.,
 ( 4, 4 ),
 ( 0.000000000000000000, 1.083150619154773860E-05 ),
 .UNSPECIFIED. ) ;
#1597 = CARTESIAN_POINT ( 'NONE',  ( 0.2362204724409450174, 0.01497825796799926064, -0.07874015748031495954 ) ) ;
#1598 = VERTEX_POINT ( 'NONE', #1893 ) ;
#1599 = DIRECTION ( 'NONE',  ( -2.168404344971012812E-15, 0.000000000000000000, 1.000000000000000000 ) ) ;
#1600 = EDGE_CURVE ( 'NONE', #4398, #4330, #3659, .T. ) ;
#1601 = EDGE_LOOP ( 'NONE', ( #4411, #978, #1454, #2385 ) ) ;
#1602 = CARTESIAN_POINT ( 'NONE',  ( 0.09862665203939319225, 0.1121932126843631361, -0.2287720791657799069 ) ) ;
#1603 = VERTEX_POINT ( 'NONE', #3109 ) ;
#1604 = VECTOR ( 'NONE', #3480, 39.37007874015748143 ) ;
#1605 = ORIENTED_EDGE ( 'NONE', *, *, #4406, .F. ) ;
#1606 = DIRECTION ( 'NONE',  ( -1.000000000000000000, 0.000000000000000000, 0.000000000000000000 ) ) ;
#1607 = AXIS2_PLACEMENT_3D ( 'NONE', #5376, #1801, #830 ) ;
#1608 = DIRECTION ( 'NONE',  ( 0.000000000000000000, -1.000000000000000000, 0.000000000000000000 ) ) ;
#1609 = LINE ( 'NONE', #3821, #1803 ) ;
#1610 = CARTESIAN_POINT ( 'NONE',  ( -0.2204724409448820255, 0.1043307086614173318, 0.2204724409448819145 ) ) ;
#1611 = ORIENTED_EDGE ( 'NONE', *, *, #451, .T. ) ;
#1612 = CONICAL_SURFACE ( 'NONE', #1047, 0.1338582677165354173, 0.03490658503988666728 ) ;
#1613 = VECTOR ( 'NONE', #1664, 39.37007874015748143 ) ;
#1614 = CARTESIAN_POINT ( 'NONE',  ( -0.2598425196850394081, -0.07132847252522378501, -0.07874015748031495954 ) ) ;
#1615 = DIRECTION ( 'NONE',  ( 0.000000000000000000, 0.000000000000000000, -1.000000000000000000 ) ) ;
#1616 = FACE_OUTER_BOUND ( 'NONE', #1703, .T. ) ;
#1617 = VECTOR ( 'NONE', #2835, 39.37007874015748143 ) ;
#1618 = VECTOR ( 'NONE', #3658, 39.37007874015748143 ) ;
#1619 = EDGE_LOOP ( 'NONE', ( #5538, #3692, #4033, #2977 ) ) ;
#1620 = CYLINDRICAL_SURFACE ( 'NONE', #2185, 0.01035368314656493448 ) ;
#1621 = CARTESIAN_POINT ( 'NONE',  ( -0.2362204724409450174, 0.03072628946406225775, -0.07874015748031495954 ) ) ;
#1622 = CIRCLE ( 'NONE', #3221, 0.04027075222444161801 ) ;
#1623 = DIRECTION ( 'NONE',  ( -1.000000000000000000, 0.000000000000000000, 0.000000000000000000 ) ) ;
#1624 = EDGE_LOOP ( 'NONE', ( #5772, #4718, #2361, #1901 ) ) ;
#1625 = VECTOR ( 'NONE', #2841, 39.37007874015748143 ) ;
#1626 = ORIENTED_EDGE ( 'NONE', *, *, #4362, .T. ) ;
#1627 = CARTESIAN_POINT ( 'NONE',  ( -0.2972320595286823686, -0.1197977719400012131, -0.07874015748031495954 ) ) ;
#1628 = CARTESIAN_POINT ( 'NONE',  ( 0.000000000000000000, 0.1437007874015747977, 0.000000000000000000 ) ) ;
#1629 = CARTESIAN_POINT ( 'NONE',  ( -0.2588518599949117815, -0.06633979854481968086, -0.07874015748031495954 ) ) ;
#1630 = ADVANCED_FACE ( 'NONE', ( #18 ), #2699, .T. ) ;
#1631 = EDGE_CURVE ( 'NONE', #1874, #1797, #3875, .T. ) ;
#1632 = CIRCLE ( 'NONE', #3703, 0.003937007874015747109 ) ;
#1633 = LINE ( 'NONE', #4329, #2403 ) ;
#1634 = ORIENTED_EDGE ( 'NONE', *, *, #3572, .T. ) ;
#1635 = ORIENTED_EDGE ( 'NONE', *, *, #1869, .T. ) ;
#1636 = DIRECTION ( 'NONE',  ( 0.000000000000000000, 0.000000000000000000, -1.000000000000000000 ) ) ;
#1637 = ORIENTED_EDGE ( 'NONE', *, *, #4108, .F. ) ;
#1638 = VECTOR ( 'NONE', #356, 39.37007874015748143 ) ;
#1639 = ORIENTED_EDGE ( 'NONE', *, *, #96, .T. ) ;
#1640 = CARTESIAN_POINT ( 'NONE',  ( -0.2204724409448820255, 0.1437007874015747977, -0.2204724409448818312 ) ) ;
#1641 = DIRECTION ( 'NONE',  ( 0.000000000000000000, 0.000000000000000000, -1.000000000000000000 ) ) ;
#1642 = ADVANCED_FACE ( 'NONE', ( #4062 ), #3401, .T. ) ;
#1643 = VECTOR ( 'NONE', #5392, 39.37007874015748143 ) ;
#1644 = DIRECTION ( 'NONE',  ( 1.000000000000000000, 0.000000000000000000, 0.000000000000000000 ) ) ;
#1645 = ORIENTED_EDGE ( 'NONE', *, *, #279, .T. ) ;
#1646 = LINE ( 'NONE', #5227, #1805 ) ;
#1647 = VERTEX_POINT ( 'NONE', #4529 ) ;
#1648 = VECTOR ( 'NONE', #4776, 39.37007874015748143 ) ;
#1649 = DIRECTION ( 'NONE',  ( 1.000000000000000000, 0.000000000000000000, 0.000000000000000000 ) ) ;
#1650 = ADVANCED_FACE ( 'NONE', ( #2342 ), #3601, .T. ) ;
#1651 = CARTESIAN_POINT ( 'NONE',  ( -0.2414573030938143294, -0.1255547575343105293, -0.1043184386361599991 ) ) ;
#1652 = CARTESIAN_POINT ( 'NONE',  ( 0.08566664463896907222, 0.001968503937007873988, -0.2362204724409448509 ) ) ;
#1653 = AXIS2_PLACEMENT_3D ( 'NONE', #2272, #5375, #3651 ) ;
#1654 = AXIS2_PLACEMENT_3D ( 'NONE', #15, #4008, #5730 ) ;
#1655 = ORIENTED_EDGE ( 'NONE', *, *, #2579, .T. ) ;
#1656 = CARTESIAN_POINT ( 'NONE',  ( -0.2401574803149607862, 0.01497825796799926064, 0.1181102362204724532 ) ) ;
#1657 = ORIENTED_EDGE ( 'NONE', *, *, #4766, .T. ) ;
#1658 = AXIS2_PLACEMENT_3D ( 'NONE', #4808, #5773, #1760 ) ;
#1659 = CONICAL_SURFACE ( 'NONE', #2420, 0.1338582677165354173, 0.03490658503988666728 ) ;
#1660 = LINE ( 'NONE', #2067, #3810 ) ;
#1661 = EDGE_LOOP ( 'NONE', ( #774, #3324, #4852, #687 ) ) ;
#1662 = AXIS2_PLACEMENT_3D ( 'NONE', #2885, #3874, #1062 ) ;
#1663 = ORIENTED_EDGE ( 'NONE', *, *, #101, .T. ) ;
#1664 = DIRECTION ( 'NONE',  ( 0.000000000000000000, 0.000000000000000000, -1.000000000000000000 ) ) ;
#1665 = DIRECTION ( 'NONE',  ( 0.000000000000000000, 0.000000000000000000, -1.000000000000000000 ) ) ;
#1666 = DIRECTION ( 'NONE',  ( 1.000000000000000000, 0.000000000000000000, 0.000000000000000000 ) ) ;
#1667 = CARTESIAN_POINT ( 'NONE',  ( -0.2697666957634185514, -0.06182685724816141398, 0.1181102362204724532 ) ) ;
#1668 = ORIENTED_EDGE ( 'NONE', *, *, #2001, .F. ) ;
#1669 = FACE_BOUND ( 'NONE', #954, .T. ) ;
#1670 = ORIENTED_EDGE ( 'NONE', *, *, #3823, .F. ) ;
#1671 = EDGE_CURVE ( 'NONE', #4885, #2839, #49, .T. ) ;
#1672 = DIRECTION ( 'NONE',  ( 0.000000000000000000, 1.000000000000000000, 0.000000000000000000 ) ) ;
#1673 = EDGE_CURVE ( 'NONE', #5632, #3047, #4337, .T. ) ;
#1674 = EDGE_LOOP ( 'NONE', ( #4386, #3812, #1256, #722 ) ) ;
#1675 = CARTESIAN_POINT ( 'NONE',  ( -0.2053607947469176798, -0.09371383594840826392, 0.1181102362204724532 ) ) ;
#1676 = DIRECTION ( 'NONE',  ( -1.000000000000000000, 0.000000000000000000, 0.000000000000000000 ) ) ;
#1677 = EDGE_CURVE ( 'NONE', #4200, #569, #5274, .T. ) ;
#1678 = EDGE_LOOP ( 'NONE', ( #592, #123, #2542, #3098 ) ) ;
#1679 = DIRECTION ( 'NONE',  ( -0.000000000000000000, -1.000000000000000000, -0.000000000000000000 ) ) ;
#1680 = FACE_OUTER_BOUND ( 'NONE', #3803, .T. ) ;
#1681 = VERTEX_POINT ( 'NONE', #4122 ) ;
#1682 = CARTESIAN_POINT ( 'NONE',  ( 0.2362204724409447676, 0.1122047244094488277, -0.2283464566929133410 ) ) ;
#1683 = LINE ( 'NONE', #3471, #3046 ) ;
#1684 = LINE ( 'NONE', #4914, #3998 ) ;
#1685 = ORIENTED_EDGE ( 'NONE', *, *, #5646, .T. ) ;
#1686 = ADVANCED_FACE ( 'NONE', ( #2672 ), #2229, .F. ) ;
#1687 = PLANE ( 'NONE',  #2459 ) ;
#1688 = VERTEX_POINT ( 'NONE', #3744 ) ;
#1689 = DIRECTION ( 'NONE',  ( 0.9241227617335717737, 0.3820956964504000908, 0.000000000000000000 ) ) ;
#1690 = EDGE_LOOP ( 'NONE', ( #3479, #4571, #1611, #866, #2882, #282 ) ) ;
#1691 = VERTEX_POINT ( 'NONE', #3274 ) ;
#1692 = DIRECTION ( 'NONE',  ( 0.000000000000000000, 0.000000000000000000, -1.000000000000000000 ) ) ;
#1693 = CARTESIAN_POINT ( 'NONE',  ( -0.2204724409448820255, 0.1043307086614173318, 0.2362204724409449341 ) ) ;
#1694 = FACE_OUTER_BOUND ( 'NONE', #4153, .T. ) ;
#1695 = DIRECTION ( 'NONE',  ( 0.000000000000000000, 0.000000000000000000, -1.000000000000000000 ) ) ;
#1696 = ORIENTED_EDGE ( 'NONE', *, *, #3542, .F. ) ;
#1697 = CARTESIAN_POINT ( 'NONE',  ( 0.1870078740157481711, 0.1200787401574803237, -0.2165354330708661457 ) ) ;
#1698 = ORIENTED_EDGE ( 'NONE', *, *, #845, .F. ) ;
#1699 = DIRECTION ( 'NONE',  ( 1.000000000000000000, 0.000000000000000000, 0.000000000000000000 ) ) ;
#1700 = EDGE_LOOP ( 'NONE', ( #3386, #5592, #4110, #3987, #265, #3196, #4104, #4579, #1291, #2677, #3053, #4534, #4772, #3174, #4482, #3060, #2133, #4660 ) ) ;
#1701 = DIRECTION ( 'NONE',  ( -0.9619789872591596458, -0.2731234667176028474, -0.000000000000000000 ) ) ;
#1702 = CARTESIAN_POINT ( 'NONE',  ( -0.09076414801644772101, 0.1358267716535433156, 0.2362204724409449341 ) ) ;
#1703 = EDGE_LOOP ( 'NONE', ( #2432, #2491, #2774, #2213 ) ) ;
#1704 = CARTESIAN_POINT ( 'NONE',  ( 0.2362204724409447121, 0.007874015748031499423, -0.2204724409448818312 ) ) ;
#1705 = DIRECTION ( 'NONE',  ( -1.000000000000000000, 0.000000000000000000, 0.000000000000000000 ) ) ;
#1706 = VERTEX_POINT ( 'NONE', #594 ) ;
#1707 = CARTESIAN_POINT ( 'NONE',  ( 0.2414573030938143294, -0.1255547575343105293, -0.09253195506462737197 ) ) ;
#1708 = AXIS2_PLACEMENT_3D ( 'NONE', #5029, #1495, #941 ) ;
#1709 = EDGE_CURVE ( 'NONE', #3923, #1949, #1956, .T. ) ;
#1710 = ADVANCED_FACE ( 'NONE', ( #3714 ), #3686, .F. ) ;
#1711 = CARTESIAN_POINT ( 'NONE',  ( 0.2401574803149607862, -0.01672474479929638227, 0.1181102362204724532 ) ) ;
#1712 = CARTESIAN_POINT ( 'NONE',  ( -0.2362204724409450174, 0.03072628946406225775, 0.07874015748031495954 ) ) ;
#1713 = CLOSED_SHELL ( 'NONE', ( #5501, #922, #3933, #2895, #3322, #5572, #1397, #4589, #3649, #3782, #639, #884, #3423, #4400, #2029, #4221, #4500, #4037, #656, #4970, #3648, #4193, #1905, #5425, #522, #1096 ) ) ;
#1714 = DIRECTION ( 'NONE',  ( 0.000000000000000000, 0.000000000000000000, 1.000000000000000000 ) ) ;
#1715 = LINE ( 'NONE', #2953, #898 ) ;
#1716 = EDGE_CURVE ( 'NONE', #4523, #1959, #3244, .T. ) ;
#1717 = CIRCLE ( 'NONE', #4997, 0.007874015748031482076 ) ;
#1718 = AXIS2_PLACEMENT_3D ( 'NONE', #925, #4478, #1692 ) ;
#1719 = ORIENTED_EDGE ( 'NONE', *, *, #5720, .T. ) ;
#1720 = ORIENTED_EDGE ( 'NONE', *, *, #1930, .F. ) ;
#1721 = DIRECTION ( 'NONE',  ( 0.000000000000000000, 0.000000000000000000, -1.000000000000000000 ) ) ;
#1722 = DIRECTION ( 'NONE',  ( 0.000000000000000000, 0.000000000000000000, -1.000000000000000000 ) ) ;
#1723 = CIRCLE ( 'NONE', #3693, 0.01035368314656493448 ) ;
#1724 = DIRECTION ( 'NONE',  ( 0.000000000000000000, 0.000000000000000000, -1.000000000000000000 ) ) ;
#1725 = EDGE_CURVE ( 'NONE', #276, #3255, #4591, .T. ) ;
#1726 = EDGE_LOOP ( 'NONE', ( #1184, #3021, #5058, #4849 ) ) ;
#1727 = DIRECTION ( 'NONE',  ( 0.000000000000000000, 0.000000000000000000, 1.000000000000000000 ) ) ;
#1728 = DIRECTION ( 'NONE',  ( 0.000000000000000000, 0.000000000000000000, 1.000000000000000000 ) ) ;
#1729 = MANIFOLD_SOLID_BREP ( 'Mirror2[3]', #772 ) ;
#1730 = CARTESIAN_POINT ( 'NONE',  ( -0.2519685039370080371, -0.01672474479929638227, 0.07874015748031495954 ) ) ;
#1731 = ORIENTED_EDGE ( 'NONE', *, *, #4542, .F. ) ;
#1732 = ORIENTED_EDGE ( 'NONE', *, *, #1345, .T. ) ;
#1733 = CARTESIAN_POINT ( 'NONE',  ( -0.2584924420876581475, -0.1087988844851397185, -0.07874015748031495954 ) ) ;
#1734 = CARTESIAN_POINT ( 'NONE',  ( 0.2471304855452271521, -0.1055730167680026255, 0.1181102362204724532 ) ) ;
#1735 = AXIS2_PLACEMENT_3D ( 'NONE', #4902, #873, #526 ) ;
#1736 = ORIENTED_EDGE ( 'NONE', *, *, #1235, .F. ) ;
#1737 = DIRECTION ( 'NONE',  ( 1.000000000000000000, 0.000000000000000000, 0.000000000000000000 ) ) ;
#1738 = ORIENTED_EDGE ( 'NONE', *, *, #813, .F. ) ;
#1739 = MANIFOLD_SOLID_BREP ( 'Mirror2[1]', #3306 ) ;
#1740 = CARTESIAN_POINT ( 'NONE',  ( 0.2362204724409450174, 0.01891526584201501035, -0.07874015748031495954 ) ) ;
#1741 = AXIS2_PLACEMENT_3D ( 'NONE', #4401, #321, #5338 ) ;
#1742 = CARTESIAN_POINT ( 'NONE',  ( 0.2283464566929132022, 0.007874015748031495954, -0.2204724409448818312 ) ) ;
#1743 = VECTOR ( 'NONE', #432, 39.37007874015748854 ) ;
#1744 = DIRECTION ( 'NONE',  ( 0.000000000000000000, 0.000000000000000000, 1.000000000000000000 ) ) ;
#1745 = EDGE_CURVE ( 'NONE', #2048, #509, #3305, .T. ) ;
#1746 = VERTEX_POINT ( 'NONE', #116 ) ;
#1747 = EDGE_CURVE ( 'NONE', #3560, #4825, #4077, .T. ) ;
#1748 = CARTESIAN_POINT ( 'NONE',  ( 0.2204724409448817202, 0.000000000000000000, 0.2283464566929134243 ) ) ;
#1749 = AXIS2_PLACEMENT_3D ( 'NONE', #5582, #3247, #1564 ) ;
#1750 = VERTEX_POINT ( 'NONE', #65 ) ;
#1751 = ORIENTED_EDGE ( 'NONE', *, *, #5439, .F. ) ;
#1752 = CARTESIAN_POINT ( 'NONE',  ( -0.2284883701790053623, 0.1122047244094488277, 0.09864223006555586371 ) ) ;
#1753 = LINE ( 'NONE', #3546, #3884 ) ;
#1754 = EDGE_CURVE ( 'NONE', #1017, #3090, #1717, .T. ) ;
#1755 = AXIS2_PLACEMENT_3D ( 'NONE', #5602, #1581, #3409 ) ;
#1756 =( BOUNDED_CURVE ( )  B_SPLINE_CURVE ( 3, ( #5340, #4876, #3119, #4489 ),
 .UNSPECIFIED., .F., .F. ) 
 B_SPLINE_CURVE_WITH_KNOTS ( ( 4, 4 ),
 ( 4.712388980384689674, 6.229104895565410693 ),
 .UNSPECIFIED. ) 
 CURVE ( )  GEOMETRIC_REPRESENTATION_ITEM ( )  RATIONAL_B_SPLINE_CURVE ( ( 1.000000000000000000, 0.8173108475157941921, 0.8173108475157941921, 1.000000000000000000 ) ) 
 REPRESENTATION_ITEM ( '' )  );
#1757 = CARTESIAN_POINT ( 'NONE',  ( 0.08566664463896897508, 0.001968503937007873988, 0.1657158043835799122 ) ) ;
#1758 = AXIS2_PLACEMENT_3D ( 'NONE', #1946, #1493, #4197 ) ;
#1759 = ORIENTED_EDGE ( 'NONE', *, *, #655, .T. ) ;
#1760 = DIRECTION ( 'NONE',  ( 1.000000000000000000, 0.000000000000000000, 0.000000000000000000 ) ) ;
#1761 = ORIENTED_EDGE ( 'NONE', *, *, #3758, .F. ) ;
#1762 = DIRECTION ( 'NONE',  ( 0.000000000000000000, 0.000000000000000000, 1.000000000000000000 ) ) ;
#1763 = DIRECTION ( 'NONE',  ( 0.1132543357937751544, 0.3988975848869558694, 0.9099748195391258454 ) ) ;
#1764 = EDGE_CURVE ( 'NONE', #4990, #4678, #1251, .T. ) ;
#1765 = ORIENTED_EDGE ( 'NONE', *, *, #3589, .T. ) ;
#1766 = VECTOR ( 'NONE', #4053, 39.37007874015748143 ) ;
#1767 = DIRECTION ( 'NONE',  ( -0.000000000000000000, -0.000000000000000000, -1.000000000000000000 ) ) ;
#1768 = ORIENTED_EDGE ( 'NONE', *, *, #96, .F. ) ;
#1769 = CARTESIAN_POINT ( 'NONE',  ( -0.08566664463896878079, 0.001968503937007873988, -0.2335546285650877130 ) ) ;
#1770 = ORIENTED_EDGE ( 'NONE', *, *, #2935, .T. ) ;
#1771 = MANIFOLD_SOLID_BREP ( 'Mirror2[2]', #1713 ) ;
#1772 = DIRECTION ( 'NONE',  ( -0.000000000000000000, -0.000000000000000000, -1.000000000000000000 ) ) ;
#1773 = CARTESIAN_POINT ( 'NONE',  ( 0.2544350171358486512, -0.1230897017222303269, 0.1113407154407584365 ) ) ;
#1774 = CARTESIAN_POINT ( 'NONE',  ( 0.2053607947469176798, -0.09371383594840826392, -0.1181102362204724532 ) ) ;
#1775 = CARTESIAN_POINT ( 'NONE',  ( -0.2491021049974450341, -0.09989754952556670342, 0.07874015748031495954 ) ) ;
#1776 = ORIENTED_EDGE ( 'NONE', *, *, #4804, .T. ) ;
#1777 = CARTESIAN_POINT ( 'NONE',  ( -0.2697666957634185514, -0.08083008780228616297, 0.1181102362204724532 ) ) ;
#1778 = EDGE_CURVE ( 'NONE', #2955, #307, #1550, .T. ) ;
#1779 = ADVANCED_FACE ( 'NONE', ( #907 ), #1575, .F. ) ;
#1780 = ORIENTED_EDGE ( 'NONE', *, *, #4354, .T. ) ;
#1781 = DIRECTION ( 'NONE',  ( 0.000000000000000000, 1.000000000000000000, 0.000000000000000000 ) ) ;
#1782 = DIRECTION ( 'NONE',  ( 0.000000000000000000, 1.000000000000000000, 0.000000000000000000 ) ) ;
#1783 = DIRECTION ( 'NONE',  ( 0.000000000000000000, 1.000000000000000000, 0.000000000000000000 ) ) ;
#1784 = EDGE_CURVE ( 'NONE', #2352, #3200, #1993, .T. ) ;
#1785 = EDGE_CURVE ( 'NONE', #5793, #186, #1151, .T. ) ;
#1786 = ORIENTED_EDGE ( 'NONE', *, *, #2252, .F. ) ;
#1787 =( BOUNDED_CURVE ( )  B_SPLINE_CURVE ( 3, ( #5001, #5540, #100, #4142 ),
 .UNSPECIFIED., .F., .F. ) 
 B_SPLINE_CURVE_WITH_KNOTS ( ( 4, 4 ),
 ( 4.712388980384689674, 6.229104895565410693 ),
 .UNSPECIFIED. ) 
 CURVE ( )  GEOMETRIC_REPRESENTATION_ITEM ( )  RATIONAL_B_SPLINE_CURVE ( ( 1.000000000000000000, 0.8173108475157941921, 0.8173108475157941921, 1.000000000000000000 ) ) 
 REPRESENTATION_ITEM ( '' )  );
#1788 = DIRECTION ( 'NONE',  ( 0.000000000000000000, 0.000000000000000000, 1.000000000000000000 ) ) ;
#1789 = LINE ( 'NONE', #519, #496 ) ;
#1790 = CARTESIAN_POINT ( 'NONE',  ( -0.2519685039370080371, -0.01672474479929638227, -0.07874015748031495954 ) ) ;
#1791 = EDGE_CURVE ( 'NONE', #3951, #3865, #609, .T. ) ;
#1792 = CARTESIAN_POINT ( 'NONE',  ( 0.000000000000000000, 0.1240157480314960647, 0.000000000000000000 ) ) ;
#1793 = DIRECTION ( 'NONE',  ( 0.000000000000000000, 1.000000000000000000, 0.000000000000000000 ) ) ;
#1794 = ORIENTED_EDGE ( 'NONE', *, *, #3938, .F. ) ;
#1795 = CARTESIAN_POINT ( 'NONE',  ( 0.2204724409448817202, 0.1043307086614173318, 0.2283464566929134520 ) ) ;
#1796 = PRODUCT_CONTEXT ( 'NONE', #3416, 'mechanical' ) ;
#1797 = VERTEX_POINT ( 'NONE', #3756 ) ;
#1798 = SPHERICAL_SURFACE ( 'NONE', #1191, 0.007874015748031495954 ) ;
#1799 = FACE_OUTER_BOUND ( 'NONE', #5704, .T. ) ;
#1800 = FACE_OUTER_BOUND ( 'NONE', #4244, .T. ) ;
#1801 = DIRECTION ( 'NONE',  ( -0.000000000000000000, -0.000000000000000000, -1.000000000000000000 ) ) ;
#1802 = ORIENTED_EDGE ( 'NONE', *, *, #2295, .F. ) ;
#1803 = VECTOR ( 'NONE', #3318, 39.37007874015748854 ) ;
#1804 = DIRECTION ( 'NONE',  ( -0.2485354773382434934, 0.8753766553315872612, -0.4146635115424732732 ) ) ;
#1805 = VECTOR ( 'NONE', #4787, 39.37007874015748143 ) ;
#1806 = ORIENTED_EDGE ( 'NONE', *, *, #3212, .F. ) ;
#1807 = FACE_OUTER_BOUND ( 'NONE', #1674, .T. ) ;
#1808 = DIRECTION ( 'NONE',  ( 0.000000000000000000, 0.000000000000000000, -1.000000000000000000 ) ) ;
#1809 = STYLED_ITEM ( 'NONE', ( #1433 ), #1739 ) ;
#1810 = CARTESIAN_POINT ( 'NONE',  ( 0.2519685039370080371, -0.01672474479929638227, 0.07874015748031495954 ) ) ;
#1811 = CIRCLE ( 'NONE', #4811, 0.05208177584647953606 ) ;
#1812 = EDGE_LOOP ( 'NONE', ( #3012, #5265, #3276, #4433 ) ) ;
#1813 = PRESENTATION_LAYER_ASSIGNMENT (  '', '', ( #5453 ) ) ;
#1814 = VERTEX_POINT ( 'NONE', #4302 ) ;
#1815 = VECTOR ( 'NONE', #3017, 39.37007874015748143 ) ;
#1816 = LINE ( 'NONE', #1020, #5464 ) ;
#1817 = VERTEX_POINT ( 'NONE', #5101 ) ;
#1818 = EDGE_CURVE ( 'NONE', #2965, #1012, #4194, .T. ) ;
#1819 = EDGE_CURVE ( 'NONE', #1647, #446, #1081, .T. ) ;
#1820 = DIRECTION ( 'NONE',  ( 0.000000000000000000, 0.000000000000000000, 1.000000000000000000 ) ) ;
#1821 = AXIS2_PLACEMENT_3D ( 'NONE', #4688, #4219, #202 ) ;
#1822 = CARTESIAN_POINT ( 'NONE',  ( -0.2362204724409450174, 0.01497825796799926064, 0.07874015748031495954 ) ) ;
#1823 = DIMENSIONAL_EXPONENTS ( 1.000000000000000000, 0.000000000000000000, 0.000000000000000000, 0.000000000000000000, 0.000000000000000000, 0.000000000000000000, 0.000000000000000000 ) ;
#1824 = PRESENTATION_STYLE_ASSIGNMENT (( #4047 ) ) ;
#1825 = ORIENTED_EDGE ( 'NONE', *, *, #4804, .F. ) ;
#1826 = VECTOR ( 'NONE', #5442, 39.37007874015748143 ) ;
#1827 = ORIENTED_EDGE ( 'NONE', *, *, #1485, .F. ) ;
#1828 = EDGE_CURVE ( 'NONE', #4351, #1505, #1134, .T. ) ;
#1829 = DIRECTION ( 'NONE',  ( 1.000000000000000000, 0.000000000000000000, 0.000000000000000000 ) ) ;
#1830 = CIRCLE ( 'NONE', #4723, 0.02952755905511817228 ) ;
#1831 = DIRECTION ( 'NONE',  ( 0.000000000000000000, 0.000000000000000000, 1.000000000000000000 ) ) ;
#1832 = DIRECTION ( 'NONE',  ( 0.000000000000000000, 0.000000000000000000, -1.000000000000000000 ) ) ;
#1833 = CARTESIAN_POINT ( 'NONE',  ( 0.000000000000000000, 0.3937007874015748254, 0.000000000000000000 ) ) ;
#1834 = EDGE_LOOP ( 'NONE', ( #546, #1565, #534, #3889 ) ) ;
#1835 = EDGE_CURVE ( 'NONE', #3558, #5174, #5181, .T. ) ;
#1836 = VECTOR ( 'NONE', #4722, 39.37007874015748143 ) ;
#1837 = CYLINDRICAL_SURFACE ( 'NONE', #442, 0.05208177584647953606 ) ;
#1838 = CARTESIAN_POINT ( 'NONE',  ( 0.2769168319740318296, -0.1140299064768574983, -0.07874015748031495954 ) ) ;
#1839 = CIRCLE ( 'NONE', #2959, 0.01035368314656493448 ) ;
#1840 = ORIENTED_EDGE ( 'NONE', *, *, #709, .T. ) ;
#1841 = DIRECTION ( 'NONE',  ( -1.000000000000000000, 0.000000000000000000, 0.000000000000000000 ) ) ;
#1842 = CARTESIAN_POINT ( 'NONE',  ( 0.2471304855452271521, -0.1055730167680026255, -0.07874015748031495954 ) ) ;
#1843 = MECHANICAL_DESIGN_GEOMETRIC_PRESENTATION_REPRESENTATION (  '', ( #1084 ), #2600 ) ;
#1844 = DIRECTION ( 'NONE',  ( -0.9619789872591466562, 0.2731234667176487552, -2.177189192900539166E-14 ) ) ;
#1845 = ORIENTED_EDGE ( 'NONE', *, *, #553, .T. ) ;
#1846 = AXIS2_PLACEMENT_3D ( 'NONE', #4218, #200, #1599 ) ;
#1847 = AXIS2_PLACEMENT_3D ( 'NONE', #4830, #2609, #712 ) ;
#1848 = ORIENTED_EDGE ( 'NONE', *, *, #3392, .F. ) ;
#1849 = LINE ( 'NONE', #3606, #959 ) ;
#1850 = CARTESIAN_POINT ( 'NONE',  ( 0.2623221870835730218, -0.01672474479929638227, 0.1181102362204724532 ) ) ;
#1851 = LINE ( 'NONE', #4897, #1427 ) ;
#1852 = ORIENTED_EDGE ( 'NONE', *, *, #5059, .F. ) ;
#1853 = SURFACE_STYLE_FILL_AREA ( #4043 ) ;
#1854 = VECTOR ( 'NONE', #3588, 39.37007874015748854 ) ;
#1855 = DIRECTION ( 'NONE',  ( -1.000000000000000000, 0.000000000000000000, 0.000000000000000000 ) ) ;
#1856 = EDGE_CURVE ( 'NONE', #161, #3993, #313, .T. ) ;
#1857 = ADVANCED_FACE ( 'NONE', ( #2931 ), #4341, .T. ) ;
#1858 = CIRCLE ( 'NONE', #1758, 0.01574803149606299885 ) ;
#1859 = ORIENTED_EDGE ( 'NONE', *, *, #4071, .T. ) ;
#1860 = FACE_OUTER_BOUND ( 'NONE', #1164, .T. ) ;
#1861 = DIRECTION ( 'NONE',  ( 1.000000000000000000, 0.000000000000000000, 0.000000000000000000 ) ) ;
#1862 = CARTESIAN_POINT ( 'NONE',  ( 0.09863432439295441445, 0.1122008850379245526, 0.2286303481374914737 ) ) ;
#1863 = EDGE_CURVE ( 'NONE', #4568, #2806, #1622, .T. ) ;
#1864 = ORIENTED_EDGE ( 'NONE', *, *, #344, .F. ) ;
#1865 = DIRECTION ( 'NONE',  ( 0.000000000000000000, 1.000000000000000000, 0.000000000000000000 ) ) ;
#1866 = ORIENTED_EDGE ( 'NONE', *, *, #1385, .F. ) ;
#1867 = CARTESIAN_POINT ( 'NONE',  ( 0.2204724409448817202, 0.1122047244094488277, 0.2204724409448819145 ) ) ;
#1868 = DIRECTION ( 'NONE',  ( 0.2731234667175965747, 0.9619789872591615332, 4.336808689942011425E-15 ) ) ;
#1869 = EDGE_CURVE ( 'NONE', #1399, #3914, #4242, .T. ) ;
#1870 = ORIENTED_EDGE ( 'NONE', *, *, #1452, .T. ) ;
#1871 = DIRECTION ( 'NONE',  ( 0.000000000000000000, 0.000000000000000000, -1.000000000000000000 ) ) ;
#1872 = CARTESIAN_POINT ( 'NONE',  ( 0.000000000000000000, 0.1437007874015747977, 0.000000000000000000 ) ) ;
#1873 = CARTESIAN_POINT ( 'NONE',  ( 0.2467864344510313501, -0.07132847252522378501, -0.07874015748031495954 ) ) ;
#1874 = VERTEX_POINT ( 'NONE', #689 ) ;
#1875 = DIRECTION ( 'NONE',  ( 2.906028851282798884E-15, 0.000000000000000000, -1.000000000000000000 ) ) ;
#1876 = CARTESIAN_POINT ( 'NONE',  ( -0.2362204724409450174, 0.01497825796799926064, -0.1181102362204724532 ) ) ;
#1877 = PLANE ( 'NONE',  #580 ) ;
#1878 = DIRECTION ( 'NONE',  ( 0.000000000000000000, 0.000000000000000000, -1.000000000000000000 ) ) ;
#1879 = DIRECTION ( 'NONE',  ( 0.000000000000000000, 0.000000000000000000, 1.000000000000000000 ) ) ;
#1880 = ORIENTED_EDGE ( 'NONE', *, *, #3797, .T. ) ;
#1881 = EDGE_CURVE ( 'NONE', #2965, #1309, #2850, .T. ) ;
#1882 = CARTESIAN_POINT ( 'NONE',  ( -0.2623221870835730218, -0.01672474479929638227, 0.07874015748031495954 ) ) ;
#1883 = CARTESIAN_POINT ( 'NONE',  ( -0.2588518599949117815, -0.07631714650562787527, -0.07874015748031495954 ) ) ;
#1884 = ORIENTED_EDGE ( 'NONE', *, *, #1835, .F. ) ;
#1885 = FACE_OUTER_BOUND ( 'NONE', #5012, .T. ) ;
#1886 = ORIENTED_EDGE ( 'NONE', *, *, #1887, .T. ) ;
#1887 = EDGE_CURVE ( 'NONE', #2889, #2453, #1435, .T. ) ;
#1888 = CYLINDRICAL_SURFACE ( 'NONE', #2031, 0.02216470676861258607 ) ;
#1889 = EDGE_CURVE ( 'NONE', #5523, #2290, #2337, .T. ) ;
#1890 = CARTESIAN_POINT ( 'NONE',  ( 0.2467864344510313501, -0.07132847252522378501, -0.07874015748031495954 ) ) ;
#1891 = VERTEX_POINT ( 'NONE', #1544 ) ;
#1892 = SPHERICAL_SURFACE ( 'NONE', #2669, 0.04281496062992144053 ) ;
#1893 = CARTESIAN_POINT ( 'NONE',  ( 0.2362204724409450174, 0.03072628946406225775, 0.07874015748031495954 ) ) ;
#1894 = EDGE_CURVE ( 'NONE', #5041, #1509, #2023, .T. ) ;
#1895 = DIRECTION ( 'NONE',  ( 0.000000000000000000, 0.000000000000000000, 1.000000000000000000 ) ) ;
#1896 = AXIS2_PLACEMENT_3D ( 'NONE', #2334, #1007, #917 ) ;
#1897 = ORIENTED_EDGE ( 'NONE', *, *, #1392, .T. ) ;
#1898 = EDGE_LOOP ( 'NONE', ( #5183, #2618, #2744, #2112 ) ) ;
#1899 = DIRECTION ( 'NONE',  ( -1.000000000000000000, 0.000000000000000000, 0.000000000000000000 ) ) ;
#1900 = DIRECTION ( 'NONE',  ( 0.000000000000000000, 0.000000000000000000, -1.000000000000000000 ) ) ;
#1901 = ORIENTED_EDGE ( 'NONE', *, *, #355, .F. ) ;
#1902 = VECTOR ( 'NONE', #3793, 39.37007874015748143 ) ;
#1903 = AXIS2_PLACEMENT_3D ( 'NONE', #988, #1482, #1042 ) ;
#1904 = ORIENTED_EDGE ( 'NONE', *, *, #2042, .T. ) ;
#1905 = ADVANCED_FACE ( 'NONE', ( #3055 ), #843, .F. ) ;
#1906 = LINE ( 'NONE', #3144, #1643 ) ;
#1907 = VECTOR ( 'NONE', #4697, 39.37007874015748143 ) ;
#1908 = CYLINDRICAL_SURFACE ( 'NONE', #4257, 0.02952755905511817228 ) ;
#1909 = VECTOR ( 'NONE', #1221, 39.37007874015748143 ) ;
#1910 =( NAMED_UNIT ( * ) SI_UNIT ( $, .STERADIAN. ) SOLID_ANGLE_UNIT ( ) );
#1911 = EDGE_LOOP ( 'NONE', ( #3294, #2069, #2826, #2520, #136, #1886, #5741, #3578, #5125, #848, #4171, #1553, #2868, #5030, #142, #4752, #4496, #4294 ) ) ;
#1912 = ORIENTED_EDGE ( 'NONE', *, *, #3572, .F. ) ;
#1913 = VECTOR ( 'NONE', #2908, 39.37007874015748143 ) ;
#1914 = DIRECTION ( 'NONE',  ( 0.000000000000000000, 0.000000000000000000, -1.000000000000000000 ) ) ;
#1915 = VECTOR ( 'NONE', #3254, 39.37007874015748143 ) ;
#1916 = ORIENTED_EDGE ( 'NONE', *, *, #2265, .T. ) ;
#1917 = CARTESIAN_POINT ( 'NONE',  ( -0.2410114198820278719, -0.1271252204669363339, -0.08894937703494577852 ) ) ;
#1918 = EDGE_LOOP ( 'NONE', ( #5151, #5586, #1827, #4388 ) ) ;
#1919 = DIRECTION ( 'NONE',  ( 1.000000000000000000, 0.000000000000000000, 0.000000000000000000 ) ) ;
#1920 = AXIS2_PLACEMENT_3D ( 'NONE', #4731, #4764, #2569 ) ;
#1921 = DIRECTION ( 'NONE',  ( 0.000000000000000000, 0.000000000000000000, 1.000000000000000000 ) ) ;
#1922 = EDGE_CURVE ( 'NONE', #385, #2610, #5002, .T. ) ;
#1923 = EDGE_CURVE ( 'NONE', #1797, #1457, #5335, .T. ) ;
#1924 = AXIS2_PLACEMENT_3D ( 'NONE', #1470, #3266, #3372 ) ;
#1925 = CARTESIAN_POINT ( 'NONE',  ( 0.2707977663108322441, -0.1355821101757927194, -0.1079010166658409403 ) ) ;
#1926 = DIRECTION ( 'NONE',  ( 0.000000000000000000, 0.000000000000000000, 1.000000000000000000 ) ) ;
#1927 = DIRECTION ( 'NONE',  ( 1.000000000000000000, 0.000000000000000000, 0.000000000000000000 ) ) ;
#1928 = CIRCLE ( 'NONE', #2867, 0.02486710885605532273 ) ;
#1929 = ORIENTED_EDGE ( 'NONE', *, *, #2193, .F. ) ;
#1930 = EDGE_CURVE ( 'NONE', #1021, #5147, #1351, .T. ) ;
#1931 = ORIENTED_EDGE ( 'NONE', *, *, #388, .T. ) ;
#1932 = CARTESIAN_POINT ( 'NONE',  ( -0.2362204724409450174, 0.01497825796799926064, 0.07874015748031495954 ) ) ;
#1933 = CARTESIAN_POINT ( 'NONE',  ( 0.2362204724409447676, 0.1358267716535433156, -0.2362204724409451007 ) ) ;
#1934 = ORIENTED_EDGE ( 'NONE', *, *, #5378, .T. ) ;
#1935 = AXIS2_PLACEMENT_3D ( 'NONE', #3086, #4865, #280 ) ;
#1936 = LENGTH_MEASURE_WITH_UNIT ( LENGTH_MEASURE( 0.02539999999999999897 ), #4266 );
#1937 = AXIS2_PLACEMENT_3D ( 'NONE', #5604, #704, #2448 ) ;
#1938 = CIRCLE ( 'NONE', #3439, 0.02952755905511817228 ) ;
#1939 = CARTESIAN_POINT ( 'NONE',  ( 0.2588518599949117815, -0.06633979854481968086, 0.1181102362204724532 ) ) ;
#1940 = EDGE_CURVE ( 'NONE', #286, #4088, #2171, .T. ) ;
#1941 = DIRECTION ( 'NONE',  ( 0.000000000000000000, 0.000000000000000000, 1.000000000000000000 ) ) ;
#1942 = ORIENTED_EDGE ( 'NONE', *, *, #3823, .T. ) ;
#1943 = ORIENTED_EDGE ( 'NONE', *, *, #2695, .F. ) ;
#1944 = AXIS2_PLACEMENT_3D ( 'NONE', #2056, #1233, #5696 ) ;
#1945 = VECTOR ( 'NONE', #3654, 39.37007874015748143 ) ;
#1946 = CARTESIAN_POINT ( 'NONE',  ( 0.2204724409448817202, 0.007874015748031499423, -0.2204724409448818312 ) ) ;
#1947 = CARTESIAN_POINT ( 'NONE',  ( -0.08566664463896897508, 0.007874015748031499423, 0.2362204724409449341 ) ) ;
#1948 = VECTOR ( 'NONE', #2970, 39.37007874015748143 ) ;
#1949 = VERTEX_POINT ( 'NONE', #753 ) ;
#1950 = DIRECTION ( 'NONE',  ( 0.3820956964504000353, -0.9241227617335716626, 0.000000000000000000 ) ) ;
#1951 = ORIENTED_EDGE ( 'NONE', *, *, #2430, .T. ) ;
#1952 = CARTESIAN_POINT ( 'NONE',  ( -0.2528192596362454636, -0.1287806252514481775, -0.09253195506462764952 ) ) ;
#1953 = DIRECTION ( 'NONE',  ( 0.000000000000000000, 1.000000000000000000, 0.000000000000000000 ) ) ;
#1954 = ORIENTED_EDGE ( 'NONE', *, *, #1887, .F. ) ;
#1955 = CARTESIAN_POINT ( 'NONE',  ( -0.2362204724409450174, 0.01497825796799926064, -0.07874015748031495954 ) ) ;
#1956 = LINE ( 'NONE', #5516, #1516 ) ;
#1957 = DIRECTION ( 'NONE',  ( -0.3820956964504011455, -0.9241227617335711075, 0.000000000000000000 ) ) ;
#1958 = EDGE_CURVE ( 'NONE', #26, #357, #2114, .T. ) ;
#1959 = VERTEX_POINT ( 'NONE', #3023 ) ;
#1960 = ORIENTED_EDGE ( 'NONE', *, *, #5460, .F. ) ;
#1961 = CYLINDRICAL_SURFACE ( 'NONE', #2844, 0.003937007874015758385 ) ;
#1962 = CARTESIAN_POINT ( 'NONE',  ( 0.2362204724409450174, 0.03072628946406225775, -0.1181102362204724532 ) ) ;
#1963 = FACE_OUTER_BOUND ( 'NONE', #1243, .T. ) ;
#1964 = EDGE_CURVE ( 'NONE', #1017, #325, #5548, .T. ) ;
#1965 = EDGE_CURVE ( 'NONE', #5174, #4477, #1316, .T. ) ;
#1966 = DIRECTION ( 'NONE',  ( -0.9985380109141170912, 0.000000000000000000, -0.05405405405405416808 ) ) ;
#1967 = DIRECTION ( 'NONE',  ( 0.000000000000000000, 0.000000000000000000, -1.000000000000000000 ) ) ;
#1968 = CARTESIAN_POINT ( 'NONE',  ( 0.09863432439295460874, 0.1122008850379245526, -0.2286303481374913626 ) ) ;
#1969 = ORIENTED_EDGE ( 'NONE', *, *, #3549, .T. ) ;
#1970 = DIRECTION ( 'NONE',  ( 0.000000000000000000, 0.000000000000000000, 1.000000000000000000 ) ) ;
#1971 = ADVANCED_FACE ( 'NONE', ( #3091 ), #2473, .T. ) ;
#1972 = CYLINDRICAL_SURFACE ( 'NONE', #2679, 0.02486710885605532273 ) ;
#1973 = DIRECTION ( 'NONE',  ( -0.000000000000000000, -0.000000000000000000, -1.000000000000000000 ) ) ;
#1974 = EDGE_LOOP ( 'NONE', ( #5532, #11, #5716, #3494 ) ) ;
#1975 = CARTESIAN_POINT ( 'NONE',  ( -0.08566664463896897508, 0.001968503937007873988, 0.1657158043835799122 ) ) ;
#1976 = DIRECTION ( 'NONE',  ( -0.3820956964504011455, -0.9241227617335711075, 0.000000000000000000 ) ) ;
#1977 = VERTEX_POINT ( 'NONE', #3906 ) ;
#1978 = DIRECTION ( 'NONE',  ( 0.000000000000000000, 1.000000000000000000, 0.000000000000000000 ) ) ;
#1979 = CARTESIAN_POINT ( 'NONE',  ( -0.2972320595286823686, -0.1197977719400012131, -0.07874015748031495954 ) ) ;
#1980 = CARTESIAN_POINT ( 'NONE',  ( -0.1870078740157481711, 0.1200787401574803237, -0.1870078740157479769 ) ) ;
#1981 = ORIENTED_EDGE ( 'NONE', *, *, #1272, .T. ) ;
#1982 = ORIENTED_EDGE ( 'NONE', *, *, #1600, .T. ) ;
#1983 = PLANE ( 'NONE',  #4146 ) ;
#1984 = LINE ( 'NONE', #4157, #1525 ) ;
#1985 = ORIENTED_EDGE ( 'NONE', *, *, #5530, .T. ) ;
#1986 = VECTOR ( 'NONE', #4138, 39.37007874015748143 ) ;
#1987 = DIRECTION ( 'NONE',  ( 0.000000000000000000, 0.000000000000000000, -1.000000000000000000 ) ) ;
#1988 = FACE_OUTER_BOUND ( 'NONE', #4636, .T. ) ;
#1989 = CARTESIAN_POINT ( 'NONE',  ( -0.2283464566929135908, 0.007874015748031499423, 0.2362204724409449341 ) ) ;
#1990 = AXIS2_PLACEMENT_3D ( 'NONE', #1356, #3150, #5367 ) ;
#1991 = AXIS2_PLACEMENT_3D ( 'NONE', #138, #5553, #632 ) ;
#1992 = EDGE_CURVE ( 'NONE', #5017, #2657, #5745, .T. ) ;
#1993 = LINE ( 'NONE', #2496, #2289 ) ;
#1994 = EDGE_CURVE ( 'NONE', #1509, #1012, #5749, .T. ) ;
#1995 = EDGE_LOOP ( 'NONE', ( #4909, #1234, #1916, #5544 ) ) ;
#1996 = ORIENTED_EDGE ( 'NONE', *, *, #5309, .F. ) ;
#1997 = FACE_OUTER_BOUND ( 'NONE', #2828, .T. ) ;
#1998 = VECTOR ( 'NONE', #4563, 39.37007874015748143 ) ;
#1999 = CIRCLE ( 'NONE', #2757, 0.003937007874015754048 ) ;
#2000 = DIRECTION ( 'NONE',  ( 0.000000000000000000, 0.000000000000000000, -1.000000000000000000 ) ) ;
#2001 = EDGE_CURVE ( 'NONE', #3428, #2898, #3037, .T. ) ;
#2002 = CYLINDRICAL_SURFACE ( 'NONE', #1513, 0.007874015748031482076 ) ;
#2003 = ORIENTED_EDGE ( 'NONE', *, *, #1004, .F. ) ;
#2004 = CARTESIAN_POINT ( 'NONE',  ( -0.2362204724409450174, 0.1043307086614173318, -0.2283464566929133410 ) ) ;
#2005 = AXIS2_PLACEMENT_3D ( 'NONE', #1424, #4041, #110 ) ;
#2006 = FACE_OUTER_BOUND ( 'NONE', #1214, .T. ) ;
#2007 = ORIENTED_EDGE ( 'NONE', *, *, #4625, .T. ) ;
#2008 = CARTESIAN_POINT ( 'NONE',  ( -0.2716535433070866867, -0.07132847252522378501, 0.07874015748031495954 ) ) ;
#2009 = ADVANCED_FACE ( 'NONE', ( #3432 ), #4895, .T. ) ;
#2010 = CYLINDRICAL_SURFACE ( 'NONE', #2924, 0.02216470676861258607 ) ;
#2011 = VECTOR ( 'NONE', #5758, 39.37007874015748854 ) ;
#2012 = DIRECTION ( 'NONE',  ( 0.000000000000000000, 0.000000000000000000, 1.000000000000000000 ) ) ;
#2013 = VECTOR ( 'NONE', #3910, 39.37007874015748143 ) ;
#2014 = ORIENTED_EDGE ( 'NONE', *, *, #4677, .T. ) ;
#2015 = ORIENTED_EDGE ( 'NONE', *, *, #3434, .T. ) ;
#2016 = CYLINDRICAL_SURFACE ( 'NONE', #4911, 0.02952755905511817228 ) ;
#2017 = FACE_BOUND ( 'NONE', #3742, .T. ) ;
#2018 = VECTOR ( 'NONE', #2586, 39.37007874015748143 ) ;
#2019 = DIRECTION ( 'NONE',  ( 0.000000000000000000, 0.000000000000000000, -1.000000000000000000 ) ) ;
#2020 = ORIENTED_EDGE ( 'NONE', *, *, #2286, .F. ) ;
#2021 = DIRECTION ( 'NONE',  ( -0.3820956964504000353, 0.9241227617335716626, 0.000000000000000000 ) ) ;
#2022 = PRESENTATION_LAYER_ASSIGNMENT (  '', '', ( #1084 ) ) ;
#2023 = LINE ( 'NONE', #1110, #2099 ) ;
#2024 = ORIENTED_EDGE ( 'NONE', *, *, #2224, .F. ) ;
#2025 = FACE_OUTER_BOUND ( 'NONE', #5584, .T. ) ;
#2026 = CIRCLE ( 'NONE', #5305, 0.007874015748031482076 ) ;
#2027 = AXIS2_PLACEMENT_3D ( 'NONE', #4320, #1689, #1588 ) ;
#2028 = ADVANCED_FACE ( 'NONE', ( #868 ), #2678, .T. ) ;
#2029 = ADVANCED_FACE ( 'NONE', ( #1227 ), #1292, .F. ) ;
#2030 = CARTESIAN_POINT ( 'NONE',  ( 0.2972320595286911393, -0.1197977719400046548, -0.1181102362204724532 ) ) ;
#2031 = AXIS2_PLACEMENT_3D ( 'NONE', #2394, #3679, #4090 ) ;
#2032 = CARTESIAN_POINT ( 'NONE',  ( -0.2523733764244589506, -0.1303510881840740376, -0.1079010166658413428 ) ) ;
#2033 = ORIENTED_EDGE ( 'NONE', *, *, #2616, .F. ) ;
#2034 = DIRECTION ( 'NONE',  ( 1.000000000000000000, 0.000000000000000000, 0.000000000000000000 ) ) ;
#2035 = ADVANCED_FACE ( 'NONE', ( #785 ), #2590, .F. ) ;
#2036 = VECTOR ( 'NONE', #3270, 39.37007874015748143 ) ;
#2037 = ORIENTED_EDGE ( 'NONE', *, *, #379, .F. ) ;
#2038 = CARTESIAN_POINT ( 'NONE',  ( 0.08566664463896901671, 0.007874015748031499423, -0.2283464566929133410 ) ) ;
#2039 = CARTESIAN_POINT ( 'NONE',  ( -0.2491021049974450341, -0.09989754952556670342, 0.1181102362204724532 ) ) ;
#2040 = VECTOR ( 'NONE', #827, 39.37007874015748143 ) ;
#2041 = CARTESIAN_POINT ( 'NONE',  ( -0.2331827080873520586, 0.1119544512436035644, 0.09838789059863362052 ) ) ;
#2042 = EDGE_CURVE ( 'NONE', #1089, #3513, #3405, .T. ) ;
#2043 = EDGE_LOOP ( 'NONE', ( #415, #2195, #2607, #2996 ) ) ;
#2044 = ORIENTED_EDGE ( 'NONE', *, *, #1060, .T. ) ;
#2045 = CARTESIAN_POINT ( 'NONE',  ( -0.2467864344510313501, -0.07132847252522378501, -0.07874015748031495954 ) ) ;
#2046 = DIRECTION ( 'NONE',  ( 1.000000000000000000, 0.000000000000000000, 0.000000000000000000 ) ) ;
#2047 = CARTESIAN_POINT ( 'NONE',  ( -0.2362204724409450174, 0.1043307086614173318, 0.2204724409448819145 ) ) ;
#2048 = VERTEX_POINT ( 'NONE', #989 ) ;
#2049 = DIRECTION ( 'NONE',  ( 0.000000000000000000, -1.000000000000000000, 0.000000000000000000 ) ) ;
#2050 = ORIENTED_EDGE ( 'NONE', *, *, #4317, .F. ) ;
#2051 = CARTESIAN_POINT ( 'NONE',  ( 0.2716535433070866867, -0.07132847252522378501, 0.07874015748031495954 ) ) ;
#2052 = ORIENTED_EDGE ( 'NONE', *, *, #4070, .F. ) ;
#2053 = DIRECTION ( 'NONE',  ( -0.000000000000000000, -0.000000000000000000, -1.000000000000000000 ) ) ;
#2054 = DIRECTION ( 'NONE',  ( 0.000000000000000000, 0.000000000000000000, 1.000000000000000000 ) ) ;
#2055 = DIRECTION ( 'NONE',  ( 1.000000000000000000, 0.000000000000000000, -1.224646799147353207E-16 ) ) ;
#2056 = CARTESIAN_POINT ( 'NONE',  ( 0.2972320595286911393, -0.1197977719400046548, 0.1181102362204724532 ) ) ;
#2057 = ORIENTED_EDGE ( 'NONE', *, *, #2689, .F. ) ;
#2058 = CARTESIAN_POINT ( 'NONE',  ( -0.2283464566929135908, 0.1437007874015747977, -0.09076414801644744346 ) ) ;
#2059 = CARTESIAN_POINT ( 'NONE',  ( -0.2283464566929135908, 0.1122047244094488277, 0.09865035267987272427 ) ) ;
#2060 = DIRECTION ( 'NONE',  ( 0.9619789872591467672, 0.2731234667176488107, -2.177189192900539481E-14 ) ) ;
#2061 = ORIENTED_EDGE ( 'NONE', *, *, #5719, .F. ) ;
#2062 = DIRECTION ( 'NONE',  ( 0.000000000000000000, 1.000000000000000000, 0.000000000000000000 ) ) ;
#2063 = CARTESIAN_POINT ( 'NONE',  ( -0.2362204724409450174, 0.1043307086614173318, -0.2204724409448818312 ) ) ;
#2064 = EDGE_CURVE ( 'NONE', #5620, #487, #3140, .T. ) ;
#2065 = EDGE_CURVE ( 'NONE', #3364, #5207, #1723, .T. ) ;
#2066 = CYLINDRICAL_SURFACE ( 'NONE', #1654, 0.04027075222444161801 ) ;
#2067 = CARTESIAN_POINT ( 'NONE',  ( 0.2283464566929132300, 0.000000000000000000, 0.2204724409448819145 ) ) ;
#2068 = ORIENTED_EDGE ( 'NONE', *, *, #5646, .F. ) ;
#2069 = ORIENTED_EDGE ( 'NONE', *, *, #5146, .T. ) ;
#2070 = CARTESIAN_POINT ( 'NONE',  ( 0.1870078740157481711, 0.1122047244094488277, -0.1870078740157479769 ) ) ;
#2071 = DIRECTION ( 'NONE',  ( 0.000000000000000000, 0.000000000000000000, 1.000000000000000000 ) ) ;
#2072 = EDGE_CURVE ( 'NONE', #1063, #1959, #4537, .T. ) ;
#2073 = CARTESIAN_POINT ( 'NONE',  ( 0.2362204724409450174, 0.01497825796799926064, 0.07874015748031495954 ) ) ;
#2074 = CARTESIAN_POINT ( 'NONE',  ( -0.2287720791657801289, 0.1358267716535433156, 0.09862665203939319225 ) ) ;
#2075 = ORIENTED_EDGE ( 'NONE', *, *, #2468, .T. ) ;
#2076 = DIRECTION ( 'NONE',  ( 0.000000000000000000, 0.000000000000000000, 1.000000000000000000 ) ) ;
#2077 = ORIENTED_EDGE ( 'NONE', *, *, #227, .F. ) ;
#2078 = DIRECTION ( 'NONE',  ( -0.000000000000000000, -1.000000000000000000, -0.000000000000000000 ) ) ;
#2079 = EDGE_CURVE ( 'NONE', #214, #645, #518, .T. ) ;
#2080 = ORIENTED_EDGE ( 'NONE', *, *, #2703, .F. ) ;
#2081 = AXIS2_PLACEMENT_3D ( 'NONE', #104, #3684, #2807 ) ;
#2082 = SPHERICAL_SURFACE ( 'NONE', #1741, 0.007874015748031495954 ) ;
#2083 = CARTESIAN_POINT ( 'NONE',  ( -0.2519685039370080371, -0.01672474479929638227, 0.07874015748031495954 ) ) ;
#2084 = VECTOR ( 'NONE', #2985, 39.37007874015748143 ) ;
#2085 = CARTESIAN_POINT ( 'NONE',  ( -0.2517439703972003673, -0.1325679440989253610, 0.1043184386361597493 ) ) ;
#2086 = LINE ( 'NONE', #4668, #398 ) ;
#2087 = LINE ( 'NONE', #3443, #5312 ) ;
#2088 = ORIENTED_EDGE ( 'NONE', *, *, #5698, .T. ) ;
#2089 = AXIS2_PLACEMENT_3D ( 'NONE', #5695, #4878, #414 ) ;
#2090 = VECTOR ( 'NONE', #4870, 39.37007874015748854 ) ;
#2091 = CARTESIAN_POINT ( 'NONE',  ( 0.2283464566929132300, 0.1043307086614173318, 0.2362204724409452394 ) ) ;
#2092 = PLANE ( 'NONE',  #1069 ) ;
#2093 = AXIS2_PLACEMENT_3D ( 'NONE', #2481, #1299, #2683 ) ;
#2094 = VECTOR ( 'NONE', #2698, 39.37007874015748143 ) ;
#2095 = ORIENTED_EDGE ( 'NONE', *, *, #4717, .T. ) ;
#2096 = DIRECTION ( 'NONE',  ( -0.000000000000000000, -0.000000000000000000, -1.000000000000000000 ) ) ;
#2097 = DIRECTION ( 'NONE',  ( -1.000000000000000000, 0.000000000000000000, 0.000000000000000000 ) ) ;
#2098 = ORIENTED_EDGE ( 'NONE', *, *, #5110, .T. ) ;
#2099 = VECTOR ( 'NONE', #660, 39.37007874015748143 ) ;
#2100 = CARTESIAN_POINT ( 'NONE',  ( -0.2287720791657801289, 0.1121932126843631361, 0.09862665203939319225 ) ) ;
#2101 = EDGE_CURVE ( 'NONE', #2714, #2806, #5, .T. ) ;
#2102 = EDGE_CURVE ( 'NONE', #3267, #24, #320, .T. ) ;
#2103 = ORIENTED_EDGE ( 'NONE', *, *, #345, .F. ) ;
#2104 = VECTOR ( 'NONE', #5554, 39.37007874015748143 ) ;
#2105 = ORIENTED_EDGE ( 'NONE', *, *, #2653, .T. ) ;
#2106 = CARTESIAN_POINT ( 'NONE',  ( 0.2697666957634185514, -0.08083008780228616297, -0.07874015748031495954 ) ) ;
#2107 = CYLINDRICAL_SURFACE ( 'NONE', #5008, 0.01574803149606299885 ) ;
#2108 = FACE_OUTER_BOUND ( 'NONE', #2173, .T. ) ;
#2109 = CIRCLE ( 'NONE', #5466, 0.1377952755905511029 ) ;
#2110 = EDGE_CURVE ( 'NONE', #4159, #1537, #2675, .T. ) ;
#2111 = DIRECTION ( 'NONE',  ( -1.000000000000000000, 0.000000000000000000, 0.000000000000000000 ) ) ;
#2112 = ORIENTED_EDGE ( 'NONE', *, *, #927, .T. ) ;
#2113 = CARTESIAN_POINT ( 'NONE',  ( -0.2519685039370080371, -0.01672474479929638227, -0.07874015748031495954 ) ) ;
#2114 = LINE ( 'NONE', #3990, #217 ) ;
#2115 = ORIENTED_EDGE ( 'NONE', *, *, #451, .F. ) ;
#2116 = CARTESIAN_POINT ( 'NONE',  ( -0.2467864344510313501, -0.07132847252522378501, 0.07874015748031495954 ) ) ;
#2117 = DIRECTION ( 'NONE',  ( 0.000000000000000000, -1.000000000000000000, 0.000000000000000000 ) ) ;
#2118 = EDGE_CURVE ( 'NONE', #2898, #3428, #3312, .T. ) ;
#2119 = AXIS2_PLACEMENT_3D ( 'NONE', #5246, #4783, #3026 ) ;
#2120 = LINE ( 'NONE', #3440, #5105 ) ;
#2121 = ORIENTED_EDGE ( 'NONE', *, *, #5615, .F. ) ;
#2122 = DIRECTION ( 'NONE',  ( 0.3820956964504011455, -0.9241227617335711075, 0.000000000000000000 ) ) ;
#2123 = B_SPLINE_CURVE_WITH_KNOTS ( 'NONE', 3,
 ( #2660, #3202, #38, #2271 ),
 .UNSPECIFIED., .F., .F.,
 ( 4, 4 ),
 ( 0.000000000000000000, 1.083150619154773860E-05 ),
 .UNSPECIFIED. ) ;
#2124 = EDGE_LOOP ( 'NONE', ( #4959, #4980, #952, #3159 ) ) ;
#2125 = AXIS2_PLACEMENT_3D ( 'NONE', #4036, #895, #5414 ) ;
#2126 = CARTESIAN_POINT ( 'NONE',  ( 0.2697666957634185514, -0.08083008780228616297, 0.07874015748031495954 ) ) ;
#2127 = CARTESIAN_POINT ( 'NONE',  ( 1.527208393853812654E-17, 0.3861015708401771551, 0.1247060291111784236 ) ) ;
#2128 = CARTESIAN_POINT ( 'NONE',  ( -0.2204724409448820255, 0.1122047244094488277, 0.2283464566929134520 ) ) ;
#2129 = AXIS2_PLACEMENT_3D ( 'NONE', #2661, #4794, #421 ) ;
#2130 = VECTOR ( 'NONE', #106, 39.37007874015748143 ) ;
#2131 = ORIENTED_EDGE ( 'NONE', *, *, #2101, .F. ) ;
#2132 = FACE_OUTER_BOUND ( 'NONE', #2269, .T. ) ;
#2133 = ORIENTED_EDGE ( 'NONE', *, *, #3014, .T. ) ;
#2134 = TOROIDAL_SURFACE ( 'NONE', #5403, 0.1456692913385826960, 0.007874015748031495954 ) ;
#2135 = DIRECTION ( 'NONE',  ( -0.3820956964504006459, -0.9241227617335713296, 0.000000000000000000 ) ) ;
#2136 = ORIENTED_EDGE ( 'NONE', *, *, #4284, .F. ) ;
#2137 = VECTOR ( 'NONE', #3943, 39.37007874015748143 ) ;
#2138 = ORIENTED_EDGE ( 'NONE', *, *, #5339, .T. ) ;
#2139 = CARTESIAN_POINT ( 'NONE',  ( 0.2598425196850394081, -0.07132847252522378501, 0.07874015748031495954 ) ) ;
#2140 = FACE_OUTER_BOUND ( 'NONE', #658, .T. ) ;
#2141 = DIRECTION ( 'NONE',  ( -0.000000000000000000, -0.000000000000000000, -1.000000000000000000 ) ) ;
#2142 = DIRECTION ( 'NONE',  ( 0.000000000000000000, 0.000000000000000000, -1.000000000000000000 ) ) ;
#2143 = ORIENTED_EDGE ( 'NONE', *, *, #95, .F. ) ;
#2144 = CARTESIAN_POINT ( 'NONE',  ( 0.2467864344510313501, -0.07132847252522378501, -0.07874015748031495954 ) ) ;
#2145 = CARTESIAN_POINT ( 'NONE',  ( 0.000000000000000000, 0.1240157480314960647, 0.000000000000000000 ) ) ;
#2146 = EDGE_CURVE ( 'NONE', #2593, #5249, #2580, .T. ) ;
#2147 = ORIENTED_EDGE ( 'NONE', *, *, #4650, .T. ) ;
#2148 = EDGE_CURVE ( 'NONE', #3839, #2572, #4720, .T. ) ;
#2149 = CARTESIAN_POINT ( 'NONE',  ( -0.2362204724409450174, 0.1122047244094488277, -0.2362204724409448231 ) ) ;
#2150 = LINE ( 'NONE', #1262, #2397 ) ;
#2151 = CARTESIAN_POINT ( 'NONE',  ( 0.2523733764244589506, -0.1303510881840740376, 0.1079010166658413428 ) ) ;
#2152 = CARTESIAN_POINT ( 'NONE',  ( -0.1870078740157481711, 0.1200787401574803237, -0.2165354330708661457 ) ) ;
#2153 = EDGE_LOOP ( 'NONE', ( #1373, #4715, #1985, #2521 ) ) ;
#2154 = EDGE_CURVE ( 'NONE', #5526, #357, #4570, .T. ) ;
#2155 = CARTESIAN_POINT ( 'NONE',  ( -0.2362204724409450174, 0.1358267716535433156, 0.09076414801644738795 ) ) ;
#2156 = LINE ( 'NONE', #2947, #5382 ) ;
#2157 = CARTESIAN_POINT ( 'NONE',  ( -0.2283464566929135908, 0.1043307086614173318, -0.2362204724409448231 ) ) ;
#2158 = VERTEX_POINT ( 'NONE', #4456 ) ;
#2159 = DIRECTION ( 'NONE',  ( 0.9619789872591466562, -0.2731234667176487552, 0.000000000000000000 ) ) ;
#2160 = ORIENTED_EDGE ( 'NONE', *, *, #1631, .T. ) ;
#2161 = CARTESIAN_POINT ( 'NONE',  ( -0.2401574803149607862, 0.01497825796799926064, -0.07874015748031495954 ) ) ;
#2162 = EDGE_LOOP ( 'NONE', ( #1943, #4288, #408, #1445 ) ) ;
#2163 = ORIENTED_EDGE ( 'NONE', *, *, #1600, .F. ) ;
#2164 = CARTESIAN_POINT ( 'NONE',  ( -1.639290990984646103E-17, 0.1240157480314960647, -0.1338582677165354173 ) ) ;
#2165 = CARTESIAN_POINT ( 'NONE',  ( 0.2362204724409450174, 0.03072628946406225775, -0.07874015748031495954 ) ) ;
#2166 = DIRECTION ( 'NONE',  ( 1.000000000000000000, 0.000000000000000000, 0.000000000000000000 ) ) ;
#2167 = ORIENTED_EDGE ( 'NONE', *, *, #743, .T. ) ;
#2168 = CARTESIAN_POINT ( 'NONE',  ( -0.2598425196850394081, -0.07132847252522378501, 0.07874015748031495954 ) ) ;
#2169 = ORIENTED_EDGE ( 'NONE', *, *, #2079, .F. ) ;
#2170 = DIRECTION ( 'NONE',  ( 0.000000000000000000, 1.000000000000000000, 0.000000000000000000 ) ) ;
#2171 = LINE ( 'NONE', #3487, #2673 ) ;
#2172 = ORIENTED_EDGE ( 'NONE', *, *, #4431, .F. ) ;
#2173 = EDGE_LOOP ( 'NONE', ( #2722, #5120, #4301, #4868 ) ) ;
#2174 = FACE_OUTER_BOUND ( 'NONE', #4696, .T. ) ;
#2175 = PLANE ( 'NONE',  #2863 ) ;
#2176 = ADVANCED_FACE ( 'NONE', ( #25 ), #2291, .F. ) ;
#2177 = EDGE_CURVE ( 'NONE', #1201, #1021, #3576, .T. ) ;
#2178 = VERTEX_POINT ( 'NONE', #4068 ) ;
#2179 = DIRECTION ( 'NONE',  ( -1.000000000000000000, 0.000000000000000000, 0.000000000000000000 ) ) ;
#2180 = VERTEX_POINT ( 'NONE', #5043 ) ;
#2181 = DIRECTION ( 'NONE',  ( -0.000000000000000000, -0.000000000000000000, -1.000000000000000000 ) ) ;
#2182 = AXIS2_PLACEMENT_3D ( 'NONE', #2428, #1529, #4735 ) ;
#2183 = CARTESIAN_POINT ( 'NONE',  ( 0.2519685039370080371, 0.01497825796799926064, 0.07874015748031495954 ) ) ;
#2184 = EDGE_CURVE ( 'NONE', #3267, #3064, #1816, .T. ) ;
#2185 = AXIS2_PLACEMENT_3D ( 'NONE', #3828, #5545, #4315 ) ;
#2186 = PLANE ( 'NONE',  #3025 ) ;
#2187 = CIRCLE ( 'NONE', #5270, 0.02486710885605532273 ) ;
#2188 = ORIENTED_EDGE ( 'NONE', *, *, #3830, .F. ) ;
#2189 = CARTESIAN_POINT ( 'NONE',  ( 0.2467864344510313501, -0.07132847252522378501, 0.07874015748031495954 ) ) ;
#2190 = LINE ( 'NONE', #4860, #1551 ) ;
#2191 = COLOUR_RGB ( '',0.7921568627450980005, 0.8196078431372548767, 0.9333333333333333481 ) ;
#2192 = AXIS2_PLACEMENT_3D ( 'NONE', #5351, #4922, #836 ) ;
#2193 = EDGE_CURVE ( 'NONE', #3746, #4786, #931, .T. ) ;
#2194 = ORIENTED_EDGE ( 'NONE', *, *, #5502, .T. ) ;
#2195 = ORIENTED_EDGE ( 'NONE', *, *, #5045, .F. ) ;
#2196 = CYLINDRICAL_SURFACE ( 'NONE', #2471, 0.003937007874015744507 ) ;
#2197 = CARTESIAN_POINT ( 'NONE',  ( -0.08566664463896878079, 0.000000000000000000, -0.2283464566929133410 ) ) ;
#2198 = VECTOR ( 'NONE', #3520, 39.37007874015748143 ) ;
#2199 = DIRECTION ( 'NONE',  ( -0.2731234667176057340, -0.9619789872591587576, 0.000000000000000000 ) ) ;
#2200 = VECTOR ( 'NONE', #4775, 39.37007874015748143 ) ;
#2201 = ORIENTED_EDGE ( 'NONE', *, *, #1354, .F. ) ;
#2202 = DIRECTION ( 'NONE',  ( 1.000000000000000000, 0.000000000000000000, 0.000000000000000000 ) ) ;
#2203 = VERTEX_POINT ( 'NONE', #2733 ) ;
#2204 =( BOUNDED_CURVE ( )  B_SPLINE_CURVE ( 3, ( #1507, #4981, #109, #2788 ),
 .UNSPECIFIED., .F., .F. ) 
 B_SPLINE_CURVE_WITH_KNOTS ( ( 4, 4 ),
 ( 0.05408041161417592724, 1.570796326794896780 ),
 .UNSPECIFIED. ) 
 CURVE ( )  GEOMETRIC_REPRESENTATION_ITEM ( )  RATIONAL_B_SPLINE_CURVE ( ( 1.000000000000000000, 0.8173108475157944142, 0.8173108475157944142, 1.000000000000000000 ) ) 
 REPRESENTATION_ITEM ( '' )  );
#2205 = DIRECTION ( 'NONE',  ( 1.000000000000000000, 0.000000000000000000, 0.000000000000000000 ) ) ;
#2206 = ORIENTED_EDGE ( 'NONE', *, *, #5395, .F. ) ;
#2207 = EDGE_LOOP ( 'NONE', ( #4603, #4016, #2987, #5350, #2050, #5366 ) ) ;
#2208 = AXIS2_PLACEMENT_3D ( 'NONE', #4913, #2691, #2245 ) ;
#2209 = DIRECTION ( 'NONE',  ( 0.9619789872591620883, 0.2731234667175944097, 0.000000000000000000 ) ) ;
#2210 = DIRECTION ( 'NONE',  ( 0.000000000000000000, 0.000000000000000000, -1.000000000000000000 ) ) ;
#2211 = AXIS2_PLACEMENT_3D ( 'NONE', #5049, #5099, #2794 ) ;
#2212 = CARTESIAN_POINT ( 'NONE',  ( -0.2204724409448820255, 0.007874015748031499423, -0.2204724409448818312 ) ) ;
#2213 = ORIENTED_EDGE ( 'NONE', *, *, #1716, .T. ) ;
#2214 = LINE ( 'NONE', #5284, #1142 ) ;
#2215 = ORIENTED_EDGE ( 'NONE', *, *, #2631, .T. ) ;
#2216 = DIRECTION ( 'NONE',  ( 0.000000000000000000, 0.000000000000000000, -1.000000000000000000 ) ) ;
#2217 = ADVANCED_FACE ( 'NONE', ( #489 ), #56, .F. ) ;
#2218 = AXIS2_PLACEMENT_3D ( 'NONE', #2116, #5748, #3491 ) ;
#2219 = DIRECTION ( 'NONE',  ( 0.000000000000000000, 0.000000000000000000, -1.000000000000000000 ) ) ;
#2220 = LINE ( 'NONE', #1775, #1420 ) ;
#2221 = ORIENTED_EDGE ( 'NONE', *, *, #3624, .T. ) ;
#2222 = EDGE_CURVE ( 'NONE', #637, #1457, #4212, .T. ) ;
#2223 = CARTESIAN_POINT ( 'NONE',  ( -0.09518123467049925679, 0.1087477953154689370, -0.2362204724409448509 ) ) ;
#2224 = EDGE_CURVE ( 'NONE', #4049, #2842, #1400, .T. ) ;
#2225 = VECTOR ( 'NONE', #4174, 39.37007874015748143 ) ;
#2226 = AXIS2_PLACEMENT_3D ( 'NONE', #3510, #3950, #5670 ) ;
#2227 = ORIENTED_EDGE ( 'NONE', *, *, #2907, .T. ) ;
#2228 = CARTESIAN_POINT ( 'NONE',  ( -0.2403820138547686225, -0.1293420763817875185, 0.1043184386361599991 ) ) ;
#2229 = PLANE ( 'NONE',  #5542 ) ;
#2230 = VECTOR ( 'NONE', #1727, 39.37007874015748143 ) ;
#2231 = AXIS2_PLACEMENT_3D ( 'NONE', #4729, #1179, #4438 ) ;
#2232 = EDGE_CURVE ( 'NONE', #2329, #820, #4920, .T. ) ;
#2233 = CARTESIAN_POINT ( 'NONE',  ( -0.2401574803149607862, -0.01672474479929638227, -0.07874015748031495954 ) ) ;
#2234 = AXIS2_PLACEMENT_3D ( 'NONE', #1406, #5157, #3400 ) ;
#2235 = VERTEX_POINT ( 'NONE', #654 ) ;
#2236 = ORIENTED_EDGE ( 'NONE', *, *, #1785, .F. ) ;
#2237 = CARTESIAN_POINT ( 'NONE',  ( -0.2588518599949117815, -0.06633979854481968086, -0.1181102362204724532 ) ) ;
#2238 = DIRECTION ( 'NONE',  ( 0.000000000000000000, -1.000000000000000000, 0.000000000000000000 ) ) ;
#2239 = EDGE_LOOP ( 'NONE', ( #34, #2143, #2475, #582 ) ) ;
#2240 = VERTEX_POINT ( 'NONE', #4629 ) ;
#2241 = CARTESIAN_POINT ( 'NONE',  ( 0.2362204724409450174, 0.01497825796799926064, -0.07874015748031495954 ) ) ;
#2242 = CARTESIAN_POINT ( 'NONE',  ( 0.2491021049974450341, -0.09989754952556670342, -0.07874015748031495954 ) ) ;
#2243 = ORIENTED_EDGE ( 'NONE', *, *, #5086, .T. ) ;
#2244 = CARTESIAN_POINT ( 'NONE',  ( 0.1870078740157481711, 0.1122047244094488277, 0.1574803149606297803 ) ) ;
#2245 = DIRECTION ( 'NONE',  ( 1.000000000000000000, 0.000000000000000000, 0.000000000000000000 ) ) ;
#2246 = LINE ( 'NONE', #1774, #2499 ) ;
#2247 = FACE_OUTER_BOUND ( 'NONE', #5649, .T. ) ;
#2248 = VERTEX_POINT ( 'NONE', #3835 ) ;
#2249 = LINE ( 'NONE', #4919, #996 ) ;
#2250 = VERTEX_POINT ( 'NONE', #1508 ) ;
#2251 = EDGE_CURVE ( 'NONE', #250, #3841, #5614, .T. ) ;
#2252 = EDGE_CURVE ( 'NONE', #879, #4893, #4658, .T. ) ;
#2253 = CARTESIAN_POINT ( 'NONE',  ( 0.2712436495226174804, -0.1340116472431664985, -0.09253195506462806585 ) ) ;
#2254 = DIRECTION ( 'NONE',  ( 0.000000000000000000, 0.000000000000000000, -1.000000000000000000 ) ) ;
#2255 = CYLINDRICAL_SURFACE ( 'NONE', #3246, 0.01305608523400804757 ) ;
#2256 = EDGE_LOOP ( 'NONE', ( #1259, #2384, #4619, #5070 ) ) ;
#2257 = EDGE_CURVE ( 'NONE', #276, #5467, #2407, .T. ) ;
#2258 = VERTEX_POINT ( 'NONE', #3749 ) ;
#2259 = CARTESIAN_POINT ( 'NONE',  ( 0.2519685039370080371, 0.01497825796799926064, 0.07874015748031495954 ) ) ;
#2260 = DIRECTION ( 'NONE',  ( -1.000000000000000000, 0.000000000000000000, 0.000000000000000000 ) ) ;
#2261 = FACE_OUTER_BOUND ( 'NONE', #4877, .T. ) ;
#2262 = EDGE_LOOP ( 'NONE', ( #4109, #175, #787, #3773 ) ) ;
#2263 = DIRECTION ( 'NONE',  ( 0.3820956964504010900, 0.9241227617335711075, 0.000000000000000000 ) ) ;
#2264 = DIRECTION ( 'NONE',  ( 0.2731234667176057340, -0.9619789872591587576, -2.168404344971009499E-14 ) ) ;
#2265 = EDGE_CURVE ( 'NONE', #2610, #4678, #1984, .T. ) ;
#2266 = FILL_AREA_STYLE ('',( #998 ) ) ;
#2267 = ORIENTED_EDGE ( 'NONE', *, *, #2758, .F. ) ;
#2268 = DIRECTION ( 'NONE',  ( -0.000000000000000000, -1.000000000000000000, -0.000000000000000000 ) ) ;
#2269 = EDGE_LOOP ( 'NONE', ( #4364, #3466, #5735, #4832 ) ) ;
#2270 = CARTESIAN_POINT ( 'NONE',  ( -0.2467864344510313501, -0.07132847252522378501, -0.07874015748031495954 ) ) ;
#2271 = CARTESIAN_POINT ( 'NONE',  ( -0.2287720791657801289, 0.1121932126843631361, -0.09862665203939324776 ) ) ;
#2272 = CARTESIAN_POINT ( 'NONE',  ( -0.09076414801644763775, 0.1358267716535433156, -0.2283464566929133410 ) ) ;
#2273 = ORIENTED_EDGE ( 'NONE', *, *, #4916, .T. ) ;
#2274 = CARTESIAN_POINT ( 'NONE',  ( 0.2401574803149607862, 0.01497825796799926064, -0.07874015748031495954 ) ) ;
#2275 = ORIENTED_EDGE ( 'NONE', *, *, #345, .T. ) ;
#2276 = AXIS2_PLACEMENT_3D ( 'NONE', #1121, #675, #246 ) ;
#2277 = CARTESIAN_POINT ( 'NONE',  ( -0.2467864344510313501, -0.07132847252522378501, -0.07874015748031495954 ) ) ;
#2278 = CARTESIAN_POINT ( 'NONE',  ( 0.2362204724409447121, 0.1043307086614173318, 0.2362204724409449341 ) ) ;
#2279 = CIRCLE ( 'NONE', #3964, 0.007874015748031482076 ) ;
#2280 = ORIENTED_EDGE ( 'NONE', *, *, #1392, .F. ) ;
#2281 = CARTESIAN_POINT ( 'NONE',  ( 0.2972320595286823686, -0.1197977719400012131, -0.1181102362204724532 ) ) ;
#2282 = DIRECTION ( 'NONE',  ( 0.000000000000000000, 0.000000000000000000, 1.000000000000000000 ) ) ;
#2283 = AXIS2_PLACEMENT_3D ( 'NONE', #4890, #4035, #1808 ) ;
#2284 = LINE ( 'NONE', #3111, #1547 ) ;
#2285 = VECTOR ( 'NONE', #87, 39.37007874015748143 ) ;
#2286 = EDGE_CURVE ( 'NONE', #1681, #3991, #4597, .T. ) ;
#2287 = EDGE_CURVE ( 'NONE', #3657, #1814, #5283, .T. ) ;
#2288 = ORIENTED_EDGE ( 'NONE', *, *, #3361, .T. ) ;
#2289 = VECTOR ( 'NONE', #3367, 39.37007874015748143 ) ;
#2290 = VERTEX_POINT ( 'NONE', #2812 ) ;
#2291 = PLANE ( 'NONE',  #2005 ) ;
#2292 = DIRECTION ( 'NONE',  ( -1.000000000000000000, 0.000000000000000000, 0.000000000000000000 ) ) ;
#2293 = ORIENTED_EDGE ( 'NONE', *, *, #2118, .T. ) ;
#2294 = CARTESIAN_POINT ( 'NONE',  ( 0.2598425196850394081, -0.07132847252522378501, -0.07874015748031495954 ) ) ;
#2295 = EDGE_CURVE ( 'NONE', #860, #4060, #4681, .T. ) ;
#2296 = VECTOR ( 'NONE', #5096, 39.37007874015748143 ) ;
#2297 = DIRECTION ( 'NONE',  ( -0.2731234667176057340, -0.9619789872591587576, 0.000000000000000000 ) ) ;
#2298 = EDGE_LOOP ( 'NONE', ( #714, #5429, #3351, #3301 ) ) ;
#2299 = AXIS2_PLACEMENT_3D ( 'NONE', #2886, #119, #2910 ) ;
#2300 = ORIENTED_EDGE ( 'NONE', *, *, #20, .T. ) ;
#2301 = DIRECTION ( 'NONE',  ( -1.000000000000000000, 0.000000000000000000, 0.000000000000000000 ) ) ;
#2302 = EDGE_CURVE ( 'NONE', #4634, #4996, #5380, .T. ) ;
#2303 = FACE_OUTER_BOUND ( 'NONE', #335, .T. ) ;
#2304 = EDGE_LOOP ( 'NONE', ( #103, #2797 ) ) ;
#2305 = CARTESIAN_POINT ( 'NONE',  ( 0.2588518599949117815, -0.06633979854481968086, 0.07874015748031495954 ) ) ;
#2306 = ORIENTED_EDGE ( 'NONE', *, *, #210, .T. ) ;
#2307 = CIRCLE ( 'NONE', #1172, 0.02486710885605532273 ) ;
#2308 = CARTESIAN_POINT ( 'NONE',  ( 0.2623221870835733549, -0.01672474479929622962, 0.1181102362204724532 ) ) ;
#2309 = EDGE_LOOP ( 'NONE', ( #1248, #999, #5307, #4601, #5333 ) ) ;
#2310 = CARTESIAN_POINT ( 'NONE',  ( 0.2523733764244589506, -0.1303510881840740099, 0.08894937703494604220 ) ) ;
#2311 = CARTESIAN_POINT ( 'NONE',  ( -0.09076414801644772101, 0.1358267716535433156, 0.2283464566929134520 ) ) ;
#2312 = AXIS2_PLACEMENT_3D ( 'NONE', #4226, #4765, #4348 ) ;
#2313 = AXIS2_PLACEMENT_3D ( 'NONE', #172, #1570, #3779 ) ;
#2314 = CYLINDRICAL_SURFACE ( 'NONE', #530, 0.007874015748031482076 ) ;
#2315 = VERTEX_POINT ( 'NONE', #572 ) ;
#2316 =( GEOMETRIC_REPRESENTATION_CONTEXT ( 3 ) GLOBAL_UNCERTAINTY_ASSIGNED_CONTEXT ( ( #3102 ) ) GLOBAL_UNIT_ASSIGNED_CONTEXT ( ( #4281, #264, #5368 ) ) REPRESENTATION_CONTEXT ( 'NONE', 'WORKASPACE' ) );
#2317 = CIRCLE ( 'NONE', #5306, 0.007874015748031482076 ) ;
#2318 = ORIENTED_EDGE ( 'NONE', *, *, #3730, .F. ) ;
#2319 = DIRECTION ( 'NONE',  ( 0.000000000000000000, -1.000000000000000000, 0.000000000000000000 ) ) ;
#2320 = EDGE_CURVE ( 'NONE', #611, #879, #2853, .T. ) ;
#2321 = DIRECTION ( 'NONE',  ( 0.000000000000000000, 1.000000000000000000, 0.000000000000000000 ) ) ;
#2322 = CARTESIAN_POINT ( 'NONE',  ( -0.2362204724409450174, 0.1358267716535433156, 0.2362204724409449341 ) ) ;
#2323 = FACE_OUTER_BOUND ( 'NONE', #5766, .T. ) ;
#2324 = CIRCLE ( 'NONE', #247, 0.007874015748031482076 ) ;
#2325 = CYLINDRICAL_SURFACE ( 'NONE', #4730, 0.01305608523400804757 ) ;
#2326 = EDGE_CURVE ( 'NONE', #637, #1874, #2488, .T. ) ;
#2327 = EDGE_CURVE ( 'NONE', #3454, #5249, #5497, .T. ) ;
#2328 = TOROIDAL_SURFACE ( 'NONE', #5590, 0.007874015748031495954, 0.007874015748031495954 ) ;
#2329 = VERTEX_POINT ( 'NONE', #4263 ) ;
#2330 = CARTESIAN_POINT ( 'NONE',  ( 0.2362204724409450174, 0.03072628946406225775, -0.1181102362204724532 ) ) ;
#2331 = CARTESIAN_POINT ( 'NONE',  ( 0.2053607947469176798, -0.09371383594840826392, 0.1181102362204724532 ) ) ;
#2332 = VERTEX_POINT ( 'NONE', #3806 ) ;
#2333 = ADVANCED_FACE ( 'NONE', ( #1536 ), #3775, .T. ) ;
#2334 = CARTESIAN_POINT ( 'NONE',  ( -0.2362204724409450174, 0.1437007874015747977, -0.2362204724409448231 ) ) ;
#2335 = ORIENTED_EDGE ( 'NONE', *, *, #4972, .T. ) ;
#2336 = DIRECTION ( 'NONE',  ( 1.000000000000000000, 0.000000000000000000, 0.000000000000000000 ) ) ;
#2337 = B_SPLINE_CURVE_WITH_KNOTS ( 'NONE', 3,
 ( #1048, #640, #229, #5560 ),
 .UNSPECIFIED., .F., .F.,
 ( 4, 4 ),
 ( 0.000000000000000000, 1.083150619154771489E-05 ),
 .UNSPECIFIED. ) ;
#2338 = LINE ( 'NONE', #2396, #2225 ) ;
#2339 = ORIENTED_EDGE ( 'NONE', *, *, #5762, .F. ) ;
#2340 = EDGE_CURVE ( 'NONE', #5044, #3041, #3509, .T. ) ;
#2341 = DIRECTION ( 'NONE',  ( 0.000000000000000000, 1.000000000000000000, 0.000000000000000000 ) ) ;
#2342 = FACE_OUTER_BOUND ( 'NONE', #2153, .T. ) ;
#2343 = CARTESIAN_POINT ( 'NONE',  ( 0.2204724409448817202, 0.007874015748031499423, 0.2204724409448819145 ) ) ;
#2344 = VERTEX_POINT ( 'NONE', #1043 ) ;
#2345 = VERTEX_POINT ( 'NONE', #5588 ) ;
#2346 = DIRECTION ( 'NONE',  ( 0.000000000000000000, 0.000000000000000000, 1.000000000000000000 ) ) ;
#2347 = DIRECTION ( 'NONE',  ( 0.000000000000000000, 0.000000000000000000, -1.000000000000000000 ) ) ;
#2348 = CYLINDRICAL_SURFACE ( 'NONE', #4056, 0.007874015748031482076 ) ;
#2349 = ORIENTED_EDGE ( 'NONE', *, *, #4513, .F. ) ;
#2350 = DIRECTION ( 'NONE',  ( 1.000000000000000000, 0.000000000000000000, 0.000000000000000000 ) ) ;
#2351 = DIRECTION ( 'NONE',  ( -0.9619789872591466562, 0.2731234667176486997, 2.175987969930885662E-14 ) ) ;
#2352 = VERTEX_POINT ( 'NONE', #3360 ) ;
#2353 = ORIENTED_EDGE ( 'NONE', *, *, #1031, .F. ) ;
#2354 =( BOUNDED_CURVE ( )  B_SPLINE_CURVE ( 3, ( #4445, #3977, #2223, #3105 ),
 .UNSPECIFIED., .F., .F. ) 
 B_SPLINE_CURVE_WITH_KNOTS ( ( 4, 4 ),
 ( 3.195673065203969099, 4.712388980384689674 ),
 .UNSPECIFIED. ) 
 CURVE ( )  GEOMETRIC_REPRESENTATION_ITEM ( )  RATIONAL_B_SPLINE_CURVE ( ( 1.000000000000000000, 0.8173108475157944142, 0.8173108475157944142, 1.000000000000000000 ) ) 
 REPRESENTATION_ITEM ( '' )  );
#2355 = DIRECTION ( 'NONE',  ( 0.000000000000000000, 0.000000000000000000, -1.000000000000000000 ) ) ;
#2356 = ADVANCED_FACE ( 'NONE', ( #2017, #1568 ), #5149, .T. ) ;
#2357 = EDGE_CURVE ( 'NONE', #5207, #1509, #5267, .T. ) ;
#2358 = CYLINDRICAL_SURFACE ( 'NONE', #3705, 0.02486710885605532273 ) ;
#2359 = ORIENTED_EDGE ( 'NONE', *, *, #735, .T. ) ;
#2360 = CARTESIAN_POINT ( 'NONE',  ( 0.2588518599949117815, -0.07631714650562787527, -0.1181102362204724532 ) ) ;
#2361 = ORIENTED_EDGE ( 'NONE', *, *, #4501, .T. ) ;
#2362 = LINE ( 'NONE', #125, #3251 ) ;
#2363 = ADVANCED_FACE ( 'NONE', ( #4837 ), #1222, .F. ) ;
#2364 = CYLINDRICAL_SURFACE ( 'NONE', #5483, 0.02216470676861258607 ) ;
#2365 = ORIENTED_EDGE ( 'NONE', *, *, #823, .T. ) ;
#2366 = VECTOR ( 'NONE', #4562, 39.37007874015748143 ) ;
#2367 = PLANE ( 'NONE',  #5354 ) ;
#2368 = FILL_AREA_STYLE ('',( #1140 ) ) ;
#2369 = DIRECTION ( 'NONE',  ( 0.000000000000000000, 1.000000000000000000, 0.000000000000000000 ) ) ;
#2370 = ADVANCED_FACE ( 'NONE', ( #309 ), #2107, .T. ) ;
#2371 = CIRCLE ( 'NONE', #5168, 0.003937007874015758385 ) ;
#2372 = ORIENTED_EDGE ( 'NONE', *, *, #101, .F. ) ;
#2373 = ORIENTED_EDGE ( 'NONE', *, *, #2357, .T. ) ;
#2374 = PLANE ( 'NONE',  #5172 ) ;
#2375 = CARTESIAN_POINT ( 'NONE',  ( 0.2204724409448817202, 0.1437007874015747977, -0.2362204724409448231 ) ) ;
#2376 = EDGE_LOOP ( 'NONE', ( #1845, #2709, #1119, #1880, #5173, #4627, #380, #4086 ) ) ;
#2377 = VECTOR ( 'NONE', #3850, 39.37007874015748143 ) ;
#2378 = VECTOR ( 'NONE', #5148, 39.37007874015748143 ) ;
#2379 = VERTEX_POINT ( 'NONE', #1693 ) ;
#2380 = CARTESIAN_POINT ( 'NONE',  ( -0.2588518599949117815, -0.06633979854481968086, -0.07874015748031495954 ) ) ;
#2381 = VECTOR ( 'NONE', #5437, 39.37007874015748143 ) ;
#2382 = EDGE_LOOP ( 'NONE', ( #4042, #2188, #4078, #3537 ) ) ;
#2383 =( NAMED_UNIT ( * ) SI_UNIT ( $, .STERADIAN. ) SOLID_ANGLE_UNIT ( ) );
#2384 = ORIENTED_EDGE ( 'NONE', *, *, #1362, .T. ) ;
#2385 = ORIENTED_EDGE ( 'NONE', *, *, #2154, .T. ) ;
#2386 = AXIS2_PLACEMENT_3D ( 'NONE', #1258, #1672, #5308 ) ;
#2387 = CARTESIAN_POINT ( 'NONE',  ( 0.2584924420876581475, -0.1087988844851397185, 0.07874015748031495954 ) ) ;
#2388 = DIRECTION ( 'NONE',  ( 1.000000000000000000, 0.000000000000000000, 0.000000000000000000 ) ) ;
#2389 = EDGE_LOOP ( 'NONE', ( #3225, #806, #4, #146, #2548, #1378, #1022, #4561, #5443, #3637, #5397, #366, #5605, #4133, #2068, #1670, #3106, #3138 ) ) ;
#2390 = DIRECTION ( 'NONE',  ( 0.000000000000000000, 0.000000000000000000, 1.000000000000000000 ) ) ;
#2391 = EDGE_CURVE ( 'NONE', #3484, #3727, #44, .T. ) ;
#2392 = ORIENTED_EDGE ( 'NONE', *, *, #1716, .F. ) ;
#2393 = EDGE_CURVE ( 'NONE', #2290, #5632, #3456, .T. ) ;
#2394 = CARTESIAN_POINT ( 'NONE',  ( 0.2623221870835733549, -0.01672474479929622962, -0.07874015748031495954 ) ) ;
#2395 = AXIS2_PLACEMENT_3D ( 'NONE', #3125, #2772, #3533 ) ;
#2396 = CARTESIAN_POINT ( 'NONE',  ( 0.2362204724409447121, 0.007874015748031499423, -0.2204724409448818312 ) ) ;
#2397 = VECTOR ( 'NONE', #2534, 39.37007874015748143 ) ;
#2398 = CARTESIAN_POINT ( 'NONE',  ( -0.2362204724409450174, 0.1437007874015747977, -0.2204724409448818312 ) ) ;
#2399 = ADVANCED_FACE ( 'NONE', ( #3018 ), #4391, .T. ) ;
#2400 =( CONVERSION_BASED_UNIT ( 'INCH', #130 ) LENGTH_UNIT ( ) NAMED_UNIT ( #1372 ) );
#2401 = ADVANCED_FACE ( 'NONE', ( #776 ), #2551, .T. ) ;
#2402 = CARTESIAN_POINT ( 'NONE',  ( -0.2623221870835730218, -0.01672474479929638227, -0.1181102362204724532 ) ) ;
#2403 = VECTOR ( 'NONE', #5241, 39.37007874015748143 ) ;
#2404 = ORIENTED_EDGE ( 'NONE', *, *, #433, .F. ) ;
#2405 = EDGE_LOOP ( 'NONE', ( #1376, #304, #1942, #2872 ) ) ;
#2406 = DIRECTION ( 'NONE',  ( 0.000000000000000000, 0.000000000000000000, 1.000000000000000000 ) ) ;
#2407 = LINE ( 'NONE', #601, #4063 ) ;
#2408 = EDGE_CURVE ( 'NONE', #569, #4200, #3410, .T. ) ;
#2409 = ORIENTED_EDGE ( 'NONE', *, *, #4007, .T. ) ;
#2410 = AXIS2_PLACEMENT_3D ( 'NONE', #748, #4419, #2199 ) ;
#2411 = PRESENTATION_STYLE_ASSIGNMENT (( #4683 ) ) ;
#2412 = CIRCLE ( 'NONE', #2781, 0.02486710885605532273 ) ;
#2413 = CIRCLE ( 'NONE', #3817, 0.1456692913385826127 ) ;
#2414 = DIRECTION ( 'NONE',  ( -0.000000000000000000, -0.000000000000000000, -1.000000000000000000 ) ) ;
#2415 = DIRECTION ( 'NONE',  ( 0.000000000000000000, 0.000000000000000000, -1.000000000000000000 ) ) ;
#2416 = DIRECTION ( 'NONE',  ( -0.000000000000000000, -1.000000000000000000, -0.000000000000000000 ) ) ;
#2417 = ORIENTED_EDGE ( 'NONE', *, *, #1386, .F. ) ;
#2418 = ORIENTED_EDGE ( 'NONE', *, *, #4758, .T. ) ;
#2419 = CIRCLE ( 'NONE', #5680, 0.007874015748031499423 ) ;
#2420 = AXIS2_PLACEMENT_3D ( 'NONE', #2913, #328, #5663 ) ;
#2421 = CARTESIAN_POINT ( 'NONE',  ( 0.2623221870835730218, -0.01672474479929638227, 0.07874015748031495954 ) ) ;
#2422 = CARTESIAN_POINT ( 'NONE',  ( 0.2471304855452270965, -0.1055730167680026116, -0.07874015748031495954 ) ) ;
#2423 = VECTOR ( 'NONE', #1976, 39.37007874015748854 ) ;
#2424 = CARTESIAN_POINT ( 'NONE',  ( -0.2204724409448820255, 0.000000000000000000, 0.2283464566929134520 ) ) ;
#2425 = ORIENTED_EDGE ( 'NONE', *, *, #3057, .F. ) ;
#2426 = CARTESIAN_POINT ( 'NONE',  ( 0.09076414801644717978, 0.1358267716535433156, 0.2362204724409449341 ) ) ;
#2427 = DIRECTION ( 'NONE',  ( -1.000000000000000000, 0.000000000000000000, -9.686762837609350648E-16 ) ) ;
#2428 = CARTESIAN_POINT ( 'NONE',  ( 0.2204724409448817202, 0.007874015748031495954, 0.2283464566929134243 ) ) ;
#2429 = ADVANCED_FACE ( 'NONE', ( #2140 ), #3422, .F. ) ;
#2430 = EDGE_CURVE ( 'NONE', #912, #4260, #3925, .T. ) ;
#2431 = ORIENTED_EDGE ( 'NONE', *, *, #2703, .T. ) ;
#2432 = ORIENTED_EDGE ( 'NONE', *, *, #1314, .T. ) ;
#2433 = DIRECTION ( 'NONE',  ( -0.2731234667175965747, 0.9619789872591615332, 0.000000000000000000 ) ) ;
#2434 = CARTESIAN_POINT ( 'NONE',  ( 0.2287720791657797959, 0.1122047244094488277, 0.09862665203939370573 ) ) ;
#2435 = ORIENTED_EDGE ( 'NONE', *, *, #3697, .T. ) ;
#2436 = EDGE_CURVE ( 'NONE', #5166, #4893, #4418, .T. ) ;
#2437 = DIRECTION ( 'NONE',  ( -1.000000000000000000, 0.000000000000000000, 0.000000000000000000 ) ) ;
#2438 = VERTEX_POINT ( 'NONE', #747 ) ;
#2439 = DIRECTION ( 'NONE',  ( -1.000000000000000000, 0.000000000000000000, 0.000000000000000000 ) ) ;
#2440 = DIRECTION ( 'NONE',  ( -0.2485354773382520144, -0.8753766553315845966, 0.4146635115424737172 ) ) ;
#2441 = ORIENTED_EDGE ( 'NONE', *, *, #4430, .T. ) ;
#2442 = ORIENTED_EDGE ( 'NONE', *, *, #2408, .F. ) ;
#2443 = ADVANCED_FACE ( 'NONE', ( #397 ), #5769, .F. ) ;
#2444 = LINE ( 'NONE', #4169, #4822 ) ;
#2445 = CARTESIAN_POINT ( 'NONE',  ( -0.2519685039370080371, 0.01497825796799926064, -0.07874015748031495954 ) ) ;
#2446 = ORIENTED_EDGE ( 'NONE', *, *, #3435, .F. ) ;
#2447 = FACE_OUTER_BOUND ( 'NONE', #1197, .T. ) ;
#2448 = DIRECTION ( 'NONE',  ( -1.000000000000000000, 0.000000000000000000, 0.000000000000000000 ) ) ;
#2449 = ORIENTED_EDGE ( 'NONE', *, *, #5003, .T. ) ;
#2450 = CARTESIAN_POINT ( 'NONE',  ( 0.2588518599949117815, -0.07631714650562787527, 0.1181102362204724532 ) ) ;
#2451 = DIRECTION ( 'NONE',  ( -0.000000000000000000, -0.000000000000000000, -1.000000000000000000 ) ) ;
#2452 = FACE_OUTER_BOUND ( 'NONE', #5561, .T. ) ;
#2453 = VERTEX_POINT ( 'NONE', #5737 ) ;
#2454 = ORIENTED_EDGE ( 'NONE', *, *, #4532, .F. ) ;
#2455 = LINE ( 'NONE', #775, #2378 ) ;
#2456 = DIRECTION ( 'NONE',  ( 1.000000000000000000, 0.000000000000000000, 0.000000000000000000 ) ) ;
#2457 = EDGE_CURVE ( 'NONE', #1891, #3309, #1194, .T. ) ;
#2458 = EDGE_CURVE ( 'NONE', #5662, #4666, #3481, .T. ) ;
#2459 = AXIS2_PLACEMENT_3D ( 'NONE', #5792, #2692, #3505 ) ;
#2460 = DIRECTION ( 'NONE',  ( 1.000000000000000000, 0.000000000000000000, 0.000000000000000000 ) ) ;
#2461 = DIRECTION ( 'NONE',  ( 0.9985380109141170912, 0.000000000000000000, -0.05405405405405416808 ) ) ;
#2462 = ORIENTED_EDGE ( 'NONE', *, *, #3797, .F. ) ;
#2463 = CARTESIAN_POINT ( 'NONE',  ( -0.2287720791657801289, 0.1121932126843631361, 0.09862665203939319225 ) ) ;
#2464 = AXIS2_PLACEMENT_3D ( 'NONE', #1795, #4934, #471 ) ;
#2465 = VECTOR ( 'NONE', #5521, 39.37007874015748143 ) ;
#2466 = CARTESIAN_POINT ( 'NONE',  ( -0.2471304855452271521, -0.1055730167680026255, 0.07874015748031495954 ) ) ;
#2467 = ORIENTED_EDGE ( 'NONE', *, *, #5254, .F. ) ;
#2468 = EDGE_CURVE ( 'NONE', #2203, #5440, #1753, .T. ) ;
#2469 = DIRECTION ( 'NONE',  ( 0.000000000000000000, 0.000000000000000000, 1.000000000000000000 ) ) ;
#2470 = COLOUR_RGB ( '',0.7921568627450980005, 0.8196078431372548767, 0.9333333333333333481 ) ;
#2471 = AXIS2_PLACEMENT_3D ( 'NONE', #2253, #3983, #17 ) ;
#2472 = LINE ( 'NONE', #5158, #2013 ) ;
#2473 = TOROIDAL_SURFACE ( 'NONE', #778, 0.007874015748031495954, 0.007874015748031495954 ) ;
#2474 = DIRECTION ( 'NONE',  ( -1.000000000000000000, 0.000000000000000000, 0.000000000000000000 ) ) ;
#2475 = ORIENTED_EDGE ( 'NONE', *, *, #2935, .F. ) ;
#2476 = EDGE_CURVE ( 'NONE', #5147, #4477, #1355, .T. ) ;
#2477 = CARTESIAN_POINT ( 'NONE',  ( -0.2418392770515483403, -0.02519378386866816602, -0.1181102362204724532 ) ) ;
#2478 = AXIS2_PLACEMENT_3D ( 'NONE', #2990, #1250, #5239 ) ;
#2479 = CARTESIAN_POINT ( 'NONE',  ( -0.2527541128200550546, -0.02068084257200989914, 0.07874015748031495954 ) ) ;
#2480 = ORIENTED_EDGE ( 'NONE', *, *, #947, .F. ) ;
#2481 = CARTESIAN_POINT ( 'NONE',  ( 0.2362204724409444900, 0.1122047244094488277, 0.2362204724409452394 ) ) ;
#2482 = DIRECTION ( 'NONE',  ( 0.9985380109141172023, 0.000000000000000000, 0.05405405405405417502 ) ) ;
#2483 = CIRCLE ( 'NONE', #1260, 0.003937007874015754048 ) ;
#2484 = PLANE ( 'NONE',  #2027 ) ;
#2485 = EDGE_LOOP ( 'NONE', ( #338, #1166, #815, #4840, #5723, #1605 ) ) ;
#2486 = ORIENTED_EDGE ( 'NONE', *, *, #603, .T. ) ;
#2487 = LINE ( 'NONE', #2106, #1613 ) ;
#2488 = LINE ( 'NONE', #2434, #5654 ) ;
#2489 =( NAMED_UNIT ( * ) SI_UNIT ( $, .STERADIAN. ) SOLID_ANGLE_UNIT ( ) );
#2490 = DIRECTION ( 'NONE',  ( 0.000000000000000000, 0.000000000000000000, 1.000000000000000000 ) ) ;
#2491 = ORIENTED_EDGE ( 'NONE', *, *, #1791, .F. ) ;
#2492 = ADVANCED_FACE ( 'NONE', ( #3503 ), #5256, .F. ) ;
#2493 = DIRECTION ( 'NONE',  ( -1.000000000000000000, 0.000000000000000000, 0.000000000000000000 ) ) ;
#2494 = VECTOR ( 'NONE', #5353, 39.37007874015748143 ) ;
#2495 = VERTEX_POINT ( 'NONE', #3918 ) ;
#2496 = CARTESIAN_POINT ( 'NONE',  ( 0.2600169407659517762, -0.1044104908222249634, -0.07874015748031495954 ) ) ;
#2497 = ORIENTED_EDGE ( 'NONE', *, *, #2858, .T. ) ;
#2498 = DIRECTION ( 'NONE',  ( -0.1132543357937751544, 0.3988975848869558694, -0.9099748195391258454 ) ) ;
#2499 = VECTOR ( 'NONE', #4883, 39.37007874015748143 ) ;
#2500 = AXIS2_PLACEMENT_3D ( 'NONE', #4798, #3891, #2576 ) ;
#2501 = CARTESIAN_POINT ( 'NONE',  ( 0.2467864344510313501, -0.07132847252522378501, 0.07874015748031495954 ) ) ;
#2502 = EDGE_CURVE ( 'NONE', #1453, #4340, #3070, .T. ) ;
#2503 = EDGE_CURVE ( 'NONE', #1817, #2235, #5665, .T. ) ;
#2504 = CIRCLE ( 'NONE', #4469, 0.01305608523400804757 ) ;
#2505 = AXIS2_PLACEMENT_3D ( 'NONE', #5349, #5408, #1333 ) ;
#2506 = LINE ( 'NONE', #4693, #5078 ) ;
#2507 = SPHERICAL_SURFACE ( 'NONE', #2604, 0.04281496062992144053 ) ;
#2508 = ORIENTED_EDGE ( 'NONE', *, *, #3040, .T. ) ;
#2509 = DIRECTION ( 'NONE',  ( -0.9241227617335714406, -0.3820956964504007014, 0.000000000000000000 ) ) ;
#2510 = VECTOR ( 'NONE', #4336, 39.37007874015748143 ) ;
#2511 = DIRECTION ( 'NONE',  ( 0.000000000000000000, 0.000000000000000000, 1.000000000000000000 ) ) ;
#2512 = PLANE ( 'NONE',  #4949 ) ;
#2513 = EDGE_CURVE ( 'NONE', #1274, #325, #1270, .T. ) ;
#2514 = ORIENTED_EDGE ( 'NONE', *, *, #1958, .F. ) ;
#2515 = FACE_OUTER_BOUND ( 'NONE', #1690, .T. ) ;
#2516 = DIRECTION ( 'NONE',  ( 0.9619789872591466562, -0.2731234667176487552, 0.000000000000000000 ) ) ;
#2517 = VECTOR ( 'NONE', #4118, 39.37007874015748143 ) ;
#2518 = CARTESIAN_POINT ( 'NONE',  ( -0.2491021049974450341, -0.09989754952556670342, -0.1181102362204724532 ) ) ;
#2519 = EDGE_CURVE ( 'NONE', #5154, #4862, #1632, .T. ) ;
#2520 = ORIENTED_EDGE ( 'NONE', *, *, #587, .T. ) ;
#2521 = ORIENTED_EDGE ( 'NONE', *, *, #383, .F. ) ;
#2522 = CARTESIAN_POINT ( 'NONE',  ( 0.1870078740157481711, 0.1200787401574803237, 0.1574803149606297803 ) ) ;
#2523 = DIRECTION ( 'NONE',  ( 0.000000000000000000, 0.000000000000000000, -1.000000000000000000 ) ) ;
#2524 = DIRECTION ( 'NONE',  ( 0.000000000000000000, 0.000000000000000000, -1.000000000000000000 ) ) ;
#2525 = CARTESIAN_POINT ( 'NONE',  ( 0.000000000000000000, 0.1437007874015747977, 0.000000000000000000 ) ) ;
#2526 = ORIENTED_EDGE ( 'NONE', *, *, #5445, .T. ) ;
#2527 = CARTESIAN_POINT ( 'NONE',  ( 0.2588518599949117815, -0.06633979854481968086, 0.1181102362204724532 ) ) ;
#2528 = ORIENTED_EDGE ( 'NONE', *, *, #5153, .T. ) ;
#2529 = DIRECTION ( 'NONE',  ( 0.9241227617335714406, -0.3820956964504007014, 0.000000000000000000 ) ) ;
#2530 = ORIENTED_EDGE ( 'NONE', *, *, #4575, .T. ) ;
#2531 = VERTEX_POINT ( 'NONE', #2059 ) ;
#2532 = DIRECTION ( 'NONE',  ( -0.2731234667176057340, -0.9619789872591587576, -2.168404344971009499E-14 ) ) ;
#2533 = PLANE ( 'NONE',  #1662 ) ;
#2534 = DIRECTION ( 'NONE',  ( 1.000000000000000000, 0.000000000000000000, 0.000000000000000000 ) ) ;
#2535 = DIRECTION ( 'NONE',  ( 0.000000000000000000, 1.000000000000000000, 0.000000000000000000 ) ) ;
#2536 = ORIENTED_EDGE ( 'NONE', *, *, #4709, .T. ) ;
#2537 = EDGE_CURVE ( 'NONE', #1016, #5282, #2156, .T. ) ;
#2538 = CARTESIAN_POINT ( 'NONE',  ( -0.2519685039370080371, 0.01497825796799926064, -0.1181102362204724532 ) ) ;
#2539 = EDGE_CURVE ( 'NONE', #357, #4274, #5230, .T. ) ;
#2540 = DIRECTION ( 'NONE',  ( -1.000000000000000000, 0.000000000000000000, 0.000000000000000000 ) ) ;
#2541 = CARTESIAN_POINT ( 'NONE',  ( -0.2701683602835733833, -0.1377989660906424607, -0.1068508981224270543 ) ) ;
#2542 = ORIENTED_EDGE ( 'NONE', *, *, #3116, .T. ) ;
#2543 = CARTESIAN_POINT ( 'NONE',  ( -0.2362204724409450174, 0.007874015748031499423, -0.2204724409448818312 ) ) ;
#2544 = DIRECTION ( 'NONE',  ( 0.000000000000000000, 0.000000000000000000, 1.000000000000000000 ) ) ;
#2545 = ORIENTED_EDGE ( 'NONE', *, *, #1031, .T. ) ;
#2546 = EDGE_CURVE ( 'NONE', #5632, #912, #5557, .T. ) ;
#2547 = CARTESIAN_POINT ( 'NONE',  ( 0.1870078740157481711, 0.1200787401574803237, 0.1574803149606297803 ) ) ;
#2548 = ORIENTED_EDGE ( 'NONE', *, *, #1237, .F. ) ;
#2549 = VERTEX_POINT ( 'NONE', #1711 ) ;
#2550 = CARTESIAN_POINT ( 'NONE',  ( -0.2362204724409450174, 0.007874015748031499423, 0.2283464566929134520 ) ) ;
#2551 = CYLINDRICAL_SURFACE ( 'NONE', #5751, 0.01574803149606299885 ) ;
#2552 = ADVANCED_FACE ( 'NONE', ( #5199 ), #2632, .T. ) ;
#2553 = CARTESIAN_POINT ( 'NONE',  ( 0.2491021049974450341, -0.09989754952556670342, 0.07874015748031495954 ) ) ;
#2554 = PLANE ( 'NONE',  #5109 ) ;
#2555 = ORIENTED_EDGE ( 'NONE', *, *, #1290, .T. ) ;
#2556 = DIRECTION ( 'NONE',  ( 0.000000000000000000, 1.000000000000000000, 0.000000000000000000 ) ) ;
#2557 = ORIENTED_EDGE ( 'NONE', *, *, #1252, .F. ) ;
#2558 = CARTESIAN_POINT ( 'NONE',  ( -0.2204724409448820255, 0.1043307086614173318, -0.2204724409448818312 ) ) ;
#2559 = VECTOR ( 'NONE', #3011, 39.37007874015748143 ) ;
#2560 = DIRECTION ( 'NONE',  ( 1.077125096681061906E-15, 1.000000000000000000, 0.000000000000000000 ) ) ;
#2561 = DIRECTION ( 'NONE',  ( 0.000000000000000000, 0.000000000000000000, 1.000000000000000000 ) ) ;
#2562 = VECTOR ( 'NONE', #2268, 39.37007874015748143 ) ;
#2563 = CARTESIAN_POINT ( 'NONE',  ( 0.000000000000000000, 0.3937007874015748254, 0.000000000000000000 ) ) ;
#2564 = ORIENTED_EDGE ( 'NONE', *, *, #5468, .T. ) ;
#2565 = LINE ( 'NONE', #877, #4145 ) ;
#2566 = ORIENTED_EDGE ( 'NONE', *, *, #2072, .F. ) ;
#2567 = CLOSED_SHELL ( 'NONE', ( #3580, #3719, #4355, #362, #3314, #3502, #3110, #1779, #2492, #2429, #3516, #3130, #875, #669, #2894, #3285, #769, #4241, #2999, #5583, #595, #317, #5080, #2176, #1418, #5126 ) ) ;
#2568 = CARTESIAN_POINT ( 'NONE',  ( -0.2972320595286823686, -0.1197977719400012131, 0.1181102362204724532 ) ) ;
#2569 = DIRECTION ( 'NONE',  ( -1.000000000000000000, 0.000000000000000000, 0.000000000000000000 ) ) ;
#2570 = CARTESIAN_POINT ( 'NONE',  ( 0.2527541128200550546, -0.02068084257200989914, 0.1181102362204724532 ) ) ;
#2571 = AXIS2_PLACEMENT_3D ( 'NONE', #5155, #4750, #1941 ) ;
#2572 = VERTEX_POINT ( 'NONE', #1180 ) ;
#2573 = CARTESIAN_POINT ( 'NONE',  ( 0.2584924420876581475, -0.1087988844851397185, 0.1181102362204724532 ) ) ;
#2574 = ORIENTED_EDGE ( 'NONE', *, *, #2647, .T. ) ;
#2575 = AXIS2_PLACEMENT_3D ( 'NONE', #4546, #148, #3199 ) ;
#2576 = DIRECTION ( 'NONE',  ( 0.000000000000000000, 0.000000000000000000, 1.000000000000000000 ) ) ;
#2577 = EDGE_LOOP ( 'NONE', ( #2441, #4299, #2969, #1533 ) ) ;
#2578 = EDGE_CURVE ( 'NONE', #5467, #1044, #1239, .T. ) ;
#2579 = EDGE_CURVE ( 'NONE', #1505, #5278, #703, .T. ) ;
#2580 = CIRCLE ( 'NONE', #780, 0.007874015748031482076 ) ;
#2581 = ORIENTED_EDGE ( 'NONE', *, *, #5508, .T. ) ;
#2582 = DIRECTION ( 'NONE',  ( -0.000000000000000000, -1.000000000000000000, -0.000000000000000000 ) ) ;
#2583 = DIRECTION ( 'NONE',  ( 0.000000000000000000, 0.000000000000000000, 1.000000000000000000 ) ) ;
#2584 = LINE ( 'NONE', #1629, #3062 ) ;
#2585 = AXIS2_PLACEMENT_3D ( 'NONE', #71, #1861, #2219 ) ;
#2586 = DIRECTION ( 'NONE',  ( 0.000000000000000000, 1.000000000000000000, 0.000000000000000000 ) ) ;
#2587 = ORIENTED_EDGE ( 'NONE', *, *, #1856, .F. ) ;
#2588 = CARTESIAN_POINT ( 'NONE',  ( -0.2204724409448820255, 0.1043307086614173318, -0.2204724409448818312 ) ) ;
#2589 = EDGE_CURVE ( 'NONE', #3396, #3914, #47, .T. ) ;
#2590 = CYLINDRICAL_SURFACE ( 'NONE', #3504, 0.1338582677165354173 ) ;
#2591 = EDGE_LOOP ( 'NONE', ( #2037, #2015, #5767 ) ) ;
#2592 = CIRCLE ( 'NONE', #5386, 0.04027075222444161801 ) ;
#2593 = VERTEX_POINT ( 'NONE', #4347 ) ;
#2594 = FACE_BOUND ( 'NONE', #4612, .T. ) ;
#2595 = CIRCLE ( 'NONE', #3897, 0.05208177584647953606 ) ;
#2596 = CARTESIAN_POINT ( 'NONE',  ( -0.09076414801644763775, 0.1358267716535433156, -0.2283464566929133410 ) ) ;
#2597 = ORIENTED_EDGE ( 'NONE', *, *, #1673, .F. ) ;
#2598 = CYLINDRICAL_SURFACE ( 'NONE', #2843, 0.02952755905511817228 ) ;
#2599 = ORIENTED_EDGE ( 'NONE', *, *, #557, .T. ) ;
#2600 =( GEOMETRIC_REPRESENTATION_CONTEXT ( 3 ) GLOBAL_UNCERTAINTY_ASSIGNED_CONTEXT ( ( #4440 ) ) GLOBAL_UNIT_ASSIGNED_CONTEXT ( ( #4710, #682, #3809 ) ) REPRESENTATION_CONTEXT ( 'NONE', 'WORKASPACE' ) );
#2601 = CARTESIAN_POINT ( 'NONE',  ( 0.2972320595286823686, -0.1197977719400012131, -0.07874015748031495954 ) ) ;
#2602 = DIRECTION ( 'NONE',  ( 0.2731234667176057340, -0.9619789872591587576, 0.000000000000000000 ) ) ;
#2603 = CARTESIAN_POINT ( 'NONE',  ( -0.2467864344510313501, -0.07132847252522378501, 0.07874015748031495954 ) ) ;
#2604 = AXIS2_PLACEMENT_3D ( 'NONE', #3941, #3066, #1705 ) ;
#2605 = VECTOR ( 'NONE', #4291, 39.37007874015748143 ) ;
#2606 = DIRECTION ( 'NONE',  ( 0.3820956964504010900, 0.9241227617335711075, 0.000000000000000000 ) ) ;
#2607 = ORIENTED_EDGE ( 'NONE', *, *, #4441, .F. ) ;
#2608 = VECTOR ( 'NONE', #478, 39.37007874015748143 ) ;
#2609 = DIRECTION ( 'NONE',  ( -1.000000000000000000, -0.000000000000000000, -0.000000000000000000 ) ) ;
#2610 = VERTEX_POINT ( 'NONE', #2127 ) ;
#2611 = CIRCLE ( 'NONE', #4190, 0.003937007874015758385 ) ;
#2612 = ORIENTED_EDGE ( 'NONE', *, *, #3908, .T. ) ;
#2613 = CARTESIAN_POINT ( 'NONE',  ( 0.2362204724409444900, 0.1358267716535433156, 0.2362204724409452394 ) ) ;
#2614 = CARTESIAN_POINT ( 'NONE',  ( -0.2972320595286911393, -0.1197977719400046548, 0.1181102362204724532 ) ) ;
#2615 = DIRECTION ( 'NONE',  ( 0.000000000000000000, 1.000000000000000000, 0.000000000000000000 ) ) ;
#2616 = EDGE_CURVE ( 'NONE', #3646, #3577, #1683, .T. ) ;
#2617 = ADVANCED_FACE ( 'NONE', ( #736 ), #4312, .F. ) ;
#2618 = ORIENTED_EDGE ( 'NONE', *, *, #1425, .F. ) ;
#2619 = DIRECTION ( 'NONE',  ( 1.000000000000000000, 0.000000000000000000, 0.000000000000000000 ) ) ;
#2620 = ORIENTED_EDGE ( 'NONE', *, *, #3087, .T. ) ;
#2621 = LINE ( 'NONE', #5357, #4903 ) ;
#2622 = CARTESIAN_POINT ( 'NONE',  ( 0.1870078740157481711, 0.1200787401574803237, -0.1870078740157479769 ) ) ;
#2623 = ORIENTED_EDGE ( 'NONE', *, *, #3057, .T. ) ;
#2624 = ORIENTED_EDGE ( 'NONE', *, *, #2945, .T. ) ;
#2625 = CARTESIAN_POINT ( 'NONE',  ( -0.2519685039370080371, 0.01497825796799926064, -0.07874015748031495954 ) ) ;
#2626 = ADVANCED_FACE ( 'NONE', ( #294 ), #2092, .T. ) ;
#2627 = CARTESIAN_POINT ( 'NONE',  ( 0.2283464566929132300, 0.1358267716535433156, -0.09076414801644770713 ) ) ;
#2628 = DIRECTION ( 'NONE',  ( -0.000000000000000000, -1.000000000000000000, -0.000000000000000000 ) ) ;
#2629 = EDGE_LOOP ( 'NONE', ( #2716, #3015, #4357, #4971 ) ) ;
#2630 = CARTESIAN_POINT ( 'NONE',  ( 0.2697666957634185514, -0.08083008780228616297, 0.1181102362204724532 ) ) ;
#2631 = EDGE_CURVE ( 'NONE', #2838, #586, #2483, .T. ) ;
#2632 = CYLINDRICAL_SURFACE ( 'NONE', #5192, 0.02216470676861258607 ) ;
#2633 = DIRECTION ( 'NONE',  ( -1.000000000000000000, 0.000000000000000000, 0.000000000000000000 ) ) ;
#2634 = UNCERTAINTY_MEASURE_WITH_UNIT (LENGTH_MEASURE( 1.000000000000000082E-05 ), #2400, 'distance_accuracy_value', 'NONE');
#2635 = CARTESIAN_POINT ( 'NONE',  ( 0.000000000000000000, 0.3858267716535432879, 0.000000000000000000 ) ) ;
#2636 = ORIENTED_EDGE ( 'NONE', *, *, #537, .F. ) ;
#2637 = CARTESIAN_POINT ( 'NONE',  ( -0.2588518599949117815, -0.06633979854481968086, 0.07874015748031495954 ) ) ;
#2638 = CARTESIAN_POINT ( 'NONE',  ( -0.2362204724409450174, 0.03072628946406225775, -0.1181102362204724532 ) ) ;
#2639 = EDGE_LOOP ( 'NONE', ( #4163, #3573, #4926, #4006 ) ) ;
#2640 = EDGE_LOOP ( 'NONE', ( #1786, #3506, #754, #3112 ) ) ;
#2641 = CARTESIAN_POINT ( 'NONE',  ( -0.2588518599949117815, -0.06633979854481968086, 0.1181102362204724532 ) ) ;
#2642 = CARTESIAN_POINT ( 'NONE',  ( -0.2972320595286911393, -0.1197977719400046548, -0.07874015748031495954 ) ) ;
#2643 = FACE_OUTER_BOUND ( 'NONE', #3358, .T. ) ;
#2644 = VERTEX_POINT ( 'NONE', #5164 ) ;
#2645 = DIRECTION ( 'NONE',  ( -0.1132543357937749740, 0.3988975848869553142, 0.9099748195391261785 ) ) ;
#2646 = EDGE_LOOP ( 'NONE', ( #5746, #929, #2497, #1931 ) ) ;
#2647 = EDGE_CURVE ( 'NONE', #5044, #2203, #2123, .T. ) ;
#2648 = CARTESIAN_POINT ( 'NONE',  ( 0.2467864344510313501, -0.07132847252522378501, 0.1181102362204724532 ) ) ;
#2649 = EDGE_CURVE ( 'NONE', #4679, #3206, #1145, .T. ) ;
#2650 = CARTESIAN_POINT ( 'NONE',  ( 0.2414573030938143294, -0.1255547575343105293, 0.09253195506462737197 ) ) ;
#2651 = DIRECTION ( 'NONE',  ( 0.000000000000000000, -1.000000000000000000, 0.000000000000000000 ) ) ;
#2652 = CIRCLE ( 'NONE', #585, 0.01305608523400804757 ) ;
#2653 = EDGE_CURVE ( 'NONE', #2968, #4630, #5401, .T. ) ;
#2654 = ADVANCED_FACE ( 'NONE', ( #2303 ), #5427, .T. ) ;
#2655 = EDGE_LOOP ( 'NONE', ( #801, #226, #2921, #1279, #3449 ) ) ;
#2656 = CARTESIAN_POINT ( 'NONE',  ( -0.1870078740157481711, 0.1200787401574803237, -0.1870078740157479769 ) ) ;
#2657 = VERTEX_POINT ( 'NONE', #4467 ) ;
#2658 = DIRECTION ( 'NONE',  ( -0.3820956964504011455, -0.9241227617335711075, -0.000000000000000000 ) ) ;
#2659 = CIRCLE ( 'NONE', #115, 0.02952755905511817228 ) ;
#2660 = CARTESIAN_POINT ( 'NONE',  ( -0.2283464566929135908, 0.1122047244094488277, -0.09865035267987277978 ) ) ;
#2661 = CARTESIAN_POINT ( 'NONE',  ( 0.2283464566929132300, 0.1358267716535433156, 0.09076414801644791530 ) ) ;
#2662 = EDGE_CURVE ( 'NONE', #2379, #5216, #4248, .T. ) ;
#2663 = CIRCLE ( 'NONE', #5268, 0.02486710885605532273 ) ;
#2664 = DIRECTION ( 'NONE',  ( 0.000000000000000000, 0.000000000000000000, 1.000000000000000000 ) ) ;
#2665 = CIRCLE ( 'NONE', #865, 0.003937007874015754048 ) ;
#2666 = ORIENTED_EDGE ( 'NONE', *, *, #4107, .F. ) ;
#2667 = CARTESIAN_POINT ( 'NONE',  ( -0.2362204724409450174, 0.1437007874015747977, 0.2362204724409446843 ) ) ;
#2668 = CIRCLE ( 'NONE', #771, 0.02216470676861258607 ) ;
#2669 = AXIS2_PLACEMENT_3D ( 'NONE', #4976, #948, #5035 ) ;
#2670 = ORIENTED_EDGE ( 'NONE', *, *, #1319, .T. ) ;
#2671 = CARTESIAN_POINT ( 'NONE',  ( 0.2467864344510313501, -0.07132847252522378501, -0.07874015748031495954 ) ) ;
#2672 = FACE_OUTER_BOUND ( 'NONE', #1834, .T. ) ;
#2673 = VECTOR ( 'NONE', #4845, 39.37007874015748143 ) ;
#2674 = CARTESIAN_POINT ( 'NONE',  ( -0.09862665203939345593, 0.1121932126843631361, -0.2287720791657799069 ) ) ;
#2675 = CIRCLE ( 'NONE', #3603, 0.003937007874015758385 ) ;
#2676 = ORIENTED_EDGE ( 'NONE', *, *, #5698, .F. ) ;
#2677 = ORIENTED_EDGE ( 'NONE', *, *, #3257, .T. ) ;
#2678 = CYLINDRICAL_SURFACE ( 'NONE', #3879, 0.007874015748031482076 ) ;
#2679 = AXIS2_PLACEMENT_3D ( 'NONE', #1114, #3760, #4609 ) ;
#2680 =( CONVERSION_BASED_UNIT ( 'INCH', #1429 ) LENGTH_UNIT ( ) NAMED_UNIT ( #134 ) );
#2681 = CARTESIAN_POINT ( 'NONE',  ( -0.2283464566929135908, 0.000000000000000000, -0.2204724409448818312 ) ) ;
#2682 = AXIS2_PLACEMENT_3D ( 'NONE', #1352, #30, #4848 ) ;
#2683 = DIRECTION ( 'NONE',  ( 0.000000000000000000, 0.000000000000000000, 1.000000000000000000 ) ) ;
#2684 = FACE_OUTER_BOUND ( 'NONE', #141, .T. ) ;
#2685 = DIRECTION ( 'NONE',  ( 0.000000000000000000, 0.000000000000000000, 1.000000000000000000 ) ) ;
#2686 = ORIENTED_EDGE ( 'NONE', *, *, #3758, .T. ) ;
#2687 = LINE ( 'NONE', #5724, #1854 ) ;
#2688 = AXIS2_PLACEMENT_3D ( 'NONE', #2650, #726, #2532 ) ;
#2689 = EDGE_CURVE ( 'NONE', #5632, #3331, #2109, .T. ) ;
#2690 = ADVANCED_FACE ( 'NONE', ( #1799 ), #4439, .T. ) ;
#2691 = DIRECTION ( 'NONE',  ( 0.000000000000000000, 0.000000000000000000, 1.000000000000000000 ) ) ;
#2692 = DIRECTION ( 'NONE',  ( -0.9619789872591596458, -0.2731234667176027919, 0.000000000000000000 ) ) ;
#2693 = CARTESIAN_POINT ( 'NONE',  ( 0.2401574803149607862, -0.01672474479929638227, 0.07874015748031495954 ) ) ;
#2694 = CIRCLE ( 'NONE', #5028, 0.02486710885605532273 ) ;
#2695 = EDGE_CURVE ( 'NONE', #434, #2889, #1360, .T. ) ;
#2696 = AXIS2_PLACEMENT_3D ( 'NONE', #3921, #2986, #4770 ) ;
#2697 = VERTEX_POINT ( 'NONE', #532 ) ;
#2698 = DIRECTION ( 'NONE',  ( 0.000000000000000000, 0.000000000000000000, 1.000000000000000000 ) ) ;
#2699 = CYLINDRICAL_SURFACE ( 'NONE', #1341, 0.007874015748031482076 ) ;
#2700 = AXIS2_PLACEMENT_3D ( 'NONE', #2976, #5160, #359 ) ;
#2701 = VECTOR ( 'NONE', #4311, 39.37007874015748143 ) ;
#2702 = FACE_OUTER_BOUND ( 'NONE', #275, .T. ) ;
#2703 = EDGE_CURVE ( 'NONE', #2250, #4060, #4966, .T. ) ;
#2704 = CIRCLE ( 'NONE', #4753, 0.01305608523400804757 ) ;
#2705 = ORIENTED_EDGE ( 'NONE', *, *, #2967, .F. ) ;
#2706 = ORIENTED_EDGE ( 'NONE', *, *, #3542, .T. ) ;
#2707 = LINE ( 'NONE', #5388, #5365 ) ;
#2708 = DIRECTION ( 'NONE',  ( -1.000000000000000000, 0.000000000000000000, 0.000000000000000000 ) ) ;
#2709 = ORIENTED_EDGE ( 'NONE', *, *, #4728, .T. ) ;
#2710 = ORIENTED_EDGE ( 'NONE', *, *, #5180, .T. ) ;
#2711 = DIRECTION ( 'NONE',  ( -0.000000000000000000, -0.000000000000000000, -1.000000000000000000 ) ) ;
#2712 = DIRECTION ( 'NONE',  ( -0.2731234667176487552, 0.9619789872591466562, 0.000000000000000000 ) ) ;
#2713 = DIRECTION ( 'NONE',  ( 0.000000000000000000, 0.000000000000000000, -1.000000000000000000 ) ) ;
#2714 = VERTEX_POINT ( 'NONE', #4994 ) ;
#2715 = LINE ( 'NONE', #3585, #2562 ) ;
#2716 = ORIENTED_EDGE ( 'NONE', *, *, #3248, .F. ) ;
#2717 = FACE_OUTER_BOUND ( 'NONE', #5244, .T. ) ;
#2718 = CARTESIAN_POINT ( 'NONE',  ( -0.2588518599949117815, -0.06633979854481968086, 0.07874015748031495954 ) ) ;
#2719 = CARTESIAN_POINT ( 'NONE',  ( -0.2403820138547686225, -0.1293420763817875185, -0.09253195506462739972 ) ) ;
#2720 = CARTESIAN_POINT ( 'NONE',  ( -0.2204724409448820255, 0.007874015748031499423, 0.2204724409448819145 ) ) ;
#2721 = EDGE_CURVE ( 'NONE', #3433, #4398, #507, .T. ) ;
#2722 = ORIENTED_EDGE ( 'NONE', *, *, #2065, .T. ) ;
#2723 = EDGE_CURVE ( 'NONE', #3523, #1274, #597, .T. ) ;
#2724 = CARTESIAN_POINT ( 'NONE',  ( 0.2283464566929132300, 0.007874015748031495954, 0.2204724409448819145 ) ) ;
#2725 = DIRECTION ( 'NONE',  ( -0.9619789872591621993, 0.2731234667175944653, 0.000000000000000000 ) ) ;
#2726 = ORIENTED_EDGE ( 'NONE', *, *, #4790, .T. ) ;
#2727 = DIRECTION ( 'NONE',  ( 1.000000000000000000, 0.000000000000000000, 0.000000000000000000 ) ) ;
#2728 = LINE ( 'NONE', #4013, #583 ) ;
#2729 = ADVANCED_FACE ( 'NONE', ( #915 ), #420, .F. ) ;
#2730 = DIRECTION ( 'NONE',  ( 0.000000000000000000, 1.000000000000000000, 0.000000000000000000 ) ) ;
#2731 = ORIENTED_EDGE ( 'NONE', *, *, #2734, .F. ) ;
#2732 = DIRECTION ( 'NONE',  ( -0.000000000000000000, -0.000000000000000000, -1.000000000000000000 ) ) ;
#2733 = CARTESIAN_POINT ( 'NONE',  ( -0.2287720791657801289, 0.1121932126843631361, -0.09862665203939324776 ) ) ;
#2734 = EDGE_CURVE ( 'NONE', #2714, #3164, #969, .T. ) ;
#2735 = ORIENTED_EDGE ( 'NONE', *, *, #5025, .F. ) ;
#2736 = ORIENTED_EDGE ( 'NONE', *, *, #2184, .T. ) ;
#2737 = CYLINDRICAL_SURFACE ( 'NONE', #2313, 0.1338582677165354173 ) ;
#2738 = CARTESIAN_POINT ( 'NONE',  ( -0.2204724409448820255, 0.000000000000000000, -0.2204724409448818312 ) ) ;
#2739 = ORIENTED_EDGE ( 'NONE', *, *, #1168, .F. ) ;
#2740 = ORIENTED_EDGE ( 'NONE', *, *, #1881, .F. ) ;
#2741 = PLANE ( 'NONE',  #251 ) ;
#2742 = DIRECTION ( 'NONE',  ( 0.000000000000000000, 0.000000000000000000, 1.000000000000000000 ) ) ;
#2743 = DIRECTION ( 'NONE',  ( 0.2485354773382434934, 0.8753766553315872612, -0.4146635115424732732 ) ) ;
#2744 = ORIENTED_EDGE ( 'NONE', *, *, #734, .F. ) ;
#2745 = DIRECTION ( 'NONE',  ( 0.000000000000000000, 1.000000000000000000, 0.000000000000000000 ) ) ;
#2746 = VERTEX_POINT ( 'NONE', #2718 ) ;
#2747 = AXIS2_PLACEMENT_3D ( 'NONE', #2305, #4584, #1950 ) ;
#2748 = DIRECTION ( 'NONE',  ( -0.9619789872591466562, -0.2731234667176487552, 2.175987969930884715E-14 ) ) ;
#2749 = EDGE_CURVE ( 'NONE', #3420, #428, #1443, .T. ) ;
#2750 = CARTESIAN_POINT ( 'NONE',  ( -0.2598425196850394081, -0.07132847252522378501, 0.07874015748031495954 ) ) ;
#2751 = VECTOR ( 'NONE', #4101, 39.37007874015748143 ) ;
#2752 = VERTEX_POINT ( 'NONE', #5320 ) ;
#2753 = CARTESIAN_POINT ( 'NONE',  ( 0.2362204724409450174, 0.03072628946406225775, 0.07874015748031495954 ) ) ;
#2754 = DIRECTION ( 'NONE',  ( 0.000000000000000000, 0.000000000000000000, 1.000000000000000000 ) ) ;
#2755 = MECHANICAL_DESIGN_GEOMETRIC_PRESENTATION_REPRESENTATION (  '', ( #5453 ), #2936 ) ;
#2756 = CARTESIAN_POINT ( 'NONE',  ( 0.2204724409448817202, 0.1043307086614173318, 0.2204724409448819145 ) ) ;
#2757 = AXIS2_PLACEMENT_3D ( 'NONE', #3273, #5062, #2834 ) ;
#2758 = EDGE_CURVE ( 'NONE', #4825, #3331, #881, .T. ) ;
#2759 = EDGE_CURVE ( 'NONE', #908, #1306, #474, .T. ) ;
#2760 = ORIENTED_EDGE ( 'NONE', *, *, #4243, .T. ) ;
#2761 = CARTESIAN_POINT ( 'NONE',  ( 0.2362204724409447121, 0.1358267716535433156, 0.2362204724409449341 ) ) ;
#2762 = DIRECTION ( 'NONE',  ( 0.9241227617335713296, 0.3820956964504012010, 0.000000000000000000 ) ) ;
#2763 = CARTESIAN_POINT ( 'NONE',  ( 0.2362204724409450174, 0.01497825796799926064, 0.1181102362204724532 ) ) ;
#2764 = AXIS2_PLACEMENT_3D ( 'NONE', #2902, #3303, #1073 ) ;
#2765 = ADVANCED_FACE ( 'NONE', ( #4882 ), #1327, .T. ) ;
#2766 = CYLINDRICAL_SURFACE ( 'NONE', #985, 0.01574803149606299885 ) ;
#2767 = ORIENTED_EDGE ( 'NONE', *, *, #851, .F. ) ;
#2768 = VECTOR ( 'NONE', #4517, 39.37007874015748143 ) ;
#2769 = ORIENTED_EDGE ( 'NONE', *, *, #1168, .T. ) ;
#2770 = CARTESIAN_POINT ( 'NONE',  ( -0.2204724409448820255, 0.007874015748031499423, 0.2204724409448819145 ) ) ;
#2771 = AXIS2_PLACEMENT_3D ( 'NONE', #8, #2712, #411 ) ;
#2772 = DIRECTION ( 'NONE',  ( 0.000000000000000000, 0.000000000000000000, 1.000000000000000000 ) ) ;
#2773 = CYLINDRICAL_SURFACE ( 'NONE', #3068, 0.007874015748031482076 ) ;
#2774 = ORIENTED_EDGE ( 'NONE', *, *, #4473, .F. ) ;
#2775 = CARTESIAN_POINT ( 'NONE',  ( -0.2283464566929135908, 0.1437007874015747977, 0.09076414801644738795 ) ) ;
#2776 = EDGE_LOOP ( 'NONE', ( #2849, #3627, #1637, #2462, #3010 ) ) ;
#2777 = AXIS2_PLACEMENT_3D ( 'NONE', #4130, #1966, #636 ) ;
#2778 = AXIS2_PLACEMENT_3D ( 'NONE', #1350, #1878, #4930 ) ;
#2779 = DIRECTION ( 'NONE',  ( -1.000000000000000000, 0.000000000000000000, 0.000000000000000000 ) ) ;
#2780 = LINE ( 'NONE', #105, #5177 ) ;
#2781 = AXIS2_PLACEMENT_3D ( 'NONE', #1499, #3293, #1444 ) ;
#2782 = CIRCLE ( 'NONE', #1847, 0.007874015748031499423 ) ;
#2783 = CARTESIAN_POINT ( 'NONE',  ( -0.2697666957634185514, -0.08083008780228616297, -0.1181102362204724532 ) ) ;
#2784 = ORIENTED_EDGE ( 'NONE', *, *, #4867, .F. ) ;
#2785 = PRODUCT_DEFINITION_FORMATION_WITH_SPECIFIED_SOURCE ( 'ANY', '', #2860, .NOT_KNOWN. ) ;
#2786 = AXIS2_PLACEMENT_3D ( 'NONE', #1210, #4252, #646 ) ;
#2787 = ORIENTED_EDGE ( 'NONE', *, *, #5564, .F. ) ;
#2788 = CARTESIAN_POINT ( 'NONE',  ( -0.09076414801644772101, 0.1043307086614173318, 0.2362204724409449341 ) ) ;
#2789 = DIRECTION ( 'NONE',  ( 0.000000000000000000, -1.000000000000000000, 0.000000000000000000 ) ) ;
#2790 = EDGE_CURVE ( 'NONE', #1398, #4921, #1830, .T. ) ;
#2791 = EDGE_CURVE ( 'NONE', #428, #4175, #3236, .T. ) ;
#2792 = DIRECTION ( 'NONE',  ( 1.000000000000000000, 0.000000000000000000, 0.000000000000000000 ) ) ;
#2793 = CIRCLE ( 'NONE', #1295, 0.007874015748031482076 ) ;
#2794 = DIRECTION ( 'NONE',  ( 0.000000000000000000, 0.000000000000000000, -1.000000000000000000 ) ) ;
#2795 = ORIENTED_EDGE ( 'NONE', *, *, #2327, .F. ) ;
#2796 = CIRCLE ( 'NONE', #3170, 0.01574803149606299885 ) ;
#2797 = ORIENTED_EDGE ( 'NONE', *, *, #4184, .T. ) ;
#2798 = EDGE_CURVE ( 'NONE', #3869, #1228, #419, .T. ) ;
#2799 = DIRECTION ( 'NONE',  ( 0.000000000000000000, 0.000000000000000000, 1.000000000000000000 ) ) ;
#2800 = CARTESIAN_POINT ( 'NONE',  ( -0.2588518599949117815, -0.06633979854481968086, -0.07874015748031495954 ) ) ;
#2801 = DIRECTION ( 'NONE',  ( 0.000000000000000000, 1.000000000000000000, 0.000000000000000000 ) ) ;
#2802 = ORIENTED_EDGE ( 'NONE', *, *, #3614, .T. ) ;
#2803 = EDGE_CURVE ( 'NONE', #1505, #4873, #1160, .T. ) ;
#2804 = CARTESIAN_POINT ( 'NONE',  ( 0.2588518599949117815, -0.07631714650562787527, 0.07874015748031495954 ) ) ;
#2805 = DIRECTION ( 'NONE',  ( 0.000000000000000000, 0.000000000000000000, 1.000000000000000000 ) ) ;
#2806 = VERTEX_POINT ( 'NONE', #4222 ) ;
#2807 = DIRECTION ( 'NONE',  ( 0.000000000000000000, 0.000000000000000000, -1.000000000000000000 ) ) ;
#2808 = FACE_OUTER_BOUND ( 'NONE', #1726, .T. ) ;
#2809 = VERTEX_POINT ( 'NONE', #5106 ) ;
#2810 = EDGE_LOOP ( 'NONE', ( #720, #2206, #171, #3785, #3631, #2587 ) ) ;
#2811 = FACE_OUTER_BOUND ( 'NONE', #651, .T. ) ;
#2812 = CARTESIAN_POINT ( 'NONE',  ( -0.09862665203939353920, 0.1121932126843631361, 0.2287720791657800179 ) ) ;
#2813 = VERTEX_POINT ( 'NONE', #3316 ) ;
#2814 = ORIENTED_EDGE ( 'NONE', *, *, #3751, .F. ) ;
#2815 = CYLINDRICAL_SURFACE ( 'NONE', #2873, 0.01305608523400804757 ) ;
#2816 = DIRECTION ( 'NONE',  ( -0.3820956964504000353, -0.9241227617335716626, 0.000000000000000000 ) ) ;
#2817 = VERTEX_POINT ( 'NONE', #1548 ) ;
#2818 = ADVANCED_FACE ( 'NONE', ( #1055 ), #5055, .F. ) ;
#2819 = EDGE_CURVE ( 'NONE', #629, #1394, #4639, .T. ) ;
#2820 = SURFACE_STYLE_FILL_AREA ( #2266 ) ;
#2821 = EDGE_LOOP ( 'NONE', ( #1759, #3243, #3833, #4186 ) ) ;
#2822 = DIRECTION ( 'NONE',  ( -1.000000000000000000, 0.000000000000000000, 0.000000000000000000 ) ) ;
#2823 = DIRECTION ( 'NONE',  ( 0.3820956964504006459, -0.9241227617335713296, 0.000000000000000000 ) ) ;
#2824 = EDGE_CURVE ( 'NONE', #3798, #3379, #152, .T. ) ;
#2825 = EDGE_CURVE ( 'NONE', #4899, #3420, #181, .T. ) ;
#2826 = ORIENTED_EDGE ( 'NONE', *, *, #2798, .T. ) ;
#2827 = CARTESIAN_POINT ( 'NONE',  ( -0.2523733764244589506, -0.1303510881840740099, 0.08894937703494604220 ) ) ;
#2828 = EDGE_LOOP ( 'NONE', ( #257, #3772 ) ) ;
#2829 = LINE ( 'NONE', #2890, #5585 ) ;
#2830 = DIRECTION ( 'NONE',  ( -0.3820956964504009234, 0.9241227617335713296, 0.000000000000000000 ) ) ;
#2831 = ADVANCED_FACE ( 'NONE', ( #1029 ), #1972, .T. ) ;
#2832 = ORIENTED_EDGE ( 'NONE', *, *, #377, .F. ) ;
#2833 = CIRCLE ( 'NONE', #4898, 0.01574803149606299885 ) ;
#2834 = DIRECTION ( 'NONE',  ( -0.2731234667175965747, 0.9619789872591615332, -4.336808689942011425E-15 ) ) ;
#2835 = DIRECTION ( 'NONE',  ( 0.000000000000000000, 0.000000000000000000, 1.000000000000000000 ) ) ;
#2836 = DIRECTION ( 'NONE',  ( -1.000000000000000000, -0.000000000000000000, -0.000000000000000000 ) ) ;
#2837 = VECTOR ( 'NONE', #1389, 39.37007874015748143 ) ;
#2838 = VERTEX_POINT ( 'NONE', #5535 ) ;
#2839 = VERTEX_POINT ( 'NONE', #2422 ) ;
#2840 = CARTESIAN_POINT ( 'NONE',  ( -0.09076414801644763775, 0.1358267716535433156, -0.2362204724409448231 ) ) ;
#2841 = DIRECTION ( 'NONE',  ( 0.000000000000000000, 1.000000000000000000, 0.000000000000000000 ) ) ;
#2842 = VERTEX_POINT ( 'NONE', #581 ) ;
#2843 = AXIS2_PLACEMENT_3D ( 'NONE', #2656, #358, #3029 ) ;
#2844 = AXIS2_PLACEMENT_3D ( 'NONE', #1932, #2346, #4657 ) ;
#2845 = CARTESIAN_POINT ( 'NONE',  ( -0.2362204724409450174, 0.1358267716535433156, -0.2362204724409448231 ) ) ;
#2846 = DIRECTION ( 'NONE',  ( -1.000000000000000000, 0.000000000000000000, 0.000000000000000000 ) ) ;
#2847 = CARTESIAN_POINT ( 'NONE',  ( 0.2528192596362454636, -0.1287806252514481775, -0.09253195506462764952 ) ) ;
#2848 = ORIENTED_EDGE ( 'NONE', *, *, #1451, .F. ) ;
#2849 = ORIENTED_EDGE ( 'NONE', *, *, #1452, .F. ) ;
#2850 = CIRCLE ( 'NONE', #4915, 0.02486710885605532273 ) ;
#2851 = CARTESIAN_POINT ( 'NONE',  ( -0.2362204724409450174, 0.1043307086614173318, -0.09076414801644744346 ) ) ;
#2852 = DIRECTION ( 'NONE',  ( 0.000000000000000000, 0.000000000000000000, 1.000000000000000000 ) ) ;
#2853 = CIRCLE ( 'NONE', #1438, 0.003937007874015758385 ) ;
#2854 = CARTESIAN_POINT ( 'NONE',  ( -0.2467864344510313501, -0.07132847252522378501, -0.1181102362204724532 ) ) ;
#2855 = ORIENTED_EDGE ( 'NONE', *, *, #2825, .F. ) ;
#2856 = EDGE_CURVE ( 'NONE', #4861, #183, #2444, .T. ) ;
#2857 = DIRECTION ( 'NONE',  ( 0.9619789872591466562, 0.2731234667176486997, 2.175987969930885662E-14 ) ) ;
#2858 = EDGE_CURVE ( 'NONE', #4088, #5611, #3792, .T. ) ;
#2859 = AXIS2_PLACEMENT_3D ( 'NONE', #3411, #387, #5630 ) ;
#2860 = PRODUCT ( 'CUI_DEVICES_TS15-1212-100-BK-260-SCR-D', 'CUI_DEVICES_TS15-1212-100-BK-260-SCR-D', '', ( #1796 ) ) ;
#2861 = CARTESIAN_POINT ( 'NONE',  ( 0.2286303481374912794, 0.1122008850379245526, 0.09863432439295514997 ) ) ;
#2862 = CARTESIAN_POINT ( 'NONE',  ( 0.1870078740157481711, 0.1200787401574803237, 0.2165354330708661457 ) ) ;
#2863 = AXIS2_PLACEMENT_3D ( 'NONE', #1822, #2210, #3611 ) ;
#2864 = CARTESIAN_POINT ( 'NONE',  ( -0.2467864344510313501, -0.07132847252522378501, 0.1181102362204724532 ) ) ;
#2865 = EDGE_CURVE ( 'NONE', #2955, #1603, #135, .T. ) ;
#2866 = DIRECTION ( 'NONE',  ( 0.000000000000000000, 0.000000000000000000, -1.000000000000000000 ) ) ;
#2867 = AXIS2_PLACEMENT_3D ( 'NONE', #846, #3936, #3061 ) ;
#2868 = ORIENTED_EDGE ( 'NONE', *, *, #4113, .T. ) ;
#2869 = EDGE_LOOP ( 'NONE', ( #4927, #2365, #1720, #4389 ) ) ;
#2870 = CARTESIAN_POINT ( 'NONE',  ( -0.08566664463896897508, 0.001968503937007873988, 0.2362204724409449341 ) ) ;
#2871 = CARTESIAN_POINT ( 'NONE',  ( 0.2362204724409450174, 0.01497825796799926064, -0.1181102362204724532 ) ) ;
#2872 = ORIENTED_EDGE ( 'NONE', *, *, #1725, .F. ) ;
#2873 = AXIS2_PLACEMENT_3D ( 'NONE', #3753, #4599, #575 ) ;
#2874 = EDGE_CURVE ( 'NONE', #3164, #908, #4692, .T. ) ;
#2875 = CARTESIAN_POINT ( 'NONE',  ( -0.1870078740157481711, 0.1200787401574803237, -0.1574803149606297803 ) ) ;
#2876 = VECTOR ( 'NONE', #449, 39.37007874015748143 ) ;
#2877 = CIRCLE ( 'NONE', #1749, 0.01574803149606299885 ) ;
#2878 = LINE ( 'NONE', #1488, #3235 ) ;
#2879 = ORIENTED_EDGE ( 'NONE', *, *, #1828, .T. ) ;
#2880 = CARTESIAN_POINT ( 'NONE',  ( 0.2362204724409447121, 0.1437007874015747977, 0.2362204724409449341 ) ) ;
#2881 = CARTESIAN_POINT ( 'NONE',  ( 0.08566664463896897508, 0.001968503937007873988, 0.1657158043835799122 ) ) ;
#2882 = ORIENTED_EDGE ( 'NONE', *, *, #5291, .T. ) ;
#2883 = ORIENTED_EDGE ( 'NONE', *, *, #5197, .F. ) ;
#2884 = CIRCLE ( 'NONE', #4183, 0.01574803149606299885 ) ;
#2885 = CARTESIAN_POINT ( 'NONE',  ( -0.2362204724409450174, 0.1437007874015747977, 0.2362204724409449341 ) ) ;
#2886 = CARTESIAN_POINT ( 'NONE',  ( -0.2362204724409450174, 0.01497825796799926064, 0.07874015748031495954 ) ) ;
#2887 = VECTOR ( 'NONE', #2216, 39.37007874015748143 ) ;
#2888 = DIRECTION ( 'NONE',  ( 0.2731234667176492548, 0.9619789872591464341, 0.000000000000000000 ) ) ;
#2889 = VERTEX_POINT ( 'NONE', #97 ) ;
#2890 = CARTESIAN_POINT ( 'NONE',  ( -0.2707977663108309674, -0.1355821101757923031, -0.08894937703494645853 ) ) ;
#2891 = CARTESIAN_POINT ( 'NONE',  ( 0.2362204724409450174, 0.03072628946406225775, -0.07874015748031495954 ) ) ;
#2892 = ORIENTED_EDGE ( 'NONE', *, *, #4625, .F. ) ;
#2893 = CARTESIAN_POINT ( 'NONE',  ( 0.2519685039370080371, -0.01672474479929638227, -0.07874015748031495954 ) ) ;
#2894 = ADVANCED_FACE ( 'NONE', ( #4581 ), #556, .F. ) ;
#2895 = ADVANCED_FACE ( 'NONE', ( #1437 ), #2358, .T. ) ;
#2896 = DIRECTION ( 'NONE',  ( 0.05405405405405416808, 0.000000000000000000, -0.9985380109141170912 ) ) ;
#2897 = LINE ( 'NONE', #5517, #2130 ) ;
#2898 = VERTEX_POINT ( 'NONE', #5481 ) ;
#2899 = EDGE_CURVE ( 'NONE', #3399, #685, #4925, .T. ) ;
#2900 = ORIENTED_EDGE ( 'NONE', *, *, #4826, .F. ) ;
#2901 = DIRECTION ( 'NONE',  ( 0.000000000000000000, 0.000000000000000000, 1.000000000000000000 ) ) ;
#2902 = CARTESIAN_POINT ( 'NONE',  ( -0.2623221870835733549, -0.01672474479929622962, -0.1181102362204724532 ) ) ;
#2903 = CARTESIAN_POINT ( 'NONE',  ( -0.2588518599949117815, -0.07631714650562787527, 0.07874015748031495954 ) ) ;
#2904 = DIRECTION ( 'NONE',  ( 0.000000000000000000, 0.000000000000000000, 1.000000000000000000 ) ) ;
#2905 = ORIENTED_EDGE ( 'NONE', *, *, #2064, .T. ) ;
#2906 = LINE ( 'NONE', #4687, #5779 ) ;
#2907 = EDGE_CURVE ( 'NONE', #1411, #296, #51, .T. ) ;
#2908 = DIRECTION ( 'NONE',  ( 0.000000000000000000, 0.000000000000000000, 1.000000000000000000 ) ) ;
#2909 = DIRECTION ( 'NONE',  ( -0.000000000000000000, -1.000000000000000000, -0.000000000000000000 ) ) ;
#2910 = DIRECTION ( 'NONE',  ( 1.000000000000000000, 0.000000000000000000, 0.000000000000000000 ) ) ;
#2911 = CYLINDRICAL_SURFACE ( 'NONE', #3210, 0.003937007874015744507 ) ;
#2912 = ORIENTED_EDGE ( 'NONE', *, *, #5146, .F. ) ;
#2913 = CARTESIAN_POINT ( 'NONE',  ( 0.000000000000000000, 0.1240157480314960647, 0.000000000000000000 ) ) ;
#2914 = CARTESIAN_POINT ( 'NONE',  ( 0.2287720791657797959, 0.1121932126843631361, 0.09862665203939371961 ) ) ;
#2915 = ORIENTED_EDGE ( 'NONE', *, *, #2393, .F. ) ;
#2916 = CARTESIAN_POINT ( 'NONE',  ( -0.2712436495226174804, -0.1340116472431664985, -0.09253195506462806585 ) ) ;
#2917 = CYLINDRICAL_SURFACE ( 'NONE', #1045, 0.05208177584647953606 ) ;
#2918 = CARTESIAN_POINT ( 'NONE',  ( -0.2600169407659517762, -0.1044104908222249634, -0.07874015748031495954 ) ) ;
#2919 = EDGE_CURVE ( 'NONE', #259, #1688, #288, .T. ) ;
#2920 = ORIENTED_EDGE ( 'NONE', *, *, #963, .T. ) ;
#2921 = ORIENTED_EDGE ( 'NONE', *, *, #2222, .F. ) ;
#2922 = CARTESIAN_POINT ( 'NONE',  ( 0.2362204724409447121, 0.1043307086614173318, -0.2204724409448818312 ) ) ;
#2923 = DIRECTION ( 'NONE',  ( 0.000000000000000000, 1.000000000000000000, 0.000000000000000000 ) ) ;
#2924 = AXIS2_PLACEMENT_3D ( 'NONE', #649, #3800, #1186 ) ;
#2925 = PLANE ( 'NONE',  #3525 ) ;
#2926 = EDGE_CURVE ( 'NONE', #4310, #1399, #1446, .T. ) ;
#2927 = EDGE_CURVE ( 'NONE', #5526, #4100, #2472, .T. ) ;
#2928 = CARTESIAN_POINT ( 'NONE',  ( -0.1870078740157481711, 0.1122047244094488277, 0.1574803149606297803 ) ) ;
#2929 = ORIENTED_EDGE ( 'NONE', *, *, #4412, .T. ) ;
#2930 = LINE ( 'NONE', #2152, #1187 ) ;
#2931 = FACE_OUTER_BOUND ( 'NONE', #5494, .T. ) ;
#2932 = ORIENTED_EDGE ( 'NONE', *, *, #1754, .T. ) ;
#2933 = ORIENTED_EDGE ( 'NONE', *, *, #1965, .F. ) ;
#2934 = CARTESIAN_POINT ( 'NONE',  ( -0.2401574803149607862, -0.01672474479929638227, -0.1181102362204724532 ) ) ;
#2935 = EDGE_CURVE ( 'NONE', #4861, #5187, #4278, .T. ) ;
#2936 =( GEOMETRIC_REPRESENTATION_CONTEXT ( 3 ) GLOBAL_UNCERTAINTY_ASSIGNED_CONTEXT ( ( #2634 ) ) GLOBAL_UNIT_ASSIGNED_CONTEXT ( ( #2400, #4132, #3584 ) ) REPRESENTATION_CONTEXT ( 'NONE', 'WORKASPACE' ) );
#2937 = CIRCLE ( 'NONE', #5629, 0.05208177584647953606 ) ;
#2938 = DIRECTION ( 'NONE',  ( -1.000000000000000000, 0.000000000000000000, 0.000000000000000000 ) ) ;
#2939 = AXIS2_PLACEMENT_3D ( 'NONE', #3311, #2529, #5595 ) ;
#2940 = CARTESIAN_POINT ( 'NONE',  ( -0.2401574803149607862, 0.01497825796799926064, 0.07874015748031495954 ) ) ;
#2941 = CARTESIAN_POINT ( 'NONE',  ( 0.000000000000000000, 0.1358267716535433156, -0.2283464566929133410 ) ) ;
#2942 = SURFACE_STYLE_USAGE ( .BOTH. , #1478 ) ;
#2943 = EDGE_LOOP ( 'NONE', ( #2557, #1473, #1634, #2098 ) ) ;
#2944 = PLANE ( 'NONE',  #2231 ) ;
#2945 = EDGE_CURVE ( 'NONE', #26, #2593, #2150, .T. ) ;
#2946 = VECTOR ( 'NONE', #3085, 39.37007874015748143 ) ;
#2947 = CARTESIAN_POINT ( 'NONE',  ( -0.2471304855452271521, -0.1055730167680026255, -0.07874015748031495954 ) ) ;
#2948 = CARTESIAN_POINT ( 'NONE',  ( 0.2283464566929132300, 0.1122047244094488277, 0.09865035267987325163 ) ) ;
#2949 = EDGE_LOOP ( 'NONE', ( #5555, #3893, #541, #5252, #4116 ) ) ;
#2950 = CARTESIAN_POINT ( 'NONE',  ( -0.08566664463896878079, 0.001968503937007873988, -0.2362204724409449896 ) ) ;
#2951 = CARTESIAN_POINT ( 'NONE',  ( 0.08566664463896897508, 0.001968503937007873988, 0.2362204724409449341 ) ) ;
#2952 = AXIS2_PLACEMENT_3D ( 'NONE', #3789, #3288, #5026 ) ;
#2953 = CARTESIAN_POINT ( 'NONE',  ( 0.2527541128200550546, -0.02068084257200989914, 0.07874015748031495954 ) ) ;
#2954 = CIRCLE ( 'NONE', #5761, 0.007874015748031482076 ) ;
#2955 = VERTEX_POINT ( 'NONE', #4306 ) ;
#2956 = ORIENTED_EDGE ( 'NONE', *, *, #856, .F. ) ;
#2957 = LINE ( 'NONE', #2522, #5455 ) ;
#2958 = CARTESIAN_POINT ( 'NONE',  ( 0.2467864344510313501, -0.07132847252522378501, -0.1181102362204724532 ) ) ;
#2959 = AXIS2_PLACEMENT_3D ( 'NONE', #4021, #3226, #2350 ) ;
#2960 = CARTESIAN_POINT ( 'NONE',  ( -0.2204724409448820255, 0.007874015748031499423, 0.2362204724409449341 ) ) ;
#2961 = CARTESIAN_POINT ( 'NONE',  ( -0.2283464566929135908, 0.1358267716535433156, -0.09076414801644744346 ) ) ;
#2962 = ORIENTED_EDGE ( 'NONE', *, *, #1784, .F. ) ;
#2963 = DIRECTION ( 'NONE',  ( 0.000000000000000000, 0.000000000000000000, 1.000000000000000000 ) ) ;
#2964 = CIRCLE ( 'NONE', #1178, 0.1377952755905511584 ) ;
#2965 = VERTEX_POINT ( 'NONE', #1204 ) ;
#2966 = ADVANCED_FACE ( 'NONE', ( #4247 ), #3000, .T. ) ;
#2967 = EDGE_CURVE ( 'NONE', #4099, #550, #234, .T. ) ;
#2968 = VERTEX_POINT ( 'NONE', #3843 ) ;
#2969 = ORIENTED_EDGE ( 'NONE', *, *, #453, .F. ) ;
#2970 = DIRECTION ( 'NONE',  ( 0.000000000000000000, 0.000000000000000000, 1.000000000000000000 ) ) ;
#2971 = AXIS2_PLACEMENT_3D ( 'NONE', #316, #2645, #3988 ) ;
#2972 = AXIS2_PLACEMENT_3D ( 'NONE', #2402, #1039, #5144 ) ;
#2973 = CARTESIAN_POINT ( 'NONE',  ( 0.1870078740157481711, 0.1200787401574803237, 0.1870078740157479769 ) ) ;
#2974 = EDGE_CURVE ( 'NONE', #5278, #4679, #2120, .T. ) ;
#2975 = LINE ( 'NONE', #2940, #5363 ) ;
#2976 = CARTESIAN_POINT ( 'NONE',  ( -0.2972320595286911393, -0.1197977719400046548, -0.07874015748031495954 ) ) ;
#2977 = ORIENTED_EDGE ( 'NONE', *, *, #2326, .F. ) ;
#2978 = DIRECTION ( 'NONE',  ( 0.000000000000000000, 0.000000000000000000, 1.000000000000000000 ) ) ;
#2979 = CIRCLE ( 'NONE', #4476, 0.1456692913385826127 ) ;
#2980 = CARTESIAN_POINT ( 'NONE',  ( 0.2418392770515483403, -0.02519378386866816602, 0.07874015748031495954 ) ) ;
#2981 = CARTESIAN_POINT ( 'NONE',  ( 0.2598425196850394081, -0.07132847252522378501, -0.1181102362204724532 ) ) ;
#2982 = ORIENTED_EDGE ( 'NONE', *, *, #2287, .F. ) ;
#2983 = CARTESIAN_POINT ( 'NONE',  ( 0.2401574803149607862, 0.01497825796799926064, 0.1181102362204724532 ) ) ;
#2984 = ADVANCED_FACE ( 'NONE', ( #3877 ), #5657, .F. ) ;
#2985 = DIRECTION ( 'NONE',  ( -0.000000000000000000, -1.000000000000000000, -0.000000000000000000 ) ) ;
#2986 = DIRECTION ( 'NONE',  ( 0.9619789872591620883, 0.2731234667175944097, 0.000000000000000000 ) ) ;
#2987 = ORIENTED_EDGE ( 'NONE', *, *, #64, .F. ) ;
#2988 = ORIENTED_EDGE ( 'NONE', *, *, #1129, .T. ) ;
#2989 = CARTESIAN_POINT ( 'NONE',  ( 0.08566664463896897508, 0.000000000000000000, -0.1657158043835799122 ) ) ;
#2990 = CARTESIAN_POINT ( 'NONE',  ( -0.1870078740157481711, 0.1200787401574803237, 0.1870078740157479769 ) ) ;
#2991 = CARTESIAN_POINT ( 'NONE',  ( -0.2362204724409450174, 0.1043307086614173318, 0.2362204724409449341 ) ) ;
#2992 = LINE ( 'NONE', #4777, #5765 ) ;
#2993 = ORIENTED_EDGE ( 'NONE', *, *, #3212, .T. ) ;
#2994 = CARTESIAN_POINT ( 'NONE',  ( -0.09862665203939353920, 0.1358267716535433156, 0.2287720791657800179 ) ) ;
#2995 = DIRECTION ( 'NONE',  ( 0.000000000000000000, 0.000000000000000000, -1.000000000000000000 ) ) ;
#2996 = ORIENTED_EDGE ( 'NONE', *, *, #2193, .T. ) ;
#2997 = PLANE ( 'NONE',  #5390 ) ;
#2998 = CARTESIAN_POINT ( 'NONE',  ( 0.2697666957634185514, -0.06182685724816141398, 0.07874015748031495954 ) ) ;
#2999 = ADVANCED_FACE ( 'NONE', ( #5191 ), #3937, .F. ) ;
#3000 = SPHERICAL_SURFACE ( 'NONE', #329, 0.007874015748031495954 ) ;
#3001 = EDGE_LOOP ( 'NONE', ( #5697, #477, #2409, #1209 ) ) ;
#3002 = CARTESIAN_POINT ( 'NONE',  ( 0.08566664463896901671, 0.007874015748031499423, 0.2283464566929134520 ) ) ;
#3003 = CARTESIAN_POINT ( 'NONE',  ( -0.1870078740157481711, 0.1122047244094488277, -0.1574803149606297803 ) ) ;
#3004 = EDGE_LOOP ( 'NONE', ( #2359, #5653, #3249, #4888 ) ) ;
#3005 = LINE ( 'NONE', #2126, #905 ) ;
#3006 = EDGE_CURVE ( 'NONE', #4224, #1486, #4829, .T. ) ;
#3007 = EDGE_CURVE ( 'NONE', #3231, #5166, #756, .T. ) ;
#3008 = DIRECTION ( 'NONE',  ( -0.3820956964504010900, 0.9241227617335711075, 0.000000000000000000 ) ) ;
#3009 = DIRECTION ( 'NONE',  ( 0.000000000000000000, 0.000000000000000000, -1.000000000000000000 ) ) ;
#3010 = ORIENTED_EDGE ( 'NONE', *, *, #2899, .T. ) ;
#3011 = DIRECTION ( 'NONE',  ( 0.000000000000000000, 1.000000000000000000, 0.000000000000000000 ) ) ;
#3012 = ORIENTED_EDGE ( 'NONE', *, *, #4792, .T. ) ;
#3013 = CARTESIAN_POINT ( 'NONE',  ( -0.2401574803149607862, 0.01497825796799926064, -0.07874015748031495954 ) ) ;
#3014 = EDGE_CURVE ( 'NONE', #3200, #3641, #1263, .T. ) ;
#3015 = ORIENTED_EDGE ( 'NONE', *, *, #4176, .F. ) ;
#3016 = ORIENTED_EDGE ( 'NONE', *, *, #5719, .T. ) ;
#3017 = DIRECTION ( 'NONE',  ( -0.9619789872591596458, -0.2731234667176027919, 0.000000000000000000 ) ) ;
#3018 = FACE_OUTER_BOUND ( 'NONE', #5506, .T. ) ;
#3019 = CARTESIAN_POINT ( 'NONE',  ( -0.2600169407659517762, -0.1044104908222249634, 0.07874015748031495954 ) ) ;
#3020 = CARTESIAN_POINT ( 'NONE',  ( -0.2527541128200550546, -0.02068084257200989914, 0.07874015748031495954 ) ) ;
#3021 = ORIENTED_EDGE ( 'NONE', *, *, #1170, .F. ) ;
#3022 = FACE_OUTER_BOUND ( 'NONE', #5264, .T. ) ;
#3023 = CARTESIAN_POINT ( 'NONE',  ( -0.08566664463896897508, 0.000000000000000000, 0.1657158043835799122 ) ) ;
#3024 = EDGE_LOOP ( 'NONE', ( #5072, #3478, #5275, #5753, #2883 ) ) ;
#3025 = AXIS2_PLACEMENT_3D ( 'NONE', #4028, #766, #2606 ) ;
#3026 = DIRECTION ( 'NONE',  ( 1.000000000000000000, 0.000000000000000000, 0.000000000000000000 ) ) ;
#3027 = VECTOR ( 'NONE', #3967, 39.37007874015748143 ) ;
#3028 = DIRECTION ( 'NONE',  ( -0.000000000000000000, -0.000000000000000000, -1.000000000000000000 ) ) ;
#3029 = DIRECTION ( 'NONE',  ( 0.000000000000000000, 0.000000000000000000, -1.000000000000000000 ) ) ;
#3030 = CARTESIAN_POINT ( 'NONE',  ( -0.09076414801644772101, 0.1043307086614173318, 0.2362204724409449341 ) ) ;
#3031 = ORIENTED_EDGE ( 'NONE', *, *, #5690, .T. ) ;
#3032 = AXIS2_PLACEMENT_3D ( 'NONE', #1872, #5438, #1417 ) ;
#3033 = VECTOR ( 'NONE', #193, 39.37007874015748143 ) ;
#3034 = CARTESIAN_POINT ( 'NONE',  ( 0.2519685039370080371, -0.01672474479929638227, 0.07874015748031495954 ) ) ;
#3035 = DIRECTION ( 'NONE',  ( 0.000000000000000000, 0.000000000000000000, -1.000000000000000000 ) ) ;
#3036 = LINE ( 'NONE', #5257, #4279 ) ;
#3037 = CIRCLE ( 'NONE', #498, 0.02952755905511817228 ) ;
#3038 = ORIENTED_EDGE ( 'NONE', *, *, #1709, .F. ) ;
#3039 = FACE_OUTER_BOUND ( 'NONE', #2485, .T. ) ;
#3040 = EDGE_CURVE ( 'NONE', #24, #259, #2954, .T. ) ;
#3041 = VERTEX_POINT ( 'NONE', #1230 ) ;
#3042 = EDGE_CURVE ( 'NONE', #4293, #161, #4816, .T. ) ;
#3043 = AXIS2_PLACEMENT_3D ( 'NONE', #1128, #2923, #4803 ) ;
#3044 = CARTESIAN_POINT ( 'NONE',  ( -0.1870078740157481711, 0.1200787401574803237, -0.1870078740157479769 ) ) ;
#3045 = ORIENTED_EDGE ( 'NONE', *, *, #3557, .T. ) ;
#3046 = VECTOR ( 'NONE', #5725, 39.37007874015748143 ) ;
#3047 = VERTEX_POINT ( 'NONE', #1702 ) ;
#3048 = CARTESIAN_POINT ( 'NONE',  ( 0.2284883701790050570, 0.1122047244094488277, -0.09864223006555618289 ) ) ;
#3049 = CARTESIAN_POINT ( 'NONE',  ( 0.2204724409448817202, 0.1437007874015747977, -0.2204724409448818312 ) ) ;
#3050 = EDGE_CURVE ( 'NONE', #5472, #2746, #1167, .T. ) ;
#3051 = PLANE ( 'NONE',  #3157 ) ;
#3052 = CARTESIAN_POINT ( 'NONE',  ( 0.09076414801644717978, 0.1358267716535433156, 0.2283464566929134520 ) ) ;
#3053 = ORIENTED_EDGE ( 'NONE', *, *, #2224, .T. ) ;
#3054 = DIRECTION ( 'NONE',  ( 0.000000000000000000, -1.000000000000000000, 0.000000000000000000 ) ) ;
#3055 = FACE_OUTER_BOUND ( 'NONE', #3596, .T. ) ;
#3056 = B_SPLINE_CURVE_WITH_KNOTS ( 'NONE', 3,
 ( #370, #5798, #1752, #5383 ),
 .UNSPECIFIED., .F., .F.,
 ( 4, 4 ),
 ( 0.000000000000000000, 1.083150619154773860E-05 ),
 .UNSPECIFIED. ) ;
#3057 = EDGE_CURVE ( 'NONE', #3623, #2332, #1365, .T. ) ;
#3058 = ORIENTED_EDGE ( 'NONE', *, *, #165, .F. ) ;
#3059 = AXIS2_PLACEMENT_3D ( 'NONE', #3052, #3483, #5271 ) ;
#3060 = ORIENTED_EDGE ( 'NONE', *, *, #5081, .T. ) ;
#3061 = DIRECTION ( 'NONE',  ( 1.000000000000000000, 0.000000000000000000, 0.000000000000000000 ) ) ;
#3062 = VECTOR ( 'NONE', #3391, 39.37007874015748143 ) ;
#3063 = DIRECTION ( 'NONE',  ( 0.000000000000000000, -1.000000000000000000, 0.000000000000000000 ) ) ;
#3064 = VERTEX_POINT ( 'NONE', #3094 ) ;
#3065 = FACE_OUTER_BOUND ( 'NONE', #2776, .T. ) ;
#3066 = DIRECTION ( 'NONE',  ( 0.000000000000000000, 1.000000000000000000, 0.000000000000000000 ) ) ;
#3067 = ORIENTED_EDGE ( 'NONE', *, *, #1347, .T. ) ;
#3068 = AXIS2_PLACEMENT_3D ( 'NONE', #4494, #475, #4995 ) ;
#3069 = CARTESIAN_POINT ( 'NONE',  ( -0.2972320595286911393, -0.1197977719400046548, -0.1181102362204724532 ) ) ;
#3070 = LINE ( 'NONE', #4855, #4165 ) ;
#3071 = CYLINDRICAL_SURFACE ( 'NONE', #897, 0.01305608523400804757 ) ;
#3072 = CIRCLE ( 'NONE', #4654, 0.01035368314656493448 ) ;
#3073 = CIRCLE ( 'NONE', #2972, 0.01035368314656493448 ) ;
#3074 = DIRECTION ( 'NONE',  ( 0.000000000000000000, 0.000000000000000000, -1.000000000000000000 ) ) ;
#3075 = ORIENTED_EDGE ( 'NONE', *, *, #4372, .F. ) ;
#3076 = CARTESIAN_POINT ( 'NONE',  ( 0.09865035267987251610, 0.1122047244094488277, 0.2283464566929134520 ) ) ;
#3077 = VECTOR ( 'NONE', #1442, 39.37007874015748143 ) ;
#3078 = DIRECTION ( 'NONE',  ( -1.000000000000000000, 0.000000000000000000, 0.000000000000000000 ) ) ;
#3079 = EDGE_CURVE ( 'NONE', #2352, #1706, #2592, .T. ) ;
#3080 = EDGE_CURVE ( 'NONE', #2572, #4472, #5394, .T. ) ;
#3081 = ORIENTED_EDGE ( 'NONE', *, *, #2302, .F. ) ;
#3082 = AXIS2_PLACEMENT_3D ( 'NONE', #914, #4050, #795 ) ;
#3083 = VERTEX_POINT ( 'NONE', #1297 ) ;
#3084 = FACE_OUTER_BOUND ( 'NONE', #1624, .T. ) ;
#3085 = DIRECTION ( 'NONE',  ( 1.077125096681061906E-15, -1.000000000000000000, 0.000000000000000000 ) ) ;
#3086 = CARTESIAN_POINT ( 'NONE',  ( 0.2467864344510313501, -0.07132847252522378501, 0.1181102362204724532 ) ) ;
#3087 = EDGE_CURVE ( 'NONE', #4472, #1891, #4356, .T. ) ;
#3088 = ORIENTED_EDGE ( 'NONE', *, *, #1158, .F. ) ;
#3089 = CYLINDRICAL_SURFACE ( 'NONE', #346, 0.02486710885605532273 ) ;
#3090 = VERTEX_POINT ( 'NONE', #4459 ) ;
#3091 = FACE_OUTER_BOUND ( 'NONE', #4813, .T. ) ;
#3092 = PLANE ( 'NONE',  #5476 ) ;
#3093 = EDGE_CURVE ( 'NONE', #4351, #214, #4452, .T. ) ;
#3094 = CARTESIAN_POINT ( 'NONE',  ( -0.09862665203939345593, 0.1121932126843631361, -0.2287720791657799069 ) ) ;
#3095 = CARTESIAN_POINT ( 'NONE',  ( -0.2471304855452270965, -0.1055730167680026116, 0.07874015748031495954 ) ) ;
#3096 = ORIENTED_EDGE ( 'NONE', *, *, #4728, .F. ) ;
#3097 = DIRECTION ( 'NONE',  ( -1.000000000000000000, 0.000000000000000000, 0.000000000000000000 ) ) ;
#3098 = ORIENTED_EDGE ( 'NONE', *, *, #5301, .T. ) ;
#3099 = DIRECTION ( 'NONE',  ( -0.000000000000000000, -0.000000000000000000, -1.000000000000000000 ) ) ;
#3100 = DIRECTION ( 'NONE',  ( 0.000000000000000000, 0.000000000000000000, 1.000000000000000000 ) ) ;
#3101 = DIRECTION ( 'NONE',  ( 0.000000000000000000, -1.000000000000000000, 0.000000000000000000 ) ) ;
#3102 = UNCERTAINTY_MEASURE_WITH_UNIT (LENGTH_MEASURE( 1.000000000000000082E-05 ), #4281, 'distance_accuracy_value', 'NONE');
#3103 = CARTESIAN_POINT ( 'NONE',  ( -0.2362204724409450174, 0.01497825796799926064, 0.1181102362204724532 ) ) ;
#3104 = ORIENTED_EDGE ( 'NONE', *, *, #2001, .T. ) ;
#3105 = CARTESIAN_POINT ( 'NONE',  ( -0.09076414801644763775, 0.1043307086614173318, -0.2362204724409448231 ) ) ;
#3106 = ORIENTED_EDGE ( 'NONE', *, *, #4797, .F. ) ;
#3107 = ORIENTED_EDGE ( 'NONE', *, *, #4649, .T. ) ;
#3108 = CARTESIAN_POINT ( 'NONE',  ( 0.2286303481374912794, 0.1122008850379245526, -0.09863432439295494181 ) ) ;
#3109 = CARTESIAN_POINT ( 'NONE',  ( 0.2283464566929132300, 0.1122047244094488277, -0.09865035267987305734 ) ) ;
#3110 = ADVANCED_FACE ( 'NONE', ( #4428 ), #824, .F. ) ;
#3111 = CARTESIAN_POINT ( 'NONE',  ( -0.2517439703971998677, -0.1325679440989251945, 0.07874015748031495954 ) ) ;
#3112 = ORIENTED_EDGE ( 'NONE', *, *, #2436, .T. ) ;
#3113 = ORIENTED_EDGE ( 'NONE', *, *, #166, .T. ) ;
#3114 = DIRECTION ( 'NONE',  ( 0.000000000000000000, 0.000000000000000000, -1.000000000000000000 ) ) ;
#3115 = CARTESIAN_POINT ( 'NONE',  ( -0.09076414801644763775, 0.1437007874015747977, -0.2283464566929133410 ) ) ;
#3116 = EDGE_CURVE ( 'NONE', #5166, #2495, #796, .T. ) ;
#3117 = ORIENTED_EDGE ( 'NONE', *, *, #1425, .T. ) ;
#3118 = ADVANCED_FACE ( 'NONE', ( #4512 ), #933, .F. ) ;
#3119 = CARTESIAN_POINT ( 'NONE',  ( -0.2331827080873522251, 0.1119544512436035782, -0.09838789059863368991 ) ) ;
#3120 = VECTOR ( 'NONE', #4012, 39.37007874015748143 ) ;
#3121 = DIRECTION ( 'NONE',  ( -0.000000000000000000, -1.000000000000000000, -0.000000000000000000 ) ) ;
#3122 = ORIENTED_EDGE ( 'NONE', *, *, #4243, .F. ) ;
#3123 = EDGE_CURVE ( 'NONE', #5666, #1021, #3145, .T. ) ;
#3124 = DIRECTION ( 'NONE',  ( -1.000000000000000000, 0.000000000000000000, 0.000000000000000000 ) ) ;
#3125 = CARTESIAN_POINT ( 'NONE',  ( -0.2623221870835733549, -0.01672474479929622962, -0.07874015748031495954 ) ) ;
#3126 = CARTESIAN_POINT ( 'NONE',  ( -0.2204724409448820255, 0.1122047244094488277, -0.2204724409448818312 ) ) ;
#3127 = VECTOR ( 'NONE', #2062, 39.37007874015748143 ) ;
#3128 = DIRECTION ( 'NONE',  ( 0.000000000000000000, -1.000000000000000000, 0.000000000000000000 ) ) ;
#3129 = ORIENTED_EDGE ( 'NONE', *, *, #4531, .T. ) ;
#3130 = ADVANCED_FACE ( 'NONE', ( #4022 ), #382, .F. ) ;
#3131 = DIRECTION ( 'NONE',  ( -0.000000000000000000, -0.000000000000000000, -1.000000000000000000 ) ) ;
#3132 = AXIS2_PLACEMENT_3D ( 'NONE', #1447, #626, #1871 ) ;
#3133 = ORIENTED_EDGE ( 'NONE', *, *, #1940, .F. ) ;
#3134 = DIRECTION ( 'NONE',  ( -0.000000000000000000, -1.000000000000000000, -0.000000000000000000 ) ) ;
#3135 = COLOUR_RGB ( '',0.7921568627450980005, 0.8196078431372548767, 0.9333333333333333481 ) ;
#3136 = DIRECTION ( 'NONE',  ( 0.000000000000000000, 0.000000000000000000, -1.000000000000000000 ) ) ;
#3137 = VECTOR ( 'NONE', #170, 39.37007874015748143 ) ;
#3138 = ORIENTED_EDGE ( 'NONE', *, *, #4691, .F. ) ;
#3139 = ORIENTED_EDGE ( 'NONE', *, *, #2865, .F. ) ;
#3140 = LINE ( 'NONE', #438, #4237 ) ;
#3141 = ORIENTED_EDGE ( 'NONE', *, *, #4141, .T. ) ;
#3142 = EDGE_LOOP ( 'NONE', ( #3832, #167, #4689, #536 ) ) ;
#3143 = VECTOR ( 'NONE', #1494, 39.37007874015748143 ) ;
#3144 = CARTESIAN_POINT ( 'NONE',  ( 0.09862665203939298408, 0.1122047244094488277, 0.2287720791657800179 ) ) ;
#3145 = LINE ( 'NONE', #3176, #3518 ) ;
#3146 = EDGE_CURVE ( 'NONE', #4678, #4990, #1538, .T. ) ;
#3147 = EDGE_CURVE ( 'NONE', #4933, #2203, #1756, .T. ) ;
#3148 = AXIS2_PLACEMENT_3D ( 'NONE', #2563, #1608, #4785 ) ;
#3149 = ORIENTED_EDGE ( 'NONE', *, *, #4531, .F. ) ;
#3150 = DIRECTION ( 'NONE',  ( 0.000000000000000000, 0.000000000000000000, -1.000000000000000000 ) ) ;
#3151 = ORIENTED_EDGE ( 'NONE', *, *, #4032, .T. ) ;
#3152 = DIRECTION ( 'NONE',  ( 0.000000000000000000, -1.000000000000000000, 0.000000000000000000 ) ) ;
#3153 = AXIS2_PLACEMENT_3D ( 'NONE', #1597, #2142, #3838 ) ;
#3154 = CARTESIAN_POINT ( 'NONE',  ( 0.2471304855452270965, -0.1055730167680026116, 0.07874015748031495954 ) ) ;
#3155 = DIRECTION ( 'NONE',  ( -1.000000000000000000, -0.000000000000000000, -0.000000000000000000 ) ) ;
#3156 = EDGE_CURVE ( 'NONE', #2593, #3523, #4253, .T. ) ;
#3157 = AXIS2_PLACEMENT_3D ( 'NONE', #5616, #4744, #5710 ) ;
#3158 = FACE_OUTER_BOUND ( 'NONE', #1000, .T. ) ;
#3159 = ORIENTED_EDGE ( 'NONE', *, *, #3500, .T. ) ;
#3160 = DIRECTION ( 'NONE',  ( 0.3820956964504011455, -0.9241227617335711075, 0.000000000000000000 ) ) ;
#3161 = CIRCLE ( 'NONE', #5676, 0.02486710885605532273 ) ;
#3162 = VECTOR ( 'NONE', #596, 39.37007874015748143 ) ;
#3163 = ADVANCED_FACE ( 'NONE', ( #1382 ), #2175, .T. ) ;
#3164 = VERTEX_POINT ( 'NONE', #1734 ) ;
#3165 = DIRECTION ( 'NONE',  ( -1.000000000000000000, 0.000000000000000000, 0.000000000000000000 ) ) ;
#3166 = DIRECTION ( 'NONE',  ( -1.000000000000000000, 0.000000000000000000, 0.000000000000000000 ) ) ;
#3167 = CIRCLE ( 'NONE', #1846, 0.007874015748031482076 ) ;
#3168 = AXIS2_PLACEMENT_3D ( 'NONE', #1867, #3292, #588 ) ;
#3169 = DIRECTION ( 'NONE',  ( 0.000000000000000000, 1.000000000000000000, 0.000000000000000000 ) ) ;
#3170 = AXIS2_PLACEMENT_3D ( 'NONE', #4991, #3735, #2799 ) ;
#3171 = ORIENTED_EDGE ( 'NONE', *, *, #3093, .T. ) ;
#3172 = ORIENTED_EDGE ( 'NONE', *, *, #2919, .F. ) ;
#3173 = DIRECTION ( 'NONE',  ( 0.000000000000000000, 0.000000000000000000, -1.000000000000000000 ) ) ;
#3174 = ORIENTED_EDGE ( 'NONE', *, *, #3790, .T. ) ;
#3175 = DIRECTION ( 'NONE',  ( -1.000000000000000000, 0.000000000000000000, 0.000000000000000000 ) ) ;
#3176 = CARTESIAN_POINT ( 'NONE',  ( 0.2588518599949117815, -0.07631714650562787527, -0.1181102362204724532 ) ) ;
#3177 = VERTEX_POINT ( 'NONE', #3526 ) ;
#3178 = CARTESIAN_POINT ( 'NONE',  ( -0.2588518599949117815, -0.06633979854481968086, -0.07874015748031495954 ) ) ;
#3179 = DIRECTION ( 'NONE',  ( 0.000000000000000000, 1.000000000000000000, 0.000000000000000000 ) ) ;
#3180 = CARTESIAN_POINT ( 'NONE',  ( 0.2519685039370080371, 0.01497825796799926064, -0.07874015748031495954 ) ) ;
#3181 = DIRECTION ( 'NONE',  ( 1.000000000000000000, 0.000000000000000000, 0.000000000000000000 ) ) ;
#3182 = ORIENTED_EDGE ( 'NONE', *, *, #383, .T. ) ;
#3183 = EDGE_CURVE ( 'NONE', #2178, #2344, #5314, .T. ) ;
#3184 = DIRECTION ( 'NONE',  ( 1.000000000000000000, 0.000000000000000000, 0.000000000000000000 ) ) ;
#3185 = ADVANCED_FACE ( 'NONE', ( #3556 ), #1320, .T. ) ;
#3186 = DIRECTION ( 'NONE',  ( 1.000000000000000000, 0.000000000000000000, 0.000000000000000000 ) ) ;
#3187 = PLANE ( 'NONE',  #4437 ) ;
#3188 = CARTESIAN_POINT ( 'NONE',  ( 0.08566664463896901671, 0.000000000000000000, 0.2283464566929134520 ) ) ;
#3189 = EDGE_CURVE ( 'NONE', #3993, #4885, #4632, .T. ) ;
#3190 = CARTESIAN_POINT ( 'NONE',  ( 0.1870078740157481711, 0.1122047244094488277, 0.1870078740157479769 ) ) ;
#3191 = EDGE_LOOP ( 'NONE', ( #3387, #3709, #1207, #1897 ) ) ;
#3192 = VERTEX_POINT ( 'NONE', #3198 ) ;
#3193 = CARTESIAN_POINT ( 'NONE',  ( 0.09076414801644738795, 0.1043307086614173318, -0.2362204724409448231 ) ) ;
#3194 = CARTESIAN_POINT ( 'NONE',  ( 0.2287720791657797959, 0.1121932126843631361, 0.09862665203939371961 ) ) ;
#3195 = DIRECTION ( 'NONE',  ( -0.9619789872591466562, 0.2731234667176486997, -2.175987969930885662E-14 ) ) ;
#3196 = ORIENTED_EDGE ( 'NONE', *, *, #1585, .T. ) ;
#3197 = CARTESIAN_POINT ( 'NONE',  ( -0.2467864344510313501, -0.07132847252522378501, -0.07874015748031495954 ) ) ;
#3198 = CARTESIAN_POINT ( 'NONE',  ( 0.1870078740157481711, 0.1122047244094488277, 0.2165354330708661457 ) ) ;
#3199 = DIRECTION ( 'NONE',  ( 0.000000000000000000, 0.000000000000000000, 1.000000000000000000 ) ) ;
#3200 = VERTEX_POINT ( 'NONE', #576 ) ;
#3201 = DIRECTION ( 'NONE',  ( 1.000000000000000000, 0.000000000000000000, 0.000000000000000000 ) ) ;
#3202 = CARTESIAN_POINT ( 'NONE',  ( -0.2284883701790053623, 0.1122047244094488277, -0.09864223006555590534 ) ) ;
#3203 = DIRECTION ( 'NONE',  ( 0.000000000000000000, 0.000000000000000000, -1.000000000000000000 ) ) ;
#3204 = ORIENTED_EDGE ( 'NONE', *, *, #3500, .F. ) ;
#3205 = DIRECTION ( 'NONE',  ( -0.9619789872591597568, -0.2731234667176027919, -0.000000000000000000 ) ) ;
#3206 = VERTEX_POINT ( 'NONE', #4543 ) ;
#3207 = CIRCLE ( 'NONE', #4321, 0.1168368100007918381 ) ;
#3208 = DIRECTION ( 'NONE',  ( 0.000000000000000000, 0.000000000000000000, 1.000000000000000000 ) ) ;
#3209 = DIRECTION ( 'NONE',  ( 0.000000000000000000, 0.000000000000000000, -1.000000000000000000 ) ) ;
#3210 = AXIS2_PLACEMENT_3D ( 'NONE', #208, #289, #2888 ) ;
#3211 = CIRCLE ( 'NONE', #4429, 0.02952755905511817228 ) ;
#3212 = EDGE_CURVE ( 'NONE', #2315, #3623, #4600, .T. ) ;
#3213 = ADVANCED_FACE ( 'NONE', ( #606 ), #2325, .F. ) ;
#3214 = FACE_OUTER_BOUND ( 'NONE', #4483, .T. ) ;
#3215 = DIRECTION ( 'NONE',  ( 0.000000000000000000, 0.000000000000000000, 1.000000000000000000 ) ) ;
#3216 = VECTOR ( 'NONE', #3613, 39.37007874015748143 ) ;
#3217 = CARTESIAN_POINT ( 'NONE',  ( -0.09864223006555611351, 0.1122047244094488277, -0.2284883701790051680 ) ) ;
#3218 = AXIS2_PLACEMENT_3D ( 'NONE', #1979, #2451, #2097 ) ;
#3219 = ORIENTED_EDGE ( 'NONE', *, *, #2759, .T. ) ;
#3220 = ADVANCED_FACE ( 'NONE', ( #3308 ), #887, .T. ) ;
#3221 = AXIS2_PLACEMENT_3D ( 'NONE', #5621, #177, #4716 ) ;
#3222 = ORIENTED_EDGE ( 'NONE', *, *, #804, .F. ) ;
#3223 = CARTESIAN_POINT ( 'NONE',  ( -0.1870078740157481711, 0.1200787401574803237, 0.2165354330708661457 ) ) ;
#3224 = DIRECTION ( 'NONE',  ( 0.05405405405405416808, 0.000000000000000000, -0.9985380109141170912 ) ) ;
#3225 = ORIENTED_EDGE ( 'NONE', *, *, #4143, .F. ) ;
#3226 = DIRECTION ( 'NONE',  ( 0.000000000000000000, 0.000000000000000000, -1.000000000000000000 ) ) ;
#3227 = VECTOR ( 'NONE', #194, 39.37007874015748143 ) ;
#3228 = CARTESIAN_POINT ( 'NONE',  ( -0.08566664463896879467, 0.000000000000000000, -0.2283464566929133410 ) ) ;
#3229 = EDGE_CURVE ( 'NONE', #1496, #1576, #2878, .T. ) ;
#3230 =( NAMED_UNIT ( * ) PLANE_ANGLE_UNIT ( ) SI_UNIT ( $, .RADIAN. ) );
#3231 = VERTEX_POINT ( 'NONE', #1023 ) ;
#3232 = ORIENTED_EDGE ( 'NONE', *, *, #3697, .F. ) ;
#3233 = PRODUCT_DEFINITION_SHAPE ( 'NONE', 'NONE',  #5791 ) ;
#3234 = CYLINDRICAL_SURFACE ( 'NONE', #5491, 0.01035368314656493448 ) ;
#3235 = VECTOR ( 'NONE', #145, 39.37007874015748143 ) ;
#3236 = LINE ( 'NONE', #3737, #3143 ) ;
#3237 = PLANE ( 'NONE',  #1896 ) ;
#3238 = EDGE_LOOP ( 'NONE', ( #1176, #3341, #505, #4403 ) ) ;
#3239 = AXIS2_PLACEMENT_3D ( 'NONE', #1229, #789, #5778 ) ;
#3240 = CARTESIAN_POINT ( 'NONE',  ( 0.2588518599949117815, -0.06633979854481968086, -0.1181102362204724532 ) ) ;
#3241 = CARTESIAN_POINT ( 'NONE',  ( -0.2287720791657801289, 0.1358267716535433156, -0.09862665203939324776 ) ) ;
#3242 = COLOUR_RGB ( '',0.7921568627450980005, 0.8196078431372548767, 0.9333333333333333481 ) ;
#3243 = ORIENTED_EDGE ( 'NONE', *, *, #2967, .T. ) ;
#3244 = LINE ( 'NONE', #5463, #4706 ) ;
#3245 = VECTOR ( 'NONE', #5138, 39.37007874015748143 ) ;
#3246 = AXIS2_PLACEMENT_3D ( 'NONE', #1873, #3136, #3635 ) ;
#3247 = DIRECTION ( 'NONE',  ( 0.000000000000000000, 1.000000000000000000, 0.000000000000000000 ) ) ;
#3248 = EDGE_CURVE ( 'NONE', #2842, #629, #510, .T. ) ;
#3249 = ORIENTED_EDGE ( 'NONE', *, *, #236, .T. ) ;
#3250 = AXIS2_PLACEMENT_3D ( 'NONE', #2941, #3468, #5194 ) ;
#3251 = VECTOR ( 'NONE', #5031, 39.37007874015748143 ) ;
#3252 = ORIENTED_EDGE ( 'NONE', *, *, #344, .T. ) ;
#3253 = CARTESIAN_POINT ( 'NONE',  ( 0.2517439703971998677, -0.1325679440989251945, -0.09253195506462764952 ) ) ;
#3254 = DIRECTION ( 'NONE',  ( 0.000000000000000000, 0.000000000000000000, -1.000000000000000000 ) ) ;
#3255 = VERTEX_POINT ( 'NONE', #1939 ) ;
#3256 = CYLINDRICAL_SURFACE ( 'NONE', #431, 0.02952755905511817228 ) ;
#3257 = EDGE_CURVE ( 'NONE', #4893, #4049, #4168, .T. ) ;
#3258 = EDGE_CURVE ( 'NONE', #3865, #4330, #3700, .T. ) ;
#3259 = AXIS2_PLACEMENT_3D ( 'NONE', #1171, #4305, #1606 ) ;
#3260 = DIRECTION ( 'NONE',  ( 0.000000000000000000, 0.000000000000000000, 1.000000000000000000 ) ) ;
#3261 = ORIENTED_EDGE ( 'NONE', *, *, #2616, .T. ) ;
#3262 = DIRECTION ( 'NONE',  ( 0.000000000000000000, 0.000000000000000000, -1.000000000000000000 ) ) ;
#3263 = AXIS2_PLACEMENT_3D ( 'NONE', #3126, #4383, #764 ) ;
#3264 = FACE_OUTER_BOUND ( 'NONE', #2389, .T. ) ;
#3265 = ADVANCED_FACE ( 'NONE', ( #1988 ), #3754, .T. ) ;
#3266 = DIRECTION ( 'NONE',  ( 0.000000000000000000, 0.000000000000000000, -1.000000000000000000 ) ) ;
#3267 = VERTEX_POINT ( 'NONE', #174 ) ;
#3268 = CARTESIAN_POINT ( 'NONE',  ( -0.2362204724409450174, 0.01891526584201501035, -0.07874015748031495954 ) ) ;
#3269 = ORIENTED_EDGE ( 'NONE', *, *, #735, .F. ) ;
#3270 = DIRECTION ( 'NONE',  ( 0.3820956964504009234, 0.9241227617335713296, 0.000000000000000000 ) ) ;
#3271 = DIRECTION ( 'NONE',  ( -1.000000000000000000, 0.000000000000000000, 0.000000000000000000 ) ) ;
#3272 = EDGE_LOOP ( 'NONE', ( #2131, #1639, #3490, #2227, #2929, #5005, #2486, #5448, #3822, #5336, #2760, #4727, #2273, #437, #5563, #5185, #5237, #1331 ) ) ;
#3273 = CARTESIAN_POINT ( 'NONE',  ( -0.2528192596362454636, -0.1287806252514481775, 0.1043184386361597493 ) ) ;
#3274 = CARTESIAN_POINT ( 'NONE',  ( 0.2410114198820278719, -0.1271252204669363339, 0.08894937703494577852 ) ) ;
#3275 = CARTESIAN_POINT ( 'NONE',  ( -0.2362204724409450174, 0.03072628946406225775, 0.07874015748031495954 ) ) ;
#3276 = ORIENTED_EDGE ( 'NONE', *, *, #4285, .F. ) ;
#3277 = ORIENTED_EDGE ( 'NONE', *, *, #4177, .F. ) ;
#3278 = CARTESIAN_POINT ( 'NONE',  ( -0.2588518599949117815, -0.07631714650562787527, -0.07874015748031495954 ) ) ;
#3279 = DIRECTION ( 'NONE',  ( 0.000000000000000000, 0.000000000000000000, 1.000000000000000000 ) ) ;
#3280 = ORIENTED_EDGE ( 'NONE', *, *, #4284, .T. ) ;
#3281 =( NAMED_UNIT ( * ) PLANE_ANGLE_UNIT ( ) SI_UNIT ( $, .RADIAN. ) );
#3282 = CYLINDRICAL_SURFACE ( 'NONE', #1269, 0.02486710885605532273 ) ;
#3283 = EDGE_CURVE ( 'NONE', #4025, #1814, #5566, .T. ) ;
#3284 = CARTESIAN_POINT ( 'NONE',  ( 0.09865035267987272427, 0.1122047244094488277, -0.2283464566929133410 ) ) ;
#3285 = ADVANCED_FACE ( 'NONE', ( #3668 ), #5525, .F. ) ;
#3286 = ORIENTED_EDGE ( 'NONE', *, *, #1237, .T. ) ;
#3287 = DIRECTION ( 'NONE',  ( 0.000000000000000000, -1.000000000000000000, 0.000000000000000000 ) ) ;
#3288 = DIRECTION ( 'NONE',  ( 0.000000000000000000, 0.000000000000000000, -1.000000000000000000 ) ) ;
#3289 = ADVANCED_FACE ( 'NONE', ( #4106 ), #3282, .T. ) ;
#3290 = CARTESIAN_POINT ( 'NONE',  ( 1.430838253900572064E-17, 0.3858267716535432879, 0.1168368100007918381 ) ) ;
#3291 = ORIENTED_EDGE ( 'NONE', *, *, #4014, .F. ) ;
#3292 = DIRECTION ( 'NONE',  ( 0.000000000000000000, 1.000000000000000000, 0.000000000000000000 ) ) ;
#3293 = DIRECTION ( 'NONE',  ( 0.000000000000000000, 0.000000000000000000, 1.000000000000000000 ) ) ;
#3294 = ORIENTED_EDGE ( 'NONE', *, *, #4607, .T. ) ;
#3295 = FACE_OUTER_BOUND ( 'NONE', #707, .T. ) ;
#3296 = ADVANCED_FACE ( 'NONE', ( #3781 ), #1908, .T. ) ;
#3297 = DIRECTION ( 'NONE',  ( 1.000000000000000000, 0.000000000000000000, 0.000000000000000000 ) ) ;
#3298 = DIRECTION ( 'NONE',  ( 1.000000000000000000, 0.000000000000000000, 0.000000000000000000 ) ) ;
#3299 = DIRECTION ( 'NONE',  ( 0.000000000000000000, -1.000000000000000000, 0.000000000000000000 ) ) ;
#3300 = AXIS2_PLACEMENT_3D ( 'NONE', #3290, #2055, #5082 ) ;
#3301 = ORIENTED_EDGE ( 'NONE', *, *, #3931, .T. ) ;
#3302 = ORIENTED_EDGE ( 'NONE', *, *, #2721, .F. ) ;
#3303 = DIRECTION ( 'NONE',  ( 0.000000000000000000, 0.000000000000000000, 1.000000000000000000 ) ) ;
#3304 = ORIENTED_EDGE ( 'NONE', *, *, #180, .T. ) ;
#3305 = CIRCLE ( 'NONE', #4054, 0.003937007874015758385 ) ;
#3306 = CLOSED_SHELL ( 'NONE', ( #3289, #3508, #5190, #2831, #3185, #4881, #4896, #196, #2217, #786, #4215, #3118, #3858, #690, #3677, #3, #2552, #529, #242, #844, #3163, #5370, #5010, #5475, #2654, #5732 ) ) ;
#3307 = AXIS2_PLACEMENT_3D ( 'NONE', #3552, #5777, #1699 ) ;
#3308 = FACE_OUTER_BOUND ( 'NONE', #3939, .T. ) ;
#3309 = VERTEX_POINT ( 'NONE', #3228 ) ;
#3310 = FACE_OUTER_BOUND ( 'NONE', #3335, .T. ) ;
#3311 = CARTESIAN_POINT ( 'NONE',  ( -0.2697666957634185514, -0.06182685724816141398, -0.07874015748031495954 ) ) ;
#3312 = CIRCLE ( 'NONE', #502, 0.02952755905511817228 ) ;
#3313 = PLANE ( 'NONE',  #5783 ) ;
#3314 = ADVANCED_FACE ( 'NONE', ( #961 ), #2766, .T. ) ;
#3315 = EDGE_CURVE ( 'NONE', #2752, #2657, #1633, .T. ) ;
#3316 = CARTESIAN_POINT ( 'NONE',  ( 1.479023323877192667E-17, 0.3937007874015748254, 0.1168368100007918381 ) ) ;
#3317 = AXIS2_PLACEMENT_3D ( 'NONE', #5124, #139, #1103 ) ;
#3318 = DIRECTION ( 'NONE',  ( 0.2485354773382434934, 0.8753766553315872612, 0.4146635115424732732 ) ) ;
#3319 = ORIENTED_EDGE ( 'NONE', *, *, #3424, .T. ) ;
#3320 = LINE ( 'NONE', #5111, #711 ) ;
#3321 = VECTOR ( 'NONE', #2823, 39.37007874015748854 ) ;
#3322 = ADVANCED_FACE ( 'NONE', ( #348 ), #225, .T. ) ;
#3323 = LINE ( 'NONE', #5165, #3245 ) ;
#3324 = ORIENTED_EDGE ( 'NONE', *, *, #3424, .F. ) ;
#3325 = CARTESIAN_POINT ( 'NONE',  ( -0.2204724409448820255, 0.007874015748031499423, -0.2362204724409448231 ) ) ;
#3326 = AXIS2_PLACEMENT_3D ( 'NONE', #906, #3643, #2264 ) ;
#3327 = CARTESIAN_POINT ( 'NONE',  ( 0.2362204724409450174, 0.01497825796799926064, -0.07874015748031495954 ) ) ;
#3328 = LINE ( 'NONE', #5731, #706 ) ;
#3329 = EDGE_CURVE ( 'NONE', #1706, #3641, #5215, .T. ) ;
#3330 = VECTOR ( 'NONE', #1540, 39.37007874015748854 ) ;
#3331 = VERTEX_POINT ( 'NONE', #2074 ) ;
#3332 = ORIENTED_EDGE ( 'NONE', *, *, #66, .F. ) ;
#3333 = DIRECTION ( 'NONE',  ( 0.1132543357937751544, 0.3988975848869558694, -0.9099748195391258454 ) ) ;
#3334 = CARTESIAN_POINT ( 'NONE',  ( 0.2362204724409447121, 0.1043307086614173318, 0.09076414801644791530 ) ) ;
#3335 = EDGE_LOOP ( 'NONE', ( #599, #945, #3958, #2526, #5712, #5729, #1465, #2147 ) ) ;
#3336 = CIRCLE ( 'NONE', #2778, 0.01305608523400804757 ) ;
#3337 = DIRECTION ( 'NONE',  ( -0.000000000000000000, -1.000000000000000000, -0.000000000000000000 ) ) ;
#3338 = AXIS2_PLACEMENT_3D ( 'NONE', #248, #5610, #3382 ) ;
#3339 = FACE_OUTER_BOUND ( 'NONE', #924, .T. ) ;
#3340 = CARTESIAN_POINT ( 'NONE',  ( -0.2362204724409450174, 0.03072628946406225775, -0.07874015748031495954 ) ) ;
#3341 = ORIENTED_EDGE ( 'NONE', *, *, #5360, .F. ) ;
#3342 = ORIENTED_EDGE ( 'NONE', *, *, #1585, .F. ) ;
#3343 = AXIS2_PLACEMENT_3D ( 'NONE', #2189, #975, #2336 ) ;
#3344 = LINE ( 'NONE', #642, #2510 ) ;
#3345 = DIRECTION ( 'NONE',  ( 0.000000000000000000, 1.000000000000000000, 0.000000000000000000 ) ) ;
#3346 = DIRECTION ( 'NONE',  ( 1.000000000000000000, 0.000000000000000000, 0.000000000000000000 ) ) ;
#3347 = EDGE_CURVE ( 'NONE', #2235, #4396, #3992, .T. ) ;
#3348 = EDGE_LOOP ( 'NONE', ( #4553, #1996, #2103, #1491 ) ) ;
#3349 = DIRECTION ( 'NONE',  ( -0.000000000000000000, -0.000000000000000000, -1.000000000000000000 ) ) ;
#3350 = DIRECTION ( 'NONE',  ( -9.686762837609348676E-16, 0.000000000000000000, 1.000000000000000000 ) ) ;
#3351 = ORIENTED_EDGE ( 'NONE', *, *, #2791, .F. ) ;
#3352 = FACE_OUTER_BOUND ( 'NONE', #2629, .T. ) ;
#3353 = CARTESIAN_POINT ( 'NONE',  ( 0.2403820138547686225, -0.1293420763817875185, -0.1043184386361599991 ) ) ;
#3354 = EDGE_CURVE ( 'NONE', #5440, #4595, #58, .T. ) ;
#3355 = ADVANCED_FACE ( 'NONE', ( #314 ), #2554, .T. ) ;
#3356 = PLANE ( 'NONE',  #616 ) ;
#3357 = ORIENTED_EDGE ( 'NONE', *, *, #3116, .F. ) ;
#3358 = EDGE_LOOP ( 'NONE', ( #5687, #2962, #503, #4207 ) ) ;
#3359 = DIRECTION ( 'NONE',  ( 1.000000000000000000, 0.000000000000000000, 0.000000000000000000 ) ) ;
#3360 = CARTESIAN_POINT ( 'NONE',  ( 0.2600169407659517762, -0.1044104908222249634, -0.07874015748031495954 ) ) ;
#3361 = EDGE_CURVE ( 'NONE', #5747, #2379, #2992, .T. ) ;
#3362 = LINE ( 'NONE', #4213, #894 ) ;
#3363 = LINE ( 'NONE', #5682, #2018 ) ;
#3364 = VERTEX_POINT ( 'NONE', #781 ) ;
#3365 = DIRECTION ( 'NONE',  ( -0.000000000000000000, -0.000000000000000000, -1.000000000000000000 ) ) ;
#3366 = ORIENTED_EDGE ( 'NONE', *, *, #4792, .F. ) ;
#3367 = DIRECTION ( 'NONE',  ( 0.000000000000000000, 0.000000000000000000, -1.000000000000000000 ) ) ;
#3368 = EDGE_CURVE ( 'NONE', #219, #5242, #5415, .T. ) ;
#3369 = ORIENTED_EDGE ( 'NONE', *, *, #4708, .T. ) ;
#3370 = ORIENTED_EDGE ( 'NONE', *, *, #521, .T. ) ;
#3371 = CYLINDRICAL_SURFACE ( 'NONE', #3729, 0.02952755905511817228 ) ;
#3372 = DIRECTION ( 'NONE',  ( -1.000000000000000000, 0.000000000000000000, 0.000000000000000000 ) ) ;
#3373 = FACE_OUTER_BOUND ( 'NONE', #5734, .T. ) ;
#3374 = DIRECTION ( 'NONE',  ( -1.000000000000000000, 0.000000000000000000, 0.000000000000000000 ) ) ;
#3375 = ORIENTED_EDGE ( 'NONE', *, *, #2539, .F. ) ;
#3376 = CARTESIAN_POINT ( 'NONE',  ( -0.2410114198820278719, -0.1271252204669363617, 0.1079010166658416064 ) ) ;
#3377 = DIRECTION ( 'NONE',  ( 0.9619789872591621993, -0.2731234667175944653, 0.000000000000000000 ) ) ;
#3378 = CARTESIAN_POINT ( 'NONE',  ( -0.08566664463896897508, 0.001968503937007873988, 0.1657158043835799122 ) ) ;
#3379 = VERTEX_POINT ( 'NONE', #5182 ) ;
#3380 = CARTESIAN_POINT ( 'NONE',  ( -0.2517439703971998677, -0.1325679440989251945, -0.09253195506462764952 ) ) ;
#3381 = CARTESIAN_POINT ( 'NONE',  ( -0.09076414801644772101, 0.1437007874015747977, 0.2362204724409449341 ) ) ;
#3382 = DIRECTION ( 'NONE',  ( -1.000000000000000000, 0.000000000000000000, 0.000000000000000000 ) ) ;
#3383 = ADVANCED_FACE ( 'NONE', ( #3458, #3901 ), #749, .F. ) ;
#3384 = EDGE_CURVE ( 'NONE', #2250, #4120, #2595, .T. ) ;
#3385 = VECTOR ( 'NONE', #4648, 39.37007874015748143 ) ;
#3386 = ORIENTED_EDGE ( 'NONE', *, *, #433, .T. ) ;
#3387 = ORIENTED_EDGE ( 'NONE', *, *, #2302, .T. ) ;
#3388 = DIRECTION ( 'NONE',  ( -0.000000000000000000, -1.000000000000000000, -0.000000000000000000 ) ) ;
#3389 = CARTESIAN_POINT ( 'NONE',  ( -0.2697666957634185514, -0.08083008780228616297, -0.07874015748031495954 ) ) ;
#3390 = CIRCLE ( 'NONE', #859, 0.007874015748031499423 ) ;
#3391 = DIRECTION ( 'NONE',  ( -0.000000000000000000, -0.000000000000000000, -1.000000000000000000 ) ) ;
#3392 = EDGE_CURVE ( 'NONE', #4678, #569, #3363, .T. ) ;
#3393 = ORIENTED_EDGE ( 'NONE', *, *, #4326, .F. ) ;
#3394 = CYLINDRICAL_SURFACE ( 'NONE', #441, 0.007874015748031482076 ) ;
#3395 = AXIS2_PLACEMENT_3D ( 'NONE', #3528, #3495, #1323 ) ;
#3396 = VERTEX_POINT ( 'NONE', #1667 ) ;
#3397 = CARTESIAN_POINT ( 'NONE',  ( -0.2716535433070866867, -0.07132847252522378501, 0.07874015748031495954 ) ) ;
#3398 = VERTEX_POINT ( 'NONE', #3020 ) ;
#3399 = VERTEX_POINT ( 'NONE', #2047 ) ;
#3400 = DIRECTION ( 'NONE',  ( 0.000000000000000000, 0.000000000000000000, -1.000000000000000000 ) ) ;
#3401 = TOROIDAL_SURFACE ( 'NONE', #2283, 0.1168368100007918381, 0.007874015748031495954 ) ;
#3402 = AXIS2_PLACEMENT_3D ( 'NONE', #1627, #1193, #715 ) ;
#3403 = EDGE_CURVE ( 'NONE', #1977, #5041, #4363, .T. ) ;
#3404 = DIRECTION ( 'NONE',  ( -0.3820956964504006459, -0.9241227617335713296, -0.000000000000000000 ) ) ;
#3405 = CIRCLE ( 'NONE', #967, 0.02952755905511817228 ) ;
#3406 = LINE ( 'NONE', #5568, #1051 ) ;
#3407 = FACE_OUTER_BOUND ( 'NONE', #2821, .T. ) ;
#3408 = ORIENTED_EDGE ( 'NONE', *, *, #1556, .F. ) ;
#3409 = DIRECTION ( 'NONE',  ( 0.000000000000000000, 0.000000000000000000, 1.000000000000000000 ) ) ;
#3410 = CIRCLE ( 'NONE', #4346, 0.1338582677165354173 ) ;
#3411 = CARTESIAN_POINT ( 'NONE',  ( -0.09076414801644772101, 0.1358267716535433156, 0.2283464566929134520 ) ) ;
#3412 = ORIENTED_EDGE ( 'NONE', *, *, #4107, .T. ) ;
#3413 = CARTESIAN_POINT ( 'NONE',  ( 0.2588518599949117815, -0.07631714650562787527, 0.07874015748031495954 ) ) ;
#3414 = FACE_OUTER_BOUND ( 'NONE', #339, .T. ) ;
#3415 = AXIS2_PLACEMENT_3D ( 'NONE', #4667, #207, #2000 ) ;
#3416 = APPLICATION_CONTEXT ( 'automotive_design' ) ;
#3417 = FACE_OUTER_BOUND ( 'NONE', #1700, .T. ) ;
#3418 = VECTOR ( 'NONE', #4574, 39.37007874015748143 ) ;
#3419 = ORIENTED_EDGE ( 'NONE', *, *, #3050, .F. ) ;
#3420 = VERTEX_POINT ( 'NONE', #1161 ) ;
#3421 = DIRECTION ( 'NONE',  ( 0.000000000000000000, 0.000000000000000000, 1.000000000000000000 ) ) ;
#3422 = CYLINDRICAL_SURFACE ( 'NONE', #4162, 0.04027075222444161801 ) ;
#3423 = ADVANCED_FACE ( 'NONE', ( #3339 ), #5129, .F. ) ;
#3424 = EDGE_CURVE ( 'NONE', #1505, #930, #3811, .T. ) ;
#3425 = CIRCLE ( 'NONE', #4172, 0.007874015748031482076 ) ;
#3426 = CARTESIAN_POINT ( 'NONE',  ( -0.2362204724409450174, 0.007874015748031499423, 0.2204724409448819145 ) ) ;
#3427 = DIRECTION ( 'NONE',  ( -0.000000000000000000, -0.000000000000000000, -1.000000000000000000 ) ) ;
#3428 = VERTEX_POINT ( 'NONE', #2928 ) ;
#3429 = FACE_OUTER_BOUND ( 'NONE', #1074, .T. ) ;
#3430 = CIRCLE ( 'NONE', #2410, 0.003937007874015747109 ) ;
#3431 = ORIENTED_EDGE ( 'NONE', *, *, #3916, .F. ) ;
#3432 = FACE_OUTER_BOUND ( 'NONE', #2639, .T. ) ;
#3433 = VERTEX_POINT ( 'NONE', #684 ) ;
#3434 = EDGE_CURVE ( 'NONE', #4454, #2158, #4838, .T. ) ;
#3435 = EDGE_CURVE ( 'NONE', #5523, #2531, #514, .T. ) ;
#3436 = CARTESIAN_POINT ( 'NONE',  ( -0.1870078740157481711, 0.1200787401574803237, 0.1574803149606297803 ) ) ;
#3437 = CARTESIAN_POINT ( 'NONE',  ( -0.1870078740157481711, 0.1200787401574803237, 0.1870078740157479769 ) ) ;
#3438 = VECTOR ( 'NONE', #1092, 39.37007874015748143 ) ;
#3439 = AXIS2_PLACEMENT_3D ( 'NONE', #1980, #4151, #628 ) ;
#3440 = CARTESIAN_POINT ( 'NONE',  ( -0.2403820138547687058, -0.1293420763817875740, 0.1068508981224270543 ) ) ;
#3441 = ORIENTED_EDGE ( 'NONE', *, *, #558, .F. ) ;
#3442 = CARTESIAN_POINT ( 'NONE',  ( 0.09076414801644738795, 0.1437007874015747977, -0.2283464566929133410 ) ) ;
#3443 = CARTESIAN_POINT ( 'NONE',  ( -0.2519685039370080371, 0.01497825796799926064, 0.07874015748031495954 ) ) ;
#3444 = ORIENTED_EDGE ( 'NONE', *, *, #552, .F. ) ;
#3445 = ADVANCED_FACE ( 'NONE', ( #5692 ), #2082, .T. ) ;
#3446 = LINE ( 'NONE', #4695, #533 ) ;
#3447 = DIRECTION ( 'NONE',  ( -1.077125096681061906E-15, 1.000000000000000000, 0.000000000000000000 ) ) ;
#3448 = CARTESIAN_POINT ( 'NONE',  ( 0.2600169407659517762, -0.1044104908222249634, 0.1181102362204724532 ) ) ;
#3449 = ORIENTED_EDGE ( 'NONE', *, *, #2503, .F. ) ;
#3450 = CARTESIAN_POINT ( 'NONE',  ( 0.2517439703972003673, -0.1325679440989253610, 0.1043184386361597493 ) ) ;
#3451 = ORIENTED_EDGE ( 'NONE', *, *, #3392, .T. ) ;
#3452 = DIRECTION ( 'NONE',  ( 0.000000000000000000, 0.000000000000000000, -1.000000000000000000 ) ) ;
#3453 = ORIENTED_EDGE ( 'NONE', *, *, #3857, .F. ) ;
#3454 = VERTEX_POINT ( 'NONE', #4335 ) ;
#3455 = FACE_OUTER_BOUND ( 'NONE', #549, .T. ) ;
#3456 = LINE ( 'NONE', #716, #4817 ) ;
#3457 = LINE ( 'NONE', #4839, #4646 ) ;
#3458 = FACE_OUTER_BOUND ( 'NONE', #807, .T. ) ;
#3459 = EDGE_LOOP ( 'NONE', ( #5341, #4951, #850, #2306 ) ) ;
#3460 = CARTESIAN_POINT ( 'NONE',  ( -0.2588518599949117815, -0.06633979854481968086, 0.07874015748031495954 ) ) ;
#3461 = CARTESIAN_POINT ( 'NONE',  ( -0.2362204724409450174, 0.1043307086614173318, 0.2283464566929134520 ) ) ;
#3462 = PLANE ( 'NONE',  #5022 ) ;
#3463 = DIRECTION ( 'NONE',  ( -1.000000000000000000, 0.000000000000000000, 0.000000000000000000 ) ) ;
#3464 = EDGE_CURVE ( 'NONE', #5278, #3727, #3555, .T. ) ;
#3465 = ADVANCED_FACE ( 'NONE', ( #287 ), #4426, .T. ) ;
#3466 = ORIENTED_EDGE ( 'NONE', *, *, #4972, .F. ) ;
#3467 = CARTESIAN_POINT ( 'NONE',  ( -0.2467864344510313501, -0.07132847252522378501, -0.1181102362204724532 ) ) ;
#3468 = DIRECTION ( 'NONE',  ( -1.000000000000000000, 0.000000000000000000, 0.000000000000000000 ) ) ;
#3469 = EDGE_LOOP ( 'NONE', ( #5519, #1866, #5685, #2726 ) ) ;
#3470 = DIRECTION ( 'NONE',  ( -1.000000000000000000, -0.000000000000000000, -0.000000000000000000 ) ) ;
#3471 = CARTESIAN_POINT ( 'NONE',  ( -0.2697666957634185514, -0.08083008780228616297, 0.07874015748031495954 ) ) ;
#3472 = FACE_OUTER_BOUND ( 'NONE', #1131, .T. ) ;
#3473 = ADVANCED_FACE ( 'NONE', ( #755 ), #5717, .T. ) ;
#3474 = ORIENTED_EDGE ( 'NONE', *, *, #2146, .F. ) ;
#3475 = DIRECTION ( 'NONE',  ( -0.000000000000000000, -1.000000000000000000, -0.000000000000000000 ) ) ;
#3476 = ORIENTED_EDGE ( 'NONE', *, *, #3042, .T. ) ;
#3477 = PLANE ( 'NONE',  #2226 ) ;
#3478 = ORIENTED_EDGE ( 'NONE', *, *, #3361, .F. ) ;
#3479 = ORIENTED_EDGE ( 'NONE', *, *, #5112, .T. ) ;
#3480 = DIRECTION ( 'NONE',  ( -1.077125096681061906E-15, -1.000000000000000000, 0.000000000000000000 ) ) ;
#3481 = LINE ( 'NONE', #1284, #2946 ) ;
#3482 = DIRECTION ( 'NONE',  ( 0.000000000000000000, 0.000000000000000000, -1.000000000000000000 ) ) ;
#3483 = DIRECTION ( 'NONE',  ( 0.000000000000000000, 1.000000000000000000, 0.000000000000000000 ) ) ;
#3484 = VERTEX_POINT ( 'NONE', #1318 ) ;
#3485 = PLANE ( 'NONE',  #4944 ) ;
#3486 = VERTEX_POINT ( 'NONE', #822 ) ;
#3487 = CARTESIAN_POINT ( 'NONE',  ( -0.2362204724409450174, 0.03072628946406225775, 0.07874015748031495954 ) ) ;
#3488 = VERTEX_POINT ( 'NONE', #3436 ) ;
#3489 = CIRCLE ( 'NONE', #5263, 0.007874015748031482076 ) ;
#3490 = ORIENTED_EDGE ( 'NONE', *, *, #4441, .T. ) ;
#3491 = DIRECTION ( 'NONE',  ( -1.000000000000000000, 0.000000000000000000, 0.000000000000000000 ) ) ;
#3492 = AXIS2_PLACEMENT_3D ( 'NONE', #2854, #4640, #2474 ) ;
#3493 = DIRECTION ( 'NONE',  ( 0.000000000000000000, 0.000000000000000000, -1.000000000000000000 ) ) ;
#3494 = ORIENTED_EDGE ( 'NONE', *, *, #131, .T. ) ;
#3495 = DIRECTION ( 'NONE',  ( -0.9619789872591621993, -0.2731234667175944653, 0.000000000000000000 ) ) ;
#3496 = DIRECTION ( 'NONE',  ( 1.000000000000000000, 0.000000000000000000, 0.000000000000000000 ) ) ;
#3497 = ORIENTED_EDGE ( 'NONE', *, *, #4249, .T. ) ;
#3498 = VECTOR ( 'NONE', #893, 39.37007874015748854 ) ;
#3499 = VECTOR ( 'NONE', #4258, 39.37007874015748143 ) ;
#3500 = EDGE_CURVE ( 'NONE', #896, #5044, #5224, .T. ) ;
#3501 = DIRECTION ( 'NONE',  ( 0.9619789872591597568, -0.2731234667176027919, 0.000000000000000000 ) ) ;
#3502 = ADVANCED_FACE ( 'NONE', ( #3994 ), #2997, .F. ) ;
#3503 = FACE_OUTER_BOUND ( 'NONE', #3574, .T. ) ;
#3504 = AXIS2_PLACEMENT_3D ( 'NONE', #2145, #819, #3932 ) ;
#3505 = DIRECTION ( 'NONE',  ( 0.2731234667176027919, -0.9619789872591596458, 0.000000000000000000 ) ) ;
#3506 = ORIENTED_EDGE ( 'NONE', *, *, #4790, .F. ) ;
#3507 = LINE ( 'NONE', #5295, #4938 ) ;
#3508 = ADVANCED_FACE ( 'NONE', ( #4754 ), #5311, .F. ) ;
#3509 = CIRCLE ( 'NONE', #5098, 0.1377952755905511861 ) ;
#3510 = CARTESIAN_POINT ( 'NONE',  ( 0.2362204724409450174, 0.01497825796799926064, -0.1181102362204724532 ) ) ;
#3511 = EDGE_LOOP ( 'NONE', ( #3856, #5228, #3548, #488 ) ) ;
#3512 = AXIS2_PLACEMENT_3D ( 'NONE', #938, #5345, #3974 ) ;
#3513 = VERTEX_POINT ( 'NONE', #381 ) ;
#3514 = CARTESIAN_POINT ( 'NONE',  ( 0.2283464566929132300, 0.1122047244094488277, -0.09865035267987305734 ) ) ;
#3515 = DIRECTION ( 'NONE',  ( 1.000000000000000000, 0.000000000000000000, 0.000000000000000000 ) ) ;
#3516 = ADVANCED_FACE ( 'NONE', ( #2174 ), #3462, .F. ) ;
#3517 = CARTESIAN_POINT ( 'NONE',  ( 0.2467864344510313501, -0.07132847252522378501, -0.1181102362204724532 ) ) ;
#3518 = VECTOR ( 'NONE', #1402, 39.37007874015748143 ) ;
#3519 = ORIENTED_EDGE ( 'NONE', *, *, #2503, .T. ) ;
#3520 = DIRECTION ( 'NONE',  ( 0.000000000000000000, 0.000000000000000000, 1.000000000000000000 ) ) ;
#3521 = ORIENTED_EDGE ( 'NONE', *, *, #1586, .T. ) ;
#3522 = VECTOR ( 'NONE', #1130, 39.37007874015748143 ) ;
#3523 = VERTEX_POINT ( 'NONE', #1296 ) ;
#3524 = DIRECTION ( 'NONE',  ( 0.000000000000000000, -1.000000000000000000, 0.000000000000000000 ) ) ;
#3525 = AXIS2_PLACEMENT_3D ( 'NONE', #2903, #4236, #1539 ) ;
#3526 = CARTESIAN_POINT ( 'NONE',  ( -0.2204724409448820255, 0.1043307086614173318, -0.2362204724409448231 ) ) ;
#3527 = VERTEX_POINT ( 'NONE', #409 ) ;
#3528 = CARTESIAN_POINT ( 'NONE',  ( -0.2528192596362454636, -0.1287806252514481775, -0.1043184386361597493 ) ) ;
#3529 = ORIENTED_EDGE ( 'NONE', *, *, #3549, .F. ) ;
#3530 = AXIS2_PLACEMENT_3D ( 'NONE', #944, #4974, #1921 ) ;
#3531 = VECTOR ( 'NONE', #1804, 39.37007874015748854 ) ;
#3532 = LINE ( 'NONE', #1302, #4566 ) ;
#3533 = DIRECTION ( 'NONE',  ( 1.000000000000000000, 0.000000000000000000, 0.000000000000000000 ) ) ;
#3534 = CIRCLE ( 'NONE', #1755, 0.007874015748031482076 ) ;
#3535 = ADVANCED_FACE ( 'NONE', ( #3907 ), #5279, .F. ) ;
#3536 = FACE_OUTER_BOUND ( 'NONE', #84, .T. ) ;
#3537 = ORIENTED_EDGE ( 'NONE', *, *, #166, .F. ) ;
#3538 = LINE ( 'NONE', #3566, #2608 ) ;
#3539 = CIRCLE ( 'NONE', #4854, 0.007874015748031482076 ) ;
#3540 = ORIENTED_EDGE ( 'NONE', *, *, #5247, .F. ) ;
#3541 = ADVANCED_FACE ( 'NONE', ( #2594, #4369 ), #3092, .T. ) ;
#3542 = EDGE_CURVE ( 'NONE', #2178, #2248, #1928, .T. ) ;
#3543 = CIRCLE ( 'NONE', #524, 0.007874015748031482076 ) ;
#3544 = ORIENTED_EDGE ( 'NONE', *, *, #1819, .T. ) ;
#3545 = SPHERICAL_SURFACE ( 'NONE', #112, 0.007874015748031495954 ) ;
#3546 = CARTESIAN_POINT ( 'NONE',  ( -0.2287720791657801289, 0.1122047244094488277, -0.09862665203939323388 ) ) ;
#3547 = CARTESIAN_POINT ( 'NONE',  ( 0.2527541128200550546, -0.02068084257200989914, -0.07874015748031495954 ) ) ;
#3548 = ORIENTED_EDGE ( 'NONE', *, *, #485, .F. ) ;
#3549 = EDGE_CURVE ( 'NONE', #1691, #2315, #1080, .T. ) ;
#3550 = ORIENTED_EDGE ( 'NONE', *, *, #3946, .T. ) ;
#3551 = CARTESIAN_POINT ( 'NONE',  ( -0.2523733764244589506, -0.1303510881840740099, -0.08894937703494604220 ) ) ;
#3552 = CARTESIAN_POINT ( 'NONE',  ( 0.2467864344510313501, -0.07132847252522378501, -0.1181102362204724532 ) ) ;
#3553 = DIRECTION ( 'NONE',  ( -1.000000000000000000, 0.000000000000000000, 0.000000000000000000 ) ) ;
#3554 = ORIENTED_EDGE ( 'NONE', *, *, #2858, .F. ) ;
#3555 = LINE ( 'NONE', #1675, #4361 ) ;
#3556 = FACE_OUTER_BOUND ( 'NONE', #2646, .T. ) ;
#3557 = EDGE_CURVE ( 'NONE', #4422, #4595, #3425, .T. ) ;
#3558 = VERTEX_POINT ( 'NONE', #2294 ) ;
#3559 = CARTESIAN_POINT ( 'NONE',  ( -0.2588518599949117815, -0.07631714650562787527, 0.07874015748031495954 ) ) ;
#3560 = VERTEX_POINT ( 'NONE', #4985 ) ;
#3561 = DIRECTION ( 'NONE',  ( -0.3820956964504000353, 0.9241227617335716626, 0.000000000000000000 ) ) ;
#3562 = DIRECTION ( 'NONE',  ( -0.2485354773382434934, -0.8753766553315870391, -0.4146635115424738283 ) ) ;
#3563 = CARTESIAN_POINT ( 'NONE',  ( 0.2204724409448817202, 0.007874015748031499423, -0.2362204724409448231 ) ) ;
#3564 = DIRECTION ( 'NONE',  ( -0.3820956964504006459, -0.9241227617335713296, -0.000000000000000000 ) ) ;
#3565 = EDGE_LOOP ( 'NONE', ( #4626, #5411, #3997, #5108 ) ) ;
#3566 = CARTESIAN_POINT ( 'NONE',  ( -0.2362204724409450174, 0.1043307086614173318, -0.2204724409448818312 ) ) ;
#3567 = ORIENTED_EDGE ( 'NONE', *, *, #4480, .F. ) ;
#3568 = DIRECTION ( 'NONE',  ( -0.000000000000000000, -0.000000000000000000, -1.000000000000000000 ) ) ;
#3569 = CARTESIAN_POINT ( 'NONE',  ( 0.08566664463896907222, 0.001968503937007873988, -0.2362204724409448509 ) ) ;
#3570 = CARTESIAN_POINT ( 'NONE',  ( 0.2517439703971998677, -0.1325679440989251945, 0.1043184386361597493 ) ) ;
#3571 = EDGE_CURVE ( 'NONE', #1441, #3177, #960, .T. ) ;
#3572 = EDGE_CURVE ( 'NONE', #5017, #3398, #1839, .T. ) ;
#3573 = ORIENTED_EDGE ( 'NONE', *, *, #3615, .F. ) ;
#3574 = EDGE_LOOP ( 'NONE', ( #5016, #602, #2020, #2769 ) ) ;
#3575 = CARTESIAN_POINT ( 'NONE',  ( -0.2362204724409450174, 0.01497825796799926064, -0.1181102362204724532 ) ) ;
#3576 = LINE ( 'NONE', #548, #1915 ) ;
#3577 = VERTEX_POINT ( 'NONE', #493 ) ;
#3578 = ORIENTED_EDGE ( 'NONE', *, *, #1745, .T. ) ;
#3579 = DIRECTION ( 'NONE',  ( -0.000000000000000000, -0.000000000000000000, -1.000000000000000000 ) ) ;
#3580 = ADVANCED_FACE ( 'NONE', ( #27 ), #992, .T. ) ;
#3581 = DIRECTION ( 'NONE',  ( 0.000000000000000000, 0.000000000000000000, 1.000000000000000000 ) ) ;
#3582 = AXIS2_PLACEMENT_3D ( 'NONE', #5430, #3205, #5193 ) ;
#3583 = LINE ( 'NONE', #468, #3216 ) ;
#3584 =( NAMED_UNIT ( * ) SI_UNIT ( $, .STERADIAN. ) SOLID_ANGLE_UNIT ( ) );
#3585 = CARTESIAN_POINT ( 'NONE',  ( 0.1870078740157481711, 0.1200787401574803237, -0.1574803149606297803 ) ) ;
#3586 = ORIENTED_EDGE ( 'NONE', *, *, #5003, .F. ) ;
#3587 =( BOUNDED_CURVE ( )  B_SPLINE_CURVE ( 3, ( #1343, #4423, #405, #5334 ),
 .UNSPECIFIED., .F., .F. ) 
 B_SPLINE_CURVE_WITH_KNOTS ( ( 4, 4 ),
 ( 0.05408041161417592724, 1.570796326794896780 ),
 .UNSPECIFIED. ) 
 CURVE ( )  GEOMETRIC_REPRESENTATION_ITEM ( )  RATIONAL_B_SPLINE_CURVE ( ( 1.000000000000000000, 0.8173108475157944142, 0.8173108475157944142, 1.000000000000000000 ) ) 
 REPRESENTATION_ITEM ( '' )  );
#3588 = DIRECTION ( 'NONE',  ( 0.2485354773382520976, 0.8753766553315847077, -0.4146635115424731621 ) ) ;
#3589 = EDGE_CURVE ( 'NONE', #4630, #2180, #427, .T. ) ;
#3590 = AXIS2_PLACEMENT_3D ( 'NONE', #2627, #4461, #1265 ) ;
#3591 = CARTESIAN_POINT ( 'NONE',  ( -0.2362204724409450174, 0.1358267716535433156, 0.2362204724409446843 ) ) ;
#3592 = DIRECTION ( 'NONE',  ( -1.000000000000000000, 0.000000000000000000, 0.000000000000000000 ) ) ;
#3593 = AXIS2_PLACEMENT_3D ( 'NONE', #3467, #5752, #4377 ) ;
#3594 = CARTESIAN_POINT ( 'NONE',  ( -0.2362204724409450174, 0.1043307086614173318, -0.2283464566929133410 ) ) ;
#3595 = VECTOR ( 'NONE', #571, 39.37007874015748143 ) ;
#3596 = EDGE_LOOP ( 'NONE', ( #3762, #461, #987, #3444 ) ) ;
#3597 = CARTESIAN_POINT ( 'NONE',  ( -0.2410114198820278719, -0.1271252204669363339, 0.08894937703494577852 ) ) ;
#3598 = VECTOR ( 'NONE', #512, 39.37007874015748854 ) ;
#3599 = ORIENTED_EDGE ( 'NONE', *, *, #1671, .T. ) ;
#3600 = DIRECTION ( 'NONE',  ( 0.000000000000000000, 0.000000000000000000, 1.000000000000000000 ) ) ;
#3601 = CYLINDRICAL_SURFACE ( 'NONE', #1246, 0.02952755905511817228 ) ;
#3602 = MECHANICAL_DESIGN_GEOMETRIC_PRESENTATION_REPRESENTATION (  '', ( #126 ), #1521 ) ;
#3603 = AXIS2_PLACEMENT_3D ( 'NONE', #1876, #5015, #2708 ) ;
#3604 = ORIENTED_EDGE ( 'NONE', *, *, #1856, .T. ) ;
#3605 = ORIENTED_EDGE ( 'NONE', *, *, #1591, .F. ) ;
#3606 = CARTESIAN_POINT ( 'NONE',  ( -0.2544350171358486512, -0.1230897017222303269, 0.1113407154407584365 ) ) ;
#3607 = CARTESIAN_POINT ( 'NONE',  ( 0.2491021049974450341, -0.09989754952556670342, 0.07874015748031495954 ) ) ;
#3608 = CARTESIAN_POINT ( 'NONE',  ( -0.2362204724409450174, 0.01497825796799926064, 0.07874015748031495954 ) ) ;
#3609 = VECTOR ( 'NONE', #3562, 39.37007874015748143 ) ;
#3610 = DIRECTION ( 'NONE',  ( -1.000000000000000000, 0.000000000000000000, 0.000000000000000000 ) ) ;
#3611 = DIRECTION ( 'NONE',  ( 1.000000000000000000, 0.000000000000000000, 0.000000000000000000 ) ) ;
#3612 = VECTOR ( 'NONE', #5781, 39.37007874015748143 ) ;
#3613 = DIRECTION ( 'NONE',  ( 0.000000000000000000, 0.000000000000000000, 1.000000000000000000 ) ) ;
#3614 = EDGE_CURVE ( 'NONE', #1399, #3646, #2307, .T. ) ;
#3615 = EDGE_CURVE ( 'NONE', #2158, #5242, #1906, .T. ) ;
#3616 = EDGE_LOOP ( 'NONE', ( #1954, #3645, #1225, #4460 ) ) ;
#3617 = APPLICATION_PROTOCOL_DEFINITION ( 'draft international standard', 'automotive_design', 1998, #52 ) ;
#3618 = ORIENTED_EDGE ( 'NONE', *, *, #1326, .T. ) ;
#3619 = CARTESIAN_POINT ( 'NONE',  ( -0.2283464566929135908, 0.1122047244094488277, -0.09076414801644744346 ) ) ;
#3620 = AXIS2_PLACEMENT_3D ( 'NONE', #3864, #4685, #4238 ) ;
#3621 = CARTESIAN_POINT ( 'NONE',  ( -0.2707977663108322441, -0.1355821101757927194, 0.1079010166658409403 ) ) ;
#3622 = CARTESIAN_POINT ( 'NONE',  ( 0.09862665203939317837, 0.1122047244094488277, -0.2287720791657799069 ) ) ;
#3623 = VERTEX_POINT ( 'NONE', #4541 ) ;
#3624 = EDGE_CURVE ( 'NONE', #2315, #2838, #4511, .T. ) ;
#3625 = VECTOR ( 'NONE', #1844, 39.37007874015748143 ) ;
#3626 = DIRECTION ( 'NONE',  ( 0.000000000000000000, 0.000000000000000000, -1.000000000000000000 ) ) ;
#3627 = ORIENTED_EDGE ( 'NONE', *, *, #464, .F. ) ;
#3628 = DIRECTION ( 'NONE',  ( 1.000000000000000000, 0.000000000000000000, 0.000000000000000000 ) ) ;
#3629 = TOROIDAL_SURFACE ( 'NONE', #3716, 0.007874015748031495954, 0.007874015748031495954 ) ;
#3630 = DIRECTION ( 'NONE',  ( 0.1132543357937749740, 0.3988975848869553142, -0.9099748195391261785 ) ) ;
#3631 = ORIENTED_EDGE ( 'NONE', *, *, #1053, .F. ) ;
#3632 = FACE_OUTER_BOUND ( 'NONE', #773, .T. ) ;
#3633 = DIRECTION ( 'NONE',  ( 0.000000000000000000, 1.000000000000000000, 0.000000000000000000 ) ) ;
#3634 = VECTOR ( 'NONE', #2439, 39.37007874015748143 ) ;
#3635 = DIRECTION ( 'NONE',  ( 1.000000000000000000, 0.000000000000000000, 0.000000000000000000 ) ) ;
#3636 = AXIS2_PLACEMENT_3D ( 'NONE', #612, #2355, #3647 ) ;
#3637 = ORIENTED_EDGE ( 'NONE', *, *, #5493, .F. ) ;
#3638 = ORIENTED_EDGE ( 'NONE', *, *, #1590, .T. ) ;
#3639 = DIRECTION ( 'NONE',  ( -0.3820956964504010900, 0.9241227617335711075, 0.000000000000000000 ) ) ;
#3640 = ORIENTED_EDGE ( 'NONE', *, *, #1037, .F. ) ;
#3641 = VERTEX_POINT ( 'NONE', #5362 ) ;
#3642 = PLANE ( 'NONE',  #5480 ) ;
#3643 = DIRECTION ( 'NONE',  ( -0.9619789872591597568, -0.2731234667176027919, -0.000000000000000000 ) ) ;
#3644 = DIRECTION ( 'NONE',  ( 0.000000000000000000, 1.000000000000000000, 0.000000000000000000 ) ) ;
#3645 = ORIENTED_EDGE ( 'NONE', *, *, #4044, .F. ) ;
#3646 = VERTEX_POINT ( 'NONE', #7 ) ;
#3647 = DIRECTION ( 'NONE',  ( -1.000000000000000000, 0.000000000000000000, 0.000000000000000000 ) ) ;
#3648 = ADVANCED_FACE ( 'NONE', ( #2323 ), #113, .T. ) ;
#3649 = ADVANCED_FACE ( 'NONE', ( #4073 ), #3642, .F. ) ;
#3650 = DIRECTION ( 'NONE',  ( 0.000000000000000000, 0.000000000000000000, 1.000000000000000000 ) ) ;
#3651 = DIRECTION ( 'NONE',  ( 0.000000000000000000, 0.000000000000000000, 1.000000000000000000 ) ) ;
#3652 = DIRECTION ( 'NONE',  ( 0.000000000000000000, 0.000000000000000000, -1.000000000000000000 ) ) ;
#3653 = ORIENTED_EDGE ( 'NONE', *, *, #266, .T. ) ;
#3654 = DIRECTION ( 'NONE',  ( -0.3820956964504009234, 0.9241227617335713296, 0.000000000000000000 ) ) ;
#3655 = EDGE_CURVE ( 'NONE', #5486, #4918, #3667, .T. ) ;
#3656 = FACE_OUTER_BOUND ( 'NONE', #841, .T. ) ;
#3657 = VERTEX_POINT ( 'NONE', #871 ) ;
#3658 = DIRECTION ( 'NONE',  ( 0.9619789872591466562, 0.2731234667176487552, -2.177189192900539166E-14 ) ) ;
#3659 = LINE ( 'NONE', #3188, #310 ) ;
#3660 = FACE_OUTER_BOUND ( 'NONE', #3928, .T. ) ;
#3661 = EDGE_CURVE ( 'NONE', #5132, #5472, #3336, .T. ) ;
#3662 = ORIENTED_EDGE ( 'NONE', *, *, #4431, .T. ) ;
#3663 = VERTEX_POINT ( 'NONE', #4129 ) ;
#3664 = CARTESIAN_POINT ( 'NONE',  ( 0.09076414801644717978, 0.1043307086614173318, 0.2362204724409449341 ) ) ;
#3665 = DIRECTION ( 'NONE',  ( -0.000000000000000000, -1.000000000000000000, -0.000000000000000000 ) ) ;
#3666 = CARTESIAN_POINT ( 'NONE',  ( -0.2588518599949117815, -0.06633979854481968086, 0.07874015748031495954 ) ) ;
#3667 = LINE ( 'NONE', #1790, #151 ) ;
#3668 = FACE_OUTER_BOUND ( 'NONE', #4936, .T. ) ;
#3669 = MANIFOLD_SOLID_BREP ( 'Fillet2', #4332 ) ;
#3670 = EDGE_LOOP ( 'NONE', ( #5387, #2705, #3453, #2169 ) ) ;
#3671 = DIRECTION ( 'NONE',  ( 0.000000000000000000, 0.000000000000000000, 1.000000000000000000 ) ) ;
#3672 = DIRECTION ( 'NONE',  ( -0.9241227617335713296, -0.3820956964504008679, 0.000000000000000000 ) ) ;
#3673 = ORIENTED_EDGE ( 'NONE', *, *, #913, .T. ) ;
#3674 = CARTESIAN_POINT ( 'NONE',  ( -0.1870078740157481711, 0.1200787401574803237, 0.1870078740157479769 ) ) ;
#3675 = ADVANCED_FACE ( 'NONE', ( #1106 ), #2737, .F. ) ;
#3676 = ORIENTED_EDGE ( 'NONE', *, *, #279, .F. ) ;
#3677 = ADVANCED_FACE ( 'NONE', ( #5071 ), #2925, .F. ) ;
#3678 = AXIS2_PLACEMENT_3D ( 'NONE', #2635, #4410, #4998 ) ;
#3679 = DIRECTION ( 'NONE',  ( 0.000000000000000000, 0.000000000000000000, -1.000000000000000000 ) ) ;
#3680 = FACE_OUTER_BOUND ( 'NONE', #2262, .T. ) ;
#3681 = AXIS2_PLACEMENT_3D ( 'NONE', #3940, #5342, #4818 ) ;
#3682 = CIRCLE ( 'NONE', #1903, 0.003937007874015747109 ) ;
#3683 = EDGE_LOOP ( 'NONE', ( #1415, #3605, #4189, #2163, #3757, #516, #4748, #5231 ) ) ;
#3684 = DIRECTION ( 'NONE',  ( 0.000000000000000000, 1.000000000000000000, 0.000000000000000000 ) ) ;
#3685 = EDGE_CURVE ( 'NONE', #161, #5702, #144, .T. ) ;
#3686 = PLANE ( 'NONE',  #4150 ) ;
#3687 = EDGE_CURVE ( 'NONE', #3177, #2258, #3362, .T. ) ;
#3688 = AXIS2_PLACEMENT_3D ( 'NONE', #4923, #3633, #2754 ) ;
#3689 = DIRECTION ( 'NONE',  ( 0.2485354773382434934, -0.8753766553315870391, 0.4146635115424738283 ) ) ;
#3690 = AXIS2_PLACEMENT_3D ( 'NONE', #542, #2341, #3297 ) ;
#3691 = MANIFOLD_SOLID_BREP ( 'Fillet3', #2567 ) ;
#3692 = ORIENTED_EDGE ( 'NONE', *, *, #1923, .F. ) ;
#3693 = AXIS2_PLACEMENT_3D ( 'NONE', #1850, #1788, #2260 ) ;
#3694 = ORIENTED_EDGE ( 'NONE', *, *, #1345, .F. ) ;
#3695 = DIRECTION ( 'NONE',  ( 0.000000000000000000, 0.000000000000000000, -1.000000000000000000 ) ) ;
#3696 = DIRECTION ( 'NONE',  ( 0.000000000000000000, 0.000000000000000000, -1.000000000000000000 ) ) ;
#3697 = EDGE_CURVE ( 'NONE', #5440, #3267, #2964, .T. ) ;
#3698 = ORIENTED_EDGE ( 'NONE', *, *, #2232, .F. ) ;
#3699 = SURFACE_STYLE_USAGE ( .BOTH. , #4105 ) ;
#3700 = LINE ( 'NONE', #4663, #333 ) ;
#3701 =( CONVERSION_BASED_UNIT ( 'INCH', #4963 ) LENGTH_UNIT ( ) NAMED_UNIT ( #920 ) );
#3702 = VERTEX_POINT ( 'NONE', #1460 ) ;
#3703 = AXIS2_PLACEMENT_3D ( 'NONE', #1651, #4286, #2602 ) ;
#3704 = FACE_OUTER_BOUND ( 'NONE', #3565, .T. ) ;
#3705 = AXIS2_PLACEMENT_3D ( 'NONE', #4136, #1914, #3706 ) ;
#3706 = DIRECTION ( 'NONE',  ( 1.000000000000000000, 0.000000000000000000, 0.000000000000000000 ) ) ;
#3707 = ORIENTED_EDGE ( 'NONE', *, *, #4649, .F. ) ;
#3708 = DIRECTION ( 'NONE',  ( -1.000000000000000000, 0.000000000000000000, 0.000000000000000000 ) ) ;
#3709 = ORIENTED_EDGE ( 'NONE', *, *, #3931, .F. ) ;
#3710 = AXIS2_PLACEMENT_3D ( 'NONE', #3197, #2711, #3610 ) ;
#3711 = FACE_OUTER_BOUND ( 'NONE', #5456, .T. ) ;
#3712 = VERTEX_POINT ( 'NONE', #3728 ) ;
#3713 = DIRECTION ( 'NONE',  ( -0.9619789872591620883, 0.2731234667175944097, 0.000000000000000000 ) ) ;
#3714 = FACE_OUTER_BOUND ( 'NONE', #1601, .T. ) ;
#3715 = VECTOR ( 'NONE', #3765, 39.37007874015748143 ) ;
#3716 = AXIS2_PLACEMENT_3D ( 'NONE', #2343, #4205, #3770 ) ;
#3717 = CARTESIAN_POINT ( 'NONE',  ( 0.2401574803149607862, 0.01497825796799926064, -0.07874015748031495954 ) ) ;
#3718 = ADVANCED_FACE ( 'NONE', ( #5589 ), #3256, .T. ) ;
#3719 = ADVANCED_FACE ( 'NONE', ( #1963 ), #2815, .F. ) ;
#3720 = ORIENTED_EDGE ( 'NONE', *, *, #1462, .T. ) ;
#3721 = VECTOR ( 'NONE', #3365, 39.37007874015748143 ) ;
#3722 = AXIS2_PLACEMENT_3D ( 'NONE', #2277, #3131, #5379 ) ;
#3723 = ORIENTED_EDGE ( 'NONE', *, *, #1326, .F. ) ;
#3724 = DIRECTION ( 'NONE',  ( 0.000000000000000000, -1.000000000000000000, 0.000000000000000000 ) ) ;
#3725 = DIRECTION ( 'NONE',  ( 0.000000000000000000, 0.000000000000000000, 1.000000000000000000 ) ) ;
#3726 = ORIENTED_EDGE ( 'NONE', *, *, #1677, .T. ) ;
#3727 = VERTEX_POINT ( 'NONE', #5524 ) ;
#3728 = CARTESIAN_POINT ( 'NONE',  ( 0.2204724409448817202, 0.1043307086614173318, 0.2362204724409449341 ) ) ;
#3729 = AXIS2_PLACEMENT_3D ( 'NONE', #3437, #2909, #1641 ) ;
#3730 = EDGE_CURVE ( 'NONE', #3739, #5793, #1076, .T. ) ;
#3731 = CARTESIAN_POINT ( 'NONE',  ( 0.2707977663108309674, -0.1355821101757923031, -0.08894937703494645853 ) ) ;
#3732 = ORIENTED_EDGE ( 'NONE', *, *, #1124, .T. ) ;
#3733 = DIRECTION ( 'NONE',  ( 0.000000000000000000, 0.000000000000000000, 1.000000000000000000 ) ) ;
#3734 = ORIENTED_EDGE ( 'NONE', *, *, #5378, .F. ) ;
#3735 = DIRECTION ( 'NONE',  ( -0.000000000000000000, -1.000000000000000000, -0.000000000000000000 ) ) ;
#3736 = ADVANCED_FACE ( 'NONE', ( #635 ), #4393, .F. ) ;
#3737 = CARTESIAN_POINT ( 'NONE',  ( -0.2401574803149607862, 0.01497825796799926064, -0.07874015748031495954 ) ) ;
#3738 = LINE ( 'NONE', #2274, #1986 ) ;
#3739 = VERTEX_POINT ( 'NONE', #1223 ) ;
#3740 = DIRECTION ( 'NONE',  ( 0.000000000000000000, -1.000000000000000000, 0.000000000000000000 ) ) ;
#3741 = FACE_OUTER_BOUND ( 'NONE', #1911, .T. ) ;
#3742 = EDGE_LOOP ( 'NONE', ( #1794, #16 ) ) ;
#3743 = FACE_OUTER_BOUND ( 'NONE', #4139, .T. ) ;
#3744 = CARTESIAN_POINT ( 'NONE',  ( 0.09076414801644738795, 0.1358267716535433156, -0.2362204724409448231 ) ) ;
#3745 = DIRECTION ( 'NONE',  ( 0.000000000000000000, 0.000000000000000000, 1.000000000000000000 ) ) ;
#3746 = VERTEX_POINT ( 'NONE', #2553 ) ;
#3747 = EDGE_LOOP ( 'NONE', ( #2892, #1572, #5201, #3976 ) ) ;
#3748 = CARTESIAN_POINT ( 'NONE',  ( -0.2204724409448820255, 0.1043307086614173318, 0.2204724409448819145 ) ) ;
#3749 = CARTESIAN_POINT ( 'NONE',  ( -0.09076414801644763775, 0.1043307086614173318, -0.2362204724409448231 ) ) ;
#3750 = ORIENTED_EDGE ( 'NONE', *, *, #3189, .T. ) ;
#3751 = EDGE_CURVE ( 'NONE', #3083, #1394, #779, .T. ) ;
#3752 = EDGE_CURVE ( 'NONE', #108, #860, #3955, .T. ) ;
#3753 = CARTESIAN_POINT ( 'NONE',  ( -0.2467864344510313501, -0.07132847252522378501, -0.07874015748031495954 ) ) ;
#3754 = SPHERICAL_SURFACE ( 'NONE', #1450, 0.007874015748031495954 ) ;
#3755 = DIRECTION ( 'NONE',  ( -1.000000000000000000, 0.000000000000000000, 0.000000000000000000 ) ) ;
#3756 = CARTESIAN_POINT ( 'NONE',  ( 0.2362204724409447121, 0.1358267716535433156, 0.09076414801644791530 ) ) ;
#3757 = ORIENTED_EDGE ( 'NONE', *, *, #767, .T. ) ;
#3758 = EDGE_CURVE ( 'NONE', #4899, #492, #2584, .T. ) ;
#3759 = FACE_OUTER_BOUND ( 'NONE', #2640, .T. ) ;
#3760 = DIRECTION ( 'NONE',  ( 0.000000000000000000, 0.000000000000000000, 1.000000000000000000 ) ) ;
#3761 = LINE ( 'NONE', #730, #5738 ) ;
#3762 = ORIENTED_EDGE ( 'NONE', *, *, #1819, .F. ) ;
#3763 = ADVANCED_FACE ( 'NONE', ( #1694 ), #1458, .T. ) ;
#3764 = CARTESIAN_POINT ( 'NONE',  ( 0.08566664463896901671, 0.001968503937007876157, -0.2335546285650877130 ) ) ;
#3765 = DIRECTION ( 'NONE',  ( 0.000000000000000000, 0.000000000000000000, 1.000000000000000000 ) ) ;
#3766 = ORIENTED_EDGE ( 'NONE', *, *, #5142, .T. ) ;
#3767 = LINE ( 'NONE', #2950, #1430 ) ;
#3768 = CIRCLE ( 'NONE', #1137, 0.01574803149606299885 ) ;
#3769 = CYLINDRICAL_SURFACE ( 'NONE', #3218, 0.05208177584647953606 ) ;
#3770 = DIRECTION ( 'NONE',  ( 0.000000000000000000, 0.000000000000000000, -1.000000000000000000 ) ) ;
#3771 = CIRCLE ( 'NONE', #3590, 0.007874015748031482076 ) ;
#3772 = ORIENTED_EDGE ( 'NONE', *, *, #75, .T. ) ;
#3773 = ORIENTED_EDGE ( 'NONE', *, *, #2578, .T. ) ;
#3774 = LINE ( 'NONE', #5014, #3870 ) ;
#3775 = CYLINDRICAL_SURFACE ( 'NONE', #3317, 0.007874015748031499423 ) ;
#3776 = ORIENTED_EDGE ( 'NONE', *, *, #4797, .T. ) ;
#3777 = CIRCLE ( 'NONE', #3688, 0.02952755905511817228 ) ;
#3778 = AXIS2_PLACEMENT_3D ( 'NONE', #4628, #5496, #85 ) ;
#3779 = DIRECTION ( 'NONE',  ( 0.000000000000000000, 0.000000000000000000, 1.000000000000000000 ) ) ;
#3780 = AXIS2_PLACEMENT_3D ( 'NONE', #4633, #3815, #4272 ) ;
#3781 = FACE_OUTER_BOUND ( 'NONE', #2256, .T. ) ;
#3782 = ADVANCED_FACE ( 'NONE', ( #2643 ), #1195, .F. ) ;
#3783 = CARTESIAN_POINT ( 'NONE',  ( -0.2362204724409450174, 0.03072628946406225775, -0.07874015748031495954 ) ) ;
#3784 = DIRECTION ( 'NONE',  ( 0.000000000000000000, 0.000000000000000000, 1.000000000000000000 ) ) ;
#3785 = ORIENTED_EDGE ( 'NONE', *, *, #3329, .F. ) ;
#3786 = VERTEX_POINT ( 'NONE', #3426 ) ;
#3787 = AXIS2_PLACEMENT_3D ( 'NONE', #4018, #2762, #3639 ) ;
#3788 = CARTESIAN_POINT ( 'NONE',  ( -1.639290990984646103E-17, 0.1240157480314960647, -0.1338582677165354173 ) ) ;
#3789 = CARTESIAN_POINT ( 'NONE',  ( -0.2467864344510313501, -0.07132847252522378501, 0.1181102362204724532 ) ) ;
#3790 = EDGE_CURVE ( 'NONE', #1394, #2344, #4458, .T. ) ;
#3791 = ADVANCED_FACE ( 'NONE', ( #1253 ), #1159, .F. ) ;
#3792 = CIRCLE ( 'NONE', #2299, 0.01574803149606299885 ) ;
#3793 = DIRECTION ( 'NONE',  ( -0.000000000000000000, -0.000000000000000000, -1.000000000000000000 ) ) ;
#3794 = ORIENTED_EDGE ( 'NONE', *, *, #4708, .F. ) ;
#3795 = DIRECTION ( 'NONE',  ( 0.000000000000000000, 0.000000000000000000, -1.000000000000000000 ) ) ;
#3796 = VECTOR ( 'NONE', #3404, 39.37007874015748854 ) ;
#3797 = EDGE_CURVE ( 'NONE', #3399, #3560, #312, .T. ) ;
#3798 = VERTEX_POINT ( 'NONE', #2960 ) ;
#3799 = LINE ( 'NONE', #4289, #5643 ) ;
#3800 = DIRECTION ( 'NONE',  ( -0.000000000000000000, -0.000000000000000000, -1.000000000000000000 ) ) ;
#3801 = CARTESIAN_POINT ( 'NONE',  ( 0.2519685039370080371, 0.01497825796799926064, -0.1181102362204724532 ) ) ;
#3802 = AXIS2_PLACEMENT_3D ( 'NONE', #3517, #2141, #812 ) ;
#3803 = EDGE_LOOP ( 'NONE', ( #1589, #3172, #700, #5569 ) ) ;
#3804 = ORIENTED_EDGE ( 'NONE', *, *, #5339, .F. ) ;
#3805 = DIRECTION ( 'NONE',  ( 0.000000000000000000, 0.000000000000000000, 1.000000000000000000 ) ) ;
#3806 = CARTESIAN_POINT ( 'NONE',  ( 0.2410114198820278719, -0.1271252204669363617, 0.1079010166658416064 ) ) ;
#3807 = VECTOR ( 'NONE', #3203, 39.37007874015748143 ) ;
#3808 = CIRCLE ( 'NONE', #5775, 0.02952755905511817228 ) ;
#3809 =( NAMED_UNIT ( * ) SI_UNIT ( $, .STERADIAN. ) SOLID_ANGLE_UNIT ( ) );
#3810 = VECTOR ( 'NONE', #5170, 39.37007874015748143 ) ;
#3811 = LINE ( 'NONE', #5150, #3522 ) ;
#3812 = ORIENTED_EDGE ( 'NONE', *, *, #4941, .F. ) ;
#3813 = DIRECTION ( 'NONE',  ( 0.000000000000000000, 0.000000000000000000, 1.000000000000000000 ) ) ;
#3814 = VERTEX_POINT ( 'NONE', #3019 ) ;
#3815 = DIRECTION ( 'NONE',  ( 0.000000000000000000, 0.000000000000000000, 1.000000000000000000 ) ) ;
#3816 = ORIENTED_EDGE ( 'NONE', *, *, #4575, .F. ) ;
#3817 = AXIS2_PLACEMENT_3D ( 'NONE', #2667, #43, #454 ) ;
#3818 = DIRECTION ( 'NONE',  ( 0.000000000000000000, -0.9158674837049328721, -0.4014806997752126683 ) ) ;
#3819 = CARTESIAN_POINT ( 'NONE',  ( -0.2362204724409450174, 0.1358267716535433156, -0.2362204724409448231 ) ) ;
#3820 = VECTOR ( 'NONE', #1050, 39.37007874015748143 ) ;
#3821 = CARTESIAN_POINT ( 'NONE',  ( 0.2584924420876581475, -0.1087988844851397185, -0.07874015748031495954 ) ) ;
#3822 = ORIENTED_EDGE ( 'NONE', *, *, #947, .T. ) ;
#3823 = EDGE_CURVE ( 'NONE', #5482, #3255, #701, .T. ) ;
#3824 = CYLINDRICAL_SURFACE ( 'NONE', #4003, 0.007874015748031482076 ) ;
#3825 = EDGE_CURVE ( 'NONE', #784, #446, #3430, .T. ) ;
#3826 = CARTESIAN_POINT ( 'NONE',  ( -0.2403820138547686225, -0.1293420763817875185, -0.1043184386361599991 ) ) ;
#3827 = EDGE_LOOP ( 'NONE', ( #3982, #1324, #1558, #92 ) ) ;
#3828 = CARTESIAN_POINT ( 'NONE',  ( 0.2623221870835730218, -0.01672474479929638227, -0.07874015748031495954 ) ) ;
#3829 = DIRECTION ( 'NONE',  ( -0.000000000000000000, -0.000000000000000000, -1.000000000000000000 ) ) ;
#3830 = EDGE_CURVE ( 'NONE', #685, #5216, #613, .T. ) ;
#3831 = FACE_OUTER_BOUND ( 'NONE', #2298, .T. ) ;
#3832 = ORIENTED_EDGE ( 'NONE', *, *, #3571, .F. ) ;
#3833 = ORIENTED_EDGE ( 'NONE', *, *, #1037, .T. ) ;
#3834 = LINE ( 'NONE', #4233, #1815 ) ;
#3835 = CARTESIAN_POINT ( 'NONE',  ( 0.2697666957634185514, -0.08083008780228616297, -0.07874015748031495954 ) ) ;
#3836 = ADVANCED_FACE ( 'NONE', ( #343 ), #3051, .F. ) ;
#3837 = DIRECTION ( 'NONE',  ( 0.000000000000000000, 1.000000000000000000, 0.000000000000000000 ) ) ;
#3838 = DIRECTION ( 'NONE',  ( 1.000000000000000000, 0.000000000000000000, 0.000000000000000000 ) ) ;
#3839 = VERTEX_POINT ( 'NONE', #4297 ) ;
#3840 = CARTESIAN_POINT ( 'NONE',  ( 0.000000000000000000, 0.1437007874015747977, -0.2283464566929133410 ) ) ;
#3841 = VERTEX_POINT ( 'NONE', #3863 ) ;
#3842 = DIRECTION ( 'NONE',  ( -1.000000000000000000, 0.000000000000000000, 0.000000000000000000 ) ) ;
#3843 = CARTESIAN_POINT ( 'NONE',  ( 0.2401574803149607862, 0.01497825796799926064, 0.07874015748031495954 ) ) ;
#3844 = CARTESIAN_POINT ( 'NONE',  ( 0.000000000000000000, 0.1358267716535433156, 0.2283464566929134520 ) ) ;
#3845 = CARTESIAN_POINT ( 'NONE',  ( -0.2528192596362462408, -0.1287806252514483996, 0.1043184386361597493 ) ) ;
#3846 = EDGE_LOOP ( 'NONE', ( #1082, #2530, #5795, #1264, #5234, #757, #1078, #1626 ) ) ;
#3847 = DIRECTION ( 'NONE',  ( 0.000000000000000000, 0.000000000000000000, 1.000000000000000000 ) ) ;
#3848 = CARTESIAN_POINT ( 'NONE',  ( -0.08566664463896897508, 0.000000000000000000, -0.1657158043835799122 ) ) ;
#3849 = EDGE_LOOP ( 'NONE', ( #5612, #4782, #4137, #4594 ) ) ;
#3850 = DIRECTION ( 'NONE',  ( -0.000000000000000000, -0.000000000000000000, -1.000000000000000000 ) ) ;
#3851 = ADVANCED_FACE ( 'NONE', ( #2108 ), #3898, .F. ) ;
#3852 = EDGE_CURVE ( 'NONE', #2258, #259, #3457, .T. ) ;
#3853 = DIRECTION ( 'NONE',  ( -1.000000000000000000, 0.000000000000000000, 0.000000000000000000 ) ) ;
#3854 = CARTESIAN_POINT ( 'NONE',  ( 0.2519685039370080371, -0.01672474479929638227, -0.07874015748031495954 ) ) ;
#3855 = AXIS2_PLACEMENT_3D ( 'NONE', #2045, #4704, #4359 ) ;
#3856 = ORIENTED_EDGE ( 'NONE', *, *, #4577, .T. ) ;
#3857 = EDGE_CURVE ( 'NONE', #645, #4099, #2284, .T. ) ;
#3858 = ADVANCED_FACE ( 'NONE', ( #982 ), #950, .F. ) ;
#3859 = EDGE_LOOP ( 'NONE', ( #990, #2003, #1404, #1030 ) ) ;
#3860 = CYLINDRICAL_SURFACE ( 'NONE', #5644, 0.007874015748031482076 ) ;
#3861 = DIRECTION ( 'NONE',  ( 0.000000000000000000, 1.000000000000000000, 0.000000000000000000 ) ) ;
#3862 = CIRCLE ( 'NONE', #1238, 0.01574803149606299885 ) ;
#3863 = CARTESIAN_POINT ( 'NONE',  ( -0.2588518599949117815, -0.07631714650562787527, -0.1181102362204724532 ) ) ;
#3864 = CARTESIAN_POINT ( 'NONE',  ( 0.2471304855452270688, -0.1055730167680025977, -0.07874015748031495954 ) ) ;
#3865 = VERTEX_POINT ( 'NONE', #4481 ) ;
#3866 = CARTESIAN_POINT ( 'NONE',  ( 0.2418392770515483403, -0.02519378386866816602, -0.07874015748031495954 ) ) ;
#3867 = ADVANCED_FACE ( 'NONE', ( #4015 ), #4891, .T. ) ;
#3868 = VECTOR ( 'NONE', #2122, 39.37007874015748854 ) ;
#3869 = VERTEX_POINT ( 'NONE', #459 ) ;
#3870 = VECTOR ( 'NONE', #2319, 39.37007874015748143 ) ;
#3871 = DIRECTION ( 'NONE',  ( -1.000000000000000000, 0.000000000000000000, 0.000000000000000000 ) ) ;
#3872 = ORIENTED_EDGE ( 'NONE', *, *, #851, .T. ) ;
#3873 = DIRECTION ( 'NONE',  ( 0.000000000000000000, 0.000000000000000000, -1.000000000000000000 ) ) ;
#3874 = DIRECTION ( 'NONE',  ( 0.000000000000000000, 0.000000000000000000, -1.000000000000000000 ) ) ;
#3875 = CIRCLE ( 'NONE', #5743, 0.007874015748031499423 ) ;
#3876 = CIRCLE ( 'NONE', #574, 0.02216470676861258607 ) ;
#3877 = FACE_OUTER_BOUND ( 'NONE', #5618, .T. ) ;
#3878 = ORIENTED_EDGE ( 'NONE', *, *, #1314, .F. ) ;
#3879 = AXIS2_PLACEMENT_3D ( 'NONE', #3461, #3871, #5652 ) ;
#3880 = FACE_OUTER_BOUND ( 'NONE', #831, .T. ) ;
#3881 = DIRECTION ( 'NONE',  ( -0.2731234667176492548, 0.9619789872591464341, 0.000000000000000000 ) ) ;
#3882 = ORIENTED_EDGE ( 'NONE', *, *, #5220, .T. ) ;
#3883 = DIRECTION ( 'NONE',  ( 1.000000000000000000, 0.000000000000000000, 0.000000000000000000 ) ) ;
#3884 = VECTOR ( 'NONE', #1157, 39.37007874015748143 ) ;
#3885 = CARTESIAN_POINT ( 'NONE',  ( 0.2362204724409450174, 0.01497825796799926064, 0.07874015748031495954 ) ) ;
#3886 = LINE ( 'NONE', #1652, #5691 ) ;
#3887 = EDGE_LOOP ( 'NONE', ( #1342, #2982, #1036, #2666 ) ) ;
#3888 = CARTESIAN_POINT ( 'NONE',  ( -0.2972320595286823686, -0.1197977719400012131, 0.07874015748031495954 ) ) ;
#3889 = ORIENTED_EDGE ( 'NONE', *, *, #2154, .F. ) ;
#3890 = AXIS2_PLACEMENT_3D ( 'NONE', #4493, #1303, #3100 ) ;
#3891 = DIRECTION ( 'NONE',  ( -0.000000000000000000, -1.000000000000000000, -0.000000000000000000 ) ) ;
#3892 = VECTOR ( 'NONE', #495, 39.37007874015748143 ) ;
#3893 = ORIENTED_EDGE ( 'NONE', *, *, #3687, .F. ) ;
#3894 = ORIENTED_EDGE ( 'NONE', *, *, #3156, .F. ) ;
#3895 = PLANE ( 'NONE',  #857 ) ;
#3896 = DIRECTION ( 'NONE',  ( 1.000000000000000000, 0.000000000000000000, 0.000000000000000000 ) ) ;
#3897 = AXIS2_PLACEMENT_3D ( 'NONE', #657, #2904, #1107 ) ;
#3898 = CYLINDRICAL_SURFACE ( 'NONE', #1370, 0.01035368314656493448 ) ;
#3899 = EDGE_CURVE ( 'NONE', #3064, #3041, #4904, .T. ) ;
#3900 = EDGE_CURVE ( 'NONE', #4666, #3364, #1396, .T. ) ;
#3901 = FACE_BOUND ( 'NONE', #5343, .T. ) ;
#3902 = ORIENTED_EDGE ( 'NONE', *, *, #5439, .T. ) ;
#3903 = DIRECTION ( 'NONE',  ( 0.000000000000000000, 0.000000000000000000, 1.000000000000000000 ) ) ;
#3904 = COLOUR_RGB ( '',0.7921568627450980005, 0.8196078431372548767, 0.9333333333333333481 ) ;
#3905 = ORIENTED_EDGE ( 'NONE', *, *, #37, .F. ) ;
#3906 = CARTESIAN_POINT ( 'NONE',  ( 0.2527541128200550546, -0.02068084257200989914, 0.07874015748031495954 ) ) ;
#3907 = FACE_OUTER_BOUND ( 'NONE', #1918, .T. ) ;
#3908 = EDGE_CURVE ( 'NONE', #5702, #784, #5330, .T. ) ;
#3909 = AXIS2_PLACEMENT_3D ( 'NONE', #4700, #2369, #1895 ) ;
#3910 = DIRECTION ( 'NONE',  ( -1.000000000000000000, -0.000000000000000000, -0.000000000000000000 ) ) ;
#3911 = CIRCLE ( 'NONE', #159, 0.007874015748031482076 ) ;
#3912 = VECTOR ( 'NONE', #1829, 39.37007874015748143 ) ;
#3913 = LINE ( 'NONE', #1769, #667 ) ;
#3914 = VERTEX_POINT ( 'NONE', #5009 ) ;
#3915 = LINE ( 'NONE', #5196, #4267 ) ;
#3916 = EDGE_CURVE ( 'NONE', #1309, #4568, #1, .T. ) ;
#3917 = CIRCLE ( 'NONE', #5223, 0.003937007874015758385 ) ;
#3918 = CARTESIAN_POINT ( 'NONE',  ( 0.2519685039370080371, 0.01497825796799926064, -0.07874015748031495954 ) ) ;
#3919 = ORIENTED_EDGE ( 'NONE', *, *, #4607, .F. ) ;
#3920 = ORIENTED_EDGE ( 'NONE', *, *, #37, .T. ) ;
#3921 = CARTESIAN_POINT ( 'NONE',  ( -0.2584924420876581475, -0.1087988844851397185, 0.07874015748031495954 ) ) ;
#3922 = ORIENTED_EDGE ( 'NONE', *, *, #4160, .F. ) ;
#3923 = VERTEX_POINT ( 'NONE', #2783 ) ;
#3924 = DIRECTION ( 'NONE',  ( 0.000000000000000000, 0.000000000000000000, -1.000000000000000000 ) ) ;
#3925 = LINE ( 'NONE', #5209, #2200 ) ;
#3926 = DIRECTION ( 'NONE',  ( 0.000000000000000000, 1.000000000000000000, 0.000000000000000000 ) ) ;
#3927 = DIRECTION ( 'NONE',  ( 0.000000000000000000, -1.000000000000000000, 0.000000000000000000 ) ) ;
#3928 = EDGE_LOOP ( 'NONE', ( #3280, #5782, #1282, #3302 ) ) ;
#3929 = LINE ( 'NONE', #5684, #904 ) ;
#3930 = ORIENTED_EDGE ( 'NONE', *, *, #5142, .F. ) ;
#3931 = EDGE_CURVE ( 'NONE', #428, #4996, #1312, .T. ) ;
#3932 = DIRECTION ( 'NONE',  ( 0.000000000000000000, 0.000000000000000000, 1.000000000000000000 ) ) ;
#3933 = ADVANCED_FACE ( 'NONE', ( #82 ), #2255, .F. ) ;
#3934 = ORIENTED_EDGE ( 'NONE', *, *, #5232, .F. ) ;
#3935 = ORIENTED_EDGE ( 'NONE', *, *, #3557, .F. ) ;
#3936 = DIRECTION ( 'NONE',  ( -0.000000000000000000, -0.000000000000000000, -1.000000000000000000 ) ) ;
#3937 = CYLINDRICAL_SURFACE ( 'NONE', #143, 0.003937007874015758385 ) ;
#3938 = EDGE_CURVE ( 'NONE', #4751, #3192, #3808, .T. ) ;
#3939 = EDGE_LOOP ( 'NONE', ( #957, #5469, #5061, #3232 ) ) ;
#3940 = CARTESIAN_POINT ( 'NONE',  ( -0.2623221870835730218, -0.01672474479929638227, 0.1181102362204724532 ) ) ;
#3941 = CARTESIAN_POINT ( 'NONE',  ( -0.1870078740157481711, 0.08907480314960614098, -0.1870078740157479769 ) ) ;
#3942 = ORIENTED_EDGE ( 'NONE', *, *, #64, .T. ) ;
#3943 = DIRECTION ( 'NONE',  ( 1.077125096681061906E-15, -1.000000000000000000, 0.000000000000000000 ) ) ;
#3944 = DIRECTION ( 'NONE',  ( -1.000000000000000000, -0.000000000000000000, -0.000000000000000000 ) ) ;
#3945 = CYLINDRICAL_SURFACE ( 'NONE', #615, 0.007874015748031482076 ) ;
#3946 = EDGE_CURVE ( 'NONE', #5298, #1453, #544, .T. ) ;
#3947 = CARTESIAN_POINT ( 'NONE',  ( -0.2401574803149607862, 0.01497825796799926064, 0.07874015748031495954 ) ) ;
#3948 = VERTEX_POINT ( 'NONE', #5385 ) ;
#3949 = LINE ( 'NONE', #1307, #3531 ) ;
#3950 = DIRECTION ( 'NONE',  ( 0.000000000000000000, 0.000000000000000000, 1.000000000000000000 ) ) ;
#3951 = VERTEX_POINT ( 'NONE', #1757 ) ;
#3952 = VERTEX_POINT ( 'NONE', #3547 ) ;
#3953 = CYLINDRICAL_SURFACE ( 'NONE', #2192, 0.02952755905511817228 ) ;
#3954 = DIRECTION ( 'NONE',  ( 0.000000000000000000, 0.000000000000000000, 1.000000000000000000 ) ) ;
#3955 = LINE ( 'NONE', #5240, #525 ) ;
#3956 = VERTEX_POINT ( 'NONE', #3570 ) ;
#3957 = FACE_OUTER_BOUND ( 'NONE', #455, .T. ) ;
#3958 = ORIENTED_EDGE ( 'NONE', *, *, #2513, .T. ) ;
#3959 = CARTESIAN_POINT ( 'NONE',  ( 0.2588518599949117815, -0.06633979854481968086, -0.07874015748031495954 ) ) ;
#3960 = ORIENTED_EDGE ( 'NONE', *, *, #3946, .F. ) ;
#3961 = CIRCLE ( 'NONE', #2182, 0.007874015748031482076 ) ;
#3962 = DIRECTION ( 'NONE',  ( 0.000000000000000000, 0.000000000000000000, 1.000000000000000000 ) ) ;
#3963 = ADVANCED_FACE ( 'NONE', ( #2702 ), #5484, .T. ) ;
#3964 = AXIS2_PLACEMENT_3D ( 'NONE', #3002, #1208, #4404 ) ;
#3965 = CARTESIAN_POINT ( 'NONE',  ( 0.2414573030938143294, -0.1255547575343105293, 0.1043184386361599991 ) ) ;
#3966 = ORIENTED_EDGE ( 'NONE', *, *, #2295, .T. ) ;
#3967 = DIRECTION ( 'NONE',  ( -0.3820956964504009234, 0.9241227617335713296, 0.000000000000000000 ) ) ;
#3968 = VERTEX_POINT ( 'NONE', #1371 ) ;
#3969 = VECTOR ( 'NONE', #5167, 39.37007874015748143 ) ;
#3970 = CIRCLE ( 'NONE', #1332, 0.007874015748031482076 ) ;
#3971 = DIRECTION ( 'NONE',  ( 0.000000000000000000, 0.000000000000000000, -1.000000000000000000 ) ) ;
#3972 = ADVANCED_FACE ( 'NONE', ( #4530 ), #2314, .T. ) ;
#3973 = EDGE_CURVE ( 'NONE', #1008, #4351, #483, .T. ) ;
#3974 = DIRECTION ( 'NONE',  ( 0.000000000000000000, 0.000000000000000000, -1.000000000000000000 ) ) ;
#3975 = DIRECTION ( 'NONE',  ( 0.000000000000000000, 0.000000000000000000, -1.000000000000000000 ) ) ;
#3976 = ORIENTED_EDGE ( 'NONE', *, *, #1218, .T. ) ;
#3977 = CARTESIAN_POINT ( 'NONE',  ( -0.09838789059863388420, 0.1119544512436035644, -0.2331827080873519475 ) ) ;
#3978 = VECTOR ( 'NONE', #4188, 39.37007874015748854 ) ;
#3979 = ADVANCED_FACE ( 'NONE', ( #3660 ), #3629, .T. ) ;
#3980 = ORIENTED_EDGE ( 'NONE', *, *, #1281, .F. ) ;
#3981 = VECTOR ( 'NONE', #3650, 39.37007874015748143 ) ;
#3982 = ORIENTED_EDGE ( 'NONE', *, *, #3661, .T. ) ;
#3983 = DIRECTION ( 'NONE',  ( -0.9619789872591466562, 0.2731234667176487552, 2.178576971681320296E-14 ) ) ;
#3984 = DIRECTION ( 'NONE',  ( 0.000000000000000000, 1.000000000000000000, 0.000000000000000000 ) ) ;
#3985 = CARTESIAN_POINT ( 'NONE',  ( -0.2517439703971995346, -0.1325679440989251390, -0.09253195506462764952 ) ) ;
#3986 = EDGE_CURVE ( 'NONE', #1441, #1426, #2877, .T. ) ;
#3987 = ORIENTED_EDGE ( 'NONE', *, *, #2476, .T. ) ;
#3988 = DIRECTION ( 'NONE',  ( 0.000000000000000000, 0.9158674837049330941, -0.4014806997752120576 ) ) ;
#3989 = ORIENTED_EDGE ( 'NONE', *, *, #2257, .F. ) ;
#3990 = CARTESIAN_POINT ( 'NONE',  ( 0.08566664463896907222, 0.000000000000000000, -0.2362204724409448509 ) ) ;
#3991 = VERTEX_POINT ( 'NONE', #2918 ) ;
#3992 = CIRCLE ( 'NONE', #4929, 0.1377952755905511029 ) ;
#3993 = VERTEX_POINT ( 'NONE', #5492 ) ;
#3994 = FACE_OUTER_BOUND ( 'NONE', #3511, .T. ) ;
#3995 = CARTESIAN_POINT ( 'NONE',  ( 0.2716535433070866867, -0.07132847252522378501, -0.07874015748031495954 ) ) ;
#3996 = CARTESIAN_POINT ( 'NONE',  ( 0.2467864344510313501, -0.07132847252522378501, 0.1181102362204724532 ) ) ;
#3997 = ORIENTED_EDGE ( 'NONE', *, *, #5762, .T. ) ;
#3998 = VECTOR ( 'NONE', #364, 39.37007874015748143 ) ;
#3999 = CIRCLE ( 'NONE', #1278, 0.01035368314656493448 ) ;
#4000 = CARTESIAN_POINT ( 'NONE',  ( 0.2519685039370080371, 0.01497825796799926064, 0.1181102362204724532 ) ) ;
#4001 = DIRECTION ( 'NONE',  ( 0.000000000000000000, 0.000000000000000000, 1.000000000000000000 ) ) ;
#4002 = AXIS2_PLACEMENT_3D ( 'NONE', #4270, #5650, #5184 ) ;
#4003 = AXIS2_PLACEMENT_3D ( 'NONE', #2091, #3847, #3883 ) ;
#4004 = CARTESIAN_POINT ( 'NONE',  ( -0.2584924420876582030, -0.1087988844851396769, -0.07874015748031495954 ) ) ;
#4005 = EDGE_CURVE ( 'NONE', #4996, #4159, #650, .T. ) ;
#4006 = ORIENTED_EDGE ( 'NONE', *, *, #1569, .F. ) ;
#4007 = EDGE_CURVE ( 'NONE', #2248, #2352, #5038, .T. ) ;
#4008 = DIRECTION ( 'NONE',  ( 0.000000000000000000, 0.000000000000000000, 1.000000000000000000 ) ) ;
#4009 = AXIS2_PLACEMENT_3D ( 'NONE', #2601, #1772, #4380 ) ;
#4010 = ORIENTED_EDGE ( 'NONE', *, *, #4108, .T. ) ;
#4011 = VECTOR ( 'NONE', #5409, 39.37007874015748143 ) ;
#4012 = DIRECTION ( 'NONE',  ( -4.273955692857151045E-18, -0.9993908270190957621, -0.03489949670250104552 ) ) ;
#4013 = CARTESIAN_POINT ( 'NONE',  ( 0.1870078740157481711, 0.1200787401574803237, 0.2165354330708661457 ) ) ;
#4014 = EDGE_CURVE ( 'NONE', #4918, #183, #3073, .T. ) ;
#4015 = FACE_OUTER_BOUND ( 'NONE', #1619, .T. ) ;
#4016 = ORIENTED_EDGE ( 'NONE', *, *, #655, .F. ) ;
#4017 = DIRECTION ( 'NONE',  ( 0.000000000000000000, 0.000000000000000000, 1.000000000000000000 ) ) ;
#4018 = CARTESIAN_POINT ( 'NONE',  ( -0.2697666957634185514, -0.08083008780228616297, 0.07874015748031495954 ) ) ;
#4019 = ADVANCED_FACE ( 'NONE', ( #2452 ), #133, .F. ) ;
#4020 = DIRECTION ( 'NONE',  ( 0.000000000000000000, 0.000000000000000000, 1.000000000000000000 ) ) ;
#4021 = CARTESIAN_POINT ( 'NONE',  ( -0.2623221870835730218, -0.01672474479929638227, 0.07874015748031495954 ) ) ;
#4022 = FACE_OUTER_BOUND ( 'NONE', #4669, .T. ) ;
#4023 = ORIENTED_EDGE ( 'NONE', *, *, #4842, .T. ) ;
#4024 = DIRECTION ( 'NONE',  ( 0.000000000000000000, 0.000000000000000000, -1.000000000000000000 ) ) ;
#4025 = VERTEX_POINT ( 'NONE', #4123 ) ;
#4026 = FACE_OUTER_BOUND ( 'NONE', #886, .T. ) ;
#4027 = CARTESIAN_POINT ( 'NONE',  ( -0.2712436495226174804, -0.1340116472431664985, 0.09253195506462806585 ) ) ;
#4028 = CARTESIAN_POINT ( 'NONE',  ( 0.2697666957634185514, -0.08083008780228616297, 0.07874015748031495954 ) ) ;
#4029 = ORIENTED_EDGE ( 'NONE', *, *, #2457, .T. ) ;
#4030 = DIRECTION ( 'NONE',  ( 0.000000000000000000, 1.000000000000000000, 0.000000000000000000 ) ) ;
#4031 = EDGE_CURVE ( 'NONE', #4060, #1153, #218, .T. ) ;
#4032 = EDGE_CURVE ( 'NONE', #1155, #1797, #5677, .T. ) ;
#4033 = ORIENTED_EDGE ( 'NONE', *, *, #1631, .F. ) ;
#4034 = CARTESIAN_POINT ( 'NONE',  ( -0.2362204724409450174, 0.01891526584201501035, 0.1181102362204724532 ) ) ;
#4035 = DIRECTION ( 'NONE',  ( 0.000000000000000000, -1.000000000000000000, 0.000000000000000000 ) ) ;
#4036 = CARTESIAN_POINT ( 'NONE',  ( -0.2471304855452270688, -0.1055730167680025977, 0.07874015748031495954 ) ) ;
#4037 = ADVANCED_FACE ( 'NONE', ( #2808 ), #3356, .F. ) ;
#4038 = EDGE_CURVE ( 'NONE', #4251, #3739, #1938, .T. ) ;
#4039 = ORIENTED_EDGE ( 'NONE', *, *, #4249, .F. ) ;
#4040 = ORIENTED_EDGE ( 'NONE', *, *, #4513, .T. ) ;
#4041 = DIRECTION ( 'NONE',  ( -0.1132543357937749740, 0.3988975848869553142, -0.9099748195391261785 ) ) ;
#4042 = ORIENTED_EDGE ( 'NONE', *, *, #2662, .T. ) ;
#4043 = FILL_AREA_STYLE ('',( #903 ) ) ;
#4044 = EDGE_CURVE ( 'NONE', #2329, #2889, #4675, .T. ) ;
#4045 = CARTESIAN_POINT ( 'NONE',  ( 0.2204724409448817202, 0.000000000000000000, -0.2204724409448818312 ) ) ;
#4046 = AXIS2_PLACEMENT_3D ( 'NONE', #535, #2390, #4115 ) ;
#4047 = SURFACE_STYLE_USAGE ( .BOTH. , #5023 ) ;
#4048 = ORIENTED_EDGE ( 'NONE', *, *, #743, .F. ) ;
#4049 = VERTEX_POINT ( 'NONE', #3801 ) ;
#4050 = DIRECTION ( 'NONE',  ( 0.000000000000000000, 0.000000000000000000, 1.000000000000000000 ) ) ;
#4051 = AXIS2_PLACEMENT_3D ( 'NONE', #1138, #4199, #5159 ) ;
#4052 = CARTESIAN_POINT ( 'NONE',  ( -0.2204724409448820255, 0.1043307086614173318, 0.2283464566929134520 ) ) ;
#4053 = DIRECTION ( 'NONE',  ( 0.000000000000000000, 1.000000000000000000, 0.000000000000000000 ) ) ;
#4054 = AXIS2_PLACEMENT_3D ( 'NONE', #5063, #3262, #935 ) ;
#4055 = LINE ( 'NONE', #1409, #206 ) ;
#4056 = AXIS2_PLACEMENT_3D ( 'NONE', #4128, #2292, #4020 ) ;
#4057 = EDGE_LOOP ( 'NONE', ( #3408, #4968, #4271, #5431 ) ) ;
#4058 = AXIS2_PLACEMENT_3D ( 'NONE', #407, #378, #5686 ) ;
#4059 = DIRECTION ( 'NONE',  ( -0.000000000000000000, -0.000000000000000000, -1.000000000000000000 ) ) ;
#4060 = VERTEX_POINT ( 'NONE', #1479 ) ;
#4061 = DIRECTION ( 'NONE',  ( 0.000000000000000000, 0.000000000000000000, 1.000000000000000000 ) ) ;
#4062 = FACE_OUTER_BOUND ( 'NONE', #5707, .T. ) ;
#4063 = VECTOR ( 'NONE', #4705, 39.37007874015748854 ) ;
#4064 = CARTESIAN_POINT ( 'NONE',  ( 0.2697666957634185514, -0.08083008780228616297, 0.07874015748031495954 ) ) ;
#4065 = VECTOR ( 'NONE', #1085, 39.37007874015748854 ) ;
#4066 = ORIENTED_EDGE ( 'NONE', *, *, #4071, .F. ) ;
#4067 = ORIENTED_EDGE ( 'NONE', *, *, #734, .T. ) ;
#4068 = CARTESIAN_POINT ( 'NONE',  ( 0.2716535433070866867, -0.07132847252522378501, -0.07874015748031495954 ) ) ;
#4069 = CARTESIAN_POINT ( 'NONE',  ( -0.2283464566929135908, 0.1358267716535433156, 0.09076414801644738795 ) ) ;
#4070 = EDGE_CURVE ( 'NONE', #3712, #219, #5092, .T. ) ;
#4071 = EDGE_CURVE ( 'NONE', #1598, #4416, #2897, .T. ) ;
#4072 = AXIS2_PLACEMENT_3D ( 'NONE', #4198, #3345, #2852 ) ;
#4073 = FACE_OUTER_BOUND ( 'NONE', #3001, .T. ) ;
#4074 = DIRECTION ( 'NONE',  ( -1.000000000000000000, 0.000000000000000000, 0.000000000000000000 ) ) ;
#4075 = AXIS2_PLACEMENT_3D ( 'NONE', #2501, #729, #323 ) ;
#4076 = CARTESIAN_POINT ( 'NONE',  ( 0.2697666957634185514, -0.06182685724816141398, 0.1181102362204724532 ) ) ;
#4077 = LINE ( 'NONE', #4932, #4235 ) ;
#4078 = ORIENTED_EDGE ( 'NONE', *, *, #2899, .F. ) ;
#4079 = EDGE_LOOP ( 'NONE', ( #4208, #4975, #3529, #3905 ) ) ;
#4080 = EDGE_CURVE ( 'NONE', #3398, #4310, #5465, .T. ) ;
#4081 = DIRECTION ( 'NONE',  ( 1.000000000000000000, 0.000000000000000000, -0.000000000000000000 ) ) ;
#4082 = VECTOR ( 'NONE', #3962, 39.37007874015748143 ) ;
#4083 = CARTESIAN_POINT ( 'NONE',  ( -0.09076414801644772101, 0.1122047244094488277, 0.2283464566929134520 ) ) ;
#4084 = SPHERICAL_SURFACE ( 'NONE', #1653, 0.007874015748031495954 ) ;
#4085 = UNCERTAINTY_MEASURE_WITH_UNIT (LENGTH_MEASURE( 1.000000000000000082E-05 ), #2680, 'distance_accuracy_value', 'NONE');
#4086 = ORIENTED_EDGE ( 'NONE', *, *, #4399, .T. ) ;
#4087 = DIRECTION ( 'NONE',  ( 0.000000000000000000, 0.000000000000000000, -1.000000000000000000 ) ) ;
#4088 = VERTEX_POINT ( 'NONE', #5549 ) ;
#4089 = EDGE_CURVE ( 'NONE', #4088, #1247, #568, .T. ) ;
#4090 = DIRECTION ( 'NONE',  ( 1.000000000000000000, 0.000000000000000000, 0.000000000000000000 ) ) ;
#4091 = VECTOR ( 'NONE', #2076, 39.37007874015748143 ) ;
#4092 = AXIS2_PLACEMENT_3D ( 'NONE', #3013, #3078, #4259 ) ;
#4093 = ORIENTED_EDGE ( 'NONE', *, *, #3830, .T. ) ;
#4094 = FACE_OUTER_BOUND ( 'NONE', #835, .T. ) ;
#4095 = DIRECTION ( 'NONE',  ( 0.000000000000000000, 1.000000000000000000, 0.000000000000000000 ) ) ;
#4096 = VECTOR ( 'NONE', #4558, 39.37007874015748143 ) ;
#4097 = DIRECTION ( 'NONE',  ( 0.9619789872591466562, 0.2731234667176486997, -2.175987969930885662E-14 ) ) ;
#4098 = AXIS2_PLACEMENT_3D ( 'NONE', #3619, #36, #852 ) ;
#4099 = VERTEX_POINT ( 'NONE', #1530 ) ;
#4100 = VERTEX_POINT ( 'NONE', #1067 ) ;
#4101 = DIRECTION ( 'NONE',  ( 0.000000000000000000, 0.000000000000000000, 1.000000000000000000 ) ) ;
#4102 = DIRECTION ( 'NONE',  ( 0.9619789872591596458, -0.2731234667176027919, 0.000000000000000000 ) ) ;
#4103 = ORIENTED_EDGE ( 'NONE', *, *, #2926, .F. ) ;
#4104 = ORIENTED_EDGE ( 'NONE', *, *, #5218, .T. ) ;
#4105 = SURFACE_SIDE_STYLE ('',( #1853 ) ) ;
#4106 = FACE_OUTER_BOUND ( 'NONE', #5355, .T. ) ;
#4107 = EDGE_CURVE ( 'NONE', #4025, #1219, #811, .T. ) ;
#4108 = EDGE_CURVE ( 'NONE', #3560, #5694, #4593, .T. ) ;
#4109 = ORIENTED_EDGE ( 'NONE', *, *, #4475, .T. ) ;
#4110 = ORIENTED_EDGE ( 'NONE', *, *, #1930, .T. ) ;
#4111 = DIRECTION ( 'NONE',  ( 0.000000000000000000, 0.000000000000000000, 1.000000000000000000 ) ) ;
#4112 = DIRECTION ( 'NONE',  ( 0.9619789872591596458, -0.2731234667176028474, 0.000000000000000000 ) ) ;
#4113 = EDGE_CURVE ( 'NONE', #2817, #3396, #3328, .T. ) ;
#4114 = ORIENTED_EDGE ( 'NONE', *, *, #75, .F. ) ;
#4115 = DIRECTION ( 'NONE',  ( 1.000000000000000000, 0.000000000000000000, 0.000000000000000000 ) ) ;
#4116 = ORIENTED_EDGE ( 'NONE', *, *, #3899, .F. ) ;
#4117 = CARTESIAN_POINT ( 'NONE',  ( -0.2362204724409450174, 0.1358267716535433156, -0.09076414801644744346 ) ) ;
#4118 = DIRECTION ( 'NONE',  ( 0.000000000000000000, 0.000000000000000000, -1.000000000000000000 ) ) ;
#4119 = EDGE_CURVE ( 'NONE', #4422, #5440, #4743, .T. ) ;
#4120 = VERTEX_POINT ( 'NONE', #2518 ) ;
#4121 = PLANE ( 'NONE',  #5276 ) ;
#4122 = CARTESIAN_POINT ( 'NONE',  ( -0.2697666957634185514, -0.08083008780228616297, -0.07874015748031495954 ) ) ;
#4123 = CARTESIAN_POINT ( 'NONE',  ( 0.2283464566929132300, 0.1437007874015747977, -0.09076414801644770713 ) ) ;
#4124 = ORIENTED_EDGE ( 'NONE', *, *, #4834, .F. ) ;
#4125 = ORIENTED_EDGE ( 'NONE', *, *, #3283, .F. ) ;
#4126 = CARTESIAN_POINT ( 'NONE',  ( 0.2401574803149607862, -0.01672474479929638227, 0.07874015748031495954 ) ) ;
#4127 = CARTESIAN_POINT ( 'NONE',  ( -0.08566664463896897508, 0.000000000000000000, 0.2362204724409449341 ) ) ;
#4128 = CARTESIAN_POINT ( 'NONE',  ( 0.2362204724409444900, 0.1043307086614173318, 0.2283464566929134520 ) ) ;
#4129 = CARTESIAN_POINT ( 'NONE',  ( -0.2716535433070866867, -0.07132847252522378501, -0.1181102362204724532 ) ) ;
#4130 = CARTESIAN_POINT ( 'NONE',  ( 0.2283464566929132300, 0.1358267716535433156, -0.09076414801644770713 ) ) ;
#4131 = ORIENTED_EDGE ( 'NONE', *, *, #124, .T. ) ;
#4132 =( NAMED_UNIT ( * ) PLANE_ANGLE_UNIT ( ) SI_UNIT ( $, .RADIAN. ) );
#4133 = ORIENTED_EDGE ( 'NONE', *, *, #4475, .F. ) ;
#4134 = CARTESIAN_POINT ( 'NONE',  ( 0.2362204724409450174, 0.01497825796799926064, 0.07874015748031495954 ) ) ;
#4135 = AXIS2_PLACEMENT_3D ( 'NONE', #4502, #2727, #5768 ) ;
#4136 = CARTESIAN_POINT ( 'NONE',  ( 0.2467864344510313501, -0.07132847252522378501, -0.07874015748031495954 ) ) ;
#4137 = ORIENTED_EDGE ( 'NONE', *, *, #1965, .T. ) ;
#4138 = DIRECTION ( 'NONE',  ( 0.000000000000000000, 1.000000000000000000, 0.000000000000000000 ) ) ;
#4139 = EDGE_LOOP ( 'NONE', ( #1904, #4672 ) ) ;
#4140 = AXIS2_PLACEMENT_3D ( 'NONE', #4385, #1363, #2159 ) ;
#4141 = EDGE_CURVE ( 'NONE', #3523, #3433, #1660, .T. ) ;
#4142 = CARTESIAN_POINT ( 'NONE',  ( 0.2287720791657797959, 0.1121932126843631361, -0.09862665203939351144 ) ) ;
#4143 = EDGE_CURVE ( 'NONE', #3164, #4786, #1285, .T. ) ;
#4144 = CARTESIAN_POINT ( 'NONE',  ( 0.2418392770515483403, -0.02519378386866816602, 0.07874015748031495954 ) ) ;
#4145 = VECTOR ( 'NONE', #5250, 39.37007874015748143 ) ;
#4146 = AXIS2_PLACEMENT_3D ( 'NONE', #5674, #3333, #4262 ) ;
#4147 = ORIENTED_EDGE ( 'NONE', *, *, #1025, .F. ) ;
#4148 = CARTESIAN_POINT ( 'NONE',  ( 0.2584924420876581475, -0.1087988844851397185, -0.07874015748031495954 ) ) ;
#4149 = ADVANCED_FACE ( 'NONE', ( #770 ), #802, .T. ) ;
#4150 = AXIS2_PLACEMENT_3D ( 'NONE', #1503, #1926, #3298 ) ;
#4151 = DIRECTION ( 'NONE',  ( 0.000000000000000000, 1.000000000000000000, 0.000000000000000000 ) ) ;
#4152 = AXIS2_PLACEMENT_3D ( 'NONE', #1310, #481, #1721 ) ;
#4153 = EDGE_LOOP ( 'NONE', ( #782, #2115, #3540, #2735 ) ) ;
#4154 = VECTOR ( 'NONE', #2416, 39.37007874015748143 ) ;
#4155 = ORIENTED_EDGE ( 'NONE', *, *, #5468, .F. ) ;
#4156 = DIRECTION ( 'NONE',  ( 0.000000000000000000, 0.000000000000000000, -1.000000000000000000 ) ) ;
#4157 = CARTESIAN_POINT ( 'NONE',  ( 0.000000000000000000, 0.1240157480314960647, 0.1338582677165354173 ) ) ;
#4158 = ORIENTED_EDGE ( 'NONE', *, *, #1097, .F. ) ;
#4159 = VERTEX_POINT ( 'NONE', #1189 ) ;
#4160 = EDGE_CURVE ( 'NONE', #4694, #385, #2782, .T. ) ;
#4161 = SURFACE_STYLE_FILL_AREA ( #5500 ) ;
#4162 = AXIS2_PLACEMENT_3D ( 'NONE', #2642, #4360, #341 ) ;
#4163 = ORIENTED_EDGE ( 'NONE', *, *, #3368, .T. ) ;
#4164 =( CONVERSION_BASED_UNIT ( 'INCH', #33 ) LENGTH_UNIT ( ) NAMED_UNIT ( #1823 ) );
#4165 = VECTOR ( 'NONE', #828, 39.37007874015748143 ) ;
#4166 = ORIENTED_EDGE ( 'NONE', *, *, #4506, .F. ) ;
#4167 = DIRECTION ( 'NONE',  ( 0.000000000000000000, 0.000000000000000000, 1.000000000000000000 ) ) ;
#4168 = CIRCLE ( 'NONE', #1543, 0.01574803149606299885 ) ;
#4169 = CARTESIAN_POINT ( 'NONE',  ( -0.2527541128200550546, -0.02068084257200989914, -0.07874015748031495954 ) ) ;
#4170 = CARTESIAN_POINT ( 'NONE',  ( 0.2716535433070866867, -0.07132847252522378501, 0.1181102362204724532 ) ) ;
#4171 = ORIENTED_EDGE ( 'NONE', *, *, #3315, .T. ) ;
#4172 = AXIS2_PLACEMENT_3D ( 'NONE', #4304, #3873, #4847 ) ;
#4173 = SPHERICAL_SURFACE ( 'NONE', #5681, 0.007874015748031495954 ) ;
#4174 = DIRECTION ( 'NONE',  ( 0.000000000000000000, 0.000000000000000000, -1.000000000000000000 ) ) ;
#4175 = VERTEX_POINT ( 'NONE', #2161 ) ;
#4176 = EDGE_CURVE ( 'NONE', #1383, #2842, #4387, .T. ) ;
#4177 = EDGE_CURVE ( 'NONE', #1383, #3952, #3999, .T. ) ;
#4178 = CARTESIAN_POINT ( 'NONE',  ( 0.000000000000000000, 0.1437007874015747977, 0.1338582677165354173 ) ) ;
#4179 = VECTOR ( 'NONE', #939, 39.37007874015748143 ) ;
#4180 = VECTOR ( 'NONE', #3689, 39.37007874015748143 ) ;
#4181 = CARTESIAN_POINT ( 'NONE',  ( 0.2283464566929132300, 0.1358267716535433156, 0.09076414801644791530 ) ) ;
#4182 = ORIENTED_EDGE ( 'NONE', *, *, #927, .F. ) ;
#4183 = AXIS2_PLACEMENT_3D ( 'NONE', #2588, #4331, #3903 ) ;
#4184 = EDGE_CURVE ( 'NONE', #3739, #4251, #1463, .T. ) ;
#4185 = VECTOR ( 'NONE', #5699, 39.37007874015748143 ) ;
#4186 = ORIENTED_EDGE ( 'NONE', *, *, #2649, .T. ) ;
#4187 = PLANE ( 'NONE',  #1991 ) ;
#4188 = DIRECTION ( 'NONE',  ( 0.3820956964504011455, -0.9241227617335711075, 0.000000000000000000 ) ) ;
#4189 = ORIENTED_EDGE ( 'NONE', *, *, #1319, .F. ) ;
#4190 = AXIS2_PLACEMENT_3D ( 'NONE', #5598, #2053, #3842 ) ;
#4191 = DIRECTION ( 'NONE',  ( 0.000000000000000000, -1.000000000000000000, 0.000000000000000000 ) ) ;
#4192 = FACE_OUTER_BOUND ( 'NONE', #4220, .T. ) ;
#4193 = ADVANCED_FACE ( 'NONE', ( #3417 ), #3477, .F. ) ;
#4194 = LINE ( 'NONE', #2051, #1913 ) ;
#4195 = ORIENTED_EDGE ( 'NONE', *, *, #2079, .T. ) ;
#4196 = ORIENTED_EDGE ( 'NONE', *, *, #2457, .F. ) ;
#4197 = DIRECTION ( 'NONE',  ( 0.000000000000000000, 0.000000000000000000, -1.000000000000000000 ) ) ;
#4198 = CARTESIAN_POINT ( 'NONE',  ( -0.2362204724409450174, 0.1122047244094488277, -0.2362204724409448231 ) ) ;
#4199 = DIRECTION ( 'NONE',  ( 0.000000000000000000, 1.000000000000000000, 0.000000000000000000 ) ) ;
#4200 = VERTEX_POINT ( 'NONE', #1217 ) ;
#4201 = CARTESIAN_POINT ( 'NONE',  ( -0.2588518599949117815, -0.07631714650562787527, -0.1181102362204724532 ) ) ;
#4202 = CARTESIAN_POINT ( 'NONE',  ( -0.2588518599949117815, -0.07631714650562787527, 0.07874015748031495954 ) ) ;
#4203 = DIRECTION ( 'NONE',  ( 0.9619789872591466562, 0.2731234667176487552, 2.178576971681320296E-14 ) ) ;
#4204 = LINE ( 'NONE', #1656, #4698 ) ;
#4205 = DIRECTION ( 'NONE',  ( 0.000000000000000000, -1.000000000000000000, 0.000000000000000000 ) ) ;
#4206 = EDGE_CURVE ( 'NONE', #1977, #5207, #1715, .T. ) ;
#4207 = ORIENTED_EDGE ( 'NONE', *, *, #3329, .T. ) ;
#4208 = ORIENTED_EDGE ( 'NONE', *, *, #2631, .F. ) ;
#4209 = FACE_OUTER_BOUND ( 'NONE', #1135, .T. ) ;
#4210 = DIRECTION ( 'NONE',  ( 0.000000000000000000, 1.000000000000000000, 0.000000000000000000 ) ) ;
#4211 = ORIENTED_EDGE ( 'NONE', *, *, #4677, .F. ) ;
#4212 =( BOUNDED_CURVE ( )  B_SPLINE_CURVE ( 3, ( #3194, #4982, #956, #3334 ),
 .UNSPECIFIED., .F., .F. ) 
 B_SPLINE_CURVE_WITH_KNOTS ( ( 4, 4 ),
 ( 0.05408041161417592724, 1.570796326794896780 ),
 .UNSPECIFIED. ) 
 CURVE ( )  GEOMETRIC_REPRESENTATION_ITEM ( )  RATIONAL_B_SPLINE_CURVE ( ( 1.000000000000000000, 0.8173108475157944142, 0.8173108475157944142, 1.000000000000000000 ) ) 
 REPRESENTATION_ITEM ( '' )  );
#4213 = CARTESIAN_POINT ( 'NONE',  ( -0.09842519685039384514, 0.1043307086614173318, -0.2362204724409448231 ) ) ;
#4214 = EDGE_CURVE ( 'NONE', #4175, #4159, #5204, .T. ) ;
#4215 = ADVANCED_FACE ( 'NONE', ( #4353 ), #336, .F. ) ;
#4216 = DIRECTION ( 'NONE',  ( 0.000000000000000000, 0.000000000000000000, 1.000000000000000000 ) ) ;
#4217 = ORIENTED_EDGE ( 'NONE', *, *, #5615, .T. ) ;
#4218 = CARTESIAN_POINT ( 'NONE',  ( -0.08566664463896879467, 0.007874015748031499423, -0.2283464566929133410 ) ) ;
#4219 = DIRECTION ( 'NONE',  ( 0.000000000000000000, -1.000000000000000000, 0.000000000000000000 ) ) ;
#4220 = EDGE_LOOP ( 'NONE', ( #4773, #4344, #5597, #3096 ) ) ;
#4221 = ADVANCED_FACE ( 'NONE', ( #5705 ), #2484, .F. ) ;
#4222 = CARTESIAN_POINT ( 'NONE',  ( 0.2584924420876582030, -0.1087988844851396769, 0.07874015748031495954 ) ) ;
#4223 = DIRECTION ( 'NONE',  ( 1.000000000000000000, 0.000000000000000000, 0.000000000000000000 ) ) ;
#4224 = VERTEX_POINT ( 'NONE', #2547 ) ;
#4225 = DIRECTION ( 'NONE',  ( 0.000000000000000000, 0.000000000000000000, 1.000000000000000000 ) ) ;
#4226 = CARTESIAN_POINT ( 'NONE',  ( -0.2972320595286911393, -0.1197977719400046548, 0.07874015748031495954 ) ) ;
#4227 = ORIENTED_EDGE ( 'NONE', *, *, #4070, .T. ) ;
#4228 = DIRECTION ( 'NONE',  ( 0.000000000000000000, 0.000000000000000000, 1.000000000000000000 ) ) ;
#4229 = AXIS2_PLACEMENT_3D ( 'NONE', #973, #3626, #5406 ) ;
#4230 = CARTESIAN_POINT ( 'NONE',  ( -0.2283464566929135076, 0.1122047244094488277, 0.2204724409448819145 ) ) ;
#4231 = DIRECTION ( 'NONE',  ( -0.000000000000000000, -0.000000000000000000, -1.000000000000000000 ) ) ;
#4232 = ORIENTED_EDGE ( 'NONE', *, *, #2286, .T. ) ;
#4233 = CARTESIAN_POINT ( 'NONE',  ( -0.2053607947469177353, -0.09371383594840826392, -0.07874015748031495954 ) ) ;
#4234 = CARTESIAN_POINT ( 'NONE',  ( -0.2362204724409450174, 0.1122047244094488277, -0.2362204724409448231 ) ) ;
#4235 = VECTOR ( 'NONE', #3644, 39.37007874015748143 ) ;
#4236 = DIRECTION ( 'NONE',  ( -0.9241227617335713296, -0.3820956964504008679, 0.000000000000000000 ) ) ;
#4237 = VECTOR ( 'NONE', #1456, 39.37007874015748143 ) ;
#4238 = DIRECTION ( 'NONE',  ( -0.2731234667176027919, -0.9619789872591596458, 0.000000000000000000 ) ) ;
#4239 = ORIENTED_EDGE ( 'NONE', *, *, #1586, .F. ) ;
#4240 = LINE ( 'NONE', #1573, #3721 ) ;
#4241 = ADVANCED_FACE ( 'NONE', ( #3831 ), #5261, .F. ) ;
#4242 = LINE ( 'NONE', #3397, #4525 ) ;
#4243 = EDGE_CURVE ( 'NONE', #1598, #5662, #155, .T. ) ;
#4244 = EDGE_LOOP ( 'NONE', ( #1033, #4196, #4211, #3816, #3474, #4582, #2417, #618 ) ) ;
#4245 = AXIS2_PLACEMENT_3D ( 'NONE', #2614, #1665, #3896 ) ;
#4246 = FACE_OUTER_BOUND ( 'NONE', #4789, .T. ) ;
#4247 = FACE_OUTER_BOUND ( 'NONE', #4956, .T. ) ;
#4248 = CIRCLE ( 'NONE', #5757, 0.007874015748031482076 ) ;
#4249 = EDGE_CURVE ( 'NONE', #1293, #1201, #2190, .T. ) ;
#4250 = DIRECTION ( 'NONE',  ( 0.000000000000000000, 0.000000000000000000, 1.000000000000000000 ) ) ;
#4251 = VERTEX_POINT ( 'NONE', #4414 ) ;
#4252 = DIRECTION ( 'NONE',  ( -0.9619789872591466562, 0.2731234667176487552, -2.178576971681320296E-14 ) ) ;
#4253 = CIRCLE ( 'NONE', #4831, 0.007874015748031482076 ) ;
#4254 = CARTESIAN_POINT ( 'NONE',  ( 0.2284883701790050570, 0.1122047244094488277, 0.09864223006555636331 ) ) ;
#4255 = ORIENTED_EDGE ( 'NONE', *, *, #2927, .T. ) ;
#4256 = CARTESIAN_POINT ( 'NONE',  ( -0.2362204724409450174, 0.1122047244094488277, 0.2362204724409446843 ) ) ;
#4257 = AXIS2_PLACEMENT_3D ( 'NONE', #5474, #5558, #5446 ) ;
#4258 = DIRECTION ( 'NONE',  ( -1.000000000000000000, 0.000000000000000000, 0.000000000000000000 ) ) ;
#4259 = DIRECTION ( 'NONE',  ( 0.000000000000000000, 0.000000000000000000, 1.000000000000000000 ) ) ;
#4260 = VERTEX_POINT ( 'NONE', #392 ) ;
#4261 = EDGE_LOOP ( 'NONE', ( #4269, #2670, #3269, #319 ) ) ;
#4262 = DIRECTION ( 'NONE',  ( 0.000000000000000000, -0.9158674837049328721, -0.4014806997752126683 ) ) ;
#4263 = CARTESIAN_POINT ( 'NONE',  ( -0.2418392770515483403, -0.02519378386866816602, 0.07874015748031495954 ) ) ;
#4264 = AXIS2_PLACEMENT_3D ( 'NONE', #3378, #5113, #5541 ) ;
#4265 = AXIS2_PLACEMENT_3D ( 'NONE', #2756, #3169, #4954 ) ;
#4266 =( LENGTH_UNIT ( ) NAMED_UNIT ( * ) SI_UNIT ( $, .METRE. ) );
#4267 = VECTOR ( 'NONE', #267, 39.37007874015748143 ) ;
#4268 = DIRECTION ( 'NONE',  ( -1.000000000000000000, 0.000000000000000000, 0.000000000000000000 ) ) ;
#4269 = ORIENTED_EDGE ( 'NONE', *, *, #3258, .T. ) ;
#4270 = CARTESIAN_POINT ( 'NONE',  ( 0.2519685039370080371, 0.01497825796799926064, -0.07874015748031495954 ) ) ;
#4271 = ORIENTED_EDGE ( 'NONE', *, *, #355, .T. ) ;
#4272 = DIRECTION ( 'NONE',  ( 1.000000000000000000, 0.000000000000000000, 0.000000000000000000 ) ) ;
#4273 = VERTEX_POINT ( 'NONE', #2638 ) ;
#4274 = VERTEX_POINT ( 'NONE', #5580 ) ;
#4275 = AXIS2_PLACEMENT_3D ( 'NONE', #1707, #3501, #5318 ) ;
#4276 = CARTESIAN_POINT ( 'NONE',  ( -0.2701683602835733833, -0.1377989660906424607, 0.1068508981224270543 ) ) ;
#4277 = ADVANCED_FACE ( 'NONE', ( #1562 ), #2066, .F. ) ;
#4278 = LINE ( 'NONE', #262, #3796 ) ;
#4279 = VECTOR ( 'NONE', #5346, 39.37007874015748143 ) ;
#4280 = DIRECTION ( 'NONE',  ( 0.000000000000000000, 0.000000000000000000, -1.000000000000000000 ) ) ;
#4281 =( CONVERSION_BASED_UNIT ( 'INCH', #4378 ) LENGTH_UNIT ( ) NAMED_UNIT ( #1480 ) );
#4282 = ORIENTED_EDGE ( 'NONE', *, *, #856, .T. ) ;
#4283 = CARTESIAN_POINT ( 'NONE',  ( 0.000000000000000000, 0.1240157480314960647, 0.1338582677165354173 ) ) ;
#4284 = EDGE_CURVE ( 'NONE', #3433, #1576, #2317, .T. ) ;
#4285 = EDGE_CURVE ( 'NONE', #3064, #2258, #2354, .T. ) ;
#4286 = DIRECTION ( 'NONE',  ( 0.9619789872591597568, 0.2731234667176027919, 0.000000000000000000 ) ) ;
#4287 = CARTESIAN_POINT ( 'NONE',  ( 0.2697666957634185514, -0.08083008780228616297, -0.1181102362204724532 ) ) ;
#4288 = ORIENTED_EDGE ( 'NONE', *, *, #5502, .F. ) ;
#4289 = CARTESIAN_POINT ( 'NONE',  ( 1.639290990984646103E-17, 0.1240157480314960647, -0.1338582677165354173 ) ) ;
#4290 = LINE ( 'NONE', #3450, #951 ) ;
#4291 = DIRECTION ( 'NONE',  ( 0.000000000000000000, 0.000000000000000000, -1.000000000000000000 ) ) ;
#4292 = EDGE_CURVE ( 'NONE', #4379, #2968, #3507, .T. ) ;
#4293 = VERTEX_POINT ( 'NONE', #5763 ) ;
#4294 = ORIENTED_EDGE ( 'NONE', *, *, #3464, .F. ) ;
#4295 = DIRECTION ( 'NONE',  ( -1.000000000000000000, -0.000000000000000000, -0.000000000000000000 ) ) ;
#4296 = DIRECTION ( 'NONE',  ( 1.000000000000000000, 0.000000000000000000, 0.000000000000000000 ) ) ;
#4297 = CARTESIAN_POINT ( 'NONE',  ( -0.2204724409448820255, 0.000000000000000000, 0.2283464566929134243 ) ) ;
#4298 = DIRECTION ( 'NONE',  ( 0.000000000000000000, 1.000000000000000000, 0.000000000000000000 ) ) ;
#4299 = ORIENTED_EDGE ( 'NONE', *, *, #2148, .F. ) ;
#4300 = PLANE ( 'NONE',  #1086 ) ;
#4301 = ORIENTED_EDGE ( 'NONE', *, *, #4916, .F. ) ;
#4302 = CARTESIAN_POINT ( 'NONE',  ( 0.2287720791657797959, 0.1358267716535433156, -0.09862665203939351144 ) ) ;
#4303 = ORIENTED_EDGE ( 'NONE', *, *, #2110, .F. ) ;
#4304 = CARTESIAN_POINT ( 'NONE',  ( -0.2283464566929135908, 0.1358267716535433156, -0.09076414801644744346 ) ) ;
#4305 = DIRECTION ( 'NONE',  ( 0.000000000000000000, 1.000000000000000000, 0.000000000000000000 ) ) ;
#4306 = CARTESIAN_POINT ( 'NONE',  ( 0.09865035267987272427, 0.1122047244094488277, -0.2283464566929133410 ) ) ;
#4307 = ORIENTED_EDGE ( 'NONE', *, *, #5445, .F. ) ;
#4308 = CARTESIAN_POINT ( 'NONE',  ( -0.2598425196850394081, -0.07132847252522378501, -0.1181102362204724532 ) ) ;
#4309 = CYLINDRICAL_SURFACE ( 'NONE', #3250, 0.007874015748031482076 ) ;
#4310 = VERTEX_POINT ( 'NONE', #1275 ) ;
#4311 = DIRECTION ( 'NONE',  ( -1.077125096681061906E-15, -1.000000000000000000, 0.000000000000000000 ) ) ;
#4312 = PLANE ( 'NONE',  #324 ) ;
#4313 = DIRECTION ( 'NONE',  ( 0.000000000000000000, -0.9158674837049328721, 0.4014806997752126683 ) ) ;
#4314 = ORIENTED_EDGE ( 'NONE', *, *, #3080, .T. ) ;
#4315 = DIRECTION ( 'NONE',  ( 1.000000000000000000, 0.000000000000000000, 0.000000000000000000 ) ) ;
#4316 = CYLINDRICAL_SURFACE ( 'NONE', #962, 0.003937007874015758385 ) ;
#4317 = EDGE_CURVE ( 'NONE', #1008, #930, #3949, .T. ) ;
#4318 = ORIENTED_EDGE ( 'NONE', *, *, #1004, .T. ) ;
#4319 = EDGE_CURVE ( 'NONE', #4862, #1153, #2249, .T. ) ;
#4320 = CARTESIAN_POINT ( 'NONE',  ( 0.2588518599949117815, -0.06633979854481968086, -0.07874015748031495954 ) ) ;
#4321 = AXIS2_PLACEMENT_3D ( 'NONE', #1833, #76, #3652 ) ;
#4322 = VERTEX_POINT ( 'NONE', #858 ) ;
#4323 = ORIENTED_EDGE ( 'NONE', *, *, #5309, .T. ) ;
#4324 = DIRECTION ( 'NONE',  ( 0.000000000000000000, 0.000000000000000000, 1.000000000000000000 ) ) ;
#4325 = DIRECTION ( 'NONE',  ( 0.3820956964504006459, -0.9241227617335713296, 0.000000000000000000 ) ) ;
#4326 = EDGE_CURVE ( 'NONE', #940, #912, #2413, .T. ) ;
#4327 = AXIS2_PLACEMENT_3D ( 'NONE', #5316, #4024, #3097 ) ;
#4328 = CARTESIAN_POINT ( 'NONE',  ( -0.2204724409448820255, 0.1122047244094488277, 0.2204724409448819145 ) ) ;
#4329 = CARTESIAN_POINT ( 'NONE',  ( -0.2519685039370080371, 0.01497825796799926064, 0.1181102362204724532 ) ) ;
#4330 = VERTEX_POINT ( 'NONE', #5323 ) ;
#4331 = DIRECTION ( 'NONE',  ( -0.000000000000000000, -1.000000000000000000, -0.000000000000000000 ) ) ;
#4332 = CLOSED_SHELL ( 'NONE', ( #306, #3296, #5020, #494, #2035, #4615, #1642, #919, #1298, #3675, #624, #5011, #625, #3718, #2399, #1650, #5770, #1280, #3465, #2370, #5609, #946, #1554, #5074, #3383, #805, #2401, #426, #1497, #2356, #2443, #1487, #4019, #5565, #2818, #3541, #3535, #1710, #1686, #2363, #235, #2729, #5141, #3355, #2984, #5331, #1520, #5678, #564, #4875, #953, #298, #3979, #9, #3963, #2009, #4606, #3445, #2028, #3867, #3763, #1205, #2690, #5796, #4983, #3265, #486, #1313, #1857, #1123, #1353, #5053, #2333, #4676, #2966, #4771, #3972, #5764, #5361, #4466, #5622, #5756, #3220, #4719, #5325, #5262, #1630, #1971, #874 ) ) ;
#4333 = DIRECTION ( 'NONE',  ( -9.686762837609348676E-16, 0.000000000000000000, 1.000000000000000000 ) ) ;
#4334 = EDGE_CURVE ( 'NONE', #2746, #2329, #4886, .T. ) ;
#4335 = CARTESIAN_POINT ( 'NONE',  ( 0.2204724409448817202, 0.1043307086614173318, -0.2362204724409448231 ) ) ;
#4336 = DIRECTION ( 'NONE',  ( 0.000000000000000000, 0.000000000000000000, -1.000000000000000000 ) ) ;
#4337 = CIRCLE ( 'NONE', #4520, 0.007874015748031482076 ) ;
#4338 = TOROIDAL_SURFACE ( 'NONE', #3132, 0.007874015748031495954, 0.007874015748031495954 ) ;
#4339 = DIRECTION ( 'NONE',  ( 0.000000000000000000, 0.000000000000000000, -1.000000000000000000 ) ) ;
#4340 = VERTEX_POINT ( 'NONE', #943 ) ;
#4341 = TOROIDAL_SURFACE ( 'NONE', #1821, 0.007874015748031495954, 0.007874015748031495954 ) ;
#4342 = FACE_OUTER_BOUND ( 'NONE', #1995, .T. ) ;
#4343 = DIRECTION ( 'NONE',  ( 0.9619789872591467672, 0.2731234667176488107, 2.177189192900539481E-14 ) ) ;
#4344 = ORIENTED_EDGE ( 'NONE', *, *, #3080, .F. ) ;
#4345 = DIRECTION ( 'NONE',  ( -0.3820956964504006459, 0.9241227617335713296, 0.000000000000000000 ) ) ;
#4346 = AXIS2_PLACEMENT_3D ( 'NONE', #1628, #4864, #2583 ) ;
#4347 = CARTESIAN_POINT ( 'NONE',  ( 0.2204724409448817202, 0.000000000000000000, -0.2283464566929133133 ) ) ;
#4348 = DIRECTION ( 'NONE',  ( 1.000000000000000000, 0.000000000000000000, 0.000000000000000000 ) ) ;
#4349 = ORIENTED_EDGE ( 'NONE', *, *, #464, .T. ) ;
#4350 = CARTESIAN_POINT ( 'NONE',  ( 0.2204724409448817202, 0.1043307086614173318, -0.2204724409448818312 ) ) ;
#4351 = VERTEX_POINT ( 'NONE', #3597 ) ;
#4352 = VECTOR ( 'NONE', #4552, 39.37007874015748143 ) ;
#4353 = FACE_OUTER_BOUND ( 'NONE', #2207, .T. ) ;
#4354 = EDGE_CURVE ( 'NONE', #1306, #3956, #4564, .T. ) ;
#4355 = ADVANCED_FACE ( 'NONE', ( #4973 ), #4524, .F. ) ;
#4356 = CIRCLE ( 'NONE', #692, 0.007874015748031482076 ) ;
#4357 = ORIENTED_EDGE ( 'NONE', *, *, #4177, .T. ) ;
#4358 = ORIENTED_EDGE ( 'NONE', *, *, #2502, .T. ) ;
#4359 = DIRECTION ( 'NONE',  ( -1.000000000000000000, 0.000000000000000000, 0.000000000000000000 ) ) ;
#4360 = DIRECTION ( 'NONE',  ( -0.000000000000000000, -0.000000000000000000, -1.000000000000000000 ) ) ;
#4361 = VECTOR ( 'NONE', #1701, 39.37007874015748143 ) ;
#4362 = EDGE_CURVE ( 'NONE', #252, #3454, #1366, .T. ) ;
#4363 = LINE ( 'NONE', #5617, #3330 ) ;
#4364 = ORIENTED_EDGE ( 'NONE', *, *, #1129, .F. ) ;
#4365 = CARTESIAN_POINT ( 'NONE',  ( 0.2598425196850394081, -0.07132847252522378501, 0.1181102362204724532 ) ) ;
#4366 =( GEOMETRIC_REPRESENTATION_CONTEXT ( 3 ) GLOBAL_UNCERTAINTY_ASSIGNED_CONTEXT ( ( #4085 ) ) GLOBAL_UNIT_ASSIGNED_CONTEXT ( ( #2680, #3281, #2489 ) ) REPRESENTATION_CONTEXT ( 'NONE', 'WORKASPACE' ) );
#4367 = DIRECTION ( 'NONE',  ( 0.000000000000000000, -1.000000000000000000, 0.000000000000000000 ) ) ;
#4368 = EDGE_LOOP ( 'NONE', ( #965, #1870, #4093, #5359 ) ) ;
#4369 = FACE_OUTER_BOUND ( 'NONE', #2124, .T. ) ;
#4370 = AXIS2_PLACEMENT_3D ( 'NONE', #5559, #2049, #5593 ) ;
#4371 = VECTOR ( 'NONE', #1957, 39.37007874015748854 ) ;
#4372 = EDGE_CURVE ( 'NONE', #2332, #1306, #506, .T. ) ;
#4373 = CARTESIAN_POINT ( 'NONE',  ( 0.2517439703971995346, -0.1325679440989251390, -0.09253195506462764952 ) ) ;
#4374 = AXIS2_PLACEMENT_3D ( 'NONE', #816, #2556, #1257 ) ;
#4375 = ORIENTED_EDGE ( 'NONE', *, *, #4532, .T. ) ;
#4376 = CIRCLE ( 'NONE', #4470, 0.02952755905511817228 ) ;
#4377 = DIRECTION ( 'NONE',  ( -1.000000000000000000, 0.000000000000000000, 0.000000000000000000 ) ) ;
#4378 = LENGTH_MEASURE_WITH_UNIT ( LENGTH_MEASURE( 0.02539999999999999897 ), #4819 );
#4379 = VERTEX_POINT ( 'NONE', #2693 ) ;
#4380 = DIRECTION ( 'NONE',  ( -1.000000000000000000, 0.000000000000000000, 0.000000000000000000 ) ) ;
#4381 = VECTOR ( 'NONE', #4167, 39.37007874015748143 ) ;
#4382 = DIRECTION ( 'NONE',  ( 0.2731234667175965747, 0.9619789872591615332, 0.000000000000000000 ) ) ;
#4383 = DIRECTION ( 'NONE',  ( 0.000000000000000000, 1.000000000000000000, 0.000000000000000000 ) ) ;
#4384 = EDGE_LOOP ( 'NONE', ( #5377, #1301, #5416, #4872 ) ) ;
#4385 = CARTESIAN_POINT ( 'NONE',  ( 0.2517439703971998677, -0.1325679440989251945, -0.07874015748031495954 ) ) ;
#4386 = ORIENTED_EDGE ( 'NONE', *, *, #697, .F. ) ;
#4387 = LINE ( 'NONE', #3854, #2605 ) ;
#4388 = ORIENTED_EDGE ( 'NONE', *, *, #4550, .T. ) ;
#4389 = ORIENTED_EDGE ( 'NONE', *, *, #2177, .F. ) ;
#4390 = CARTESIAN_POINT ( 'NONE',  ( 0.2287720791657797959, 0.1121932126843631361, -0.09862665203939351144 ) ) ;
#4391 = CYLINDRICAL_SURFACE ( 'NONE', #2478, 0.02952755905511817228 ) ;
#4392 = EDGE_CURVE ( 'NONE', #3577, #3484, #921, .T. ) ;
#4393 = CYLINDRICAL_SURFACE ( 'NONE', #5205, 0.003937007874015758385 ) ;
#4394 = EDGE_LOOP ( 'NONE', ( #1981, #2243, #4255, #4800 ) ) ;
#4395 = FACE_OUTER_BOUND ( 'NONE', #1661, .T. ) ;
#4396 = VERTEX_POINT ( 'NONE', #3076 ) ;
#4397 = DIRECTION ( 'NONE',  ( 0.000000000000000000, -1.000000000000000000, 0.000000000000000000 ) ) ;
#4398 = VERTEX_POINT ( 'NONE', #1748 ) ;
#4399 = EDGE_CURVE ( 'NONE', #4933, #673, #3538, .T. ) ;
#4400 = ADVANCED_FACE ( 'NONE', ( #4413 ), #1837, .T. ) ;
#4401 = CARTESIAN_POINT ( 'NONE',  ( 0.09076414801644717978, 0.1358267716535433156, 0.2283464566929134520 ) ) ;
#4402 = DIRECTION ( 'NONE',  ( 0.000000000000000000, 0.000000000000000000, -1.000000000000000000 ) ) ;
#4403 = ORIENTED_EDGE ( 'NONE', *, *, #3751, .T. ) ;
#4404 = DIRECTION ( 'NONE',  ( 0.000000000000000000, 0.000000000000000000, -1.000000000000000000 ) ) ;
#4405 = ORIENTED_EDGE ( 'NONE', *, *, #2072, .T. ) ;
#4406 = EDGE_CURVE ( 'NONE', #5282, #2250, #4859, .T. ) ;
#4407 = CARTESIAN_POINT ( 'NONE',  ( 0.2204724409448817202, 0.1122047244094488277, 0.2283464566929134520 ) ) ;
#4408 = CARTESIAN_POINT ( 'NONE',  ( -0.2623221870835733549, -0.01672474479929622962, 0.07874015748031495954 ) ) ;
#4409 = CARTESIAN_POINT ( 'NONE',  ( -0.2471304855452270965, -0.1055730167680026116, -0.07874015748031495954 ) ) ;
#4410 = DIRECTION ( 'NONE',  ( 0.000000000000000000, -1.000000000000000000, 0.000000000000000000 ) ) ;
#4411 = ORIENTED_EDGE ( 'NONE', *, *, #2539, .T. ) ;
#4412 = EDGE_CURVE ( 'NONE', #296, #276, #73, .T. ) ;
#4413 = FACE_OUTER_BOUND ( 'NONE', #99, .T. ) ;
#4414 = CARTESIAN_POINT ( 'NONE',  ( -0.1870078740157481711, 0.1200787401574803237, -0.2165354330708661457 ) ) ;
#4415 = ORIENTED_EDGE ( 'NONE', *, *, #4319, .F. ) ;
#4416 = VERTEX_POINT ( 'NONE', #1524 ) ;
#4417 = CARTESIAN_POINT ( 'NONE',  ( -0.09076414801644772101, 0.1358267716535433156, 0.2283464566929134520 ) ) ;
#4418 = LINE ( 'NONE', #2165, #413 ) ;
#4419 = DIRECTION ( 'NONE',  ( 0.9619789872591597568, -0.2731234667176027919, 0.000000000000000000 ) ) ;
#4420 = ORIENTED_EDGE ( 'NONE', *, *, #5637, .F. ) ;
#4421 = CARTESIAN_POINT ( 'NONE',  ( 0.08566664463896897508, 0.001968503937007873988, -0.1657158043835799122 ) ) ;
#4422 = VERTEX_POINT ( 'NONE', #4117 ) ;
#4423 = CARTESIAN_POINT ( 'NONE',  ( 0.09838789059863366215, 0.1119544512436035644, -0.2331827080873519475 ) ) ;
#4424 = CARTESIAN_POINT ( 'NONE',  ( -0.1870078740157481711, 0.1122047244094488277, 0.1870078740157479769 ) ) ;
#4425 = VECTOR ( 'NONE', #2544, 39.37007874015748143 ) ;
#4426 = CYLINDRICAL_SURFACE ( 'NONE', #233, 0.01574803149606299885 ) ;
#4427 = CIRCLE ( 'NONE', #3300, 0.007874015748031499423 ) ;
#4428 = FACE_OUTER_BOUND ( 'NONE', #5417, .T. ) ;
#4429 = AXIS2_PLACEMENT_3D ( 'NONE', #376, #2170, #4017 ) ;
#4430 = EDGE_CURVE ( 'NONE', #3786, #2572, #4559, .T. ) ;
#4431 = EDGE_CURVE ( 'NONE', #108, #1016, #2829, .T. ) ;
#4432 = FACE_OUTER_BOUND ( 'NONE', #5156, .T. ) ;
#4433 = ORIENTED_EDGE ( 'NONE', *, *, #2184, .F. ) ;
#4434 = LINE ( 'NONE', #5721, #1241 ) ;
#4435 = EDGE_LOOP ( 'NONE', ( #3151, #4486, #573, #1220 ) ) ;
#4436 = AXIS2_PLACEMENT_3D ( 'NONE', #4450, #3215, #543 ) ;
#4437 = AXIS2_PLACEMENT_3D ( 'NONE', #1955, #4061, #80 ) ;
#4438 = DIRECTION ( 'NONE',  ( -0.3820956964504008679, -0.9241227617335713296, -0.000000000000000000 ) ) ;
#4439 = CYLINDRICAL_SURFACE ( 'NONE', #4533, 0.007874015748031482076 ) ;
#4440 = UNCERTAINTY_MEASURE_WITH_UNIT (LENGTH_MEASURE( 1.000000000000000082E-05 ), #4710, 'distance_accuracy_value', 'NONE');
#4441 = EDGE_CURVE ( 'NONE', #3746, #1411, #619, .T. ) ;
#4442 = VECTOR ( 'NONE', #2347, 39.37007874015748143 ) ;
#4443 = PLANE ( 'NONE',  #4514 ) ;
#4444 = ORIENTED_EDGE ( 'NONE', *, *, #2519, .F. ) ;
#4445 = CARTESIAN_POINT ( 'NONE',  ( -0.09862665203939345593, 0.1121932126843631361, -0.2287720791657799069 ) ) ;
#4446 = AXIS2_PLACEMENT_3D ( 'NONE', #2958, #4741, #4296 ) ;
#4447 = EDGE_CURVE ( 'NONE', #666, #2438, #1787, .T. ) ;
#4448 = ORIENTED_EDGE ( 'NONE', *, *, #458, .T. ) ;
#4449 = DIRECTION ( 'NONE',  ( 0.000000000000000000, 0.000000000000000000, 1.000000000000000000 ) ) ;
#4450 = CARTESIAN_POINT ( 'NONE',  ( 0.2972320595286823686, -0.1197977719400012131, 0.07874015748031495954 ) ) ;
#4451 = CARTESIAN_POINT ( 'NONE',  ( -0.09863432439295487242, 0.1122008850379245526, -0.2286303481374913626 ) ) ;
#4452 = CIRCLE ( 'NONE', #3326, 0.003937007874015747109 ) ;
#4453 = EDGE_LOOP ( 'NONE', ( #4375, #634, #3734, #4323 ) ) ;
#4454 = VERTEX_POINT ( 'NONE', #2426 ) ;
#4455 = DIRECTION ( 'NONE',  ( -1.000000000000000000, 0.000000000000000000, 0.000000000000000000 ) ) ;
#4456 = CARTESIAN_POINT ( 'NONE',  ( 0.09862665203939298408, 0.1358267716535433156, 0.2287720791657800179 ) ) ;
#4457 = EDGE_LOOP ( 'NONE', ( #2077, #2007, #3732, #2739 ) ) ;
#4458 = CIRCLE ( 'NONE', #3802, 0.02486710885605532273 ) ;
#4459 = CARTESIAN_POINT ( 'NONE',  ( 0.2204724409448817202, 0.1122047244094488277, -0.2283464566929133133 ) ) ;
#4460 = ORIENTED_EDGE ( 'NONE', *, *, #4941, .T. ) ;
#4461 = DIRECTION ( 'NONE',  ( 0.000000000000000000, 0.000000000000000000, -1.000000000000000000 ) ) ;
#4462 = ORIENTED_EDGE ( 'NONE', *, *, #3384, .F. ) ;
#4463 = VECTOR ( 'NONE', #2743, 39.37007874015748854 ) ;
#4464 = VECTOR ( 'NONE', #5296, 39.37007874015748143 ) ;
#4465 = CARTESIAN_POINT ( 'NONE',  ( -0.2362204724409450174, 0.007874015748031499423, 0.2204724409448819145 ) ) ;
#4466 = ADVANCED_FACE ( 'NONE', ( #1059 ), #4173, .T. ) ;
#4467 = CARTESIAN_POINT ( 'NONE',  ( -0.2519685039370080371, -0.01672474479929638227, 0.1181102362204724532 ) ) ;
#4468 = LINE ( 'NONE', #5428, #4463 ) ;
#4469 = AXIS2_PLACEMENT_3D ( 'NONE', #5722, #1139, #3374 ) ;
#4470 = AXIS2_PLACEMENT_3D ( 'NONE', #78, #158, #5512 ) ;
#4471 = LINE ( 'NONE', #1242, #393 ) ;
#4472 = VERTEX_POINT ( 'NONE', #4670 ) ;
#4473 = EDGE_CURVE ( 'NONE', #4523, #3951, #4586, .T. ) ;
#4474 = CARTESIAN_POINT ( 'NONE',  ( 0.2972320595286823686, -0.1197977719400012131, -0.07874015748031495954 ) ) ;
#4475 = EDGE_CURVE ( 'NONE', #1044, #2549, #1287, .T. ) ;
#4476 = AXIS2_PLACEMENT_3D ( 'NONE', #4690, #2117, #661 ) ;
#4477 = VERTEX_POINT ( 'NONE', #3240 ) ;
#4478 = DIRECTION ( 'NONE',  ( 1.000000000000000000, 0.000000000000000000, 0.000000000000000000 ) ) ;
#4479 = CARTESIAN_POINT ( 'NONE',  ( 0.2283464566929132300, 0.1358267716535433156, 0.09076414801644791530 ) ) ;
#4480 = EDGE_CURVE ( 'NONE', #2838, #3956, #2362, .T. ) ;
#4481 = CARTESIAN_POINT ( 'NONE',  ( 0.08566664463896897508, 0.000000000000000000, 0.1657158043835799122 ) ) ;
#4482 = ORIENTED_EDGE ( 'NONE', *, *, #1412, .T. ) ;
#4483 = EDGE_LOOP ( 'NONE', ( #1133, #1322, #5040, #3894 ) ) ;
#4484 = LINE ( 'NONE', #2259, #3033 ) ;
#4485 = DIRECTION ( 'NONE',  ( 0.000000000000000000, 0.000000000000000000, -1.000000000000000000 ) ) ;
#4486 = ORIENTED_EDGE ( 'NONE', *, *, #197, .F. ) ;
#4487 = ORIENTED_EDGE ( 'NONE', *, *, #1922, .F. ) ;
#4488 = DIRECTION ( 'NONE',  ( -1.000000000000000000, 0.000000000000000000, 0.000000000000000000 ) ) ;
#4489 = CARTESIAN_POINT ( 'NONE',  ( -0.2287720791657801289, 0.1121932126843631361, -0.09862665203939324776 ) ) ;
#4490 = SURFACE_STYLE_USAGE ( .BOTH. , #4602 ) ;
#4491 = CYLINDRICAL_SURFACE ( 'NONE', #1990, 0.007874015748031482076 ) ;
#4492 = CARTESIAN_POINT ( 'NONE',  ( -0.2467864344510313501, -0.07132847252522378501, -0.07874015748031495954 ) ) ;
#4493 = CARTESIAN_POINT ( 'NONE',  ( -0.2283464566929135908, 0.1358267716535433156, 0.09076414801644738795 ) ) ;
#4494 = CARTESIAN_POINT ( 'NONE',  ( -0.2362204724409450174, 0.007874015748031499423, -0.2283464566929133410 ) ) ;
#4495 = DIRECTION ( 'NONE',  ( 0.000000000000000000, 0.000000000000000000, 1.000000000000000000 ) ) ;
#4496 = ORIENTED_EDGE ( 'NONE', *, *, #2391, .T. ) ;
#4497 = DIRECTION ( 'NONE',  ( 1.000000000000000000, 0.000000000000000000, 0.000000000000000000 ) ) ;
#4498 = LINE ( 'NONE', #923, #2517 ) ;
#4499 = ORIENTED_EDGE ( 'NONE', *, *, #4447, .F. ) ;
#4500 = ADVANCED_FACE ( 'NONE', ( #3711 ), #1888, .T. ) ;
#4501 = EDGE_CURVE ( 'NONE', #3192, #4751, #4376, .T. ) ;
#4502 = CARTESIAN_POINT ( 'NONE',  ( -0.08566664463896897508, 0.007874015748031499423, 0.2283464566929134520 ) ) ;
#4503 = CARTESIAN_POINT ( 'NONE',  ( 0.2623221870835733549, -0.01672474479929622962, -0.1181102362204724532 ) ) ;
#4504 = DIRECTION ( 'NONE',  ( 0.000000000000000000, 0.000000000000000000, 1.000000000000000000 ) ) ;
#4505 = ORIENTED_EDGE ( 'NONE', *, *, #5637, .T. ) ;
#4506 = EDGE_CURVE ( 'NONE', #509, #1247, #1498, .T. ) ;
#4507 = ORIENTED_EDGE ( 'NONE', *, *, #2408, .T. ) ;
#4508 = CARTESIAN_POINT ( 'NONE',  ( 0.2972320595286823686, -0.1197977719400012131, 0.07874015748031495954 ) ) ;
#4509 = DIRECTION ( 'NONE',  ( 1.000000000000000000, 0.000000000000000000, 0.000000000000000000 ) ) ;
#4510 = DIRECTION ( 'NONE',  ( -0.3820956964504000353, -0.9241227617335716626, -0.000000000000000000 ) ) ;
#4511 = LINE ( 'NONE', #523, #147 ) ;
#4512 = FACE_OUTER_BOUND ( 'NONE', #3670, .T. ) ;
#4513 = EDGE_CURVE ( 'NONE', #3331, #5694, #562, .T. ) ;
#4514 = AXIS2_PLACEMENT_3D ( 'NONE', #1330, #3128, #1305 ) ;
#4515 = CARTESIAN_POINT ( 'NONE',  ( 0.2362204724409450174, 0.03072628946406225775, -0.07874015748031495954 ) ) ;
#4516 = AXIS2_PLACEMENT_3D ( 'NONE', #2038, #2427, #1185 ) ;
#4517 = DIRECTION ( 'NONE',  ( -0.9619789872591596458, -0.2731234667176028474, 0.000000000000000000 ) ) ;
#4518 = LINE ( 'NONE', #501, #1182 ) ;
#4519 = VERTEX_POINT ( 'NONE', #4614 ) ;
#4520 = AXIS2_PLACEMENT_3D ( 'NONE', #2311, #4095, #862 ) ;
#4521 = DIRECTION ( 'NONE',  ( 0.000000000000000000, 0.000000000000000000, -1.000000000000000000 ) ) ;
#4522 = CIRCLE ( 'NONE', #4993, 0.01574803149606299885 ) ;
#4523 = VERTEX_POINT ( 'NONE', #1413 ) ;
#4524 = CYLINDRICAL_SURFACE ( 'NONE', #3722, 0.01305608523400804757 ) ;
#4525 = VECTOR ( 'NONE', #3733, 39.37007874015748143 ) ;
#4526 = CARTESIAN_POINT ( 'NONE',  ( 0.2362204724409450174, 0.03072628946406225775, 0.1181102362204724532 ) ) ;
#4527 = ORIENTED_EDGE ( 'NONE', *, *, #3147, .T. ) ;
#4528 = DIRECTION ( 'NONE',  ( 1.000000000000000000, 0.000000000000000000, 0.000000000000000000 ) ) ;
#4529 = CARTESIAN_POINT ( 'NONE',  ( 0.2471304855452271521, -0.1055730167680026255, -0.1181102362204724532 ) ) ;
#4530 = FACE_OUTER_BOUND ( 'NONE', #5659, .T. ) ;
#4531 = EDGE_CURVE ( 'NONE', #4322, #1817, #5405, .T. ) ;
#4532 = EDGE_CURVE ( 'NONE', #4120, #3841, #4644, .T. ) ;
#4533 = AXIS2_PLACEMENT_3D ( 'NONE', #4083, #3179, #4001 ) ;
#4534 = ORIENTED_EDGE ( 'NONE', *, *, #3248, .T. ) ;
#4535 = ORIENTED_EDGE ( 'NONE', *, *, #4031, .T. ) ;
#4536 = CARTESIAN_POINT ( 'NONE',  ( -0.2403820138547686225, -0.1293420763817875185, 0.09253195506462739972 ) ) ;
#4537 = LINE ( 'NONE', #4127, #4442 ) ;
#4538 = CARTESIAN_POINT ( 'NONE',  ( 0.08566664463896907222, 0.000000000000000000, -0.2283464566929133410 ) ) ;
#4539 = ORIENTED_EDGE ( 'NONE', *, *, #777, .T. ) ;
#4540 = AXIS2_PLACEMENT_3D ( 'NONE', #1883, #3672, #5452 ) ;
#4541 = CARTESIAN_POINT ( 'NONE',  ( 0.2403820138547686225, -0.1293420763817875185, 0.1043184386361599991 ) ) ;
#4542 = EDGE_CURVE ( 'NONE', #1453, #108, #4655, .T. ) ;
#4543 = CARTESIAN_POINT ( 'NONE',  ( -0.2523733764244589506, -0.1303510881840740376, 0.1079010166658413428 ) ) ;
#4544 = AXIS2_PLACEMENT_3D ( 'NONE', #2380, #4986, #2816 ) ;
#4545 = DIRECTION ( 'NONE',  ( 0.000000000000000000, 0.000000000000000000, -1.000000000000000000 ) ) ;
#4546 = CARTESIAN_POINT ( 'NONE',  ( 0.000000000000000000, 0.1240157480314960647, 0.000000000000000000 ) ) ;
#4547 = ORIENTED_EDGE ( 'NONE', *, *, #2874, .F. ) ;
#4548 = VERTEX_POINT ( 'NONE', #3764 ) ;
#4549 = DIRECTION ( 'NONE',  ( 1.077125096681061906E-15, 1.000000000000000000, 0.000000000000000000 ) ) ;
#4550 = EDGE_CURVE ( 'NONE', #4100, #4274, #3320, .T. ) ;
#4551 = AXIS2_PLACEMENT_3D ( 'NONE', #5178, #5212, #1286 ) ;
#4552 = DIRECTION ( 'NONE',  ( 0.000000000000000000, 0.000000000000000000, 1.000000000000000000 ) ) ;
#4553 = ORIENTED_EDGE ( 'NONE', *, *, #3384, .T. ) ;
#4554 = VECTOR ( 'NONE', #2830, 39.37007874015748143 ) ;
#4555 = AXIS2_PLACEMENT_3D ( 'NONE', #3044, #367, #1152 ) ;
#4556 = DIRECTION ( 'NONE',  ( 0.9619789872591596458, -0.2731234667176027919, 0.000000000000000000 ) ) ;
#4557 = ORIENTED_EDGE ( 'NONE', *, *, #4014, .T. ) ;
#4558 = DIRECTION ( 'NONE',  ( 1.000000000000000000, 0.000000000000000000, 0.000000000000000000 ) ) ;
#4559 = CIRCLE ( 'NONE', #5488, 0.007874015748031482076 ) ;
#4560 = CARTESIAN_POINT ( 'NONE',  ( 0.2528192596362454636, -0.1287806252514481775, -0.1043184386361597493 ) ) ;
#4561 = ORIENTED_EDGE ( 'NONE', *, *, #2065, .F. ) ;
#4562 = DIRECTION ( 'NONE',  ( 0.000000000000000000, -1.000000000000000000, 0.000000000000000000 ) ) ;
#4563 = DIRECTION ( 'NONE',  ( -1.000000000000000000, 0.000000000000000000, 0.000000000000000000 ) ) ;
#4564 = CIRCLE ( 'NONE', #2505, 0.003937007874015754048 ) ;
#4565 = DIRECTION ( 'NONE',  ( 0.000000000000000000, 0.000000000000000000, 1.000000000000000000 ) ) ;
#4566 = VECTOR ( 'NONE', #3561, 39.37007874015748854 ) ;
#4567 = ORIENTED_EDGE ( 'NONE', *, *, #5638, .T. ) ;
#4568 = VERTEX_POINT ( 'NONE', #1236 ) ;
#4569 = FACE_OUTER_BOUND ( 'NONE', #352, .T. ) ;
#4570 = LINE ( 'NONE', #86, #1826 ) ;
#4571 = ORIENTED_EDGE ( 'NONE', *, *, #2326, .T. ) ;
#4572 = ORIENTED_EDGE ( 'NONE', *, *, #2865, .T. ) ;
#4573 = DIRECTION ( 'NONE',  ( -0.9241227617335713296, 0.3820956964504012010, 0.000000000000000000 ) ) ;
#4574 = DIRECTION ( 'NONE',  ( 0.000000000000000000, 0.000000000000000000, 1.000000000000000000 ) ) ;
#4575 = EDGE_CURVE ( 'NONE', #5249, #1441, #3915, .T. ) ;
#4576 = FILL_AREA_STYLE ('',( #469 ) ) ;
#4577 = EDGE_CURVE ( 'NONE', #2644, #4918, #4763, .T. ) ;
#4578 = ORIENTED_EDGE ( 'NONE', *, *, #3614, .F. ) ;
#4579 = ORIENTED_EDGE ( 'NONE', *, *, #2320, .T. ) ;
#4580 = DIRECTION ( 'NONE',  ( 0.000000000000000000, 0.000000000000000000, -1.000000000000000000 ) ) ;
#4581 = FACE_OUTER_BOUND ( 'NONE', #4453, .T. ) ;
#4582 = ORIENTED_EDGE ( 'NONE', *, *, #2945, .F. ) ;
#4583 = EDGE_CURVE ( 'NONE', #3657, #1688, #2324, .T. ) ;
#4584 = DIRECTION ( 'NONE',  ( 0.9241227617335717737, 0.3820956964504000908, 0.000000000000000000 ) ) ;
#4585 = EDGE_LOOP ( 'NONE', ( #4835, #137, #3726, #1848 ) ) ;
#4586 = LINE ( 'NONE', #1975, #4096 ) ;
#4587 = CARTESIAN_POINT ( 'NONE',  ( -0.2362204724409450174, 0.01497825796799926064, 0.1181102362204724532 ) ) ;
#4588 = ORIENTED_EDGE ( 'NONE', *, *, #2974, .F. ) ;
#4589 = ADVANCED_FACE ( 'NONE', ( #5137 ), #1117, .F. ) ;
#4590 = CARTESIAN_POINT ( 'NONE',  ( 0.2287720791657797959, 0.1121932126843631361, 0.09862665203939371961 ) ) ;
#4591 = LINE ( 'NONE', #5090, #1617 ) ;
#4592 = CARTESIAN_POINT ( 'NONE',  ( -0.2418392770515483403, -0.02519378386866816602, 0.07874015748031495954 ) ) ;
#4593 =( BOUNDED_CURVE ( )  B_SPLINE_CURVE ( 3, ( #5119, #1099, #2041, #2100 ),
 .UNSPECIFIED., .F., .F. ) 
 B_SPLINE_CURVE_WITH_KNOTS ( ( 4, 4 ),
 ( 1.570796326794896558, 3.087512241975617577 ),
 .UNSPECIFIED. ) 
 CURVE ( )  GEOMETRIC_REPRESENTATION_ITEM ( )  RATIONAL_B_SPLINE_CURVE ( ( 1.000000000000000000, 0.8173108475157944142, 0.8173108475157944142, 1.000000000000000000 ) ) 
 REPRESENTATION_ITEM ( '' )  );
#4594 = ORIENTED_EDGE ( 'NONE', *, *, #2476, .F. ) ;
#4595 = VERTEX_POINT ( 'NONE', #2058 ) ;
#4596 = LINE ( 'NONE', #3223, #3595 ) ;
#4597 = LINE ( 'NONE', #3389, #3978 ) ;
#4598 = ORIENTED_EDGE ( 'NONE', *, *, #4399, .F. ) ;
#4599 = DIRECTION ( 'NONE',  ( -0.000000000000000000, -0.000000000000000000, -1.000000000000000000 ) ) ;
#4600 = LINE ( 'NONE', #1046, #3418 ) ;
#4601 = ORIENTED_EDGE ( 'NONE', *, *, #1778, .F. ) ;
#4602 = SURFACE_SIDE_STYLE ('',( #2820 ) ) ;
#4603 = ORIENTED_EDGE ( 'NONE', *, *, #3857, .T. ) ;
#4604 = EDGE_LOOP ( 'NONE', ( #465, #1192, #2710, #1506 ) ) ;
#4605 = CARTESIAN_POINT ( 'NONE',  ( -0.2401574803149607862, -0.01672474479929638227, 0.07874015748031495954 ) ) ;
#4606 = ADVANCED_FACE ( 'NONE', ( #5571 ), #3824, .T. ) ;
#4607 = EDGE_CURVE ( 'NONE', #5278, #794, #5214, .T. ) ;
#4608 = CIRCLE ( 'NONE', #2081, 0.02952755905511817228 ) ;
#4609 = DIRECTION ( 'NONE',  ( -1.000000000000000000, 0.000000000000000000, 0.000000000000000000 ) ) ;
#4610 = ORIENTED_EDGE ( 'NONE', *, *, #485, .T. ) ;
#4611 = CARTESIAN_POINT ( 'NONE',  ( 0.2283464566929132300, 0.1122047244094488277, -0.2204724409448818312 ) ) ;
#4612 = EDGE_LOOP ( 'NONE', ( #5369, #2236 ) ) ;
#4613 = AXIS2_PLACEMENT_3D ( 'NONE', #1032, #2745, #504 ) ;
#4614 = CARTESIAN_POINT ( 'NONE',  ( -0.1870078740157481711, 0.1200787401574803237, 0.2165354330708661457 ) ) ;
#4615 = ADVANCED_FACE ( 'NONE', ( #2447 ), #1659, .T. ) ;
#4616 = FACE_OUTER_BOUND ( 'NONE', #3859, .T. ) ;
#4617 = AXIS2_PLACEMENT_3D ( 'NONE', #215, #2096, #1528 ) ;
#4618 = AXIS2_PLACEMENT_3D ( 'NONE', #4069, #5418, #111 ) ;
#4619 = ORIENTED_EDGE ( 'NONE', *, *, #2790, .F. ) ;
#4620 = LINE ( 'NONE', #2398, #2366 ) ;
#4621 = DIRECTION ( 'NONE',  ( 9.686762837609348676E-16, 0.000000000000000000, -1.000000000000000000 ) ) ;
#4622 = PRESENTATION_LAYER_ASSIGNMENT (  '', '', ( #1809 ) ) ;
#4623 = DIRECTION ( 'NONE',  ( -0.3820956964504006459, -0.9241227617335713296, 0.000000000000000000 ) ) ;
#4624 = CIRCLE ( 'NONE', #672, 0.1377952755905511306 ) ;
#4625 = EDGE_CURVE ( 'NONE', #5498, #3663, #3446, .T. ) ;
#4626 = ORIENTED_EDGE ( 'NONE', *, *, #3315, .F. ) ;
#4627 = ORIENTED_EDGE ( 'NONE', *, *, #55, .T. ) ;
#4628 = CARTESIAN_POINT ( 'NONE',  ( -0.2283464566929135908, 0.007874015748031499423, -0.2204724409448818312 ) ) ;
#4629 = CARTESIAN_POINT ( 'NONE',  ( -0.2204724409448820255, 0.1122047244094488277, -0.2283464566929133133 ) ) ;
#4630 = VERTEX_POINT ( 'NONE', #5229 ) ;
#4631 = VECTOR ( 'NONE', #3515, 39.37007874015748143 ) ;
#4632 = LINE ( 'NONE', #3731, #424 ) ;
#4633 = CARTESIAN_POINT ( 'NONE',  ( 0.2467864344510313501, -0.07132847252522378501, -0.07874015748031495954 ) ) ;
#4634 = VERTEX_POINT ( 'NONE', #2477 ) ;
#4635 = VECTOR ( 'NONE', #3944, 39.37007874015748143 ) ;
#4636 = EDGE_LOOP ( 'NONE', ( #375, #2160, #1100 ) ) ;
#4637 = CARTESIAN_POINT ( 'NONE',  ( -0.2410114198820278719, -0.1271252204669363617, -0.1079010166658416064 ) ) ;
#4638 = AXIS2_PLACEMENT_3D ( 'NONE', #2973, #5225, #4339 ) ;
#4639 = LINE ( 'NONE', #614, #3321 ) ;
#4640 = DIRECTION ( 'NONE',  ( 0.000000000000000000, 0.000000000000000000, 1.000000000000000000 ) ) ;
#4641 = ADVANCED_FACE ( 'NONE', ( #702 ), #668, .T. ) ;
#4642 = VERTEX_POINT ( 'NONE', #1614 ) ;
#4643 = AXIS2_PLACEMENT_3D ( 'NONE', #2961, #2461, #1196 ) ;
#4644 = LINE ( 'NONE', #4201, #1945 ) ;
#4645 = CYLINDRICAL_SURFACE ( 'NONE', #718, 0.003937007874015744507 ) ;
#4646 = VECTOR ( 'NONE', #2615, 39.37007874015748143 ) ;
#4647 = PLANE ( 'NONE',  #5371 ) ;
#4648 = DIRECTION ( 'NONE',  ( 0.000000000000000000, 0.000000000000000000, 1.000000000000000000 ) ) ;
#4649 = EDGE_CURVE ( 'NONE', #1309, #559, #3005, .T. ) ;
#4650 = EDGE_CURVE ( 'NONE', #1457, #1496, #240, .T. ) ;
#4651 = VECTOR ( 'NONE', #4097, 39.37007874015748143 ) ;
#4652 = CARTESIAN_POINT ( 'NONE',  ( 0.09842519685039338717, 0.1043307086614173318, 0.2362204724409449341 ) ) ;
#4653 = ORIENTED_EDGE ( 'NONE', *, *, #273, .T. ) ;
#4654 = AXIS2_PLACEMENT_3D ( 'NONE', #5304, #1289, #2202 ) ;
#4655 = CIRCLE ( 'NONE', #4850, 0.003937007874015754048 ) ;
#4656 = ORIENTED_EDGE ( 'NONE', *, *, #1218, .F. ) ;
#4657 = DIRECTION ( 'NONE',  ( -1.000000000000000000, 0.000000000000000000, 0.000000000000000000 ) ) ;
#4658 = LINE ( 'NONE', #1962, #1625 ) ;
#4659 = EDGE_CURVE ( 'NONE', #3090, #2955, #5253, .T. ) ;
#4660 = ORIENTED_EDGE ( 'NONE', *, *, #5226, .F. ) ;
#4661 = DIRECTION ( 'NONE',  ( -0.000000000000000000, -1.000000000000000000, -0.000000000000000000 ) ) ;
#4662 = AXIS2_PLACEMENT_3D ( 'NONE', #4134, #3671, #3201 ) ;
#4663 = CARTESIAN_POINT ( 'NONE',  ( 0.08566664463896897508, 0.000000000000000000, 0.2362204724409449341 ) ) ;
#4664 = ORIENTED_EDGE ( 'NONE', *, *, #2758, .T. ) ;
#4665 = DIRECTION ( 'NONE',  ( -0.2485354773382520976, 0.8753766553315847077, -0.4146635115424731621 ) ) ;
#4666 = VERTEX_POINT ( 'NONE', #3034 ) ;
#4667 = CARTESIAN_POINT ( 'NONE',  ( 0.2362204724409447676, 0.1122047244094488277, -0.2362204724409451007 ) ) ;
#4668 = CARTESIAN_POINT ( 'NONE',  ( 0.2403820138547687058, -0.1293420763817875740, 0.1068508981224270543 ) ) ;
#4669 = EDGE_LOOP ( 'NONE', ( #741, #3550, #4358, #1534 ) ) ;
#4670 = CARTESIAN_POINT ( 'NONE',  ( -0.2283464566929135908, 0.000000000000000000, -0.2204724409448818312 ) ) ;
#4671 = CARTESIAN_POINT ( 'NONE',  ( 0.09076414801644738795, 0.1358267716535433156, -0.2283464566929133410 ) ) ;
#4672 = ORIENTED_EDGE ( 'NONE', *, *, #305, .T. ) ;
#4673 = LINE ( 'NONE', #1559, #1907 ) ;
#4674 = FACE_OUTER_BOUND ( 'NONE', #3191, .T. ) ;
#4675 = LINE ( 'NONE', #4592, #69 ) ;
#4676 = ADVANCED_FACE ( 'NONE', ( #212 ), #1144, .T. ) ;
#4677 = EDGE_CURVE ( 'NONE', #1441, #1891, #3534, .T. ) ;
#4678 = VERTEX_POINT ( 'NONE', #4283 ) ;
#4679 = VERTEX_POINT ( 'NONE', #3376 ) ;
#4680 = DIRECTION ( 'NONE',  ( -0.000000000000000000, -1.000000000000000000, -0.000000000000000000 ) ) ;
#4681 = LINE ( 'NONE', #1483, #3137 ) ;
#4682 = ORIENTED_EDGE ( 'NONE', *, *, #2803, .F. ) ;
#4683 = SURFACE_STYLE_USAGE ( .BOTH. , #198 ) ;
#4684 = ADVANCED_FACE ( 'NONE', ( #5162 ), #2944, .F. ) ;
#4685 = DIRECTION ( 'NONE',  ( 0.9619789872591596458, -0.2731234667176027919, 0.000000000000000000 ) ) ;
#4686 = ORIENTED_EDGE ( 'NONE', *, *, #4184, .F. ) ;
#4687 = CARTESIAN_POINT ( 'NONE',  ( -0.2403820138547687058, -0.1293420763817875740, -0.1068508981224270543 ) ) ;
#4688 = CARTESIAN_POINT ( 'NONE',  ( 0.2204724409448817202, 0.1043307086614173318, -0.2204724409448818312 ) ) ;
#4689 = ORIENTED_EDGE ( 'NONE', *, *, #553, .F. ) ;
#4690 = CARTESIAN_POINT ( 'NONE',  ( 0.2362204724409444900, 0.1437007874015747977, 0.2362204724409452394 ) ) ;
#4691 = EDGE_CURVE ( 'NONE', #4786, #1466, #880, .T. ) ;
#4692 = LINE ( 'NONE', #2331, #1075 ) ;
#4693 = CARTESIAN_POINT ( 'NONE',  ( -0.2362204724409450174, 0.1437007874015747977, 0.2204724409448819145 ) ) ;
#4694 = VERTEX_POINT ( 'NONE', #4912 ) ;
#4695 = CARTESIAN_POINT ( 'NONE',  ( -0.2716535433070866867, -0.07132847252522378501, -0.07874015748031495954 ) ) ;
#4696 = EDGE_LOOP ( 'NONE', ( #5000, #285, #1049, #3966, #4535, #1390 ) ) ;
#4697 = DIRECTION ( 'NONE',  ( 0.000000000000000000, -1.000000000000000000, 0.000000000000000000 ) ) ;
#4698 = VECTOR ( 'NONE', #188, 39.37007874015748143 ) ;
#4699 = PLANE ( 'NONE',  #1344 ) ;
#4700 = CARTESIAN_POINT ( 'NONE',  ( 0.2362204724409447676, 0.1122047244094488277, -0.2362204724409451007 ) ) ;
#4701 = CIRCLE ( 'NONE', #5450, 0.02486710885605532273 ) ;
#4702 = VERTEX_POINT ( 'NONE', #4000 ) ;
#4703 = EDGE_LOOP ( 'NONE', ( #641, #4182, #1852, #472 ) ) ;
#4704 = DIRECTION ( 'NONE',  ( -0.000000000000000000, -0.000000000000000000, -1.000000000000000000 ) ) ;
#4705 = DIRECTION ( 'NONE',  ( -0.3820956964504000353, 0.9241227617335716626, 0.000000000000000000 ) ) ;
#4706 = VECTOR ( 'NONE', #567, 39.37007874015748143 ) ;
#4707 = CIRCLE ( 'NONE', #4135, 0.007874015748031482076 ) ;
#4708 = EDGE_CURVE ( 'NONE', #1691, #2714, #2687, .T. ) ;
#4709 = EDGE_CURVE ( 'NONE', #4396, #4322, #4880, .T. ) ;
#4710 =( CONVERSION_BASED_UNIT ( 'INCH', #1936 ) LENGTH_UNIT ( ) NAMED_UNIT ( #5518 ) );
#4711 = AXIS2_PLACEMENT_3D ( 'NONE', #5715, #1763, #351 ) ;
#4712 = CARTESIAN_POINT ( 'NONE',  ( 0.09518123467049879882, 0.1087477953154689370, 0.2362204724409449341 ) ) ;
#4713 = EDGE_LOOP ( 'NONE', ( #390, #3662, #423, #1340 ) ) ;
#4714 = DIRECTION ( 'NONE',  ( -1.000000000000000000, 0.000000000000000000, 0.000000000000000000 ) ) ;
#4715 = ORIENTED_EDGE ( 'NONE', *, *, #2042, .F. ) ;
#4716 = DIRECTION ( 'NONE',  ( -1.000000000000000000, 0.000000000000000000, 0.000000000000000000 ) ) ;
#4717 = EDGE_CURVE ( 'NONE', #250, #4642, #1381, .T. ) ;
#4718 = ORIENTED_EDGE ( 'NONE', *, *, #1556, .T. ) ;
#4719 = ADVANCED_FACE ( 'NONE', ( #2717 ), #4853, .T. ) ;
#4720 = CIRCLE ( 'NONE', #220, 0.007874015748031482076 ) ;
#4721 = LINE ( 'NONE', #5189, #1948 ) ;
#4722 = DIRECTION ( 'NONE',  ( 0.000000000000000000, 1.000000000000000000, 0.000000000000000000 ) ) ;
#4723 = AXIS2_PLACEMENT_3D ( 'NONE', #5134, #643, #5509 ) ;
#4724 = LINE ( 'NONE', #2445, #1902 ) ;
#4725 = CARTESIAN_POINT ( 'NONE',  ( 0.2362204724409447676, 0.1358267716535433156, -0.2362204724409451007 ) ) ;
#4726 = PRESENTATION_STYLE_ASSIGNMENT (( #2942 ) ) ;
#4727 = ORIENTED_EDGE ( 'NONE', *, *, #2458, .T. ) ;
#4728 = EDGE_CURVE ( 'NONE', #1426, #3786, #5400, .T. ) ;
#4729 = CARTESIAN_POINT ( 'NONE',  ( 0.2588518599949117815, -0.07631714650562787527, 0.07874015748031495954 ) ) ;
#4730 = AXIS2_PLACEMENT_3D ( 'NONE', #1077, #4216, #5021 ) ;
#4731 = CARTESIAN_POINT ( 'NONE',  ( -0.2467864344510313501, -0.07132847252522378501, 0.1181102362204724532 ) ) ;
#4732 = LINE ( 'NONE', #1526, #3438 ) ;
#4733 = ORIENTED_EDGE ( 'NONE', *, *, #1206, .F. ) ;
#4734 = FACE_OUTER_BOUND ( 'NONE', #4368, .T. ) ;
#4735 = DIRECTION ( 'NONE',  ( 0.000000000000000000, 0.000000000000000000, 1.000000000000000000 ) ) ;
#4736 = DIRECTION ( 'NONE',  ( 0.000000000000000000, 0.000000000000000000, 1.000000000000000000 ) ) ;
#4737 = AXIS2_PLACEMENT_3D ( 'NONE', #5269, #5302, #1724 ) ;
#4738 = ORIENTED_EDGE ( 'NONE', *, *, #630, .T. ) ;
#4739 = ORIENTED_EDGE ( 'NONE', *, *, #1818, .F. ) ;
#4740 = CARTESIAN_POINT ( 'NONE',  ( -0.1870078740157481711, 0.1200787401574803237, -0.1870078740157479769 ) ) ;
#4741 = DIRECTION ( 'NONE',  ( 0.000000000000000000, 0.000000000000000000, 1.000000000000000000 ) ) ;
#4742 = AXIS2_PLACEMENT_3D ( 'NONE', #1838, #3630, #540 ) ;
#4743 = CIRCLE ( 'NONE', #2500, 0.007874015748031499423 ) ;
#4744 = DIRECTION ( 'NONE',  ( 0.1132543357937749740, 0.3988975848869553142, 0.9099748195391261785 ) ) ;
#4745 = VECTOR ( 'NONE', #783, 39.37007874015748143 ) ;
#4746 = AXIS2_PLACEMENT_3D ( 'NONE', #2004, #2034, #3795 ) ;
#4747 = CARTESIAN_POINT ( 'NONE',  ( 0.2584924420876581475, -0.1087988844851397185, -0.07874015748031495954 ) ) ;
#4748 = ORIENTED_EDGE ( 'NONE', *, *, #453, .T. ) ;
#4749 = CARTESIAN_POINT ( 'NONE',  ( -0.2283464566929135908, 0.1358267716535433156, 0.09076414801644738795 ) ) ;
#4750 = DIRECTION ( 'NONE',  ( 0.000000000000000000, 1.000000000000000000, 0.000000000000000000 ) ) ;
#4751 = VERTEX_POINT ( 'NONE', #2244 ) ;
#4752 = ORIENTED_EDGE ( 'NONE', *, *, #4392, .T. ) ;
#4753 = AXIS2_PLACEMENT_3D ( 'NONE', #4492, #2181, #3124 ) ;
#4754 = FACE_OUTER_BOUND ( 'NONE', #3827, .T. ) ;
#4755 = DIRECTION ( 'NONE',  ( 0.000000000000000000, 0.000000000000000000, -1.000000000000000000 ) ) ;
#4756 = DIRECTION ( 'NONE',  ( 0.000000000000000000, 0.000000000000000000, 1.000000000000000000 ) ) ;
#4757 = EDGE_CURVE ( 'NONE', #559, #5221, #5787, .T. ) ;
#4758 = EDGE_CURVE ( 'NONE', #2495, #1383, #1384, .T. ) ;
#4759 = CIRCLE ( 'NONE', #3263, 0.007874015748031482076 ) ;
#4760 = DIRECTION ( 'NONE',  ( -0.2485354773382520144, -0.8753766553315845966, -0.4146635115424737172 ) ) ;
#4761 = FACE_OUTER_BOUND ( 'NONE', #2382, .T. ) ;
#4762 = EDGE_LOOP ( 'NONE', ( #3794, #1969, #2993, #2623, #4158, #2731 ) ) ;
#4763 = LINE ( 'NONE', #2538, #2701 ) ;
#4764 = DIRECTION ( 'NONE',  ( 0.000000000000000000, 0.000000000000000000, 1.000000000000000000 ) ) ;
#4765 = DIRECTION ( 'NONE',  ( 0.000000000000000000, 0.000000000000000000, -1.000000000000000000 ) ) ;
#4766 = EDGE_CURVE ( 'NONE', #4642, #4899, #2704, .T. ) ;
#4767 = ORIENTED_EDGE ( 'NONE', *, *, #1235, .T. ) ;
#4768 = DIRECTION ( 'NONE',  ( -0.2731234667176492548, 0.9619789872591464341, 0.000000000000000000 ) ) ;
#4769 = CARTESIAN_POINT ( 'NONE',  ( 0.09076414801644717978, 0.1358267716535433156, 0.2283464566929134520 ) ) ;
#4770 = DIRECTION ( 'NONE',  ( -0.2731234667175944097, 0.9619789872591620883, 0.000000000000000000 ) ) ;
#4771 = ADVANCED_FACE ( 'NONE', ( #4026 ), #1798, .T. ) ;
#4772 = ORIENTED_EDGE ( 'NONE', *, *, #2819, .T. ) ;
#4773 = ORIENTED_EDGE ( 'NONE', *, *, #165, .T. ) ;
#4774 = FACE_OUTER_BOUND ( 'NONE', #3747, .T. ) ;
#4775 = DIRECTION ( 'NONE',  ( 1.000000000000000000, 0.000000000000000000, 0.000000000000000000 ) ) ;
#4776 = DIRECTION ( 'NONE',  ( 0.000000000000000000, 0.000000000000000000, -1.000000000000000000 ) ) ;
#4777 = CARTESIAN_POINT ( 'NONE',  ( -0.2362204724409450174, 0.1043307086614173318, 0.2362204724409449341 ) ) ;
#4778 = ORIENTED_EDGE ( 'NONE', *, *, #4757, .T. ) ;
#4779 = LINE ( 'NONE', #1697, #4745 ) ;
#4780 = ORIENTED_EDGE ( 'NONE', *, *, #4709, .F. ) ;
#4781 = DIRECTION ( 'NONE',  ( 0.000000000000000000, 1.000000000000000000, 0.000000000000000000 ) ) ;
#4782 = ORIENTED_EDGE ( 'NONE', *, *, #1835, .T. ) ;
#4783 = DIRECTION ( 'NONE',  ( 0.000000000000000000, 0.000000000000000000, 1.000000000000000000 ) ) ;
#4784 = CYLINDRICAL_SURFACE ( 'NONE', #1006, 0.007874015748031482076 ) ;
#4785 = DIRECTION ( 'NONE',  ( 0.000000000000000000, 0.000000000000000000, -1.000000000000000000 ) ) ;
#4786 = VERTEX_POINT ( 'NONE', #473 ) ;
#4787 = DIRECTION ( 'NONE',  ( 0.000000000000000000, 0.000000000000000000, 1.000000000000000000 ) ) ;
#4788 = CYLINDRICAL_SURFACE ( 'NONE', #5117, 0.003937007874015744507 ) ;
#4789 = EDGE_LOOP ( 'NONE', ( #5495, #3393, #4420, #2057 ) ) ;
#4790 = EDGE_CURVE ( 'NONE', #3231, #879, #4821, .T. ) ;
#4791 = CARTESIAN_POINT ( 'NONE',  ( 0.2362204724409447121, 0.1043307086614173318, 0.2204724409448819145 ) ) ;
#4792 = EDGE_CURVE ( 'NONE', #3267, #259, #3539, .T. ) ;
#4793 = DIRECTION ( 'NONE',  ( 0.000000000000000000, 0.000000000000000000, 1.000000000000000000 ) ) ;
#4794 = DIRECTION ( 'NONE',  ( 0.9985380109141170912, 0.000000000000000000, -0.05405405405405416808 ) ) ;
#4795 = ORIENTED_EDGE ( 'NONE', *, *, #1778, .T. ) ;
#4796 = LINE ( 'NONE', #3381, #2084 ) ;
#4797 = EDGE_CURVE ( 'NONE', #1466, #5482, #1471, .T. ) ;
#4798 = CARTESIAN_POINT ( 'NONE',  ( -0.2283464566929135908, 0.1358267716535433156, -0.09076414801644744346 ) ) ;
#4799 = CIRCLE ( 'NONE', #1607, 0.02216470676861258607 ) ;
#4800 = ORIENTED_EDGE ( 'NONE', *, *, #1485, .T. ) ;
#4801 = ORIENTED_EDGE ( 'NONE', *, *, #3183, .F. ) ;
#4802 = CARTESIAN_POINT ( 'NONE',  ( 0.09076414801644717978, 0.1358267716535433156, 0.2283464566929134520 ) ) ;
#4803 = DIRECTION ( 'NONE',  ( 0.000000000000000000, 0.000000000000000000, 1.000000000000000000 ) ) ;
#4804 = EDGE_CURVE ( 'NONE', #2839, #1293, #444, .T. ) ;
#4805 = DIRECTION ( 'NONE',  ( 0.000000000000000000, 0.000000000000000000, 1.000000000000000000 ) ) ;
#4806 = DIRECTION ( 'NONE',  ( 0.000000000000000000, 0.000000000000000000, -1.000000000000000000 ) ) ;
#4807 = ORIENTED_EDGE ( 'NONE', *, *, #983, .F. ) ;
#4808 = CARTESIAN_POINT ( 'NONE',  ( 0.2467864344510313501, -0.07132847252522378501, 0.07874015748031495954 ) ) ;
#4809 = AXIS2_PLACEMENT_3D ( 'NONE', #2916, #4203, #4768 ) ;
#4810 = ORIENTED_EDGE ( 'NONE', *, *, #3042, .F. ) ;
#4811 = AXIS2_PLACEMENT_3D ( 'NONE', #4508, #842, #4455 ) ;
#4812 = DIRECTION ( 'NONE',  ( -0.3820956964504008679, -0.9241227617335713296, 0.000000000000000000 ) ) ;
#4813 = EDGE_LOOP ( 'NONE', ( #59, #2467, #5550, #2787 ) ) ;
#4814 = DIRECTION ( 'NONE',  ( 1.000000000000000000, -1.077125096681061906E-15, 0.000000000000000000 ) ) ;
#4815 = AXIS2_PLACEMENT_3D ( 'NONE', #5505, #3784, #5075 ) ;
#4816 = LINE ( 'NONE', #4373, #5018 ) ;
#4817 = VECTOR ( 'NONE', #3861, 39.37007874015748143 ) ;
#4818 = DIRECTION ( 'NONE',  ( 1.000000000000000000, 0.000000000000000000, 0.000000000000000000 ) ) ;
#4819 =( LENGTH_UNIT ( ) NAMED_UNIT ( * ) SI_UNIT ( $, .METRE. ) );
#4820 = ORIENTED_EDGE ( 'NONE', *, *, #236, .F. ) ;
#4821 = LINE ( 'NONE', #1740, #2887 ) ;
#4822 = VECTOR ( 'NONE', #1518, 39.37007874015748143 ) ;
#4823 = DIRECTION ( 'NONE',  ( -1.000000000000000000, 0.000000000000000000, 0.000000000000000000 ) ) ;
#4824 = CARTESIAN_POINT ( 'NONE',  ( 0.2401574803149607862, 0.01497825796799926064, -0.1181102362204724532 ) ) ;
#4825 = VERTEX_POINT ( 'NONE', #2155 ) ;
#4826 = EDGE_CURVE ( 'NONE', #4885, #4293, #1561, .T. ) ;
#4827 = DIRECTION ( 'NONE',  ( -1.000000000000000000, 0.000000000000000000, 0.000000000000000000 ) ) ;
#4828 = ORIENTED_EDGE ( 'NONE', *, *, #1519, .F. ) ;
#4829 = CIRCLE ( 'NONE', #4638, 0.02952755905511817228 ) ;
#4830 = CARTESIAN_POINT ( 'NONE',  ( 0.000000000000000000, 0.3858267716535432879, -0.1168368100007918381 ) ) ;
#4831 = AXIS2_PLACEMENT_3D ( 'NONE', #4045, #2651, #4402 ) ;
#4832 = ORIENTED_EDGE ( 'NONE', *, *, #5220, .F. ) ;
#4833 = EDGE_CURVE ( 'NONE', #1155, #4025, #5286, .T. ) ;
#4834 = EDGE_CURVE ( 'NONE', #4477, #487, #3532, .T. ) ;
#4835 = ORIENTED_EDGE ( 'NONE', *, *, #1764, .F. ) ;
#4836 = CARTESIAN_POINT ( 'NONE',  ( -0.2519685039370080371, 0.01497825796799926064, -0.07874015748031495954 ) ) ;
#4837 = FACE_OUTER_BOUND ( 'NONE', #4394, .T. ) ;
#4838 = CIRCLE ( 'NONE', #3059, 0.007874015748031482076 ) ;
#4839 = CARTESIAN_POINT ( 'NONE',  ( -0.09076414801644763775, 0.1437007874015747977, -0.2362204724409448231 ) ) ;
#4840 = ORIENTED_EDGE ( 'NONE', *, *, #2519, .T. ) ;
#4841 = CARTESIAN_POINT ( 'NONE',  ( -0.2716535433070866867, -0.07132847252522378501, -0.07874015748031495954 ) ) ;
#4842 = EDGE_CURVE ( 'NONE', #1949, #4060, #353, .T. ) ;
#4843 = MECHANICAL_DESIGN_GEOMETRIC_PRESENTATION_REPRESENTATION (  '', ( #239 ), #4366 ) ;
#4844 = EDGE_LOOP ( 'NONE', ( #2528, #1583, #5310 ) ) ;
#4845 = DIRECTION ( 'NONE',  ( 0.000000000000000000, 1.000000000000000000, 0.000000000000000000 ) ) ;
#4846 = ORIENTED_EDGE ( 'NONE', *, *, #2546, .F. ) ;
#4847 = DIRECTION ( 'NONE',  ( -1.000000000000000000, 0.000000000000000000, 0.000000000000000000 ) ) ;
#4848 = DIRECTION ( 'NONE',  ( -0.9619789872591466562, -0.2731234667176487552, -0.000000000000000000 ) ) ;
#4849 = ORIENTED_EDGE ( 'NONE', *, *, #1385, .T. ) ;
#4850 = AXIS2_PLACEMENT_3D ( 'NONE', #1952, #184, #5433 ) ;
#4851 = DIRECTION ( 'NONE',  ( 1.000000000000000000, 0.000000000000000000, 0.000000000000000000 ) ) ;
#4852 = ORIENTED_EDGE ( 'NONE', *, *, #1828, .F. ) ;
#4853 = CYLINDRICAL_SURFACE ( 'NONE', #4098, 0.007874015748031499423 ) ;
#4854 = AXIS2_PLACEMENT_3D ( 'NONE', #361, #416, #4939 ) ;
#4855 = CARTESIAN_POINT ( 'NONE',  ( -0.2517439703971998677, -0.1325679440989251945, -0.07874015748031495954 ) ) ;
#4856 = CARTESIAN_POINT ( 'NONE',  ( 0.2467864344510313501, -0.07132847252522378501, 0.07874015748031495954 ) ) ;
#4857 = FACE_OUTER_BOUND ( 'NONE', #2869, .T. ) ;
#4858 = ORIENTED_EDGE ( 'NONE', *, *, #3093, .F. ) ;
#4859 = LINE ( 'NONE', #832, #4945 ) ;
#4860 = CARTESIAN_POINT ( 'NONE',  ( 0.2588518599949117815, -0.07631714650562787527, -0.07874015748031495954 ) ) ;
#4861 = VERTEX_POINT ( 'NONE', #5449 ) ;
#4862 = VERTEX_POINT ( 'NONE', #4637 ) ;
#4863 = CARTESIAN_POINT ( 'NONE',  ( -0.2283464566929135908, 0.1437007874015747977, 0.000000000000000000 ) ) ;
#4864 = DIRECTION ( 'NONE',  ( 0.000000000000000000, 1.000000000000000000, 0.000000000000000000 ) ) ;
#4865 = DIRECTION ( 'NONE',  ( 0.000000000000000000, 0.000000000000000000, 1.000000000000000000 ) ) ;
#4866 = ADVANCED_FACE ( 'NONE', ( #1860 ), #118, .T. ) ;
#4867 = EDGE_CURVE ( 'NONE', #1496, #3712, #2796, .T. ) ;
#4868 = ORIENTED_EDGE ( 'NONE', *, *, #3900, .T. ) ;
#4869 = CARTESIAN_POINT ( 'NONE',  ( -0.09865035267987307122, 0.1122047244094488277, 0.2283464566929134520 ) ) ;
#4870 = DIRECTION ( 'NONE',  ( 0.3820956964504000353, 0.9241227617335716626, 0.000000000000000000 ) ) ;
#4871 = DIRECTION ( 'NONE',  ( 0.9241227617335713296, -0.3820956964504008679, 0.000000000000000000 ) ) ;
#4872 = ORIENTED_EDGE ( 'NONE', *, *, #4867, .T. ) ;
#4873 = VERTEX_POINT ( 'NONE', #1469 ) ;
#4874 = DIRECTION ( 'NONE',  ( 0.000000000000000000, 1.000000000000000000, 0.000000000000000000 ) ) ;
#4875 = ADVANCED_FACE ( 'NONE', ( #968 ), #2328, .T. ) ;
#4876 = CARTESIAN_POINT ( 'NONE',  ( -0.2362204724409451007, 0.1087477953154689370, -0.09518123467049910413 ) ) ;
#4877 = EDGE_LOOP ( 'NONE', ( #404, #2052, #2201, #4780, #5317 ) ) ;
#4878 = DIRECTION ( 'NONE',  ( 0.000000000000000000, -1.000000000000000000, 0.000000000000000000 ) ) ;
#4879 = EDGE_LOOP ( 'NONE', ( #2932, #5337, #4572, #3766 ) ) ;
#4880 = LINE ( 'NONE', #4407, #3912 ) ;
#4881 = ADVANCED_FACE ( 'NONE', ( #3704 ), #5479, .F. ) ;
#4882 = FACE_OUTER_BOUND ( 'NONE', #332, .T. ) ;
#4883 = DIRECTION ( 'NONE',  ( 0.9619789872591596458, -0.2731234667176028474, 0.000000000000000000 ) ) ;
#4884 = DIRECTION ( 'NONE',  ( 0.000000000000000000, 0.000000000000000000, -1.000000000000000000 ) ) ;
#4885 = VERTEX_POINT ( 'NONE', #531 ) ;
#4886 = LINE ( 'NONE', #2637, #5032 ) ;
#4887 = ORIENTED_EDGE ( 'NONE', *, *, #4080, .F. ) ;
#4888 = ORIENTED_EDGE ( 'NONE', *, *, #4473, .T. ) ;
#4889 = CARTESIAN_POINT ( 'NONE',  ( -0.2401574803149607862, 0.01497825796799926064, 0.07874015748031495954 ) ) ;
#4890 = CARTESIAN_POINT ( 'NONE',  ( 0.000000000000000000, 0.3858267716535432879, 0.000000000000000000 ) ) ;
#4891 = CYLINDRICAL_SURFACE ( 'NONE', #5393, 0.007874015748031499423 ) ;
#4892 = AXIS2_PLACEMENT_3D ( 'NONE', #2671, #4449, #429 ) ;
#4893 = VERTEX_POINT ( 'NONE', #2330 ) ;
#4894 = ORIENTED_EDGE ( 'NONE', *, *, #2649, .F. ) ;
#4895 = CYLINDRICAL_SURFACE ( 'NONE', #2386, 0.007874015748031482076 ) ;
#4896 = ADVANCED_FACE ( 'NONE', ( #5426 ), #3234, .F. ) ;
#4897 = CARTESIAN_POINT ( 'NONE',  ( 0.2362204724409447121, 0.1437007874015747977, -0.09076414801644770713 ) ) ;
#4898 = AXIS2_PLACEMENT_3D ( 'NONE', #3103, #1744, #1273 ) ;
#4899 = VERTEX_POINT ( 'NONE', #3178 ) ;
#4900 = CARTESIAN_POINT ( 'NONE',  ( -0.2467864344510313501, -0.07132847252522378501, 0.07874015748031495954 ) ) ;
#4901 = CIRCLE ( 'NONE', #4516, 0.007874015748031482076 ) ;
#4902 = CARTESIAN_POINT ( 'NONE',  ( -0.2362204724409450174, 0.01497825796799926064, 0.07874015748031495954 ) ) ;
#4903 = VECTOR ( 'NONE', #1728, 39.37007874015748143 ) ;
#4904 = B_SPLINE_CURVE_WITH_KNOTS ( 'NONE', 3,
 ( #2674, #4451, #3217, #50 ),
 .UNSPECIFIED., .F., .F.,
 ( 4, 4 ),
 ( 0.000000000000000000, 1.083150619154773860E-05 ),
 .UNSPECIFIED. ) ;
#4905 = EDGE_CURVE ( 'NONE', #2697, #1598, #5024, .T. ) ;
#4906 = ADVANCED_FACE ( 'NONE', ( #3264 ), #555, .F. ) ;
#4907 = ORIENTED_EDGE ( 'NONE', *, *, #3079, .F. ) ;
#4908 = CARTESIAN_POINT ( 'NONE',  ( -0.2598425196850394081, -0.07132847252522378501, 0.1181102362204724532 ) ) ;
#4909 = ORIENTED_EDGE ( 'NONE', *, *, #479, .F. ) ;
#4910 = TOROIDAL_SURFACE ( 'NONE', #671, 0.007874015748031495954, 0.007874015748031495954 ) ;
#4911 = AXIS2_PLACEMENT_3D ( 'NONE', #4740, #4680, #1127 ) ;
#4912 = CARTESIAN_POINT ( 'NONE',  ( 0.000000000000000000, 0.3937007874015748254, -0.1168368100007918381 ) ) ;
#4913 = CARTESIAN_POINT ( 'NONE',  ( 0.2467864344510313501, -0.07132847252522378501, 0.07874015748031495954 ) ) ;
#4914 = CARTESIAN_POINT ( 'NONE',  ( -0.2403820138547686225, -0.1293420763817875185, -0.07874015748031495954 ) ) ;
#4915 = AXIS2_PLACEMENT_3D ( 'NONE', #5131, #1514, #723 ) ;
#4916 = EDGE_CURVE ( 'NONE', #4666, #1977, #5319, .T. ) ;
#4917 = DIRECTION ( 'NONE',  ( 1.000000000000000000, 0.000000000000000000, 0.000000000000000000 ) ) ;
#4918 = VERTEX_POINT ( 'NONE', #1028 ) ;
#4919 = CARTESIAN_POINT ( 'NONE',  ( -0.2707977663108322441, -0.1355821101757927194, -0.1079010166658409403 ) ) ;
#4920 = CIRCLE ( 'NONE', #1254, 0.02216470676861258607 ) ;
#4921 = VERTEX_POINT ( 'NONE', #937 ) ;
#4922 = DIRECTION ( 'NONE',  ( -0.000000000000000000, -1.000000000000000000, -0.000000000000000000 ) ) ;
#4923 = CARTESIAN_POINT ( 'NONE',  ( -0.1870078740157481711, 0.1122047244094488277, -0.1870078740157479769 ) ) ;
#4924 = DIRECTION ( 'NONE',  ( 0.000000000000000000, 0.000000000000000000, -1.000000000000000000 ) ) ;
#4925 = CIRCLE ( 'NONE', #1924, 0.007874015748031482076 ) ;
#4926 = ORIENTED_EDGE ( 'NONE', *, *, #3434, .F. ) ;
#4927 = ORIENTED_EDGE ( 'NONE', *, *, #537, .T. ) ;
#4928 = CARTESIAN_POINT ( 'NONE',  ( -0.2517439703971995346, -0.1325679440989251390, 0.09253195506462764952 ) ) ;
#4929 = AXIS2_PLACEMENT_3D ( 'NONE', #5591, #4298, #2490 ) ;
#4930 = DIRECTION ( 'NONE',  ( -1.000000000000000000, 0.000000000000000000, 0.000000000000000000 ) ) ;
#4931 = DIRECTION ( 'NONE',  ( -0.000000000000000000, -0.000000000000000000, -1.000000000000000000 ) ) ;
#4932 = CARTESIAN_POINT ( 'NONE',  ( -0.2362204724409450174, 0.1437007874015747977, 0.09076414801644738795 ) ) ;
#4933 = VERTEX_POINT ( 'NONE', #2851 ) ;
#4934 = DIRECTION ( 'NONE',  ( 1.000000000000000000, 0.000000000000000000, 0.000000000000000000 ) ) ;
#4935 = CARTESIAN_POINT ( 'NONE',  ( 0.000000000000000000, 0.000000000000000000, 0.000000000000000000 ) ) ;
#4936 = EDGE_LOOP ( 'NONE', ( #1105, #2280, #2855, #2686 ) ) ;
#4937 = CIRCLE ( 'NONE', #1374, 0.003937007874015754048 ) ;
#4938 = VECTOR ( 'NONE', #4030, 39.37007874015748143 ) ;
#4939 = DIRECTION ( 'NONE',  ( 0.000000000000000000, 0.000000000000000000, 1.000000000000000000 ) ) ;
#4940 = EDGE_CURVE ( 'NONE', #3090, #3454, #2793, .T. ) ;
#4941 = EDGE_CURVE ( 'NONE', #820, #2453, #5507, .T. ) ;
#4942 = CARTESIAN_POINT ( 'NONE',  ( 0.2401574803149607862, 0.01497825796799926064, 0.07874015748031495954 ) ) ;
#4943 = CARTESIAN_POINT ( 'NONE',  ( 0.09865035267987251610, 0.1122047244094488277, 0.2283464566929134520 ) ) ;
#4944 = AXIS2_PLACEMENT_3D ( 'NONE', #5273, #3054, #2415 ) ;
#4945 = VECTOR ( 'NONE', #391, 39.37007874015748143 ) ;
#4946 = DIRECTION ( 'NONE',  ( 1.000000000000000000, 0.000000000000000000, 0.000000000000000000 ) ) ;
#4947 = ORIENTED_EDGE ( 'NONE', *, *, #2759, .F. ) ;
#4948 = DIRECTION ( 'NONE',  ( 0.000000000000000000, 0.000000000000000000, -1.000000000000000000 ) ) ;
#4949 = AXIS2_PLACEMENT_3D ( 'NONE', #2541, #185, #4313 ) ;
#4950 = ADVANCED_FACE ( 'NONE', ( #499 ), #578, .F. ) ;
#4951 = ORIENTED_EDGE ( 'NONE', *, *, #2653, .F. ) ;
#4952 = CARTESIAN_POINT ( 'NONE',  ( -0.2401574803149607862, -0.01672474479929638227, -0.07874015748031495954 ) ) ;
#4953 = CARTESIAN_POINT ( 'NONE',  ( 0.2588518599949117815, -0.06633979854481968086, -0.07874015748031495954 ) ) ;
#4954 = DIRECTION ( 'NONE',  ( 0.000000000000000000, 0.000000000000000000, 1.000000000000000000 ) ) ;
#4955 = EDGE_CURVE ( 'NONE', #1274, #5249, #1858, .T. ) ;
#4956 = EDGE_LOOP ( 'NONE', ( #2555, #5114, #4125 ) ) ;
#4957 = CARTESIAN_POINT ( 'NONE',  ( -0.2204724409448820255, 0.000000000000000000, 0.2204724409448819145 ) ) ;
#4958 = ORIENTED_EDGE ( 'NONE', *, *, #1462, .F. ) ;
#4959 = ORIENTED_EDGE ( 'NONE', *, *, #2340, .T. ) ;
#4960 = DIRECTION ( 'NONE',  ( 0.000000000000000000, 0.000000000000000000, 1.000000000000000000 ) ) ;
#4961 = DIRECTION ( 'NONE',  ( -0.9619789872591597568, 0.2731234667176027919, 0.000000000000000000 ) ) ;
#4962 = CARTESIAN_POINT ( 'NONE',  ( -0.2362204724409450174, 0.01891526584201501035, -0.1181102362204724532 ) ) ;
#4963 = LENGTH_MEASURE_WITH_UNIT ( LENGTH_MEASURE( 0.02539999999999999897 ), #554 );
#4964 = ORIENTED_EDGE ( 'NONE', *, *, #5180, .F. ) ;
#4965 = DIRECTION ( 'NONE',  ( 1.000000000000000000, 0.000000000000000000, 0.000000000000000000 ) ) ;
#4966 = LINE ( 'NONE', #448, #2768 ) ;
#4967 = LINE ( 'NONE', #970, #4179 ) ;
#4968 = ORIENTED_EDGE ( 'NONE', *, *, #3006, .F. ) ;
#4969 = FACE_OUTER_BOUND ( 'NONE', #4762, .T. ) ;
#4970 = ADVANCED_FACE ( 'NONE', ( #3759 ), #2741, .F. ) ;
#4971 = ORIENTED_EDGE ( 'NONE', *, *, #5360, .T. ) ;
#4972 = EDGE_CURVE ( 'NONE', #4694, #2813, #627, .T. ) ;
#4973 = FACE_OUTER_BOUND ( 'NONE', #1108, .T. ) ;
#4974 = DIRECTION ( 'NONE',  ( -1.000000000000000000, 0.000000000000000000, 0.000000000000000000 ) ) ;
#4975 = ORIENTED_EDGE ( 'NONE', *, *, #3624, .F. ) ;
#4976 = CARTESIAN_POINT ( 'NONE',  ( 0.1870078740157481711, 0.08907480314960614098, -0.1870078740157479769 ) ) ;
#4977 = DIRECTION ( 'NONE',  ( -1.000000000000000000, 0.000000000000000000, 0.000000000000000000 ) ) ;
#4978 = EDGE_CURVE ( 'NONE', #5132, #3869, #322, .T. ) ;
#4979 = DIRECTION ( 'NONE',  ( 0.000000000000000000, 1.000000000000000000, 0.000000000000000000 ) ) ;
#4980 = ORIENTED_EDGE ( 'NONE', *, *, #662, .T. ) ;
#4981 = CARTESIAN_POINT ( 'NONE',  ( -0.09838789059863399522, 0.1119544512436035644, 0.2331827080873520031 ) ) ;
#4982 = CARTESIAN_POINT ( 'NONE',  ( 0.2331827080873518088, 0.1119544512436035644, 0.09838789059863417563 ) ) ;
#4983 = ADVANCED_FACE ( 'NONE', ( #2025 ), #4784, .T. ) ;
#4984 = LINE ( 'NONE', #2322, #2285 ) ;
#4985 = CARTESIAN_POINT ( 'NONE',  ( -0.2362204724409450174, 0.1043307086614173318, 0.09076414801644738795 ) ) ;
#4986 = DIRECTION ( 'NONE',  ( -0.9241227617335717737, 0.3820956964504000908, 0.000000000000000000 ) ) ;
#4987 = VECTOR ( 'NONE', #3829, 39.37007874015748143 ) ;
#4988 = PLANE ( 'NONE',  #1147 ) ;
#4989 = ORIENTED_EDGE ( 'NONE', *, *, #5754, .F. ) ;
#4990 = VERTEX_POINT ( 'NONE', #3788 ) ;
#4991 = CARTESIAN_POINT ( 'NONE',  ( 0.2204724409448817202, 0.1043307086614173318, 0.2204724409448819145 ) ) ;
#4992 = CIRCLE ( 'NONE', #2464, 0.007874015748031482076 ) ;
#4993 = AXIS2_PLACEMENT_3D ( 'NONE', #3748, #3724, #3695 ) ;
#4994 = CARTESIAN_POINT ( 'NONE',  ( 0.2471304855452270965, -0.1055730167680026116, 0.07874015748031495954 ) ) ;
#4995 = DIRECTION ( 'NONE',  ( 0.000000000000000000, 0.000000000000000000, -1.000000000000000000 ) ) ;
#4996 = VERTEX_POINT ( 'NONE', #2934 ) ;
#4997 = AXIS2_PLACEMENT_3D ( 'NONE', #5422, #5051, #2713 ) ;
#4998 = DIRECTION ( 'NONE',  ( 0.000000000000000000, 0.000000000000000000, -1.000000000000000000 ) ) ;
#4999 = VECTOR ( 'NONE', #277, 39.37007874015748143 ) ;
#5000 = ORIENTED_EDGE ( 'NONE', *, *, #2502, .F. ) ;
#5001 = CARTESIAN_POINT ( 'NONE',  ( 0.2362204724409447121, 0.1043307086614173318, -0.09076414801644770713 ) ) ;
#5002 = CIRCLE ( 'NONE', #5091, 0.1247060291111783958 ) ;
#5003 = EDGE_CURVE ( 'NONE', #4293, #784, #3344, .T. ) ;
#5004 = LINE ( 'NONE', #2750, #5039 ) ;
#5005 = ORIENTED_EDGE ( 'NONE', *, *, #2257, .T. ) ;
#5006 = SPHERICAL_SURFACE ( 'NONE', #3690, 0.04281496062992144053 ) ;
#5007 = ADVANCED_BREP_SHAPE_REPRESENTATION ( 'CUI_DEVICES_TS15-1212-100-BK-260-SCR-D', ( #3691, #1739, #1729, #3669, #1771, #1380 ), #2316 ) ;
#5008 = AXIS2_PLACEMENT_3D ( 'NONE', #809, #837, #1722 ) ;
#5009 = CARTESIAN_POINT ( 'NONE',  ( -0.2716535433070866867, -0.07132847252522378501, 0.1181102362204724532 ) ) ;
#5010 = ADVANCED_FACE ( 'NONE', ( #1113 ), #3313, .F. ) ;
#5011 = ADVANCED_FACE ( 'NONE', ( #1997 ), #1203, .T. ) ;
#5012 = EDGE_LOOP ( 'NONE', ( #157, #315, #2136, #5419 ) ) ;
#5013 = ORIENTED_EDGE ( 'NONE', *, *, #417, .F. ) ;
#5014 = CARTESIAN_POINT ( 'NONE',  ( 0.2287720791657797959, 0.1122047244094488277, -0.09862665203939349756 ) ) ;
#5015 = DIRECTION ( 'NONE',  ( -0.000000000000000000, -0.000000000000000000, -1.000000000000000000 ) ) ;
#5016 = ORIENTED_EDGE ( 'NONE', *, *, #1709, .T. ) ;
#5017 = VERTEX_POINT ( 'NONE', #2083 ) ;
#5018 = VECTOR ( 'NONE', #5718, 39.37007874015748143 ) ;
#5019 = DIRECTION ( 'NONE',  ( 0.000000000000000000, 1.000000000000000000, 0.000000000000000000 ) ) ;
#5020 = ADVANCED_FACE ( 'NONE', ( #5104 ), #3371, .T. ) ;
#5021 = DIRECTION ( 'NONE',  ( 1.000000000000000000, 0.000000000000000000, 0.000000000000000000 ) ) ;
#5022 = AXIS2_PLACEMENT_3D ( 'NONE', #1733, #2209, #5655 ) ;
#5023 = SURFACE_SIDE_STYLE ('',( #964 ) ) ;
#5024 = LINE ( 'NONE', #1003, #3820 ) ;
#5025 = EDGE_CURVE ( 'NONE', #4260, #1155, #2979, .T. ) ;
#5026 = DIRECTION ( 'NONE',  ( -1.000000000000000000, 0.000000000000000000, 0.000000000000000000 ) ) ;
#5027 = ORIENTED_EDGE ( 'NONE', *, *, #28, .F. ) ;
#5028 = AXIS2_PLACEMENT_3D ( 'NONE', #4856, #3009, #798 ) ;
#5029 = CARTESIAN_POINT ( 'NONE',  ( 0.2471304855452270688, -0.1055730167680025977, 0.07874015748031495954 ) ) ;
#5030 = ORIENTED_EDGE ( 'NONE', *, *, #2589, .T. ) ;
#5031 = DIRECTION ( 'NONE',  ( 0.000000000000000000, 0.000000000000000000, 1.000000000000000000 ) ) ;
#5032 = VECTOR ( 'NONE', #1391, 39.37007874015748854 ) ;
#5033 = CARTESIAN_POINT ( 'NONE',  ( -0.2588518599949117815, -0.07631714650562787527, -0.07874015748031495954 ) ) ;
#5034 = ORIENTED_EDGE ( 'NONE', *, *, #813, .T. ) ;
#5035 = DIRECTION ( 'NONE',  ( 1.000000000000000000, 0.000000000000000000, 0.000000000000000000 ) ) ;
#5036 =( LENGTH_UNIT ( ) NAMED_UNIT ( * ) SI_UNIT ( $, .METRE. ) );
#5037 = AXIS2_PLACEMENT_3D ( 'NONE', #3069, #3099, #4965 ) ;
#5038 = LINE ( 'NONE', #1015, #4371 ) ;
#5039 = VECTOR ( 'NONE', #5435, 39.37007874015748143 ) ;
#5040 = ORIENTED_EDGE ( 'NONE', *, *, #2723, .F. ) ;
#5041 = VERTEX_POINT ( 'NONE', #2998 ) ;
#5042 = CARTESIAN_POINT ( 'NONE',  ( -0.1870078740157481711, 0.1122047244094488277, -0.2165354330708661457 ) ) ;
#5043 = CARTESIAN_POINT ( 'NONE',  ( 0.2362204724409450174, 0.01891526584201501035, 0.1181102362204724532 ) ) ;
#5044 = VERTEX_POINT ( 'NONE', #694 ) ;
#5045 = EDGE_CURVE ( 'NONE', #1411, #1466, #4721, .T. ) ;
#5046 = ORIENTED_EDGE ( 'NONE', *, *, #5546, .F. ) ;
#5047 = EDGE_CURVE ( 'NONE', #2345, #3231, #3917, .T. ) ;
#5048 = DIRECTION ( 'NONE',  ( 0.000000000000000000, 0.000000000000000000, -1.000000000000000000 ) ) ;
#5049 = CARTESIAN_POINT ( 'NONE',  ( -0.2362204724409450174, 0.1358267716535433156, -0.2362204724409448231 ) ) ;
#5050 = ORIENTED_EDGE ( 'NONE', *, *, #2926, .T. ) ;
#5051 = DIRECTION ( 'NONE',  ( 0.000000000000000000, 1.000000000000000000, 0.000000000000000000 ) ) ;
#5052 = ORIENTED_EDGE ( 'NONE', *, *, #4955, .T. ) ;
#5053 = ADVANCED_FACE ( 'NONE', ( #4246 ), #163, .T. ) ;
#5054 = DIRECTION ( 'NONE',  ( -1.000000000000000000, 0.000000000000000000, 0.000000000000000000 ) ) ;
#5055 = CYLINDRICAL_SURFACE ( 'NONE', #4072, 0.1377952755905511861 ) ;
#5056 = ORIENTED_EDGE ( 'NONE', *, *, #3183, .T. ) ;
#5057 = CARTESIAN_POINT ( 'NONE',  ( -0.2362204724409450174, 0.01497825796799926064, -0.07874015748031495954 ) ) ;
#5058 = ORIENTED_EDGE ( 'NONE', *, *, #1025, .T. ) ;
#5059 = EDGE_CURVE ( 'NONE', #4175, #5222, #2611, .T. ) ;
#5060 = DIRECTION ( 'NONE',  ( 0.000000000000000000, 0.000000000000000000, -1.000000000000000000 ) ) ;
#5061 = ORIENTED_EDGE ( 'NONE', *, *, #2102, .F. ) ;
#5062 = DIRECTION ( 'NONE',  ( 0.9619789872591621993, 0.2731234667175944653, 0.000000000000000000 ) ) ;
#5063 = CARTESIAN_POINT ( 'NONE',  ( -0.2362204724409450174, 0.01497825796799926064, 0.1181102362204724532 ) ) ;
#5064 = DIRECTION ( 'NONE',  ( 0.000000000000000000, 1.000000000000000000, 0.000000000000000000 ) ) ;
#5065 = EDGE_LOOP ( 'NONE', ( #2848, #5407, #3451, #4507 ) ) ;
#5066 = ORIENTED_EDGE ( 'NONE', *, *, #5301, .F. ) ;
#5067 = LINE ( 'NONE', #4126, #2465 ) ;
#5068 = DIRECTION ( 'NONE',  ( 0.000000000000000000, 0.000000000000000000, 1.000000000000000000 ) ) ;
#5069 = ORIENTED_EDGE ( 'NONE', *, *, #3655, .T. ) ;
#5070 = ORIENTED_EDGE ( 'NONE', *, *, #5530, .F. ) ;
#5071 = FACE_OUTER_BOUND ( 'NONE', #515, .T. ) ;
#5072 = ORIENTED_EDGE ( 'NONE', *, *, #2662, .F. ) ;
#5073 = PRODUCT_RELATED_PRODUCT_CATEGORY ( 'part', '', ( #2860 ) ) ;
#5074 = ADVANCED_FACE ( 'NONE', ( #727 ), #2533, .F. ) ;
#5075 = DIRECTION ( 'NONE',  ( 1.000000000000000000, 0.000000000000000000, 0.000000000000000000 ) ) ;
#5076 = ORIENTED_EDGE ( 'NONE', *, *, #4826, .T. ) ;
#5077 = DIRECTION ( 'NONE',  ( -0.9619789872591620883, 0.2731234667175944097, 0.000000000000000000 ) ) ;
#5078 = VECTOR ( 'NONE', #2535, 39.37007874015748143 ) ;
#5079 = CARTESIAN_POINT ( 'NONE',  ( -0.2972320595286823686, -0.1197977719400012131, 0.07874015748031495954 ) ) ;
#5080 = ADVANCED_FACE ( 'NONE', ( #2006 ), #2512, .F. ) ;
#5081 = EDGE_CURVE ( 'NONE', #3486, #3200, #737, .T. ) ;
#5082 = DIRECTION ( 'NONE',  ( -1.224646799147353207E-16, 0.000000000000000000, -1.000000000000000000 ) ) ;
#5083 = ORIENTED_EDGE ( 'NONE', *, *, #1673, .T. ) ;
#5084 = VECTOR ( 'NONE', #1973, 39.37007874015748143 ) ;
#5085 = FACE_OUTER_BOUND ( 'NONE', #1421, .T. ) ;
#5086 = EDGE_CURVE ( 'NONE', #4548, #5526, #3886, .T. ) ;
#5087 = ORIENTED_EDGE ( 'NONE', *, *, #5434, .T. ) ;
#5088 = DIRECTION ( 'NONE',  ( -0.000000000000000000, -0.000000000000000000, -1.000000000000000000 ) ) ;
#5089 = LINE ( 'NONE', #593, #3385 ) ;
#5090 = CARTESIAN_POINT ( 'NONE',  ( 0.2588518599949117815, -0.06633979854481968086, 0.07874015748031495954 ) ) ;
#5091 = AXIS2_PLACEMENT_3D ( 'NONE', #318, #4367, #5245 ) ;
#5092 = LINE ( 'NONE', #4652, #1087 ) ;
#5093 = ORIENTED_EDGE ( 'NONE', *, *, #3006, .T. ) ;
#5094 = ORIENTED_EDGE ( 'NONE', *, *, #4176, .T. ) ;
#5095 = DIRECTION ( 'NONE',  ( -1.000000000000000000, 0.000000000000000000, 0.000000000000000000 ) ) ;
#5096 = DIRECTION ( 'NONE',  ( -0.000000000000000000, -0.000000000000000000, -1.000000000000000000 ) ) ;
#5097 = EDGE_LOOP ( 'NONE', ( #1765, #2121, #2480, #2105 ) ) ;
#5098 = AXIS2_PLACEMENT_3D ( 'NONE', #4234, #223, #5068 ) ;
#5099 = DIRECTION ( 'NONE',  ( 0.000000000000000000, -1.000000000000000000, 0.000000000000000000 ) ) ;
#5100 = CARTESIAN_POINT ( 'NONE',  ( 0.2519685039370080371, 0.01497825796799926064, 0.1181102362204724532 ) ) ;
#5101 = CARTESIAN_POINT ( 'NONE',  ( 0.2283464566929132022, 0.1122047244094488277, 0.2204724409448819145 ) ) ;
#5102 = AXIS2_PLACEMENT_3D ( 'NONE', #5079, #5567, #1005 ) ;
#5103 = ORIENTED_EDGE ( 'NONE', *, *, #5404, .F. ) ;
#5104 = FACE_OUTER_BOUND ( 'NONE', #745, .T. ) ;
#5105 = VECTOR ( 'NONE', #664, 39.37007874015748854 ) ;
#5106 = CARTESIAN_POINT ( 'NONE',  ( 0.2362204724409447121, 0.1358267716535433156, -0.09076414801644770713 ) ) ;
#5107 = DIRECTION ( 'NONE',  ( -1.000000000000000000, 0.000000000000000000, 0.000000000000000000 ) ) ;
#5108 = ORIENTED_EDGE ( 'NONE', *, *, #1992, .T. ) ;
#5109 = AXIS2_PLACEMENT_3D ( 'NONE', #281, #3927, #4806 ) ;
#5110 = EDGE_CURVE ( 'NONE', #3398, #2817, #1146, .T. ) ;
#5111 = CARTESIAN_POINT ( 'NONE',  ( -0.08566664463896897508, 0.001968503937007873988, -0.1657158043835799122 ) ) ;
#5112 = EDGE_CURVE ( 'NONE', #2235, #637, #201, .T. ) ;
#5113 = DIRECTION ( 'NONE',  ( 0.000000000000000000, 0.000000000000000000, -1.000000000000000000 ) ) ;
#5114 = ORIENTED_EDGE ( 'NONE', *, *, #5546, .T. ) ;
#5115 = CARTESIAN_POINT ( 'NONE',  ( -0.2283464566929135908, 0.1122047244094488277, 0.2362204724409446843 ) ) ;
#5116 = DIRECTION ( 'NONE',  ( 0.000000000000000000, 0.000000000000000000, 1.000000000000000000 ) ) ;
#5117 = AXIS2_PLACEMENT_3D ( 'NONE', #3845, #4343, #3881 ) ;
#5118 = EDGE_CURVE ( 'NONE', #3379, #3712, #295, .T. ) ;
#5119 = CARTESIAN_POINT ( 'NONE',  ( -0.2362204724409450174, 0.1043307086614173318, 0.09076414801644738795 ) ) ;
#5120 = ORIENTED_EDGE ( 'NONE', *, *, #4206, .F. ) ;
#5121 = AXIS2_PLACEMENT_3D ( 'NONE', #2270, #5344, #447 ) ;
#5122 = ORIENTED_EDGE ( 'NONE', *, *, #5179, .F. ) ;
#5123 = CARTESIAN_POINT ( 'NONE',  ( 0.2588518599949117815, -0.06633979854481968086, 0.07874015748031495954 ) ) ;
#5124 = CARTESIAN_POINT ( 'NONE',  ( -0.2283464566929135908, 0.1122047244094488277, 0.09076414801644738795 ) ) ;
#5125 = ORIENTED_EDGE ( 'NONE', *, *, #4506, .T. ) ;
#5126 = ADVANCED_FACE ( 'NONE', ( #5085 ), #4645, .T. ) ;
#5127 = CARTESIAN_POINT ( 'NONE',  ( 0.2517439703971998677, -0.1325679440989251945, -0.07874015748031495954 ) ) ;
#5128 = VECTOR ( 'NONE', #232, 39.37007874015748143 ) ;
#5129 = PLANE ( 'NONE',  #3620 ) ;
#5130 = CARTESIAN_POINT ( 'NONE',  ( 0.2544350171358486512, -0.1230897017222303269, -0.1113407154407584365 ) ) ;
#5131 = CARTESIAN_POINT ( 'NONE',  ( 0.2467864344510313501, -0.07132847252522378501, 0.07874015748031495954 ) ) ;
#5132 = VERTEX_POINT ( 'NONE', #4202 ) ;
#5133 = DIRECTION ( 'NONE',  ( 1.000000000000000000, 0.000000000000000000, 0.000000000000000000 ) ) ;
#5134 = CARTESIAN_POINT ( 'NONE',  ( 0.1870078740157481711, 0.1122047244094488277, -0.1870078740157479769 ) ) ;
#5135 = CARTESIAN_POINT ( 'NONE',  ( -0.2467864344510313501, -0.07132847252522378501, 0.1181102362204724532 ) ) ;
#5136 = ORIENTED_EDGE ( 'NONE', *, *, #2393, .T. ) ;
#5137 = FACE_OUTER_BOUND ( 'NONE', #3238, .T. ) ;
#5138 = DIRECTION ( 'NONE',  ( -0.3820956964504009234, 0.9241227617335713296, 0.000000000000000000 ) ) ;
#5139 = ORIENTED_EDGE ( 'NONE', *, *, #4319, .T. ) ;
#5140 = CYLINDRICAL_SURFACE ( 'NONE', #2093, 0.1377952755905511029 ) ;
#5141 = ADVANCED_FACE ( 'NONE', ( #1616 ), #5200, .F. ) ;
#5142 = EDGE_CURVE ( 'NONE', #1603, #1017, #4732, .T. ) ;
#5143 = CYLINDRICAL_SURFACE ( 'NONE', #2276, 0.04027075222444161801 ) ;
#5144 = DIRECTION ( 'NONE',  ( 1.000000000000000000, 0.000000000000000000, 0.000000000000000000 ) ) ;
#5145 = ORIENTED_EDGE ( 'NONE', *, *, #2287, .T. ) ;
#5146 = EDGE_CURVE ( 'NONE', #794, #3869, #3323, .T. ) ;
#5147 = VERTEX_POINT ( 'NONE', #2981 ) ;
#5148 = DIRECTION ( 'NONE',  ( 0.000000000000000000, 0.000000000000000000, -1.000000000000000000 ) ) ;
#5149 = PLANE ( 'NONE',  #3043 ) ;
#5150 = CARTESIAN_POINT ( 'NONE',  ( -0.2053607947469177353, -0.09371383594840826392, 0.07874015748031495954 ) ) ;
#5151 = ORIENTED_EDGE ( 'NONE', *, *, #204, .T. ) ;
#5152 = CARTESIAN_POINT ( 'NONE',  ( 0.2517439703971998677, -0.1325679440989251945, -0.1043184386361597493 ) ) ;
#5153 = EDGE_CURVE ( 'NONE', #1219, #3657, #435, .T. ) ;
#5154 = VERTEX_POINT ( 'NONE', #3826 ) ;
#5155 = CARTESIAN_POINT ( 'NONE',  ( -0.1870078740157481711, 0.1122047244094488277, -0.1870078740157479769 ) ) ;
#5156 = EDGE_LOOP ( 'NONE', ( #2014, #1190, #3058, #5436 ) ) ;
#5157 = DIRECTION ( 'NONE',  ( 0.000000000000000000, 1.000000000000000000, 0.000000000000000000 ) ) ;
#5158 = CARTESIAN_POINT ( 'NONE',  ( -0.08566664463896897508, 0.001968503937007873988, -0.1657158043835799122 ) ) ;
#5159 = DIRECTION ( 'NONE',  ( 0.000000000000000000, 0.000000000000000000, 1.000000000000000000 ) ) ;
#5160 = DIRECTION ( 'NONE',  ( -0.000000000000000000, -0.000000000000000000, -1.000000000000000000 ) ) ;
#5161 = ORIENTED_EDGE ( 'NONE', *, *, #5025, .T. ) ;
#5162 = FACE_OUTER_BOUND ( 'NONE', #2043, .T. ) ;
#5163 = CIRCLE ( 'NONE', #3402, 0.05208177584647953606 ) ;
#5164 = CARTESIAN_POINT ( 'NONE',  ( -0.2519685039370080371, 0.01497825796799926064, -0.1181102362204724532 ) ) ;
#5165 = CARTESIAN_POINT ( 'NONE',  ( -0.2588518599949117815, -0.07631714650562787527, 0.1181102362204724532 ) ) ;
#5166 = VERTEX_POINT ( 'NONE', #2891 ) ;
#5167 = DIRECTION ( 'NONE',  ( 0.000000000000000000, -1.000000000000000000, 0.000000000000000000 ) ) ;
#5168 = AXIS2_PLACEMENT_3D ( 'NONE', #1440, #121, #4946 ) ;
#5169 = FACE_OUTER_BOUND ( 'NONE', #918, .T. ) ;
#5170 = DIRECTION ( 'NONE',  ( 0.000000000000000000, 0.000000000000000000, 1.000000000000000000 ) ) ;
#5171 = CIRCLE ( 'NONE', #3593, 0.02486710885605532273 ) ;
#5172 = AXIS2_PLACEMENT_3D ( 'NONE', #955, #1899, #2406 ) ;
#5173 = ORIENTED_EDGE ( 'NONE', *, *, #1747, .T. ) ;
#5174 = VERTEX_POINT ( 'NONE', #647 ) ;
#5175 = CARTESIAN_POINT ( 'NONE',  ( 0.2598425196850394081, -0.07132847252522378501, 0.07874015748031495954 ) ) ;
#5176 = DIRECTION ( 'NONE',  ( 9.912705577010328508E-16, 0.000000000000000000, -1.000000000000000000 ) ) ;
#5177 = VECTOR ( 'NONE', #1369, 39.37007874015748143 ) ;
#5178 = CARTESIAN_POINT ( 'NONE',  ( 0.2697666957634185514, -0.06182685724816141398, 0.07874015748031495954 ) ) ;
#5179 = EDGE_CURVE ( 'NONE', #3841, #1058, #5574, .T. ) ;
#5180 = EDGE_CURVE ( 'NONE', #3814, #930, #5774, .T. ) ;
#5181 = CIRCLE ( 'NONE', #3780, 0.01305608523400804757 ) ;
#5182 = CARTESIAN_POINT ( 'NONE',  ( 0.2204724409448817202, 0.007874015748031499423, 0.2362204724409449341 ) ) ;
#5183 = ORIENTED_EDGE ( 'NONE', *, *, #1519, .T. ) ;
#5184 = DIRECTION ( 'NONE',  ( -1.077125096681061906E-15, 1.000000000000000000, 0.000000000000000000 ) ) ;
#5185 = ORIENTED_EDGE ( 'NONE', *, *, #1881, .T. ) ;
#5186 = DIRECTION ( 'NONE',  ( -0.9619789872591621993, 0.2731234667175944653, 0.000000000000000000 ) ) ;
#5187 = VERTEX_POINT ( 'NONE', #1304 ) ;
#5188 = AXIS2_PLACEMENT_3D ( 'NONE', #5288, #363, #3008 ) ;
#5189 = CARTESIAN_POINT ( 'NONE',  ( 0.2588518599949117815, -0.07631714650562787527, 0.07874015748031495954 ) ) ;
#5190 = ADVANCED_FACE ( 'NONE', ( #3472 ), #3071, .F. ) ;
#5191 = FACE_OUTER_BOUND ( 'NONE', #4703, .T. ) ;
#5192 = AXIS2_PLACEMENT_3D ( 'NONE', #4408, #4793, #2540 ) ;
#5193 = DIRECTION ( 'NONE',  ( 0.2731234667176057340, -0.9619789872591587576, 0.000000000000000000 ) ) ;
#5194 = DIRECTION ( 'NONE',  ( 0.000000000000000000, 0.000000000000000000, 1.000000000000000000 ) ) ;
#5195 = ORIENTED_EDGE ( 'NONE', *, *, #1994, .T. ) ;
#5196 = CARTESIAN_POINT ( 'NONE',  ( -0.2204724409448820255, 0.007874015748031499423, -0.2362204724409448231 ) ) ;
#5197 = EDGE_CURVE ( 'NONE', #5216, #5523, #3036, .T. ) ;
#5198 = AXIS2_PLACEMENT_3D ( 'NONE', #2030, #5599, #1676 ) ;
#5199 = FACE_OUTER_BOUND ( 'NONE', #3616, .T. ) ;
#5200 = PLANE ( 'NONE',  #4264 ) ;
#5201 = ORIENTED_EDGE ( 'NONE', *, *, #95, .T. ) ;
#5202 = CYLINDRICAL_SURFACE ( 'NONE', #4809, 0.003937007874015744507 ) ;
#5203 = FACE_OUTER_BOUND ( 'NONE', #4604, .T. ) ;
#5204 = LINE ( 'NONE', #742, #4464 ) ;
#5205 = AXIS2_PLACEMENT_3D ( 'NONE', #2073, #372, #2166 ) ;
#5206 = ORIENTED_EDGE ( 'NONE', *, *, #2721, .T. ) ;
#5207 = VERTEX_POINT ( 'NONE', #2570 ) ;
#5208 = FACE_OUTER_BOUND ( 'NONE', #3683, .T. ) ;
#5209 = CARTESIAN_POINT ( 'NONE',  ( 0.000000000000000000, 0.1437007874015747977, 0.2283464566929134520 ) ) ;
#5210 = CIRCLE ( 'NONE', #154, 0.1247060291111783958 ) ;
#5211 = AXIS2_PLACEMENT_3D ( 'NONE', #301, #5635, #1245 ) ;
#5212 = DIRECTION ( 'NONE',  ( -0.9241227617335714406, -0.3820956964504007014, -0.000000000000000000 ) ) ;
#5213 = CIRCLE ( 'NONE', #2700, 0.04027075222444161801 ) ;
#5214 = CIRCLE ( 'NONE', #5313, 0.05208177584647953606 ) ;
#5215 = LINE ( 'NONE', #4747, #5667 ) ;
#5216 = VERTEX_POINT ( 'NONE', #2128 ) ;
#5217 = FACE_OUTER_BOUND ( 'NONE', #1481, .T. ) ;
#5218 = EDGE_CURVE ( 'NONE', #1348, #611, #5289, .T. ) ;
#5219 = CARTESIAN_POINT ( 'NONE',  ( 0.2588518599949117815, -0.07631714650562787527, -0.07874015748031495954 ) ) ;
#5220 = EDGE_CURVE ( 'NONE', #2610, #385, #5210, .T. ) ;
#5221 = VERTEX_POINT ( 'NONE', #3448 ) ;
#5222 = VERTEX_POINT ( 'NONE', #5701 ) ;
#5223 = AXIS2_PLACEMENT_3D ( 'NONE', #1083, #2469, #1577 ) ;
#5224 = LINE ( 'NONE', #354, #4082 ) ;
#5225 = DIRECTION ( 'NONE',  ( 0.000000000000000000, 1.000000000000000000, 0.000000000000000000 ) ) ;
#5226 = EDGE_CURVE ( 'NONE', #1647, #3641, #2246, .T. ) ;
#5227 = CARTESIAN_POINT ( 'NONE',  ( -0.2362204724409450174, 0.01891526584201501035, 0.07874015748031495954 ) ) ;
#5228 = ORIENTED_EDGE ( 'NONE', *, *, #3655, .F. ) ;
#5229 = CARTESIAN_POINT ( 'NONE',  ( 0.2401574803149607862, 0.01497825796799926064, 0.1181102362204724532 ) ) ;
#5230 = LINE ( 'NONE', #3848, #4635 ) ;
#5231 = ORIENTED_EDGE ( 'NONE', *, *, #1060, .F. ) ;
#5232 = EDGE_CURVE ( 'NONE', #5041, #2965, #2694, .T. ) ;
#5233 = CARTESIAN_POINT ( 'NONE',  ( 0.2362204724409447121, 0.1043307086614173318, -0.09076414801644770713 ) ) ;
#5234 = ORIENTED_EDGE ( 'NONE', *, *, #3852, .T. ) ;
#5235 = DIRECTION ( 'NONE',  ( -1.000000000000000000, 0.000000000000000000, 0.000000000000000000 ) ) ;
#5236 = ORIENTED_EDGE ( 'NONE', *, *, #1244, .T. ) ;
#5237 = ORIENTED_EDGE ( 'NONE', *, *, #3916, .T. ) ;
#5238 = CARTESIAN_POINT ( 'NONE',  ( -0.2362204724409450174, 0.01497825796799926064, -0.1181102362204724532 ) ) ;
#5239 = DIRECTION ( 'NONE',  ( 0.000000000000000000, 0.000000000000000000, -1.000000000000000000 ) ) ;
#5240 = CARTESIAN_POINT ( 'NONE',  ( -0.2584924420876581475, -0.1087988844851397185, -0.07874015748031495954 ) ) ;
#5241 = DIRECTION ( 'NONE',  ( -1.077125096681061906E-15, -1.000000000000000000, -0.000000000000000000 ) ) ;
#5242 = VERTEX_POINT ( 'NONE', #829 ) ;
#5243 = CARTESIAN_POINT ( 'NONE',  ( 0.2362204724409450174, 0.01497825796799926064, 0.1181102362204724532 ) ) ;
#5244 = EDGE_LOOP ( 'NONE', ( #368, #5601, #1317, #5322 ) ) ;
#5245 = DIRECTION ( 'NONE',  ( 0.000000000000000000, 0.000000000000000000, 1.000000000000000000 ) ) ;
#5246 = CARTESIAN_POINT ( 'NONE',  ( 0.2467864344510313501, -0.07132847252522378501, 0.07874015748031495954 ) ) ;
#5247 = EDGE_CURVE ( 'NONE', #1155, #1874, #705, .T. ) ;
#5248 = CARTESIAN_POINT ( 'NONE',  ( -0.2362204724409450174, 0.01497825796799926064, -0.07874015748031495954 ) ) ;
#5249 = VERTEX_POINT ( 'NONE', #3563 ) ;
#5250 = DIRECTION ( 'NONE',  ( 0.000000000000000000, 0.000000000000000000, 1.000000000000000000 ) ) ;
#5251 = DIRECTION ( 'NONE',  ( 0.000000000000000000, 0.000000000000000000, -1.000000000000000000 ) ) ;
#5252 = ORIENTED_EDGE ( 'NONE', *, *, #662, .F. ) ;
#5253 = LINE ( 'NONE', #1682, #1468 ) ;
#5254 = EDGE_CURVE ( 'NONE', #2240, #896, #4759, .T. ) ;
#5255 = EDGE_CURVE ( 'NONE', #5298, #5154, #1684, .T. ) ;
#5256 = PLANE ( 'NONE',  #5188 ) ;
#5257 = CARTESIAN_POINT ( 'NONE',  ( -0.2362204724409450174, 0.1122047244094488277, 0.2283464566929134520 ) ) ;
#5258 = ORIENTED_EDGE ( 'NONE', *, *, #2578, .F. ) ;
#5259 = FACE_OUTER_BOUND ( 'NONE', #891, .T. ) ;
#5260 = ORIENTED_EDGE ( 'NONE', *, *, #173, .F. ) ;
#5261 = PLANE ( 'NONE',  #4092 ) ;
#5262 = ADVANCED_FACE ( 'NONE', ( #883 ), #3945, .T. ) ;
#5263 = AXIS2_PLACEMENT_3D ( 'NONE', #41, #4087, #3708 ) ;
#5264 = EDGE_LOOP ( 'NONE', ( #5013, #107, #349, #3776 ) ) ;
#5265 = ORIENTED_EDGE ( 'NONE', *, *, #3852, .F. ) ;
#5266 = FACE_OUTER_BOUND ( 'NONE', #1267, .T. ) ;
#5267 = LINE ( 'NONE', #278, #1066 ) ;
#5268 = AXIS2_PLACEMENT_3D ( 'NONE', #3996, #5784, #1737 ) ;
#5269 = CARTESIAN_POINT ( 'NONE',  ( 0.2362204724409444900, 0.1358267716535433156, 0.2362204724409452394 ) ) ;
#5270 = AXIS2_PLACEMENT_3D ( 'NONE', #169, #5441, #5095 ) ;
#5271 = DIRECTION ( 'NONE',  ( 0.000000000000000000, 0.000000000000000000, 1.000000000000000000 ) ) ;
#5272 = ORIENTED_EDGE ( 'NONE', *, *, #3661, .F. ) ;
#5273 = CARTESIAN_POINT ( 'NONE',  ( 0.2362204724409447676, 0.1122047244094488277, -0.2362204724409451007 ) ) ;
#5274 = CIRCLE ( 'NONE', #3032, 0.1338582677165354173 ) ;
#5275 = ORIENTED_EDGE ( 'NONE', *, *, #140, .F. ) ;
#5276 = AXIS2_PLACEMENT_3D ( 'NONE', #2753, #4528, #511 ) ;
#5277 = DIRECTION ( 'NONE',  ( 0.000000000000000000, 0.000000000000000000, 1.000000000000000000 ) ) ;
#5278 = VERTEX_POINT ( 'NONE', #1271 ) ;
#5279 = PLANE ( 'NONE',  #3239 ) ;
#5280 = VECTOR ( 'NONE', #2440, 39.37007874015748854 ) ;
#5281 = DIRECTION ( 'NONE',  ( -1.000000000000000000, 0.000000000000000000, 0.000000000000000000 ) ) ;
#5282 = VERTEX_POINT ( 'NONE', #4409 ) ;
#5283 = CIRCLE ( 'NONE', #132, 0.1377952755905511584 ) ;
#5284 = CARTESIAN_POINT ( 'NONE',  ( -0.2362204724409450174, 0.1437007874015747977, -0.09076414801644744346 ) ) ;
#5285 = ORIENTED_EDGE ( 'NONE', *, *, #2589, .F. ) ;
#5286 = LINE ( 'NONE', #1268, #79 ) ;
#5287 = VECTOR ( 'NONE', #5700, 39.37007874015748143 ) ;
#5288 = CARTESIAN_POINT ( 'NONE',  ( -0.2697666957634185514, -0.08083008780228616297, -0.07874015748031495954 ) ) ;
#5289 = LINE ( 'NONE', #4824, #2876 ) ;
#5290 = CARTESIAN_POINT ( 'NONE',  ( -0.09076414801644772101, 0.1437007874015747977, 0.2283464566929134520 ) ) ;
#5291 = EDGE_CURVE ( 'NONE', #5242, #4396, #1596, .T. ) ;
#5292 = ORIENTED_EDGE ( 'NONE', *, *, #1940, .T. ) ;
#5293 = EDGE_CURVE ( 'NONE', #586, #2806, #4468, .T. ) ;
#5294 = AXIS2_PLACEMENT_3D ( 'NONE', #2241, #1767, #4074 ) ;
#5295 = CARTESIAN_POINT ( 'NONE',  ( 0.2401574803149607862, 0.01497825796799926064, 0.07874015748031495954 ) ) ;
#5296 = DIRECTION ( 'NONE',  ( -0.000000000000000000, -0.000000000000000000, -1.000000000000000000 ) ) ;
#5297 = ORIENTED_EDGE ( 'NONE', *, *, #3258, .F. ) ;
#5298 = VERTEX_POINT ( 'NONE', #2719 ) ;
#5299 = LINE ( 'NONE', #4836, #1604 ) ;
#5300 = CARTESIAN_POINT ( 'NONE',  ( -0.2362204724409450174, 0.1122047244094488277, 0.2362204724409446843 ) ) ;
#5301 = EDGE_CURVE ( 'NONE', #2495, #4049, #5402, .T. ) ;
#5302 = DIRECTION ( 'NONE',  ( 0.000000000000000000, -1.000000000000000000, 0.000000000000000000 ) ) ;
#5303 = ORIENTED_EDGE ( 'NONE', *, *, #1894, .T. ) ;
#5304 = CARTESIAN_POINT ( 'NONE',  ( -0.2623221870835730218, -0.01672474479929638227, -0.07874015748031495954 ) ) ;
#5305 = AXIS2_PLACEMENT_3D ( 'NONE', #563, #591, #3271 ) ;
#5306 = AXIS2_PLACEMENT_3D ( 'NONE', #2724, #1714, #3184 ) ;
#5307 = ORIENTED_EDGE ( 'NONE', *, *, #129, .F. ) ;
#5308 = DIRECTION ( 'NONE',  ( 0.000000000000000000, 0.000000000000000000, 1.000000000000000000 ) ) ;
#5309 = EDGE_CURVE ( 'NONE', #1746, #4120, #4967, .T. ) ;
#5310 = ORIENTED_EDGE ( 'NONE', *, *, #5332, .F. ) ;
#5311 = CYLINDRICAL_SURFACE ( 'NONE', #2218, 0.01305608523400804757 ) ;
#5312 = VECTOR ( 'NONE', #5661, 39.37007874015748143 ) ;
#5313 = AXIS2_PLACEMENT_3D ( 'NONE', #2568, #2978, #1649 ) ;
#5314 = LINE ( 'NONE', #3995, #3612 ) ;
#5315 = AXIS2_PLACEMENT_3D ( 'NONE', #2387, #5077, #150 ) ;
#5316 = CARTESIAN_POINT ( 'NONE',  ( -0.2283464566929135908, 0.1043307086614173318, 0.2362204724409449341 ) ) ;
#5317 = ORIENTED_EDGE ( 'NONE', *, *, #5291, .F. ) ;
#5318 = DIRECTION ( 'NONE',  ( -0.2731234667176057340, -0.9619789872591587576, 2.168404344971009499E-14 ) ) ;
#5319 = CIRCLE ( 'NONE', #1098, 0.01035368314656493448 ) ;
#5320 = CARTESIAN_POINT ( 'NONE',  ( -0.2519685039370080371, 0.01497825796799926064, 0.1181102362204724532 ) ) ;
#5321 = LINE ( 'NONE', #5703, #762 ) ;
#5322 = ORIENTED_EDGE ( 'NONE', *, *, #4119, .T. ) ;
#5323 = CARTESIAN_POINT ( 'NONE',  ( 0.08566664463896897508, 0.000000000000000000, 0.2283464566929134520 ) ) ;
#5324 = EDGE_CURVE ( 'NONE', #4454, #3047, #4518, .T. ) ;
#5325 = ADVANCED_FACE ( 'NONE', ( #916 ), #4084, .T. ) ;
#5326 = EDGE_LOOP ( 'NONE', ( #412, #395, #725, #4131 ) ) ;
#5327 = EDGE_LOOP ( 'NONE', ( #4124, #2933, #3521, #2905 ) ) ;
#5328 = PLANE ( 'NONE',  #5372 ) ;
#5329 = CARTESIAN_POINT ( 'NONE',  ( 0.1870078740157481711, 0.1200787401574803237, -0.1870078740157479769 ) ) ;
#5330 = LINE ( 'NONE', #864, #3625 ) ;
#5331 = ADVANCED_FACE ( 'NONE', ( #1800 ), #2773, .T. ) ;
#5332 = EDGE_CURVE ( 'NONE', #1219, #1688, #3543, .T. ) ;
#5333 = ORIENTED_EDGE ( 'NONE', *, *, #4659, .F. ) ;
#5334 = CARTESIAN_POINT ( 'NONE',  ( 0.09076414801644738795, 0.1043307086614173318, -0.2362204724409448231 ) ) ;
#5335 = LINE ( 'NONE', #1200, #35 ) ;
#5336 = ORIENTED_EDGE ( 'NONE', *, *, #4905, .T. ) ;
#5337 = ORIENTED_EDGE ( 'NONE', *, *, #4659, .T. ) ;
#5338 = DIRECTION ( 'NONE',  ( 0.000000000000000000, 0.000000000000000000, 1.000000000000000000 ) ) ;
#5339 = EDGE_CURVE ( 'NONE', #307, #3657, #1361, .T. ) ;
#5340 = CARTESIAN_POINT ( 'NONE',  ( -0.2362204724409450174, 0.1043307086614173318, -0.09076414801644744346 ) ) ;
#5341 = ORIENTED_EDGE ( 'NONE', *, *, #1410, .T. ) ;
#5342 = DIRECTION ( 'NONE',  ( 0.000000000000000000, 0.000000000000000000, -1.000000000000000000 ) ) ;
#5343 = EDGE_LOOP ( 'NONE', ( #2442, #5651 ) ) ;
#5344 = DIRECTION ( 'NONE',  ( -0.000000000000000000, -0.000000000000000000, -1.000000000000000000 ) ) ;
#5345 = DIRECTION ( 'NONE',  ( 0.000000000000000000, -1.000000000000000000, 0.000000000000000000 ) ) ;
#5346 = DIRECTION ( 'NONE',  ( 1.000000000000000000, 0.000000000000000000, 0.000000000000000000 ) ) ;
#5347 = CYLINDRICAL_SURFACE ( 'NONE', #5534, 0.007874015748031482076 ) ;
#5348 = ORIENTED_EDGE ( 'NONE', *, *, #2856, .F. ) ;
#5349 = CARTESIAN_POINT ( 'NONE',  ( 0.2528192596362454636, -0.1287806252514481775, 0.1043184386361597493 ) ) ;
#5350 = ORIENTED_EDGE ( 'NONE', *, *, #1527, .F. ) ;
#5351 = CARTESIAN_POINT ( 'NONE',  ( 0.1870078740157481711, 0.1200787401574803237, 0.1870078740157479769 ) ) ;
#5352 = DIRECTION ( 'NONE',  ( -0.000000000000000000, -1.000000000000000000, -0.000000000000000000 ) ) ;
#5353 = DIRECTION ( 'NONE',  ( -0.000000000000000000, -0.000000000000000000, -1.000000000000000000 ) ) ;
#5354 = AXIS2_PLACEMENT_3D ( 'NONE', #4148, #3713, #1477 ) ;
#5355 = EDGE_LOOP ( 'NONE', ( #5050, #1635, #5285, #792 ) ) ;
#5356 = ORIENTED_EDGE ( 'NONE', *, *, #4089, .T. ) ;
#5357 = CARTESIAN_POINT ( 'NONE',  ( -0.2697666957634185514, -0.06182685724816141398, 0.07874015748031495954 ) ) ;
#5358 = CARTESIAN_POINT ( 'NONE',  ( 0.2053607947469177353, -0.09371383594840826392, 0.07874015748031495954 ) ) ;
#5359 = ORIENTED_EDGE ( 'NONE', *, *, #5197, .T. ) ;
#5360 = EDGE_CURVE ( 'NONE', #3952, #629, #39, .T. ) ;
#5361 = ADVANCED_FACE ( 'NONE', ( #3656 ), #1035, .T. ) ;
#5362 = CARTESIAN_POINT ( 'NONE',  ( 0.2584924420876581475, -0.1087988844851397185, -0.1181102362204724532 ) ) ;
#5363 = VECTOR ( 'NONE', #698, 39.37007874015748143 ) ;
#5364 = CARTESIAN_POINT ( 'NONE',  ( 0.2972320595286911393, -0.1197977719400046548, -0.07874015748031495954 ) ) ;
#5365 = VECTOR ( 'NONE', #2732, 39.37007874015748143 ) ;
#5366 = ORIENTED_EDGE ( 'NONE', *, *, #266, .F. ) ;
#5367 = DIRECTION ( 'NONE',  ( -1.000000000000000000, 0.000000000000000000, 0.000000000000000000 ) ) ;
#5368 =( NAMED_UNIT ( * ) SI_UNIT ( $, .STERADIAN. ) SOLID_ANGLE_UNIT ( ) );
#5369 = ORIENTED_EDGE ( 'NONE', *, *, #1590, .F. ) ;
#5370 = ADVANCED_FACE ( 'NONE', ( #3741 ), #127, .F. ) ;
#5371 = AXIS2_PLACEMENT_3D ( 'NONE', #4256, #623, #1120 ) ;
#5372 = AXIS2_PLACEMENT_3D ( 'NONE', #4889, #3165, #861 ) ;
#5373 = DIRECTION ( 'NONE',  ( 0.3820956964504009234, 0.9241227617335713296, 0.000000000000000000 ) ) ;
#5374 = CARTESIAN_POINT ( 'NONE',  ( -0.2588518599949117815, -0.06633979854481968086, 0.1181102362204724532 ) ) ;
#5375 = DIRECTION ( 'NONE',  ( 0.000000000000000000, -1.000000000000000000, 0.000000000000000000 ) ) ;
#5376 = CARTESIAN_POINT ( 'NONE',  ( 0.2623221870835733549, -0.01672474479929622962, -0.07874015748031495954 ) ) ;
#5377 = ORIENTED_EDGE ( 'NONE', *, *, #5118, .F. ) ;
#5378 = EDGE_CURVE ( 'NONE', #1746, #250, #977, .T. ) ;
#5379 = DIRECTION ( 'NONE',  ( -1.000000000000000000, 0.000000000000000000, 0.000000000000000000 ) ) ;
#5380 = CIRCLE ( 'NONE', #2764, 0.02216470676861258607 ) ;
#5381 = ORIENTED_EDGE ( 'NONE', *, *, #1026, .F. ) ;
#5382 = VECTOR ( 'NONE', #330, 39.37007874015748854 ) ;
#5383 = CARTESIAN_POINT ( 'NONE',  ( -0.2283464566929135908, 0.1122047244094488277, 0.09865035267987272427 ) ) ;
#5384 = DIRECTION ( 'NONE',  ( 1.000000000000000000, 0.000000000000000000, 0.000000000000000000 ) ) ;
#5385 = CARTESIAN_POINT ( 'NONE',  ( -0.08566664463896897508, 0.001968503937007873988, 0.2335546285650878240 ) ) ;
#5386 = AXIS2_PLACEMENT_3D ( 'NONE', #5364, #467, #1855 ) ;
#5387 = ORIENTED_EDGE ( 'NONE', *, *, #1104, .T. ) ;
#5388 = CARTESIAN_POINT ( 'NONE',  ( -0.2697666957634185514, -0.06182685724816141398, -0.07874015748031495954 ) ) ;
#5389 = CARTESIAN_POINT ( 'NONE',  ( -0.1870078740157481711, 0.1122047244094488277, 0.1870078740157479769 ) ) ;
#5390 = AXIS2_PLACEMENT_3D ( 'NONE', #2625, #4814, #2560 ) ;
#5391 = ORIENTED_EDGE ( 'NONE', *, *, #4766, .F. ) ;
#5392 = DIRECTION ( 'NONE',  ( 0.000000000000000000, -1.000000000000000000, 0.000000000000000000 ) ) ;
#5393 = AXIS2_PLACEMENT_3D ( 'NONE', #1419, #1783, #19 ) ;
#5394 = LINE ( 'NONE', #2681, #3892 ) ;
#5395 = EDGE_CURVE ( 'NONE', #3968, #5702, #4937, .T. ) ;
#5396 = EDGE_CURVE ( 'NONE', #2180, #4416, #1476, .T. ) ;
#5397 = ORIENTED_EDGE ( 'NONE', *, *, #5396, .F. ) ;
#5398 = ORIENTED_EDGE ( 'NONE', *, *, #1747, .F. ) ;
#5399 = AXIS2_PLACEMENT_3D ( 'NONE', #1504, #3299, #2866 ) ;
#5400 = LINE ( 'NONE', #4465, #2040 ) ;
#5401 = LINE ( 'NONE', #4942, #4352 ) ;
#5402 = LINE ( 'NONE', #3180, #3807 ) ;
#5403 = AXIS2_PLACEMENT_3D ( 'NONE', #4725, #1266, #5626 ) ;
#5404 = EDGE_CURVE ( 'NONE', #5472, #1228, #5004, .T. ) ;
#5405 = CIRCLE ( 'NONE', #3168, 0.007874015748031482076 ) ;
#5406 = DIRECTION ( 'NONE',  ( 1.000000000000000000, 0.000000000000000000, 0.000000000000000000 ) ) ;
#5407 = ORIENTED_EDGE ( 'NONE', *, *, #3146, .F. ) ;
#5408 = DIRECTION ( 'NONE',  ( 0.9619789872591621993, -0.2731234667175944653, 0.000000000000000000 ) ) ;
#5409 = DIRECTION ( 'NONE',  ( 0.000000000000000000, 0.000000000000000000, 1.000000000000000000 ) ) ;
#5410 = EDGE_CURVE ( 'NONE', #673, #896, #2026, .T. ) ;
#5411 = ORIENTED_EDGE ( 'NONE', *, *, #388, .F. ) ;
#5412 = FACE_OUTER_BOUND ( 'NONE', #291, .T. ) ;
#5413 = DIRECTION ( 'NONE',  ( 0.000000000000000000, 1.000000000000000000, 0.000000000000000000 ) ) ;
#5414 = DIRECTION ( 'NONE',  ( 0.2731234667176027919, -0.9619789872591596458, 0.000000000000000000 ) ) ;
#5415 =( BOUNDED_CURVE ( )  B_SPLINE_CURVE ( 3, ( #1224, #4712, #5648, #719 ),
 .UNSPECIFIED., .F., .F. ) 
 B_SPLINE_CURVE_WITH_KNOTS ( ( 4, 4 ),
 ( 1.570796326794896558, 3.087512241975617577 ),
 .UNSPECIFIED. ) 
 CURVE ( )  GEOMETRIC_REPRESENTATION_ITEM ( )  RATIONAL_B_SPLINE_CURVE ( ( 1.000000000000000000, 0.8173108475157944142, 0.8173108475157944142, 1.000000000000000000 ) ) 
 REPRESENTATION_ITEM ( '' )  );
#5416 = ORIENTED_EDGE ( 'NONE', *, *, #3229, .F. ) ;
#5417 = EDGE_LOOP ( 'NONE', ( #4557, #5348, #1364, #5069 ) ) ;
#5418 = DIRECTION ( 'NONE',  ( 0.000000000000000000, 0.000000000000000000, -1.000000000000000000 ) ) ;
#5419 = ORIENTED_EDGE ( 'NONE', *, *, #4141, .F. ) ;
#5420 = PRESENTATION_STYLE_ASSIGNMENT (( #3699 ) ) ;
#5421 = DIRECTION ( 'NONE',  ( 0.000000000000000000, 1.000000000000000000, 0.000000000000000000 ) ) ;
#5422 = CARTESIAN_POINT ( 'NONE',  ( 0.2204724409448817202, 0.1122047244094488277, -0.2204724409448818312 ) ) ;
#5423 = ORIENTED_EDGE ( 'NONE', *, *, #1754, .F. ) ;
#5424 = ORIENTED_EDGE ( 'NONE', *, *, #5460, .T. ) ;
#5425 = ADVANCED_FACE ( 'NONE', ( #4616 ), #5513, .F. ) ;
#5426 = FACE_OUTER_BOUND ( 'NONE', #2943, .T. ) ;
#5427 = CYLINDRICAL_SURFACE ( 'NONE', #5658, 0.003937007874015744507 ) ;
#5428 = CARTESIAN_POINT ( 'NONE',  ( 0.2584924420876581475, -0.1087988844851397185, 0.07874015748031495954 ) ) ;
#5429 = ORIENTED_EDGE ( 'NONE', *, *, #4214, .F. ) ;
#5430 = CARTESIAN_POINT ( 'NONE',  ( -0.2414573030938143294, -0.1255547575343105293, 0.1043184386361599991 ) ) ;
#5431 = ORIENTED_EDGE ( 'NONE', *, *, #3938, .T. ) ;
#5432 = EDGE_CURVE ( 'NONE', #1576, #1274, #2338, .T. ) ;
#5433 = DIRECTION ( 'NONE',  ( -0.2731234667175965747, 0.9619789872591615332, 0.000000000000000000 ) ) ;
#5434 = EDGE_CURVE ( 'NONE', #5187, #5498, #2412, .T. ) ;
#5435 = DIRECTION ( 'NONE',  ( 0.000000000000000000, 0.000000000000000000, 1.000000000000000000 ) ) ;
#5436 = ORIENTED_EDGE ( 'NONE', *, *, #3986, .F. ) ;
#5437 = DIRECTION ( 'NONE',  ( 0.9619789872591466562, -0.2731234667176487552, 2.175987969930884715E-14 ) ) ;
#5438 = DIRECTION ( 'NONE',  ( 0.000000000000000000, 1.000000000000000000, 0.000000000000000000 ) ) ;
#5439 = EDGE_CURVE ( 'NONE', #1293, #5666, #4498, .T. ) ;
#5440 = VERTEX_POINT ( 'NONE', #3241 ) ;
#5441 = DIRECTION ( 'NONE',  ( 0.000000000000000000, 0.000000000000000000, 1.000000000000000000 ) ) ;
#5442 = DIRECTION ( 'NONE',  ( -0.000000000000000000, -1.000000000000000000, -0.000000000000000000 ) ) ;
#5443 = ORIENTED_EDGE ( 'NONE', *, *, #5608, .F. ) ;
#5444 = ORIENTED_EDGE ( 'NONE', *, *, #21, .T. ) ;
#5445 = EDGE_CURVE ( 'NONE', #325, #666, #102, .T. ) ;
#5446 = DIRECTION ( 'NONE',  ( 0.000000000000000000, 0.000000000000000000, -1.000000000000000000 ) ) ;
#5447 = VECTOR ( 'NONE', #2664, 39.37007874015748143 ) ;
#5448 = ORIENTED_EDGE ( 'NONE', *, *, #4292, .T. ) ;
#5449 = CARTESIAN_POINT ( 'NONE',  ( -0.2527541128200550546, -0.02068084257200989914, -0.07874015748031495954 ) ) ;
#5450 = AXIS2_PLACEMENT_3D ( 'NONE', #5135, #1115, #2179 ) ;
#5451 = CIRCLE ( 'NONE', #3778, 0.007874015748031482076 ) ;
#5452 = DIRECTION ( 'NONE',  ( 0.3820956964504008679, -0.9241227617335713296, 0.000000000000000000 ) ) ;
#5453 = STYLED_ITEM ( 'NONE', ( #4726 ), #1729 ) ;
#5454 = DIRECTION ( 'NONE',  ( 0.000000000000000000, 0.000000000000000000, 1.000000000000000000 ) ) ;
#5455 = VECTOR ( 'NONE', #2582, 39.37007874015748143 ) ;
#5456 = EDGE_LOOP ( 'NONE', ( #3342, #1101, #3872, #360 ) ) ;
#5457 = CARTESIAN_POINT ( 'NONE',  ( -0.2362204724409450174, 0.03072628946406225775, 0.1181102362204724532 ) ) ;
#5458 = VECTOR ( 'NONE', #1636, 39.37007874015748143 ) ;
#5459 = CARTESIAN_POINT ( 'NONE',  ( 0.2623221870835733549, -0.01672474479929622962, 0.07874015748031495954 ) ) ;
#5460 = EDGE_CURVE ( 'NONE', #3083, #2178, #3161, .T. ) ;
#5461 = ADVANCED_FACE ( 'NONE', ( #3680 ), #2364, .T. ) ;
#5462 = LINE ( 'NONE', #1925, #2381 ) ;
#5463 = CARTESIAN_POINT ( 'NONE',  ( -0.08566664463896897508, 0.001968503937007873988, 0.1657158043835799122 ) ) ;
#5464 = VECTOR ( 'NONE', #2238, 39.37007874015748143 ) ;
#5465 = LINE ( 'NONE', #1449, #243 ) ;
#5466 = AXIS2_PLACEMENT_3D ( 'NONE', #3591, #1407, #12 ) ;
#5467 = VERTEX_POINT ( 'NONE', #4144 ) ;
#5468 = EDGE_CURVE ( 'NONE', #3047, #912, #1475, .T. ) ;
#5469 = ORIENTED_EDGE ( 'NONE', *, *, #1347, .F. ) ;
#5470 = CARTESIAN_POINT ( 'NONE',  ( -0.2527541128200550546, -0.02068084257200989914, -0.1181102362204724532 ) ) ;
#5471 = CARTESIAN_POINT ( 'NONE',  ( 0.2204724409448817202, 0.007874015748031495954, -0.2283464566929133410 ) ) ;
#5472 = VERTEX_POINT ( 'NONE', #2168 ) ;
#5473 = AXIS2_PLACEMENT_3D ( 'NONE', #997, #3260, #2846 ) ;
#5474 = CARTESIAN_POINT ( 'NONE',  ( 0.1870078740157481711, 0.1200787401574803237, -0.1870078740157479769 ) ) ;
#5475 = ADVANCED_FACE ( 'NONE', ( #4395 ), #1226, .F. ) ;
#5476 = AXIS2_PLACEMENT_3D ( 'NONE', #2149, #4874, #1261 ) ;
#5477 = ORIENTED_EDGE ( 'NONE', *, *, #3730, .T. ) ;
#5478 = ORIENTED_EDGE ( 'NONE', *, *, #2251, .T. ) ;
#5479 = PLANE ( 'NONE',  #539 ) ;
#5480 = AXIS2_PLACEMENT_3D ( 'NONE', #932, #4573, #2263 ) ;
#5481 = CARTESIAN_POINT ( 'NONE',  ( -0.1870078740157481711, 0.1122047244094488277, 0.2165354330708661457 ) ) ;
#5482 = VERTEX_POINT ( 'NONE', #4365 ) ;
#5483 = AXIS2_PLACEMENT_3D ( 'NONE', #5459, #2805, #3186 ) ;
#5484 = TOROIDAL_SURFACE ( 'NONE', #4265, 0.007874015748031495954, 0.007874015748031495954 ) ;
#5485 = LINE ( 'NONE', #3268, #2837 ) ;
#5486 = VERTEX_POINT ( 'NONE', #2113 ) ;
#5487 = CARTESIAN_POINT ( 'NONE',  ( -0.2287720791657801289, 0.1122047244094488277, 0.09862665203939317837 ) ) ;
#5488 = AXIS2_PLACEMENT_3D ( 'NONE', #538, #3208, #1919 ) ;
#5489 = DIRECTION ( 'NONE',  ( 1.000000000000000000, 0.000000000000000000, 0.000000000000000000 ) ) ;
#5490 = DIRECTION ( 'NONE',  ( 0.000000000000000000, 0.000000000000000000, -1.000000000000000000 ) ) ;
#5491 = AXIS2_PLACEMENT_3D ( 'NONE', #1882, #179, #2301 ) ;
#5492 = CARTESIAN_POINT ( 'NONE',  ( 0.2523733764244589506, -0.1303510881840740099, -0.08894937703494604220 ) ) ;
#5493 = EDGE_CURVE ( 'NONE', #4416, #4702, #995, .T. ) ;
#5494 = EDGE_LOOP ( 'NONE', ( #260, #561, #2, #5423 ) ) ;
#5495 = ORIENTED_EDGE ( 'NONE', *, *, #2546, .T. ) ;
#5496 = DIRECTION ( 'NONE',  ( 0.000000000000000000, 0.000000000000000000, 1.000000000000000000 ) ) ;
#5497 = LINE ( 'NONE', #2375, #3227 ) ;
#5498 = VERTEX_POINT ( 'NONE', #4841 ) ;
#5499 = ORIENTED_EDGE ( 'NONE', *, *, #1412, .F. ) ;
#5500 = FILL_AREA_STYLE ('',( #5556 ) ) ;
#5501 = ADVANCED_FACE ( 'NONE', ( #3957 ), #3089, .T. ) ;
#5502 = EDGE_CURVE ( 'NONE', #2746, #434, #5742, .T. ) ;
#5503 = DIRECTION ( 'NONE',  ( 0.000000000000000000, 0.000000000000000000, 1.000000000000000000 ) ) ;
#5504 = ORIENTED_EDGE ( 'NONE', *, *, #1569, .T. ) ;
#5505 = CARTESIAN_POINT ( 'NONE',  ( -0.2623221870835733549, -0.01672474479929622962, 0.1181102362204724532 ) ) ;
#5506 = EDGE_LOOP ( 'NONE', ( #974, #4807, #5034, #527 ) ) ;
#5507 = LINE ( 'NONE', #4605, #4381 ) ;
#5508 = EDGE_CURVE ( 'NONE', #5486, #4861, #3072, .T. ) ;
#5509 = DIRECTION ( 'NONE',  ( 0.000000000000000000, 0.000000000000000000, 1.000000000000000000 ) ) ;
#5510 = CYLINDRICAL_SURFACE ( 'NONE', #4046, 0.007874015748031482076 ) ;
#5511 = ORIENTED_EDGE ( 'NONE', *, *, #5293, .T. ) ;
#5512 = DIRECTION ( 'NONE',  ( 0.000000000000000000, 0.000000000000000000, -1.000000000000000000 ) ) ;
#5513 = PLANE ( 'NONE',  #4742 ) ;
#5514 = LINE ( 'NONE', #5115, #403 ) ;
#5515 = CARTESIAN_POINT ( 'NONE',  ( -0.2517439703971998677, -0.1325679440989251945, 0.09253195506462764952 ) ) ;
#5516 = CARTESIAN_POINT ( 'NONE',  ( -0.2697666957634185514, -0.08083008780228616297, -0.1181102362204724532 ) ) ;
#5517 = CARTESIAN_POINT ( 'NONE',  ( 0.2362204724409450174, 0.03072628946406225775, 0.07874015748031495954 ) ) ;
#5518 = DIMENSIONAL_EXPONENTS ( 1.000000000000000000, 0.000000000000000000, 0.000000000000000000, 0.000000000000000000, 0.000000000000000000, 0.000000000000000000, 0.000000000000000000 ) ;
#5519 = ORIENTED_EDGE ( 'NONE', *, *, #2320, .F. ) ;
#5520 = ORIENTED_EDGE ( 'NONE', *, *, #4833, .T. ) ;
#5521 = DIRECTION ( 'NONE',  ( 0.000000000000000000, 0.000000000000000000, 1.000000000000000000 ) ) ;
#5522 = CARTESIAN_POINT ( 'NONE',  ( 0.2519685039370080371, 0.01497825796799926064, -0.1181102362204724532 ) ) ;
#5523 = VERTEX_POINT ( 'NONE', #4869 ) ;
#5524 = CARTESIAN_POINT ( 'NONE',  ( -0.2584924420876581475, -0.1087988844851397185, 0.1181102362204724532 ) ) ;
#5525 = PLANE ( 'NONE',  #4544 ) ;
#5526 = VERTEX_POINT ( 'NONE', #4421 ) ;
#5527 = FACE_OUTER_BOUND ( 'NONE', #1898, .T. ) ;
#5528 = ADVANCED_FACE ( 'NONE', ( #3022 ), #402, .F. ) ;
#5529 = DIRECTION ( 'NONE',  ( 0.2731234667175965747, 0.9619789872591615332, 0.000000000000000000 ) ) ;
#5530 = EDGE_CURVE ( 'NONE', #1089, #1398, #4779, .T. ) ;
#5531 = ORIENTED_EDGE ( 'NONE', *, *, #4447, .T. ) ;
#5532 = ORIENTED_EDGE ( 'NONE', *, *, #5608, .T. ) ;
#5533 = DIRECTION ( 'NONE',  ( 1.000000000000000000, -1.077125096681061906E-15, 0.000000000000000000 ) ) ;
#5534 = AXIS2_PLACEMENT_3D ( 'NONE', #3594, #4917, #3975 ) ;
#5535 = CARTESIAN_POINT ( 'NONE',  ( 0.2517439703971998677, -0.1325679440989251945, 0.09253195506462764952 ) ) ;
#5536 = EDGE_CURVE ( 'NONE', #3952, #3083, #3929, .T. ) ;
#5537 = DIRECTION ( 'NONE',  ( 0.000000000000000000, 0.000000000000000000, -1.000000000000000000 ) ) ;
#5538 = ORIENTED_EDGE ( 'NONE', *, *, #2222, .T. ) ;
#5539 = CIRCLE ( 'NONE', #3492, 0.02486710885605532273 ) ;
#5540 = CARTESIAN_POINT ( 'NONE',  ( 0.2362204724409447121, 0.1087477953154689370, -0.09518123467049935393 ) ) ;
#5541 = DIRECTION ( 'NONE',  ( -1.000000000000000000, 0.000000000000000000, 0.000000000000000000 ) ) ;
#5542 = AXIS2_PLACEMENT_3D ( 'NONE', #3569, #162, #4621 ) ;
#5543 = CIRCLE ( 'NONE', #303, 0.01574803149606299885 ) ;
#5544 = ORIENTED_EDGE ( 'NONE', *, *, #3146, .T. ) ;
#5545 = DIRECTION ( 'NONE',  ( 0.000000000000000000, 0.000000000000000000, -1.000000000000000000 ) ) ;
#5546 = EDGE_CURVE ( 'NONE', #2809, #1814, #528, .T. ) ;
#5547 = DIRECTION ( 'NONE',  ( -0.9619789872591466562, 0.2731234667176487552, 2.177189192900539166E-14 ) ) ;
#5548 = CIRCLE ( 'NONE', #4058, 0.007874015748031482076 ) ;
#5549 = CARTESIAN_POINT ( 'NONE',  ( -0.2362204724409450174, 0.03072628946406225775, 0.07874015748031495954 ) ) ;
#5550 = ORIENTED_EDGE ( 'NONE', *, *, #5797, .F. ) ;
#5551 = AXIS2_PLACEMENT_3D ( 'NONE', #1346, #3224, #901 ) ;
#5552 = EDGE_LOOP ( 'NONE', ( #497, #5136, #195, #4040, #4349, #2446 ) ) ;
#5553 = DIRECTION ( 'NONE',  ( 0.9241227617335714406, -0.3820956964504007014, 0.000000000000000000 ) ) ;
#5554 = DIRECTION ( 'NONE',  ( 1.077125096681061906E-15, -1.000000000000000000, 0.000000000000000000 ) ) ;
#5555 = ORIENTED_EDGE ( 'NONE', *, *, #4285, .T. ) ;
#5556 = FILL_AREA_STYLE_COLOUR ( '', #3904 ) ;
#5557 = CIRCLE ( 'NONE', #2859, 0.007874015748031499423 ) ;
#5558 = DIRECTION ( 'NONE',  ( -0.000000000000000000, -1.000000000000000000, -0.000000000000000000 ) ) ;
#5559 = CARTESIAN_POINT ( 'NONE',  ( -0.2283464566929135908, 0.1358267716535433156, -0.09076414801644744346 ) ) ;
#5560 = CARTESIAN_POINT ( 'NONE',  ( -0.09862665203939353920, 0.1121932126843631361, 0.2287720791657800179 ) ) ;
#5561 = EDGE_LOOP ( 'NONE', ( #5145, #1489, #936, #3139, #4795, #2138 ) ) ;
#5562 = AXIS2_PLACEMENT_3D ( 'NONE', #443, #4931, #5750 ) ;
#5563 = ORIENTED_EDGE ( 'NONE', *, *, #5232, .T. ) ;
#5564 = EDGE_CURVE ( 'NONE', #673, #3177, #2884, .T. ) ;
#5565 = ADVANCED_FACE ( 'NONE', ( #1669, #5713 ), #3485, .F. ) ;
#5566 = CIRCLE ( 'NONE', #2777, 0.007874015748031499423 ) ;
#5567 = DIRECTION ( 'NONE',  ( 0.000000000000000000, 0.000000000000000000, 1.000000000000000000 ) ) ;
#5568 = CARTESIAN_POINT ( 'NONE',  ( -0.2403820138547686225, -0.1293420763817875185, 0.07874015748031495954 ) ) ;
#5569 = ORIENTED_EDGE ( 'NONE', *, *, #5638, .F. ) ;
#5570 = AXIS2_PLACEMENT_3D ( 'NONE', #2763, #4960, #2792 ) ;
#5571 = FACE_OUTER_BOUND ( 'NONE', #2655, .T. ) ;
#5572 = ADVANCED_FACE ( 'NONE', ( #3429 ), #5619, .F. ) ;
#5573 = CARTESIAN_POINT ( 'NONE',  ( -0.2528192596362462408, -0.1287806252514483996, -0.1043184386361597493 ) ) ;
#5574 = CIRCLE ( 'NONE', #1937, 0.01305608523400804757 ) ;
#5575 = VECTOR ( 'NONE', #1595, 39.37007874015748143 ) ;
#5576 = ORIENTED_EDGE ( 'NONE', *, *, #2101, .T. ) ;
#5577 = DIRECTION ( 'NONE',  ( 2.906028851282798884E-15, 0.000000000000000000, -1.000000000000000000 ) ) ;
#5578 = DIRECTION ( 'NONE',  ( 0.2731234667176487552, 0.9619789872591466562, 0.000000000000000000 ) ) ;
#5579 = AXIS2_PLACEMENT_3D ( 'NONE', #2880, #2493, #2963 ) ;
#5580 = CARTESIAN_POINT ( 'NONE',  ( -0.08566664463896897508, 0.000000000000000000, -0.1657158043835799122 ) ) ;
#5581 = VECTOR ( 'NONE', #5064, 39.37007874015748143 ) ;
#5582 = CARTESIAN_POINT ( 'NONE',  ( -0.2204724409448820255, 0.007874015748031499423, -0.2204724409448818312 ) ) ;
#5583 = ADVANCED_FACE ( 'NONE', ( #5527 ), #4300, .F. ) ;
#5584 = EDGE_LOOP ( 'NONE', ( #4499, #4307, #327, #3930, #1040 ) ) ;
#5585 = VECTOR ( 'NONE', #2857, 39.37007874015748143 ) ;
#5586 = ORIENTED_EDGE ( 'NONE', *, *, #5656, .T. ) ;
#5587 = CARTESIAN_POINT ( 'NONE',  ( 0.09862665203939319225, 0.1121932126843631361, -0.2287720791657799069 ) ) ;
#5588 = CARTESIAN_POINT ( 'NONE',  ( 0.2401574803149607862, 0.01497825796799926064, -0.07874015748031495954 ) ) ;
#5589 = FACE_OUTER_BOUND ( 'NONE', #4057, .T. ) ;
#5590 = AXIS2_PLACEMENT_3D ( 'NONE', #2770, #3287, #4580 ) ;
#5591 = CARTESIAN_POINT ( 'NONE',  ( 0.2362204724409444900, 0.1122047244094488277, 0.2362204724409452394 ) ) ;
#5592 = ORIENTED_EDGE ( 'NONE', *, *, #3123, .T. ) ;
#5593 = DIRECTION ( 'NONE',  ( 0.000000000000000000, 0.000000000000000000, 1.000000000000000000 ) ) ;
#5594 = EDGE_LOOP ( 'NONE', ( #4686, #5477, #1566, #2061 ) ) ;
#5595 = DIRECTION ( 'NONE',  ( 0.3820956964504006459, 0.9241227617335713296, 0.000000000000000000 ) ) ;
#5596 = EDGE_LOOP ( 'NONE', ( #2373, #1216, #178, #168 ) ) ;
#5597 = ORIENTED_EDGE ( 'NONE', *, *, #4430, .F. ) ;
#5598 = CARTESIAN_POINT ( 'NONE',  ( -0.2362204724409450174, 0.01497825796799926064, -0.07874015748031495954 ) ) ;
#5599 = DIRECTION ( 'NONE',  ( 0.000000000000000000, 0.000000000000000000, 1.000000000000000000 ) ) ;
#5600 = CARTESIAN_POINT ( 'NONE',  ( 0.2588518599949117815, -0.07631714650562787527, -0.07874015748031495954 ) ) ;
#5601 = ORIENTED_EDGE ( 'NONE', *, *, #3147, .F. ) ;
#5602 = CARTESIAN_POINT ( 'NONE',  ( -0.2204724409448820255, 0.007874015748031499423, -0.2283464566929133410 ) ) ;
#5603 = CARTESIAN_POINT ( 'NONE',  ( 0.2362204724409447121, 0.1437007874015747977, -0.2204724409448818312 ) ) ;
#5604 = CARTESIAN_POINT ( 'NONE',  ( -0.2467864344510313501, -0.07132847252522378501, -0.1181102362204724532 ) ) ;
#5605 = ORIENTED_EDGE ( 'NONE', *, *, #1410, .F. ) ;
#5606 = LINE ( 'NONE', #2983, #3127 ) ;
#5607 = LINE ( 'NONE', #3947, #5447 ) ;
#5608 = EDGE_CURVE ( 'NONE', #4702, #3364, #1163, .T. ) ;
#5609 = ADVANCED_FACE ( 'NONE', ( #3310 ), #686, .F. ) ;
#5610 = DIRECTION ( 'NONE',  ( 0.000000000000000000, 0.000000000000000000, -1.000000000000000000 ) ) ;
#5611 = VERTEX_POINT ( 'NONE', #1542 ) ;
#5612 = ORIENTED_EDGE ( 'NONE', *, *, #823, .F. ) ;
#5613 = LINE ( 'NONE', #746, #4999 ) ;
#5614 = LINE ( 'NONE', #1594, #2296 ) ;
#5615 = EDGE_CURVE ( 'NONE', #2697, #2180, #258, .T. ) ;
#5616 = CARTESIAN_POINT ( 'NONE',  ( 0.2769168319740318296, -0.1140299064768574983, 0.07874015748031495954 ) ) ;
#5617 = CARTESIAN_POINT ( 'NONE',  ( 0.2697666957634185514, -0.06182685724816141398, 0.07874015748031495954 ) ) ;
#5618 = EDGE_LOOP ( 'NONE', ( #2335, #2545 ) ) ;
#5619 = PLANE ( 'NONE',  #4002 ) ;
#5620 = VERTEX_POINT ( 'NONE', #3866 ) ;
#5621 = CARTESIAN_POINT ( 'NONE',  ( 0.2972320595286911393, -0.1197977719400046548, 0.07874015748031495954 ) ) ;
#5622 = ADVANCED_FACE ( 'NONE', ( #5217 ), #1198, .T. ) ;
#5623 = CARTESIAN_POINT ( 'NONE',  ( -0.2362204724409450174, 0.1358267716535433156, 0.2362204724409446843 ) ) ;
#5624 = DIRECTION ( 'NONE',  ( -1.000000000000000000, 0.000000000000000000, 0.000000000000000000 ) ) ;
#5625 = DIRECTION ( 'NONE',  ( 0.000000000000000000, 0.000000000000000000, -1.000000000000000000 ) ) ;
#5626 = DIRECTION ( 'NONE',  ( 0.000000000000000000, 0.000000000000000000, -1.000000000000000000 ) ) ;
#5627 = ORIENTED_EDGE ( 'NONE', *, *, #4905, .F. ) ;
#5628 = DIRECTION ( 'NONE',  ( 0.000000000000000000, 0.000000000000000000, 1.000000000000000000 ) ) ;
#5629 = AXIS2_PLACEMENT_3D ( 'NONE', #2281, #3568, #808 ) ;
#5630 = DIRECTION ( 'NONE',  ( 0.9985380109141172023, 0.000000000000000000, -0.05405405405405417502 ) ) ;
#5631 = DIRECTION ( 'NONE',  ( 0.000000000000000000, 1.000000000000000000, 0.000000000000000000 ) ) ;
#5632 = VERTEX_POINT ( 'NONE', #2994 ) ;
#5633 = CARTESIAN_POINT ( 'NONE',  ( 0.2401574803149607862, 0.01497825796799926064, -0.07874015748031495954 ) ) ;
#5634 = CARTESIAN_POINT ( 'NONE',  ( 0.2401574803149607862, -0.01672474479929638227, -0.07874015748031495954 ) ) ;
#5635 = DIRECTION ( 'NONE',  ( -0.9619789872591467672, 0.2731234667176488107, 2.177189192900539481E-14 ) ) ;
#5636 = CIRCLE ( 'NONE', #2089, 0.1456692913385826960 ) ;
#5637 = EDGE_CURVE ( 'NONE', #3331, #940, #2419, .T. ) ;
#5638 = EDGE_CURVE ( 'NONE', #1219, #24, #607, .T. ) ;
#5639 = ORIENTED_EDGE ( 'NONE', *, *, #2265, .F. ) ;
#5640 = ORIENTED_EDGE ( 'NONE', *, *, #3899, .T. ) ;
#5641 = CARTESIAN_POINT ( 'NONE',  ( 0.1870078740157481711, 0.1200787401574803237, -0.1870078740157479769 ) ) ;
#5642 = DIRECTION ( 'NONE',  ( 0.000000000000000000, -1.000000000000000000, 0.000000000000000000 ) ) ;
#5643 = VECTOR ( 'NONE', #1978, 39.37007874015748143 ) ;
#5644 = AXIS2_PLACEMENT_3D ( 'NONE', #2550, #1535, #3421 ) ;
#5645 = CARTESIAN_POINT ( 'NONE',  ( 0.2697666957634185514, -0.06182685724816141398, -0.07874015748031495954 ) ) ;
#5646 = EDGE_CURVE ( 'NONE', #3255, #1044, #176, .T. ) ;
#5647 = PRESENTATION_LAYER_ASSIGNMENT (  '', '', ( #126 ) ) ;
#5648 = CARTESIAN_POINT ( 'NONE',  ( 0.09838789059863345399, 0.1119544512436035644, 0.2331827080873520031 ) ) ;
#5649 = EDGE_LOOP ( 'NONE', ( #2449, #1240, #1041, #4810 ) ) ;
#5650 = DIRECTION ( 'NONE',  ( -1.000000000000000000, -1.077125096681061906E-15, 0.000000000000000000 ) ) ;
#5651 = ORIENTED_EDGE ( 'NONE', *, *, #1677, .F. ) ;
#5652 = DIRECTION ( 'NONE',  ( 0.000000000000000000, 0.000000000000000000, 1.000000000000000000 ) ) ;
#5653 = ORIENTED_EDGE ( 'NONE', *, *, #1591, .T. ) ;
#5654 = VECTOR ( 'NONE', #4210, 39.37007874015748143 ) ;
#5655 = DIRECTION ( 'NONE',  ( -0.2731234667175944097, 0.9619789872591620883, 0.000000000000000000 ) ) ;
#5656 = EDGE_CURVE ( 'NONE', #3309, #3527, #3167, .T. ) ;
#5657 = PLANE ( 'NONE',  #3148 ) ;
#5658 = AXIS2_PLACEMENT_3D ( 'NONE', #4027, #882, #1387 ) ;
#5659 = EDGE_LOOP ( 'NONE', ( #373, #5689, #14, #3804 ) ) ;
#5660 = CYLINDRICAL_SURFACE ( 'NONE', #4051, 0.007874015748031499423 ) ;
#5661 = DIRECTION ( 'NONE',  ( -1.077125096681061906E-15, -1.000000000000000000, -0.000000000000000000 ) ) ;
#5662 = VERTEX_POINT ( 'NONE', #1512 ) ;
#5663 = DIRECTION ( 'NONE',  ( 0.000000000000000000, 0.000000000000000000, 1.000000000000000000 ) ) ;
#5664 = VECTOR ( 'NONE', #1644, 39.37007874015748143 ) ;
#5665 = LINE ( 'NONE', #1211, #791 ) ;
#5666 = VERTEX_POINT ( 'NONE', #721 ) ;
#5667 = VECTOR ( 'NONE', #2019, 39.37007874015748143 ) ;
#5668 = LINE ( 'NONE', #710, #3499 ) ;
#5669 = ORIENTED_EDGE ( 'NONE', *, *, #5047, .F. ) ;
#5670 = DIRECTION ( 'NONE',  ( -1.000000000000000000, 0.000000000000000000, 0.000000000000000000 ) ) ;
#5671 = AXIS2_PLACEMENT_3D ( 'NONE', #4328, #3926, #2524 ) ;
#5672 = ORIENTED_EDGE ( 'NONE', *, *, #2579, .F. ) ;
#5673 = EDGE_LOOP ( 'NONE', ( #768, #2508, #3366 ) ) ;
#5674 = CARTESIAN_POINT ( 'NONE',  ( 0.2701683602835733833, -0.1377989660906424607, 0.1068508981224270543 ) ) ;
#5675 = CARTESIAN_POINT ( 'NONE',  ( 0.000000000000000000, 0.001968503937007873988, 0.000000000000000000 ) ) ;
#5676 = AXIS2_PLACEMENT_3D ( 'NONE', #1890, #4059, #1393 ) ;
#5677 = CIRCLE ( 'NONE', #436, 0.007874015748031482076 ) ;
#5678 = ADVANCED_FACE ( 'NONE', ( #4192 ), #3394, .T. ) ;
#5679 = CARTESIAN_POINT ( 'NONE',  ( 0.2623221870835730218, -0.01672474479929638227, 0.07874015748031495954 ) ) ;
#5680 = AXIS2_PLACEMENT_3D ( 'NONE', #4749, #638, #659 ) ;
#5681 = AXIS2_PLACEMENT_3D ( 'NONE', #1090, #3740, #1009 ) ;
#5682 = CARTESIAN_POINT ( 'NONE',  ( 0.000000000000000000, 0.1240157480314960647, 0.1338582677165354173 ) ) ;
#5683 = VERTEX_POINT ( 'NONE', #3340 ) ;
#5684 = CARTESIAN_POINT ( 'NONE',  ( 0.2697666957634185514, -0.06182685724816141398, -0.07874015748031495954 ) ) ;
#5685 = ORIENTED_EDGE ( 'NONE', *, *, #5047, .T. ) ;
#5686 = DIRECTION ( 'NONE',  ( -1.000000000000000000, 0.000000000000000000, 0.000000000000000000 ) ) ;
#5687 = ORIENTED_EDGE ( 'NONE', *, *, #3014, .F. ) ;
#5688 = EDGE_CURVE ( 'NONE', #3641, #3968, #1132, .T. ) ;
#5689 = ORIENTED_EDGE ( 'NONE', *, *, #1492, .F. ) ;
#5690 = EDGE_CURVE ( 'NONE', #2250, #4862, #2906, .T. ) ;
#5691 = VECTOR ( 'NONE', #3350, 39.37007874015748143 ) ;
#5692 = FACE_OUTER_BOUND ( 'NONE', #2591, .T. ) ;
#5693 = CARTESIAN_POINT ( 'NONE',  ( 0.2362204724409450174, 0.03072628946406225775, -0.07874015748031495954 ) ) ;
#5694 = VERTEX_POINT ( 'NONE', #2463 ) ;
#5695 = CARTESIAN_POINT ( 'NONE',  ( -0.2362204724409450174, 0.1437007874015747977, -0.2362204724409448231 ) ) ;
#5696 = DIRECTION ( 'NONE',  ( -1.000000000000000000, 0.000000000000000000, 0.000000000000000000 ) ) ;
#5697 = ORIENTED_EDGE ( 'NONE', *, *, #5081, .F. ) ;
#5698 = EDGE_CURVE ( 'NONE', #4642, #1058, #4240, .T. ) ;
#5699 = DIRECTION ( 'NONE',  ( 0.000000000000000000, 0.000000000000000000, 1.000000000000000000 ) ) ;
#5700 = DIRECTION ( 'NONE',  ( 0.000000000000000000, 1.000000000000000000, 0.000000000000000000 ) ) ;
#5701 = CARTESIAN_POINT ( 'NONE',  ( -0.2362204724409450174, 0.01891526584201501035, -0.07874015748031495954 ) ) ;
#5702 = VERTEX_POINT ( 'NONE', #5152 ) ;
#5703 = CARTESIAN_POINT ( 'NONE',  ( 0.2598425196850394081, -0.07132847252522378501, -0.07874015748031495954 ) ) ;
#5704 = EDGE_LOOP ( 'NONE', ( #760, #1523, #2597, #2915 ) ) ;
#5705 = FACE_OUTER_BOUND ( 'NONE', #5327, .T. ) ;
#5706 = ORIENTED_EDGE ( 'NONE', *, *, #4354, .F. ) ;
#5707 = EDGE_LOOP ( 'NONE', ( #2353, #2988, #4487, #3922 ) ) ;
#5708 = LINE ( 'NONE', #2164, #3120 ) ;
#5709 = DIRECTION ( 'NONE',  ( 0.000000000000000000, 1.000000000000000000, 0.000000000000000000 ) ) ;
#5710 = DIRECTION ( 'NONE',  ( 0.000000000000000000, 0.9158674837049330941, -0.4014806997752120576 ) ) ;
#5711 = DIRECTION ( 'NONE',  ( 0.000000000000000000, 1.000000000000000000, 0.000000000000000000 ) ) ;
#5712 = ORIENTED_EDGE ( 'NONE', *, *, #28, .T. ) ;
#5713 = FACE_OUTER_BOUND ( 'NONE', #4879, .T. ) ;
#5714 = ORIENTED_EDGE ( 'NONE', *, *, #3123, .F. ) ;
#5715 = CARTESIAN_POINT ( 'NONE',  ( 0.2701683602835733833, -0.1377989660906424607, -0.1068508981224270543 ) ) ;
#5716 = ORIENTED_EDGE ( 'NONE', *, *, #2458, .F. ) ;
#5717 = CYLINDRICAL_SURFACE ( 'NONE', #2119, 0.02486710885605532273 ) ;
#5718 = DIRECTION ( 'NONE',  ( 0.9619789872591466562, -0.2731234667176487552, -2.178576971681320296E-14 ) ) ;
#5719 = EDGE_CURVE ( 'NONE', #4251, #186, #2930, .T. ) ;
#5720 = EDGE_CURVE ( 'NONE', #1058, #492, #2504, .T. ) ;
#5721 = CARTESIAN_POINT ( 'NONE',  ( -0.08566664463896897508, 0.000000000000000000, 0.1657158043835799122 ) ) ;
#5722 = CARTESIAN_POINT ( 'NONE',  ( -0.2467864344510313501, -0.07132847252522378501, -0.1181102362204724532 ) ) ;
#5723 = ORIENTED_EDGE ( 'NONE', *, *, #5690, .F. ) ;
#5724 = CARTESIAN_POINT ( 'NONE',  ( 0.2471304855452271521, -0.1055730167680026255, 0.07874015748031495954 ) ) ;
#5725 = DIRECTION ( 'NONE',  ( 0.000000000000000000, 0.000000000000000000, 1.000000000000000000 ) ) ;
#5726 = DIRECTION ( 'NONE',  ( 0.000000000000000000, 0.000000000000000000, -1.000000000000000000 ) ) ;
#5727 = EDGE_CURVE ( 'NONE', #5221, #908, #1549, .T. ) ;
#5728 = CARTESIAN_POINT ( 'NONE',  ( -0.2283464566929135908, 0.1122047244094488277, -0.2204724409448818312 ) ) ;
#5729 = ORIENTED_EDGE ( 'NONE', *, *, #197, .T. ) ;
#5730 = DIRECTION ( 'NONE',  ( 1.000000000000000000, 0.000000000000000000, 0.000000000000000000 ) ) ;
#5731 = CARTESIAN_POINT ( 'NONE',  ( -0.2697666957634185514, -0.06182685724816141398, 0.1181102362204724532 ) ) ;
#5732 = ADVANCED_FACE ( 'NONE', ( #3407 ), #4788, .T. ) ;
#5733 = TOROIDAL_SURFACE ( 'NONE', #3678, 0.1168368100007918381, 0.007874015748031495954 ) ;
#5734 = EDGE_LOOP ( 'NONE', ( #738, #2612, #610, #1294 ) ) ;
#5735 = ORIENTED_EDGE ( 'NONE', *, *, #4160, .T. ) ;
#5736 = CARTESIAN_POINT ( 'NONE',  ( 0.2410114198820278719, -0.1271252204669363617, -0.1079010166658416064 ) ) ;
#5737 = CARTESIAN_POINT ( 'NONE',  ( -0.2401574803149607862, -0.01672474479929638227, 0.1181102362204724532 ) ) ;
#5738 = VECTOR ( 'NONE', #5537, 39.37007874015748143 ) ;
#5739 = DIRECTION ( 'NONE',  ( -0.2485354773382434934, 0.8753766553315872612, 0.4146635115424732732 ) ) ;
#5740 = VECTOR ( 'NONE', #4156, 39.37007874015748143 ) ;
#5741 = ORIENTED_EDGE ( 'NONE', *, *, #697, .T. ) ;
#5742 = LINE ( 'NONE', #3460, #2230 ) ;
#5743 = AXIS2_PLACEMENT_3D ( 'NONE', #4479, #1782, #949 ) ;
#5744 = EDGE_LOOP ( 'NONE', ( #986, #2802, #3261, #4733 ) ) ;
#5745 = LINE ( 'NONE', #1730, #2198 ) ;
#5746 = ORIENTED_EDGE ( 'NONE', *, *, #838, .F. ) ;
#5747 = VERTEX_POINT ( 'NONE', #3030 ) ;
#5748 = DIRECTION ( 'NONE',  ( 0.000000000000000000, 0.000000000000000000, 1.000000000000000000 ) ) ;
#5749 = CIRCLE ( 'NONE', #590, 0.02486710885605532273 ) ;
#5750 = DIRECTION ( 'NONE',  ( -1.000000000000000000, 0.000000000000000000, 0.000000000000000000 ) ) ;
#5751 = AXIS2_PLACEMENT_3D ( 'NONE', #3049, #5642, #371 ) ;
#5752 = DIRECTION ( 'NONE',  ( 0.000000000000000000, 0.000000000000000000, 1.000000000000000000 ) ) ;
#5753 = ORIENTED_EDGE ( 'NONE', *, *, #1889, .F. ) ;
#5754 = EDGE_CURVE ( 'NONE', #3991, #860, #5213, .T. ) ;
#5755 = CARTESIAN_POINT ( 'NONE',  ( 0.2588518599949117815, -0.07631714650562787527, 0.1181102362204724532 ) ) ;
#5756 = ADVANCED_FACE ( 'NONE', ( #1680 ), #4309, .T. ) ;
#5757 = AXIS2_PLACEMENT_3D ( 'NONE', #4052, #853, #1831 ) ;
#5758 = DIRECTION ( 'NONE',  ( 0.3820956964504000353, 0.9241227617335716626, 0.000000000000000000 ) ) ;
#5759 = PLANE ( 'NONE',  #484 ) ;
#5760 = ORIENTED_EDGE ( 'NONE', *, *, #2974, .T. ) ;
#5761 = AXIS2_PLACEMENT_3D ( 'NONE', #2596, #3463, #790 ) ;
#5762 = EDGE_CURVE ( 'NONE', #5611, #5017, #2087, .T. ) ;
#5763 = CARTESIAN_POINT ( 'NONE',  ( 0.2403820138547686225, -0.1293420763817875185, -0.09253195506462739972 ) ) ;
#5764 = ADVANCED_FACE ( 'NONE', ( #1175 ), #2134, .T. ) ;
#5765 = VECTOR ( 'NONE', #4268, 39.37007874015748143 ) ;
#5766 = EDGE_LOOP ( 'NONE', ( #4318, #4907, #870, #1696, #1960, #46, #3277, #1116, #3357, #1027, #5669, #4147, #2767, #4239, #1884, #2636, #4039, #1825 ) ) ;
#5767 = ORIENTED_EDGE ( 'NONE', *, *, #728, .F. ) ;
#5768 = DIRECTION ( 'NONE',  ( 0.000000000000000000, 9.486769009248179575E-16, 1.000000000000000000 ) ) ;
#5769 = CYLINDRICAL_SURFACE ( 'NONE', #1154, 0.1377952755905511029 ) ;
#5770 = ADVANCED_FACE ( 'NONE', ( #699 ), #2507, .T. ) ;
#5771 = DIRECTION ( 'NONE',  ( -0.9619789872591466562, -0.2731234667176487552, -2.178576971681320296E-14 ) ) ;
#5772 = ORIENTED_EDGE ( 'NONE', *, *, #630, .F. ) ;
#5773 = DIRECTION ( 'NONE',  ( 0.000000000000000000, 0.000000000000000000, 1.000000000000000000 ) ) ;
#5774 = CIRCLE ( 'NONE', #2312, 0.04027075222444161801 ) ;
#5775 = AXIS2_PLACEMENT_3D ( 'NONE', #3190, #4979, #4924 ) ;
#5776 = ORIENTED_EDGE ( 'NONE', *, *, #4480, .T. ) ;
#5777 = DIRECTION ( 'NONE',  ( 0.000000000000000000, 0.000000000000000000, 1.000000000000000000 ) ) ;
#5778 = DIRECTION ( 'NONE',  ( -2.906028851282798884E-15, 0.000000000000000000, 1.000000000000000000 ) ) ;
#5779 = VECTOR ( 'NONE', #228, 39.37007874015748854 ) ;
#5780 = VECTOR ( 'NONE', #4497, 39.37007874015748143 ) ;
#5781 = DIRECTION ( 'NONE',  ( 0.000000000000000000, 0.000000000000000000, -1.000000000000000000 ) ) ;
#5782 = ORIENTED_EDGE ( 'NONE', *, *, #994, .F. ) ;
#5783 = AXIS2_PLACEMENT_3D ( 'NONE', #4276, #2498, #3818 ) ;
#5784 = DIRECTION ( 'NONE',  ( 0.000000000000000000, 0.000000000000000000, -1.000000000000000000 ) ) ;
#5785 = DIRECTION ( 'NONE',  ( 1.000000000000000000, 0.000000000000000000, 0.000000000000000000 ) ) ;
#5786 = ORIENTED_EDGE ( 'NONE', *, *, #379, .T. ) ;
#5787 = LINE ( 'NONE', #2630, #821 ) ;
#5788 = VECTOR ( 'NONE', #3209, 39.37007874015748143 ) ;
#5789 = DIRECTION ( 'NONE',  ( -0.9619789872591466562, -0.2731234667176487552, -2.175987969930884715E-14 ) ) ;
#5790 = DIRECTION ( 'NONE',  ( 0.000000000000000000, 0.000000000000000000, 1.000000000000000000 ) ) ;
#5791 = PRODUCT_DEFINITION ( 'UNKNOWN', '', #2785, #190 ) ;
#5792 = CARTESIAN_POINT ( 'NONE',  ( -0.2471304855452270688, -0.1055730167680025977, -0.07874015748031495954 ) ) ;
#5793 = VERTEX_POINT ( 'NONE', #3003 ) ;
#5794 = CARTESIAN_POINT ( 'NONE',  ( 0.2707977663108322441, -0.1355821101757927194, 0.1079010166658409403 ) ) ;
#5795 = ORIENTED_EDGE ( 'NONE', *, *, #3571, .T. ) ;
#5796 = ADVANCED_FACE ( 'NONE', ( #4761 ), #1001, .T. ) ;
#5797 = EDGE_CURVE ( 'NONE', #3177, #2240, #3911, .T. ) ;
#5798 = CARTESIAN_POINT ( 'NONE',  ( -0.2286303481374915847, 0.1122008850379245526, 0.09863432439295460874 ) ) ;
#5799 = CARTESIAN_POINT ( 'NONE',  ( -0.09076414801644763775, 0.1122047244094488277, -0.2283464566929133410 ) ) ;
ENDSEC;
END-ISO-10303-21;
