ISO-10303-21;
HEADER;
FILE_DESCRIPTION (( 'STEP AP214' ),
    '1' );
FILE_NAME ('SKHCBGA010.STEP',
    '2024-11-04T06:57:29',
    ( '' ),
    ( '' ),
    'SwSTEP 2.0',
    'SolidWorks 2024',
    '' );
FILE_SCHEMA (( 'AUTOMOTIVE_DESIGN' ));
ENDSEC;

DATA;
#1 = SURFACE_SIDE_STYLE ('',( #1554 ) ) ;
#2 = LINE ( 'NONE', #5704, #8574 ) ;
#3 = LINE ( 'NONE', #6283, #1172 ) ;
#4 = SURFACE_STYLE_USAGE ( .BOTH. , #1004 ) ;
#5 = ORIENTED_EDGE ( 'NONE', *, *, #4624, .T. ) ;
#6 = SURFACE_STYLE_FILL_AREA ( #7123 ) ;
#7 = VERTEX_POINT ( 'NONE', #1219 ) ;
#8 = SURFACE_SIDE_STYLE ('',( #4698 ) ) ;
#9 = DIRECTION ( 'NONE',  ( 3.699452192357325623E-15, -2.990377384838787564E-14, 1.000000000000000000 ) ) ;
#10 = CARTESIAN_POINT ( 'NONE',  ( -1.816055864116156382, -5.528542459917630048, 3.585041640414896147 ) ) ;
#11 = CARTESIAN_POINT ( 'NONE',  ( -4.750000000000000000, -4.750000000000000000, 3.500000000000000444 ) ) ;
#12 = DIRECTION ( 'NONE',  ( -2.221018656992594206E-15, 2.221018656992604067E-15, -1.000000000000000000 ) ) ;
#13 = CARTESIAN_POINT ( 'NONE',  ( -3.600000000000001421, -5.500000000000000000, 3.594753153809546742 ) ) ;
#14 = STYLED_ITEM ( 'NONE', ( #3048 ), #684 ) ;
#15 = ORIENTED_EDGE ( 'NONE', *, *, #1215, .T. ) ;
#16 = CARTESIAN_POINT ( 'NONE',  ( 0.000000000000000000, 4.500000000000003553, 0.000000000000000000 ) ) ;
#17 = DIRECTION ( 'NONE',  ( -1.000000000000000000, -7.228014483238640506E-15, -2.732189474664206266E-13 ) ) ;
#18 = COLOUR_RGB ( '',0.1098039215686274495, 0.1098039215686274495, 0.1098039215686274495 ) ;
#19 = DIRECTION ( 'NONE',  ( -1.000000000000000000, -3.422670839375418448E-30, -2.728398293323198625E-13 ) ) ;
#20 = DIRECTION ( 'NONE',  ( -9.912705577010336396E-15, 0.000000000000000000, -1.000000000000000000 ) ) ;
#21 = PRESENTATION_STYLE_ASSIGNMENT (( #867 ) ) ;
#22 = AXIS2_PLACEMENT_3D ( 'NONE', #4912, #1670, #8137 ) ;
#23 = DIRECTION ( 'NONE',  ( -1.000000000000000000, -0.000000000000000000, -0.000000000000000000 ) ) ;
#24 = SURFACE_STYLE_USAGE ( .BOTH. , #2477 ) ;
#25 = CARTESIAN_POINT ( 'NONE',  ( 6.287205726393077398, 2.000000000000000888, -2.830212172457904352 ) ) ;
#26 = EDGE_CURVE ( 'NONE', #6771, #2677, #4994, .T. ) ;
#27 = CIRCLE ( 'NONE', #1037, 0.4999999999999987232 ) ;
#28 = DIRECTION ( 'NONE',  ( -1.027427521298019343E-31, 1.027427521298030948E-31, -1.000000000000000000 ) ) ;
#29 =( GEOMETRIC_REPRESENTATION_CONTEXT ( 3 ) GLOBAL_UNCERTAINTY_ASSIGNED_CONTEXT ( ( #4972 ) ) GLOBAL_UNIT_ASSIGNED_CONTEXT ( ( #4044, #149, #6518 ) ) REPRESENTATION_CONTEXT ( 'NONE', 'WORKASPACE' ) );
#30 = EDGE_LOOP ( 'NONE', ( #9527, #2569, #189, #8707 ) ) ;
#31 =( GEOMETRIC_REPRESENTATION_CONTEXT ( 3 ) GLOBAL_UNCERTAINTY_ASSIGNED_CONTEXT ( ( #9410 ) ) GLOBAL_UNIT_ASSIGNED_CONTEXT ( ( #5532, #3152, #4778 ) ) REPRESENTATION_CONTEXT ( 'NONE', 'WORKASPACE' ) );
#32 = VERTEX_POINT ( 'NONE', #5988 ) ;
#33 = EDGE_LOOP ( 'NONE', ( #1084, #3214, #5807, #7827 ) ) ;
#34 = FACE_OUTER_BOUND ( 'NONE', #3541, .T. ) ;
#35 = CARTESIAN_POINT ( 'NONE',  ( 6.159705218919230951, -2.062903407891059526, -3.053341690607342507 ) ) ;
#36 = AXIS2_PLACEMENT_3D ( 'NONE', #6869, #4548, #8452 ) ;
#37 = FACE_OUTER_BOUND ( 'NONE', #7817, .T. ) ;
#38 = ADVANCED_FACE ( 'NONE', ( #4396 ), #9404, .F. ) ;
#39 = DIRECTION ( 'NONE',  ( 1.053031360026544826E-16, 1.000000000000000000, 0.000000000000000000 ) ) ;
#40 = LINE ( 'NONE', #4726, #8723 ) ;
#41 = LINE ( 'NONE', #5420, #7463 ) ;
#42 = CYLINDRICAL_SURFACE ( 'NONE', #5898, 0.2999999999999999334 ) ;
#43 = EDGE_CURVE ( 'NONE', #92, #2118, #7021, .T. ) ;
#45 = VECTOR ( 'NONE', #2959, 1000.000000000000000 ) ;
#44 = FILL_AREA_STYLE ('',( #5896 ) ) ;
#46 = VECTOR ( 'NONE', #243, 1000.000000000000000 ) ;
#47 = EDGE_CURVE ( 'NONE', #7626, #2273, #5693, .T. ) ;
#48 = FACE_OUTER_BOUND ( 'NONE', #784, .T. ) ;
#49 = ORIENTED_EDGE ( 'NONE', *, *, #8699, .T. ) ;
#50 = ORIENTED_EDGE ( 'NONE', *, *, #4130, .F. ) ;
#51 = DIRECTION ( 'NONE',  ( 0.8682466191274196277, 0.000000000000000000, 0.4961328535521563055 ) ) ;
#52 = MECHANICAL_DESIGN_GEOMETRIC_PRESENTATION_REPRESENTATION (  '', ( #899 ), #2211 ) ;
#53 = COLOUR_RGB ( '',0.1098039215686274495, 0.1098039215686274495, 0.1098039215686274495 ) ;
#54 = FILL_AREA_STYLE_COLOUR ( '', #5503 ) ;
#55 =( GEOMETRIC_REPRESENTATION_CONTEXT ( 3 ) GLOBAL_UNCERTAINTY_ASSIGNED_CONTEXT ( ( #3097 ) ) GLOBAL_UNIT_ASSIGNED_CONTEXT ( ( #9972, #1100, #6788 ) ) REPRESENTATION_CONTEXT ( 'NONE', 'WORKASPACE' ) );
#56 = PRESENTATION_LAYER_ASSIGNMENT (  '', '', ( #9082 ) ) ;
#57 = SURFACE_STYLE_FILL_AREA ( #996 ) ;
#58 = DIRECTION ( 'NONE',  ( -8.673617379884112780E-15, 0.000000000000000000, -1.000000000000000000 ) ) ;
#59 = ADVANCED_FACE ( 'NONE', ( #4552 ), #2972, .F. ) ;
#60 = AXIS2_PLACEMENT_3D ( 'NONE', #4169, #4070, #6599 ) ;
#61 = FILL_AREA_STYLE ('',( #9591 ) ) ;
#62 = CARTESIAN_POINT ( 'NONE',  ( 0.000000000000000000, -1.500000000000000000, 5.500000000000000000 ) ) ;
#63 = COLOUR_RGB ( '',1.000000000000000000, 1.000000000000000000, 1.000000000000000000 ) ;
#64 = FACE_OUTER_BOUND ( 'NONE', #7518, .T. ) ;
#65 = ORIENTED_EDGE ( 'NONE', *, *, #9690, .F. ) ;
#66 = SURFACE_STYLE_USAGE ( .BOTH. , #1007 ) ;
#67 = FACE_OUTER_BOUND ( 'NONE', #2195, .T. ) ;
#68 = ORIENTED_EDGE ( 'NONE', *, *, #5465, .F. ) ;
#69 = MECHANICAL_DESIGN_GEOMETRIC_PRESENTATION_REPRESENTATION (  '', ( #2054 ), #3375 ) ;
#70 = PRESENTATION_STYLE_ASSIGNMENT (( #5665 ) ) ;
#71 = COLOUR_RGB ( '',1.000000000000000000, 1.000000000000000000, 1.000000000000000000 ) ;
#72 = SURFACE_SIDE_STYLE ('',( #2607 ) ) ;
#73 =( LENGTH_UNIT ( ) NAMED_UNIT ( * ) SI_UNIT ( .MILLI., .METRE. ) );
#74 = VECTOR ( 'NONE', #1767, 1000.000000000000000 ) ;
#75 = LINE ( 'NONE', #922, #4350 ) ;
#76 = SURFACE_SIDE_STYLE ('',( #235 ) ) ;
#77 = UNCERTAINTY_MEASURE_WITH_UNIT (LENGTH_MEASURE( 1.000000000000000082E-05 ), #6281, 'distance_accuracy_value', 'NONE');
#78 = LINE ( 'NONE', #1841, #2300 ) ;
#79 = DIRECTION ( 'NONE',  ( -1.000000000000000000, -0.000000000000000000, -0.000000000000000000 ) ) ;
#80 =( NAMED_UNIT ( * ) SI_UNIT ( $, .STERADIAN. ) SOLID_ANGLE_UNIT ( ) );
#81 = COLOUR_RGB ( '',0.1098039215686274495, 0.1098039215686274495, 0.1098039215686274495 ) ;
#82 = EDGE_LOOP ( 'NONE', ( #718, #9578, #4210, #10293 ) ) ;
#83 = AXIS2_PLACEMENT_3D ( 'NONE', #713, #6253, #10176 ) ;
#84 = UNCERTAINTY_MEASURE_WITH_UNIT (LENGTH_MEASURE( 1.000000000000000082E-05 ), #4062, 'distance_accuracy_value', 'NONE');
#85 = FACE_OUTER_BOUND ( 'NONE', #2079, .T. ) ;
#86 = LINE ( 'NONE', #3243, #842 ) ;
#87 = DIRECTION ( 'NONE',  ( 3.006455034846200772E-16, -6.012910069692402531E-16, 1.000000000000000000 ) ) ;
#88 = CARTESIAN_POINT ( 'NONE',  ( -5.254550725525326982, -1.462164709833353449, 3.599999999873101597 ) ) ;
#89 =( GEOMETRIC_REPRESENTATION_CONTEXT ( 3 ) GLOBAL_UNCERTAINTY_ASSIGNED_CONTEXT ( ( #7492 ) ) GLOBAL_UNIT_ASSIGNED_CONTEXT ( ( #649, #700, #8545 ) ) REPRESENTATION_CONTEXT ( 'NONE', 'WORKASPACE' ) );
#90 = DIRECTION ( 'NONE',  ( -1.027427521298027226E-31, -1.027427521298021533E-31, -1.000000000000000000 ) ) ;
#91 =( NAMED_UNIT ( * ) PLANE_ANGLE_UNIT ( ) SI_UNIT ( $, .RADIAN. ) );
#92 = VERTEX_POINT ( 'NONE', #7131 ) ;
#93 = ORIENTED_EDGE ( 'NONE', *, *, #1995, .F. ) ;
#94 = ORIENTED_EDGE ( 'NONE', *, *, #2581, .F. ) ;
#95 = ORIENTED_EDGE ( 'NONE', *, *, #5080, .T. ) ;
#96 = CIRCLE ( 'NONE', #3057, 0.7999999999999977129 ) ;
#97 = MECHANICAL_DESIGN_GEOMETRIC_PRESENTATION_REPRESENTATION (  '', ( #597 ), #5081 ) ;
#98 = PRESENTATION_STYLE_ASSIGNMENT (( #1750 ) ) ;
#99 = CARTESIAN_POINT ( 'NONE',  ( 5.000000000000000000, 5.000000000000000000, 3.299999999999999822 ) ) ;
#100 = CARTESIAN_POINT ( 'NONE',  ( 6.000000000000000000, 3.499999999999999556, 0.4000000000000000222 ) ) ;
#101 = DIRECTION ( 'NONE',  ( -0.000000000000000000, -0.000000000000000000, 1.000000000000000000 ) ) ;
#102 = MECHANICAL_DESIGN_GEOMETRIC_PRESENTATION_REPRESENTATION (  '', ( #4744 ), #1097 ) ;
#103 = PRESENTATION_STYLE_ASSIGNMENT (( #8258 ) ) ;
#104 = ADVANCED_FACE ( 'NONE', ( #1472 ), #8874, .T. ) ;
#105 = VERTEX_POINT ( 'NONE', #5447 ) ;
#106 = VERTEX_POINT ( 'NONE', #1572 ) ;
#107 = DIRECTION ( 'NONE',  ( -0.4722150451494424028, 0.000000000000000000, -0.8814833810881008702 ) ) ;
#108 = EDGE_CURVE ( 'NONE', #3463, #1973, #6846, .T. ) ;
#109 = COLOUR_RGB ( '',1.000000000000000000, 1.000000000000000000, 1.000000000000000000 ) ;
#110 = EDGE_CURVE ( 'NONE', #2481, #7302, #10194, .T. ) ;
#111 = PRESENTATION_STYLE_ASSIGNMENT (( #7276 ) ) ;
#112 = CARTESIAN_POINT ( 'NONE',  ( 6.473259784098480019, -2.499999999999999556, -3.109289021392667163 ) ) ;
#113 = EDGE_CURVE ( 'NONE', #1898, #4696, #1618, .T. ) ;
#114 = FILL_AREA_STYLE ('',( #905 ) ) ;
#115 = LINE ( 'NONE', #6478, #3861 ) ;
#116 = PRESENTATION_STYLE_ASSIGNMENT (( #1822 ) ) ;
#117 = TOROIDAL_SURFACE ( 'NONE', #6640, 0.03542486889361162045, 0.3999999999999932498 ) ;
#118 = DIRECTION ( 'NONE',  ( 1.256337252201736110E-14, 5.292964219878090180E-15, 1.000000000000000000 ) ) ;
#119 = ORIENTED_EDGE ( 'NONE', *, *, #770, .T. ) ;
#120 = EDGE_CURVE ( 'NONE', #490, #395, #6295, .T. ) ;
#121 = VERTEX_POINT ( 'NONE', #2427 ) ;
#122 = DIRECTION ( 'NONE',  ( 1.000000000000000000, 0.000000000000000000, -0.000000000000000000 ) ) ;
#123 = EDGE_LOOP ( 'NONE', ( #1212, #9241, #4824, #1746, #10169, #3953, #7707, #7670, #5535, #9779, #9085, #225, #3368 ) ) ;
#124 = LINE ( 'NONE', #4266, #7739 ) ;
#125 = CARTESIAN_POINT ( 'NONE',  ( 2.365384615384613642, 5.676923076923078071, 3.499999999999975131 ) ) ;
#126 = AXIS2_PLACEMENT_3D ( 'NONE', #6656, #285, #5882 ) ;
#127 = FILL_AREA_STYLE ('',( #7493 ) ) ;
#128 = FILL_AREA_STYLE_COLOUR ( '', #10021 ) ;
#129 = SURFACE_SIDE_STYLE ('',( #862 ) ) ;
#130 = ORIENTED_EDGE ( 'NONE', *, *, #6560, .T. ) ;
#131 = COLOUR_RGB ( '',0.1098039215686274495, 0.1098039215686274495, 0.1098039215686274495 ) ;
#132 = AXIS2_PLACEMENT_3D ( 'NONE', #601, #8716, #3752 ) ;
#133 = CARTESIAN_POINT ( 'NONE',  ( -5.800000000000000711, -4.999999999999992895, 3.299999999999999822 ) ) ;
#134 =( NAMED_UNIT ( * ) SI_UNIT ( $, .STERADIAN. ) SOLID_ANGLE_UNIT ( ) );
#135 = CARTESIAN_POINT ( 'NONE',  ( -5.271558449006367830, -1.324581074942560832, 3.600000000000000977 ) ) ;
#136 = PRESENTATION_LAYER_ASSIGNMENT (  '', '', ( #3101 ) ) ;
#137 = CARTESIAN_POINT ( 'NONE',  ( -5.254334350601863157, 1.462164717133216829, 3.599999968981326681 ) ) ;
#138 =( GEOMETRIC_REPRESENTATION_CONTEXT ( 3 ) GLOBAL_UNCERTAINTY_ASSIGNED_CONTEXT ( ( #2602 ) ) GLOBAL_UNIT_ASSIGNED_CONTEXT ( ( #2102, #8550, #6293 ) ) REPRESENTATION_CONTEXT ( 'NONE', 'WORKASPACE' ) );
#139 = DIRECTION ( 'NONE',  ( 0.000000000000000000, 1.000000000000000000, 0.000000000000000000 ) ) ;
#140 = VERTEX_POINT ( 'NONE', #7871 ) ;
#141 = EDGE_LOOP ( 'NONE', ( #8666, #1182, #1664, #2734 ) ) ;
#142 = EDGE_LOOP ( 'NONE', ( #8849, #8398 ) ) ;
#143 = VERTEX_POINT ( 'NONE', #3239 ) ;
#144 = AXIS2_PLACEMENT_3D ( 'NONE', #9546, #6294, #4653 ) ;
#145 = DIRECTION ( 'NONE',  ( 0.4620284873219583366, -0.4733177335606232328, 0.7500000000000118794 ) ) ;
#146 = FILL_AREA_STYLE ('',( #7262 ) ) ;
#147 = LINE ( 'NONE', #35, #1726 ) ;
#148 = TOROIDAL_SURFACE ( 'NONE', #6149, 0.8000000000000038192, 0.1999999999999973743 ) ;
#149 =( NAMED_UNIT ( * ) PLANE_ANGLE_UNIT ( ) SI_UNIT ( $, .RADIAN. ) );
#150 = CARTESIAN_POINT ( 'NONE',  ( 6.958519183380836637, 3.000000000000000000, -1.929257140873637644 ) ) ;
#151 = FILL_AREA_STYLE ('',( #7419 ) ) ;
#152 = STYLED_ITEM ( 'NONE', ( #4905 ), #10139 ) ;
#153 = FACE_OUTER_BOUND ( 'NONE', #82, .T. ) ;
#154 = ORIENTED_EDGE ( 'NONE', *, *, #2348, .F. ) ;
#155 = ORIENTED_EDGE ( 'NONE', *, *, #3661, .F. ) ;
#156 = LINE ( 'NONE', #4945, #6111 ) ;
#157 = PRESENTATION_LAYER_ASSIGNMENT (  '', '', ( #8683 ) ) ;
#158 = VECTOR ( 'NONE', #4333, 1000.000000000000000 ) ;
#159 = EDGE_CURVE ( 'NONE', #407, #8447, #678, .T. ) ;
#160 = DIRECTION ( 'NONE',  ( -1.000000000000000000, 0.000000000000000000, 0.000000000000000000 ) ) ;
#161 = DIRECTION ( 'NONE',  ( -1.000000000000000000, 0.000000000000000000, 0.000000000000000000 ) ) ;
#162 = COLOUR_RGB ( '',0.1098039215686274495, 0.1098039215686274495, 0.1098039215686274495 ) ;
#163 = CARTESIAN_POINT ( 'NONE',  ( 6.000000000000000000, 0.000000000000000000, 0.2000000000000000944 ) ) ;
#164 = ADVANCED_FACE ( 'NONE', ( #925 ), #4078, .F. ) ;
#165 = PRESENTATION_STYLE_ASSIGNMENT (( #7321 ) ) ;
#166 = AXIS2_PLACEMENT_3D ( 'NONE', #3107, #4682, #1405 ) ;
#167 = ADVANCED_FACE ( 'NONE', ( #1074 ), #9859, .T. ) ;
#168 = SURFACE_STYLE_FILL_AREA ( #8807 ) ;
#169 = VERTEX_POINT ( 'NONE', #5931 ) ;
#170 = ORIENTED_EDGE ( 'NONE', *, *, #4100, .F. ) ;
#171 = SURFACE_STYLE_FILL_AREA ( #3227 ) ;
#172 = ORIENTED_EDGE ( 'NONE', *, *, #5539, .F. ) ;
#173 = DIRECTION ( 'NONE',  ( 1.000000000000000000, 0.000000000000000000, -3.491483361109382461E-15 ) ) ;
#174 = STYLED_ITEM ( 'NONE', ( #7822 ), #9495 ) ;
#175 = DIRECTION ( 'NONE',  ( -1.000000000000000000, 0.000000000000000000, -3.009265538105064779E-31 ) ) ;
#176 = DIRECTION ( 'NONE',  ( -0.000000000000000000, -0.000000000000000000, 1.000000000000000000 ) ) ;
#177 = PRESENTATION_LAYER_ASSIGNMENT (  '', '', ( #5502 ) ) ;
#178 = MECHANICAL_DESIGN_GEOMETRIC_PRESENTATION_REPRESENTATION (  '', ( #1989 ), #1567 ) ;
#179 = CARTESIAN_POINT ( 'NONE',  ( -6.159705218919225622, 2.937096592108939141, -3.053341690607341619 ) ) ;
#180 = DIRECTION ( 'NONE',  ( -0.000000000000000000, -0.000000000000000000, 1.000000000000000000 ) ) ;
#181 = CYLINDRICAL_SURFACE ( 'NONE', #617, 0.1999999999999996503 ) ;
#182 = UNCERTAINTY_MEASURE_WITH_UNIT (LENGTH_MEASURE( 1.000000000000000082E-05 ), #262, 'distance_accuracy_value', 'NONE');
#183 = DIRECTION ( 'NONE',  ( -5.292964219876516403E-15, -1.256337252201566032E-14, -1.000000000000000000 ) ) ;
#184 =( NAMED_UNIT ( * ) PLANE_ANGLE_UNIT ( ) SI_UNIT ( $, .RADIAN. ) );
#185 = EDGE_CURVE ( 'NONE', #4303, #7612, #1027, .T. ) ;
#186 =( NAMED_UNIT ( * ) PLANE_ANGLE_UNIT ( ) SI_UNIT ( $, .RADIAN. ) );
#187 = EDGE_CURVE ( 'NONE', #7778, #4846, #8193, .T. ) ;
#188 = FACE_OUTER_BOUND ( 'NONE', #3944, .T. ) ;
#189 = ORIENTED_EDGE ( 'NONE', *, *, #1768, .F. ) ;
#190 = STYLED_ITEM ( 'NONE', ( #9702 ), #164 ) ;
#191 = CYLINDRICAL_SURFACE ( 'NONE', #2744, 0.3500000000000004774 ) ;
#192 = UNCERTAINTY_MEASURE_WITH_UNIT (LENGTH_MEASURE( 1.000000000000000082E-05 ), #3284, 'distance_accuracy_value', 'NONE');
#193 = PRESENTATION_LAYER_ASSIGNMENT (  '', '', ( #5166 ) ) ;
#194 = DIRECTION ( 'NONE',  ( -3.449361270584263663E-33, 1.000000000000000000, -4.900241895855865745E-16 ) ) ;
#195 = CIRCLE ( 'NONE', #6191, 0.3999999999999888645 ) ;
#196 = EDGE_CURVE ( 'NONE', #3180, #5211, #9898, .T. ) ;
#197 = CARTESIAN_POINT ( 'NONE',  ( -5.435424868894190631, -1.891518204694834226, 3.600000000000000089 ) ) ;
#198 = EDGE_LOOP ( 'NONE', ( #8465, #2065, #4068, #10221 ) ) ;
#199 = ORIENTED_EDGE ( 'NONE', *, *, #8621, .F. ) ;
#200 = ORIENTED_EDGE ( 'NONE', *, *, #4813, .F. ) ;
#201 = CARTESIAN_POINT ( 'NONE',  ( 5.700000000000001066, -2.250000000001067146, 3.499999999999996447 ) ) ;
#202 = CARTESIAN_POINT ( 'NONE',  ( 6.958519183380838413, 2.000000000000000000, -1.929257140873636311 ) ) ;
#203 = CARTESIAN_POINT ( 'NONE',  ( -5.000000000000000000, -5.000000000000000000, 3.299999999999999822 ) ) ;
#204 = PRESENTATION_LAYER_ASSIGNMENT (  '', '', ( #10213 ) ) ;
#205 = PRESENTATION_STYLE_ASSIGNMENT (( #2535 ) ) ;
#206 = EDGE_LOOP ( 'NONE', ( #9757, #5580, #548, #5101, #5633, #3417, #5153 ) ) ;
#207 = PRESENTATION_LAYER_ASSIGNMENT (  '', '', ( #8397 ) ) ;
#208 = AXIS2_PLACEMENT_3D ( 'NONE', #6470, #4833, #8898 ) ;
#209 = STYLED_ITEM ( 'NONE', ( #7877 ), #1997 ) ;
#210 = ORIENTED_EDGE ( 'NONE', *, *, #493, .T. ) ;
#211 = LINE ( 'NONE', #3369, #7608 ) ;
#212 = DIRECTION ( 'NONE',  ( 0.000000000000000000, 3.657375328517790370E-12, 1.000000000000000000 ) ) ;
#213 = CIRCLE ( 'NONE', #1194, 0.05000000000000056483 ) ;
#214 = DIRECTION ( 'NONE',  ( 0.000000000000000000, 0.000000000000000000, -1.000000000000000000 ) ) ;
#215 = MECHANICAL_DESIGN_GEOMETRIC_PRESENTATION_REPRESENTATION (  '', ( #2375 ), #2857 ) ;
#216 = DIRECTION ( 'NONE',  ( 0.4961328535521699612, 0.000000000000000000, -0.8682466191274119671 ) ) ;
#217 = PRODUCT_RELATED_PRODUCT_CATEGORY ( 'part', '', ( #1244 ) ) ;
#218 = SURFACE_STYLE_USAGE ( .BOTH. , #5818 ) ;
#219 =( GEOMETRIC_REPRESENTATION_CONTEXT ( 3 ) GLOBAL_UNCERTAINTY_ASSIGNED_CONTEXT ( ( #10342 ) ) GLOBAL_UNIT_ASSIGNED_CONTEXT ( ( #968, #7394, #5276 ) ) REPRESENTATION_CONTEXT ( 'NONE', 'WORKASPACE' ) );
#220 = FILL_AREA_STYLE ('',( #4163 ) ) ;
#221 = ORIENTED_EDGE ( 'NONE', *, *, #9061, .F. ) ;
#222 = AXIS2_PLACEMENT_3D ( 'NONE', #340, #3493, #194 ) ;
#223 = UNCERTAINTY_MEASURE_WITH_UNIT (LENGTH_MEASURE( 1.000000000000000082E-05 ), #2201, 'distance_accuracy_value', 'NONE');
#224 = ORIENTED_EDGE ( 'NONE', *, *, #3768, .T. ) ;
#225 = ORIENTED_EDGE ( 'NONE', *, *, #1882, .F. ) ;
#226 = MECHANICAL_DESIGN_GEOMETRIC_PRESENTATION_REPRESENTATION (  '', ( #557 ), #7556 ) ;
#227 = VECTOR ( 'NONE', #9893, 1000.000000000000000 ) ;
#228 = CARTESIAN_POINT ( 'NONE',  ( 5.266872133368805109, 1.579686864480724928, 3.599999999108079329 ) ) ;
#229 = DIRECTION ( 'NONE',  ( 0.000000000000000000, 0.000000000000000000, -1.000000000000000000 ) ) ;
#230 = PRESENTATION_LAYER_ASSIGNMENT (  '', '', ( #7560 ) ) ;
#231 = CARTESIAN_POINT ( 'NONE',  ( -5.000000000000001776, -5.000000000000000888, 3.299999999999998490 ) ) ;
#232 =( GEOMETRIC_REPRESENTATION_CONTEXT ( 3 ) GLOBAL_UNCERTAINTY_ASSIGNED_CONTEXT ( ( #8139 ) ) GLOBAL_UNIT_ASSIGNED_CONTEXT ( ( #524, #6123, #1296 ) ) REPRESENTATION_CONTEXT ( 'NONE', 'WORKASPACE' ) );
#233 = CARTESIAN_POINT ( 'NONE',  ( 6.000000000000000000, -3.499999999999999556, 3.500000000000000000 ) ) ;
#234 = SURFACE_STYLE_USAGE ( .BOTH. , #5117 ) ;
#235 = SURFACE_STYLE_FILL_AREA ( #4753 ) ;
#236 = CARTESIAN_POINT ( 'NONE',  ( 6.000000000000000000, 2.000000000000000000, 0.1999999999999997058 ) ) ;
#237 = COLOUR_RGB ( '',1.000000000000000000, 1.000000000000000000, 1.000000000000000000 ) ;
#238 = EDGE_LOOP ( 'NONE', ( #5697, #3225, #4035, #4992 ) ) ;
#239 = DIRECTION ( 'NONE',  ( 0.000000000000000000, 0.000000000000000000, -1.000000000000000000 ) ) ;
#240 = VECTOR ( 'NONE', #3883, 1000.000000000000000 ) ;
#241 = CARTESIAN_POINT ( 'NONE',  ( 1.599999999999997868, 1.899999999999999911, 7.000000000000130562 ) ) ;
#242 = DIRECTION ( 'NONE',  ( -1.000000000000000000, -5.300447580846951839E-11, 0.000000000000000000 ) ) ;
#243 = DIRECTION ( 'NONE',  ( -0.000000000000000000, 0.000000000000000000, -1.000000000000000000 ) ) ;
#244 = EDGE_CURVE ( 'NONE', #3811, #4435, #3338, .T. ) ;
#245 = ADVANCED_FACE ( 'NONE', ( #7445 ), #8988, .T. ) ;
#246 = DIRECTION ( 'NONE',  ( 0.000000000000000000, 1.000000000000000000, 0.000000000000000000 ) ) ;
#247 = EDGE_CURVE ( 'NONE', #7423, #1307, #382, .T. ) ;
#248 = STYLED_ITEM ( 'NONE', ( #8892 ), #7972 ) ;
#249 = DIRECTION ( 'NONE',  ( -1.960096758342356159E-15, 1.960096758342354581E-15, 1.000000000000000000 ) ) ;
#250 = ORIENTED_EDGE ( 'NONE', *, *, #1010, .F. ) ;
#251 = EDGE_CURVE ( 'NONE', #3715, #7448, #195, .T. ) ;
#252 = AXIS2_PLACEMENT_3D ( 'NONE', #2000, #1432, #5295 ) ;
#253 = B_SPLINE_CURVE_WITH_KNOTS ( 'NONE', 3,
 ( #844, #7846, #5374, #3000 ),
 .UNSPECIFIED., .F., .F.,
 ( 4, 4 ),
 ( 0.000000000000000000, 1.000000000000000000 ),
 .UNSPECIFIED. ) ;
#254 = ORIENTED_EDGE ( 'NONE', *, *, #2456, .F. ) ;
#255 = VERTEX_POINT ( 'NONE', #5379 ) ;
#256 = TOROIDAL_SURFACE ( 'NONE', #1563, 0.03542486889337182615, 0.4000000000000107914 ) ;
#257 = CARTESIAN_POINT ( 'NONE',  ( -4.999999999999992895, 6.000000000000000000, 3.299999999999999822 ) ) ;
#258 = SURFACE_STYLE_USAGE ( .BOTH. , #2442 ) ;
#259 = CIRCLE ( 'NONE', #8440, 0.3999999999999939715 ) ;
#260 = PLANE ( 'NONE',  #2583 ) ;
#261 = DIRECTION ( 'NONE',  ( -1.000000000000000000, 0.000000000000000000, 0.000000000000000000 ) ) ;
#262 =( LENGTH_UNIT ( ) NAMED_UNIT ( * ) SI_UNIT ( .MILLI., .METRE. ) );
#263 = SURFACE_STYLE_FILL_AREA ( #5855 ) ;
#264 = ORIENTED_EDGE ( 'NONE', *, *, #8504, .T. ) ;
#265 = CIRCLE ( 'NONE', #3725, 0.4500000000000001221 ) ;
#266 = AXIS2_PLACEMENT_3D ( 'NONE', #3081, #6395, #2516 ) ;
#267 = ORIENTED_EDGE ( 'NONE', *, *, #4208, .F. ) ;
#268 = DIRECTION ( 'NONE',  ( 0.000000000000000000, 1.000000000000000000, 0.000000000000000000 ) ) ;
#269 = DIRECTION ( 'NONE',  ( 1.053031360026544826E-16, 1.000000000000000000, 0.000000000000000000 ) ) ;
#270 = PRESENTATION_LAYER_ASSIGNMENT (  '', '', ( #3903 ) ) ;
#271 = FACE_OUTER_BOUND ( 'NONE', #7110, .T. ) ;
#272 = LINE ( 'NONE', #7474, #74 ) ;
#273 = FILL_AREA_STYLE ('',( #8968 ) ) ;
#274 = CARTESIAN_POINT ( 'NONE',  ( 1.600000000000000089, -1.599999999999999867, 5.500000000000000000 ) ) ;
#275 = EDGE_LOOP ( 'NONE', ( #7613, #1059, #2756, #1950 ) ) ;
#276 = ORIENTED_EDGE ( 'NONE', *, *, #7700, .T. ) ;
#277 = MECHANICAL_DESIGN_GEOMETRIC_PRESENTATION_REPRESENTATION (  '', ( #10123 ), #8459 ) ;
#278 = DIRECTION ( 'NONE',  ( 0.000000000000000000, 0.000000000000000000, -1.000000000000000000 ) ) ;
#279 = VERTEX_POINT ( 'NONE', #8444 ) ;
#280 =( NAMED_UNIT ( * ) SI_UNIT ( $, .STERADIAN. ) SOLID_ANGLE_UNIT ( ) );
#281 = CARTESIAN_POINT ( 'NONE',  ( 1.866168552841669159, 5.424745029542288322, 3.200000000000017053 ) ) ;
#282 = CARTESIAN_POINT ( 'NONE',  ( -5.435424868894230599, 2.250000000001086242, 3.600000000000000977 ) ) ;
#283 = CARTESIAN_POINT ( 'NONE',  ( 5.435424868893540484, 1.599999999999999867, 3.199999999999999734 ) ) ;
#284 =( NAMED_UNIT ( * ) SI_UNIT ( $, .STERADIAN. ) SOLID_ANGLE_UNIT ( ) );
#285 = DIRECTION ( 'NONE',  ( 0.000000000000000000, 1.000000000000000000, 0.000000000000000000 ) ) ;
#286 = UNCERTAINTY_MEASURE_WITH_UNIT (LENGTH_MEASURE( 1.000000000000000082E-05 ), #5969, 'distance_accuracy_value', 'NONE');
#287 = DIRECTION ( 'NONE',  ( 0.1179568432022832097, 0.9713257602420872772, 0.2064278339562842790 ) ) ;
#288 = SURFACE_STYLE_FILL_AREA ( #7593 ) ;
#289 = FILL_AREA_STYLE ('',( #1781 ) ) ;
#290 = CARTESIAN_POINT ( 'NONE',  ( -4.055358197899694872, -4.340453319508775998, 3.598694560489955396 ) ) ;
#291 = ORIENTED_EDGE ( 'NONE', *, *, #8380, .T. ) ;
#292 =( GEOMETRIC_REPRESENTATION_CONTEXT ( 3 ) GLOBAL_UNCERTAINTY_ASSIGNED_CONTEXT ( ( #5002 ) ) GLOBAL_UNIT_ASSIGNED_CONTEXT ( ( #8737, #6267, #1541 ) ) REPRESENTATION_CONTEXT ( 'NONE', 'WORKASPACE' ) );
#293 = CARTESIAN_POINT ( 'NONE',  ( -6.694074169054407442, 3.000000000000000000, -2.070921654418468094 ) ) ;
#294 = EDGE_CURVE ( 'NONE', #437, #5104, #1412, .T. ) ;
#295 =( LENGTH_UNIT ( ) NAMED_UNIT ( * ) SI_UNIT ( .MILLI., .METRE. ) );
#296 = ORIENTED_EDGE ( 'NONE', *, *, #2912, .F. ) ;
#297 = COLOUR_RGB ( '',1.000000000000000000, 1.000000000000000000, 1.000000000000000000 ) ;
#298 = ORIENTED_EDGE ( 'NONE', *, *, #7138, .F. ) ;
#299 = EDGE_CURVE ( 'NONE', #6774, #10197, #10106, .T. ) ;
#300 = CARTESIAN_POINT ( 'NONE',  ( 5.000000000000000000, -5.000000000000000000, 3.300000000000000711 ) ) ;
#301 = ADVANCED_FACE ( 'NONE', ( #3585 ), #6922, .F. ) ;
#302 = FILL_AREA_STYLE_COLOUR ( '', #5750 ) ;
#303 = CARTESIAN_POINT ( 'NONE',  ( 5.819112848942155303, -1.462164714140037569, 3.200000000000025491 ) ) ;
#304 = STYLED_ITEM ( 'NONE', ( #8240 ), #3632 ) ;
#305 = DIRECTION ( 'NONE',  ( 0.000000000000000000, 0.000000000000000000, 1.000000000000000000 ) ) ;
#306 = SURFACE_STYLE_USAGE ( .BOTH. , #2836 ) ;
#307 = FACE_OUTER_BOUND ( 'NONE', #7354, .T. ) ;
#308 = CARTESIAN_POINT ( 'NONE',  ( -2.249999999999989342, 5.399999999999928413, 3.599999999999999201 ) ) ;
#309 = ORIENTED_EDGE ( 'NONE', *, *, #475, .T. ) ;
#310 = EDGE_CURVE ( 'NONE', #6288, #7932, #4997, .T. ) ;
#311 = ORIENTED_EDGE ( 'NONE', *, *, #10079, .F. ) ;
#312 = AXIS2_PLACEMENT_3D ( 'NONE', #582, #1403, #5427 ) ;
#313 = CARTESIAN_POINT ( 'NONE',  ( -5.000000000000000000, -5.000000000000000000, 3.500000000000000000 ) ) ;
#314 = SURFACE_STYLE_FILL_AREA ( #2895 ) ;
#315 = DIRECTION ( 'NONE',  ( 0.000000000000000000, -0.000000000000000000, 1.000000000000000000 ) ) ;
#316 =( NAMED_UNIT ( * ) SI_UNIT ( $, .STERADIAN. ) SOLID_ANGLE_UNIT ( ) );
#317 = EDGE_CURVE ( 'NONE', #3747, #9740, #5169, .T. ) ;
#318 = DIRECTION ( 'NONE',  ( 1.091359317269132201E-13, 2.182718634538561519E-14, 1.000000000000000000 ) ) ;
#319 = DIRECTION ( 'NONE',  ( -1.000000000000000000, 0.000000000000000000, 0.000000000000000000 ) ) ;
#320 =( GEOMETRIC_REPRESENTATION_CONTEXT ( 3 ) GLOBAL_UNCERTAINTY_ASSIGNED_CONTEXT ( ( #9894 ) ) GLOBAL_UNIT_ASSIGNED_CONTEXT ( ( #4205, #1243, #8377 ) ) REPRESENTATION_CONTEXT ( 'NONE', 'WORKASPACE' ) );
#321 = DIRECTION ( 'NONE',  ( -1.000000000000000000, 0.000000000000000000, -0.000000000000000000 ) ) ;
#322 = VECTOR ( 'NONE', #6434, 1000.000000000000000 ) ;
#323 = VERTEX_POINT ( 'NONE', #8604 ) ;
#324 = UNCERTAINTY_MEASURE_WITH_UNIT (LENGTH_MEASURE( 1.000000000000000082E-05 ), #6682, 'distance_accuracy_value', 'NONE');
#325 = CARTESIAN_POINT ( 'NONE',  ( 6.000000000000000000, -3.499999999999999556, 0.4000000000000000222 ) ) ;
#326 = ORIENTED_EDGE ( 'NONE', *, *, #4315, .T. ) ;
#327 = CARTESIAN_POINT ( 'NONE',  ( 1.899999999999999911, 0.000000000000000000, 6.999999999999999112 ) ) ;
#328 = CARTESIAN_POINT ( 'NONE',  ( 6.693412330956371115, 6.704630743366732482, -2.119339049353549331 ) ) ;
#329 = PRESENTATION_LAYER_ASSIGNMENT (  '', '', ( #7343 ) ) ;
#330 = LINE ( 'NONE', #4382, #4703 ) ;
#331 = PRESENTATION_LAYER_ASSIGNMENT (  '', '', ( #3980 ) ) ;
#332 = UNCERTAINTY_MEASURE_WITH_UNIT (LENGTH_MEASURE( 1.000000000000000082E-05 ), #1718, 'distance_accuracy_value', 'NONE');
#333 = PRESENTATION_LAYER_ASSIGNMENT (  '', '', ( #1824 ) ) ;
#334 = DIRECTION ( 'NONE',  ( 0.9230769230769206857, 0.3846153846153909095, -2.601674134638566707E-14 ) ) ;
#335 = ORIENTED_EDGE ( 'NONE', *, *, #7588, .T. ) ;
#336 = SURFACE_SIDE_STYLE ('',( #4921 ) ) ;
#337 = AXIS2_PLACEMENT_3D ( 'NONE', #9281, #1977, #4380 ) ;
#338 = PRESENTATION_STYLE_ASSIGNMENT (( #2671 ) ) ;
#339 = FILL_AREA_STYLE_COLOUR ( '', #8566 ) ;
#340 = CARTESIAN_POINT ( 'NONE',  ( 6.505213034913026604E-15, 8.673617379884035472E-16, 3.200000000000001954 ) ) ;
#341 = FACE_OUTER_BOUND ( 'NONE', #9299, .T. ) ;
#342 = DIRECTION ( 'NONE',  ( -0.4961328535521692951, 0.000000000000000000, 0.8682466191274123002 ) ) ;
#343 = EDGE_LOOP ( 'NONE', ( #298, #2326, #7724, #4523 ) ) ;
#344 = DIRECTION ( 'NONE',  ( -1.000000000000000000, 0.000000000000000000, 0.000000000000000000 ) ) ;
#345 = CARTESIAN_POINT ( 'NONE',  ( -6.958519183380841078, 6.704630743366732482, -1.929257140873635201 ) ) ;
#346 = ORIENTED_EDGE ( 'NONE', *, *, #818, .F. ) ;
#347 = EDGE_CURVE ( 'NONE', #6461, #469, #7540, .T. ) ;
#348 = DIRECTION ( 'NONE',  ( 2.172784074740690919E-30, -1.000000000000000000, -5.025349008807009442E-14 ) ) ;
#349 = PRESENTATION_STYLE_ASSIGNMENT (( #6824 ) ) ;
#350 = FACE_OUTER_BOUND ( 'NONE', #2702, .T. ) ;
#351 = STYLED_ITEM ( 'NONE', ( #5782 ), #245 ) ;
#352 = DIRECTION ( 'NONE',  ( 0.000000000000000000, 1.000000000000000000, 0.000000000000000000 ) ) ;
#353 = CARTESIAN_POINT ( 'NONE',  ( -6.159705218919231839, -2.937096592108938697, -3.053341690607345615 ) ) ;
#354 = DIRECTION ( 'NONE',  ( -0.6414968937218082923, -0.1611885087261584470, 0.7499999999999388267 ) ) ;
#355 = VERTEX_POINT ( 'NONE', #9171 ) ;
#356 = CIRCLE ( 'NONE', #3829, 5.435424868893674599 ) ;
#357 = ORIENTED_EDGE ( 'NONE', *, *, #1089, .T. ) ;
#358 = DIRECTION ( 'NONE',  ( -1.000000000000000000, 0.000000000000000000, -0.000000000000000000 ) ) ;
#359 = DIRECTION ( 'NONE',  ( -0.4961328535521693506, 0.000000000000000000, 0.8682466191274121892 ) ) ;
#360 = PRESENTATION_STYLE_ASSIGNMENT (( #2844 ) ) ;
#361 =( GEOMETRIC_REPRESENTATION_CONTEXT ( 3 ) GLOBAL_UNCERTAINTY_ASSIGNED_CONTEXT ( ( #2163 ) ) GLOBAL_UNIT_ASSIGNED_CONTEXT ( ( #4379, #778, #8388 ) ) REPRESENTATION_CONTEXT ( 'NONE', 'WORKASPACE' ) );
#362 = CARTESIAN_POINT ( 'NONE',  ( 6.041480816619163363, 6.704630743366732482, -0.8527262566030739954 ) ) ;
#363 = LINE ( 'NONE', #9877, #7421 ) ;
#364 = STYLED_ITEM ( 'NONE', ( #10035 ), #4879 ) ;
#365 = DIRECTION ( 'NONE',  ( 0.000000000000000000, 1.000000000000000000, -0.000000000000000000 ) ) ;
#366 = ORIENTED_EDGE ( 'NONE', *, *, #8255, .T. ) ;
#367 =( NAMED_UNIT ( * ) SI_UNIT ( $, .STERADIAN. ) SOLID_ANGLE_UNIT ( ) );
#368 = VERTEX_POINT ( 'NONE', #1208 ) ;
#369 = VERTEX_POINT ( 'NONE', #3113 ) ;
#370 =( GEOMETRIC_REPRESENTATION_CONTEXT ( 3 ) GLOBAL_UNCERTAINTY_ASSIGNED_CONTEXT ( ( #7924 ) ) GLOBAL_UNIT_ASSIGNED_CONTEXT ( ( #4842, #4691, #741 ) ) REPRESENTATION_CONTEXT ( 'NONE', 'WORKASPACE' ) );
#371 = DIRECTION ( 'NONE',  ( -1.000000000000000000, -1.011922027653082041E-14, -5.059610138265410521E-14 ) ) ;
#372 = EDGE_LOOP ( 'NONE', ( #6659, #3587, #5480, #9948 ) ) ;
#373 = SURFACE_STYLE_USAGE ( .BOTH. , #1147 ) ;
#374 = PRESENTATION_LAYER_ASSIGNMENT (  '', '', ( #6714 ) ) ;
#375 = CARTESIAN_POINT ( 'NONE',  ( 5.389502729819248827, 1.831766828003718706, 3.600000000000000533 ) ) ;
#376 = FACE_OUTER_BOUND ( 'NONE', #993, .T. ) ;
#377 = COLOUR_RGB ( '',0.1098039215686274495, 0.1098039215686274495, 0.1098039215686274495 ) ;
#378 = CARTESIAN_POINT ( 'NONE',  ( 6.000000000000000000, 3.499999999999999556, 0.4000000000000000222 ) ) ;
#379 = VECTOR ( 'NONE', #10125, 1000.000000000000227 ) ;
#380 = FILL_AREA_STYLE_COLOUR ( '', #3346 ) ;
#381 = UNCERTAINTY_MEASURE_WITH_UNIT (LENGTH_MEASURE( 1.000000000000000082E-05 ), #8236, 'distance_accuracy_value', 'NONE');
#382 = LINE ( 'NONE', #4433, #2001 ) ;
#383 = ORIENTED_EDGE ( 'NONE', *, *, #6476, .T. ) ;
#384 = AXIS2_PLACEMENT_3D ( 'NONE', #7799, #7752, #4482 ) ;
#385 = CIRCLE ( 'NONE', #5902, 0.4000000000000001887 ) ;
#386 = ORIENTED_EDGE ( 'NONE', *, *, #5261, .T. ) ;
#387 = AXIS2_PLACEMENT_3D ( 'NONE', #8628, #4502, #3872 ) ;
#388 = DIRECTION ( 'NONE',  ( 0.000000000000000000, -1.000000000000000000, -2.514091994169285222E-16 ) ) ;
#389 = VECTOR ( 'NONE', #4479, 1000.000000000000000 ) ;
#390 =( NAMED_UNIT ( * ) SI_UNIT ( $, .STERADIAN. ) SOLID_ANGLE_UNIT ( ) );
#391 = EDGE_LOOP ( 'NONE', ( #7481, #4810, #4471, #8605 ) ) ;
#392 = PLANE ( 'NONE',  #2488 ) ;
#393 =( NAMED_UNIT ( * ) PLANE_ANGLE_UNIT ( ) SI_UNIT ( $, .RADIAN. ) );
#394 = MECHANICAL_DESIGN_GEOMETRIC_PRESENTATION_REPRESENTATION (  '', ( #5578 ), #6236 ) ;
#395 = VERTEX_POINT ( 'NONE', #6335 ) ;
#396 = VECTOR ( 'NONE', #9303, 1000.000000000000000 ) ;
#397 = CARTESIAN_POINT ( 'NONE',  ( -1.899999999999999911, -1.599999999999998979, 6.999999999999999112 ) ) ;
#398 = AXIS2_PLACEMENT_3D ( 'NONE', #5653, #8750, #4788 ) ;
#399 = SURFACE_STYLE_FILL_AREA ( #4351 ) ;
#400 =( NAMED_UNIT ( * ) SI_UNIT ( $, .STERADIAN. ) SOLID_ANGLE_UNIT ( ) );
#401 = SURFACE_STYLE_USAGE ( .BOTH. , #6677 ) ;
#402 = SURFACE_STYLE_FILL_AREA ( #3412 ) ;
#403 = COLOUR_RGB ( '',0.1098039215686274495, 0.1098039215686274495, 0.1098039215686274495 ) ;
#405 = AXIS2_PLACEMENT_3D ( 'NONE', #10212, #7599, #6926 ) ;
#404 = DIRECTION ( 'NONE',  ( -1.000000000000000000, 0.000000000000000000, 0.000000000000000000 ) ) ;
#406 = VERTEX_POINT ( 'NONE', #693 ) ;
#407 = VERTEX_POINT ( 'NONE', #3012 ) ;
#408 = AXIS2_PLACEMENT_3D ( 'NONE', #10165, #3072, #6135 ) ;
#409 = STYLED_ITEM ( 'NONE', ( #9242 ), #6530 ) ;
#410 = SURFACE_SIDE_STYLE ('',( #1183 ) ) ;
#411 = SURFACE_SIDE_STYLE ('',( #10029 ) ) ;
#412 = DIRECTION ( 'NONE',  ( -0.000000000000000000, -1.000000000000000000, -0.000000000000000000 ) ) ;
#413 = CARTESIAN_POINT ( 'NONE',  ( 0.000000000000000000, -5.800000000000000711, 0.2000000000000000944 ) ) ;
#414 = FILL_AREA_STYLE_COLOUR ( '', #2882 ) ;
#415 = VECTOR ( 'NONE', #4909, 1000.000000000000114 ) ;
#416 = AXIS2_PLACEMENT_3D ( 'NONE', #6765, #9176, #4389 ) ;
#417 = EDGE_CURVE ( 'NONE', #10299, #1021, #3, .T. ) ;
#418 = ORIENTED_EDGE ( 'NONE', *, *, #2403, .F. ) ;
#419 = PRESENTATION_STYLE_ASSIGNMENT (( #9881 ) ) ;
#420 = ORIENTED_EDGE ( 'NONE', *, *, #5862, .T. ) ;
#421 = EDGE_CURVE ( 'NONE', #8382, #5963, #9044, .T. ) ;
#422 = ORIENTED_EDGE ( 'NONE', *, *, #987, .T. ) ;
#423 = EDGE_CURVE ( 'NONE', #2742, #4903, #8719, .T. ) ;
#424 = COLOUR_RGB ( '',0.1098039215686274495, 0.1098039215686274495, 0.1098039215686274495 ) ;
#425 =( NAMED_UNIT ( * ) SI_UNIT ( $, .STERADIAN. ) SOLID_ANGLE_UNIT ( ) );
#426 = ADVANCED_FACE ( 'NONE', ( #3799 ), #9443, .F. ) ;
#427 = CARTESIAN_POINT ( 'NONE',  ( 1.470264163739677550E-15, 4.924999999999998046, 3.600000000000005418 ) ) ;
#428 = FILL_AREA_STYLE_COLOUR ( '', #3497 ) ;
#429 = CARTESIAN_POINT ( 'NONE',  ( 5.435424868893540484, -1.599999999999999867, 3.199999999999999734 ) ) ;
#430 =( LENGTH_UNIT ( ) NAMED_UNIT ( * ) SI_UNIT ( .MILLI., .METRE. ) );
#431 = UNCERTAINTY_MEASURE_WITH_UNIT (LENGTH_MEASURE( 1.000000000000000082E-05 ), #4141, 'distance_accuracy_value', 'NONE');
#432 = DIRECTION ( 'NONE',  ( -1.000000000000000000, -1.019578823124758518E-47, -4.336808689942028583E-16 ) ) ;
#433 = EDGE_CURVE ( 'NONE', #6273, #437, #7196, .T. ) ;
#434 = CARTESIAN_POINT ( 'NONE',  ( -1.899999999999999911, -1.599999999999998979, 5.500000000000000000 ) ) ;
#435 = AXIS2_PLACEMENT_3D ( 'NONE', #4635, #5370, #10148 ) ;
#436 = FILL_AREA_STYLE_COLOUR ( '', #4871 ) ;
#437 = VERTEX_POINT ( 'NONE', #9592 ) ;
#438 = EDGE_CURVE ( 'NONE', #4732, #3853, #3328, .T. ) ;
#439 = CARTESIAN_POINT ( 'NONE',  ( 3.975217565217817661, 4.526465001667448362, 3.577896733784646788 ) ) ;
#440 = VERTEX_POINT ( 'NONE', #1604 ) ;
#441 = CIRCLE ( 'NONE', #6284, 0.4000000000000392686 ) ;
#442 = DIRECTION ( 'NONE',  ( 0.000000000000000000, -1.000000000000000000, 6.505213034912980850E-15 ) ) ;
#443 = CARTESIAN_POINT ( 'NONE',  ( 6.287205726393079175, -2.000000000000000000, -2.830212172457902575 ) ) ;
#444 = CARTESIAN_POINT ( 'NONE',  ( 5.204170427930421283E-15, -3.469446951953614189E-15, 3.500000000000000000 ) ) ;
#445 = EDGE_CURVE ( 'NONE', #10121, #2044, #4170, .T. ) ;
#446 = LINE ( 'NONE', #345, #5725 ) ;
#447 = EDGE_LOOP ( 'NONE', ( #5040, #8674, #119, #2238 ) ) ;
#448 = PRESENTATION_LAYER_ASSIGNMENT (  '', '', ( #7796 ) ) ;
#449 = LINE ( 'NONE', #2209, #8276 ) ;
#450 = DIRECTION ( 'NONE',  ( 2.117185687951166652E-14, -5.025349008807009442E-14, 1.000000000000000000 ) ) ;
#451 =( NAMED_UNIT ( * ) SI_UNIT ( $, .STERADIAN. ) SOLID_ANGLE_UNIT ( ) );
#452 = DIRECTION ( 'NONE',  ( -0.000000000000000000, -0.000000000000000000, 1.000000000000000000 ) ) ;
#453 = DIRECTION ( 'NONE',  ( -0.000000000000000000, -1.000000000000000000, -0.000000000000000000 ) ) ;
#454 = AXIS2_PLACEMENT_3D ( 'NONE', #1685, #249, #9807 ) ;
#455 = CARTESIAN_POINT ( 'NONE',  ( 5.000000000000000000, -5.800000000000000711, 3.299999999999999822 ) ) ;
#456 = ADVANCED_FACE ( 'NONE', ( #8013 ), #850, .T. ) ;
#457 = EDGE_LOOP ( 'NONE', ( #8811, #748, #2751 ) ) ;
#458 = AXIS2_PLACEMENT_3D ( 'NONE', #1896, #3594, #6818 ) ;
#459 = MECHANICAL_DESIGN_GEOMETRIC_PRESENTATION_REPRESENTATION (  '', ( #4270 ), #5815 ) ;
#460 = AXIS2_PLACEMENT_3D ( 'NONE', #2385, #569, #621 ) ;
#461 = DIRECTION ( 'NONE',  ( -0.000000000000000000, -1.000000000000000000, -0.000000000000000000 ) ) ;
#462 =( LENGTH_UNIT ( ) NAMED_UNIT ( * ) SI_UNIT ( .MILLI., .METRE. ) );
#463 = SURFACE_SIDE_STYLE ('',( #1048 ) ) ;
#464 = DIRECTION ( 'NONE',  ( 1.000000000000000000, -0.000000000000000000, -0.000000000000000000 ) ) ;
#465 = TOROIDAL_SURFACE ( 'NONE', #6983, 5.435424868893655059, 0.4000000000000445421 ) ;
#466 = LINE ( 'NONE', #2941, #8734 ) ;
#467 = VERTEX_POINT ( 'NONE', #6643 ) ;
#468 = FACE_OUTER_BOUND ( 'NONE', #10110, .T. ) ;
#469 = VERTEX_POINT ( 'NONE', #6592 ) ;
#470 = ORIENTED_EDGE ( 'NONE', *, *, #8627, .F. ) ;
#471 =( LENGTH_UNIT ( ) NAMED_UNIT ( * ) SI_UNIT ( .MILLI., .METRE. ) );
#472 = ORIENTED_EDGE ( 'NONE', *, *, #294, .T. ) ;
#473 = SURFACE_STYLE_USAGE ( .BOTH. , #5110 ) ;
#474 = STYLED_ITEM ( 'NONE', ( #895 ), #3074 ) ;
#475 = EDGE_CURVE ( 'NONE', #7380, #9640, #9788, .T. ) ;
#476 = CARTESIAN_POINT ( 'NONE',  ( 1.600000000000000089, -1.599999999999999867, 6.999999999999999112 ) ) ;
#477 = LINE ( 'NONE', #9279, #8051 ) ;
#478 = VECTOR ( 'NONE', #3786, 1000.000000000000000 ) ;
#479 = SURFACE_SIDE_STYLE ('',( #6081 ) ) ;
#480 = EDGE_CURVE ( 'NONE', #5314, #1506, #6692, .T. ) ;
#481 = CARTESIAN_POINT ( 'NONE',  ( 5.275613662820099137, -1.615024158866859461, 3.600000000000003642 ) ) ;
#482 = AXIS2_PLACEMENT_3D ( 'NONE', #8423, #9264, #9926 ) ;
#483 = UNCERTAINTY_MEASURE_WITH_UNIT (LENGTH_MEASURE( 1.000000000000000082E-05 ), #6302, 'distance_accuracy_value', 'NONE');
#484 = DIRECTION ( 'NONE',  ( 4.900241895855846023E-16, 4.900241895855865745E-16, 1.000000000000000000 ) ) ;
#485 = SURFACE_STYLE_USAGE ( .BOTH. , #2666 ) ;
#486 = CARTESIAN_POINT ( 'NONE',  ( 1.600000000000000089, -1.599999999999813349, 7.299999999999998934 ) ) ;
#487 = SURFACE_STYLE_FILL_AREA ( #1937 ) ;
#488 = ORIENTED_EDGE ( 'NONE', *, *, #2318, .F. ) ;
#489 = ORIENTED_EDGE ( 'NONE', *, *, #1499, .F. ) ;
#490 = VERTEX_POINT ( 'NONE', #8909 ) ;
#491 = STYLED_ITEM ( 'NONE', ( #6687 ), #9699 ) ;
#492 = DIRECTION ( 'NONE',  ( -1.000000000000000000, 0.000000000000000000, 0.000000000000000000 ) ) ;
#493 = EDGE_CURVE ( 'NONE', #4769, #1708, #9880, .T. ) ;
#494 = DIRECTION ( 'NONE',  ( -1.000000000000000000, 0.000000000000000000, 0.000000000000000000 ) ) ;
#495 = FILL_AREA_STYLE ('',( #1220 ) ) ;
#496 = STYLED_ITEM ( 'NONE', ( #9535 ), #9139 ) ;
#497 = ORIENTED_EDGE ( 'NONE', *, *, #3768, .F. ) ;
#498 = DIRECTION ( 'NONE',  ( 0.000000000000000000, -0.000000000000000000, -1.000000000000000000 ) ) ;
#499 = PRESENTATION_STYLE_ASSIGNMENT (( #1475 ) ) ;
#500 = CIRCLE ( 'NONE', #2969, 0.8000000000000003775 ) ;
#501 = LINE ( 'NONE', #3071, #396 ) ;
#502 = DIRECTION ( 'NONE',  ( 3.061110680682674975E-14, 8.658270306300233006E-15, 1.000000000000000000 ) ) ;
#503 =( LENGTH_UNIT ( ) NAMED_UNIT ( * ) SI_UNIT ( .MILLI., .METRE. ) );
#504 = EDGE_CURVE ( 'NONE', #4361, #3747, #356, .T. ) ;
#505 =( GEOMETRIC_REPRESENTATION_CONTEXT ( 3 ) GLOBAL_UNCERTAINTY_ASSIGNED_CONTEXT ( ( #8241 ) ) GLOBAL_UNIT_ASSIGNED_CONTEXT ( ( #2186, #3739, #10154 ) ) REPRESENTATION_CONTEXT ( 'NONE', 'WORKASPACE' ) );
#506 = PRESENTATION_STYLE_ASSIGNMENT (( #3604 ) ) ;
#507 = AXIS2_PLACEMENT_3D ( 'NONE', #655, #6977, #6038 ) ;
#508 = ADVANCED_FACE ( 'NONE', ( #8069 ), #3158, .T. ) ;
#509 = VERTEX_POINT ( 'NONE', #4901 ) ;
#510 = ORIENTED_EDGE ( 'NONE', *, *, #1945, .F. ) ;
#511 = MECHANICAL_DESIGN_GEOMETRIC_PRESENTATION_REPRESENTATION (  '', ( #7522 ), #5696 ) ;
#512 = CARTESIAN_POINT ( 'NONE',  ( 1.599999999999999867, 1.899999999999999911, 7.299999999999998934 ) ) ;
#513 = DIRECTION ( 'NONE',  ( 0.000000000000000000, 0.000000000000000000, -1.000000000000000000 ) ) ;
#514 = DIRECTION ( 'NONE',  ( -1.000000000000000000, 0.000000000000000000, -2.693299767891125114E-13 ) ) ;
#515 = COLOUR_RGB ( '',0.1098039215686274495, 0.1098039215686274495, 0.1098039215686274495 ) ;
#516 = DIRECTION ( 'NONE',  ( -1.000000000000000000, -1.222978688985946960E-15, -0.000000000000000000 ) ) ;
#517 = PLANE ( 'NONE',  #1684 ) ;
#518 = ORIENTED_EDGE ( 'NONE', *, *, #9265, .F. ) ;
#519 =( NAMED_UNIT ( * ) PLANE_ANGLE_UNIT ( ) SI_UNIT ( $, .RADIAN. ) );
#520 = EDGE_LOOP ( 'NONE', ( #1120, #7812, #5277, #4152 ) ) ;
#521 = VERTEX_POINT ( 'NONE', #8124 ) ;
#522 = DIRECTION ( 'NONE',  ( 0.000000000000000000, 0.000000000000000000, -1.000000000000000000 ) ) ;
#523 = ORIENTED_EDGE ( 'NONE', *, *, #5194, .T. ) ;
#524 =( LENGTH_UNIT ( ) NAMED_UNIT ( * ) SI_UNIT ( .MILLI., .METRE. ) );
#525 = LINE ( 'NONE', #7003, #6938 ) ;
#526 = PRESENTATION_STYLE_ASSIGNMENT (( #2662 ) ) ;
#527 = SURFACE_STYLE_USAGE ( .BOTH. , #3681 ) ;
#528 = TOROIDAL_SURFACE ( 'NONE', #6373, 0.5645751311064587386, 0.4000000000000065725 ) ;
#529 = STYLED_ITEM ( 'NONE', ( #2185 ), #1886 ) ;
#530 = ADVANCED_FACE ( 'NONE', ( #955 ), #2281, .T. ) ;
#531 = CARTESIAN_POINT ( 'NONE',  ( 5.299119029835076766, -1.682209777799811290, 3.599999997689319997 ) ) ;
#532 = DIRECTION ( 'NONE',  ( -1.000000000000000000, 0.000000000000000000, -4.814824860968056352E-31 ) ) ;
#533 = PLANE ( 'NONE',  #1863 ) ;
#534 = AXIS2_PLACEMENT_3D ( 'NONE', #5545, #4003, #5654 ) ;
#535 =( NAMED_UNIT ( * ) PLANE_ANGLE_UNIT ( ) SI_UNIT ( $, .RADIAN. ) );
#536 = EDGE_LOOP ( 'NONE', ( #5313, #9173, #8710, #1637 ) ) ;
#537 = ORIENTED_EDGE ( 'NONE', *, *, #4111, .T. ) ;
#538 = ORIENTED_EDGE ( 'NONE', *, *, #3893, .T. ) ;
#539 = AXIS2_PLACEMENT_3D ( 'NONE', #9607, #9406, #2365 ) ;
#540 = AXIS2_PLACEMENT_3D ( 'NONE', #3500, #8366, #10018 ) ;
#541 = AXIS2_PLACEMENT_3D ( 'NONE', #6639, #1099, #4314 ) ;
#542 =( NAMED_UNIT ( * ) PLANE_ANGLE_UNIT ( ) SI_UNIT ( $, .RADIAN. ) );
#543 = SURFACE_STYLE_USAGE ( .BOTH. , #4652 ) ;
#544 = CARTESIAN_POINT ( 'NONE',  ( 5.000000000000000888, 5.000000000000000888, 3.300000000000005596 ) ) ;
#545 = PRESENTATION_LAYER_ASSIGNMENT (  '', '', ( #2858 ) ) ;
#546 = ORIENTED_EDGE ( 'NONE', *, *, #10274, .F. ) ;
#547 = CARTESIAN_POINT ( 'NONE',  ( -6.010290252023381090E-14, 3.332484621800302315E-13, 3.600000000000163514 ) ) ;
#548 = ORIENTED_EDGE ( 'NONE', *, *, #5529, .T. ) ;
#549 =( NAMED_UNIT ( * ) SI_UNIT ( $, .STERADIAN. ) SOLID_ANGLE_UNIT ( ) );
#550 =( GEOMETRIC_REPRESENTATION_CONTEXT ( 3 ) GLOBAL_UNCERTAINTY_ASSIGNED_CONTEXT ( ( #7830 ) ) GLOBAL_UNIT_ASSIGNED_CONTEXT ( ( #9991, #535, #6708 ) ) REPRESENTATION_CONTEXT ( 'NONE', 'WORKASPACE' ) );
#551 = AXIS2_PLACEMENT_3D ( 'NONE', #6604, #9796, #5917 ) ;
#552 =( NAMED_UNIT ( * ) SI_UNIT ( $, .STERADIAN. ) SOLID_ANGLE_UNIT ( ) );
#553 = EDGE_CURVE ( 'NONE', #2196, #9934, #4340, .T. ) ;
#554 = CARTESIAN_POINT ( 'NONE',  ( 5.432699878978648478, -2.263624949574443157, 3.200000000000009948 ) ) ;
#555 = FILL_AREA_STYLE_COLOUR ( '', #2823 ) ;
#556 = PLANE ( 'NONE',  #4556 ) ;
#557 = STYLED_ITEM ( 'NONE', ( #7902 ), #4493 ) ;
#558 = AXIS2_PLACEMENT_3D ( 'NONE', #4220, #6653, #6542 ) ;
#559 = EDGE_CURVE ( 'NONE', #9057, #7380, #5008, .T. ) ;
#560 = FACE_OUTER_BOUND ( 'NONE', #6095, .T. ) ;
#561 = CARTESIAN_POINT ( 'NONE',  ( -5.999999999999997335, 0.000000000000000000, -0.6874509908007687686 ) ) ;
#562 =( NAMED_UNIT ( * ) SI_UNIT ( $, .STERADIAN. ) SOLID_ANGLE_UNIT ( ) );
#563 =( NAMED_UNIT ( * ) PLANE_ANGLE_UNIT ( ) SI_UNIT ( $, .RADIAN. ) );
#564 = UNCERTAINTY_MEASURE_WITH_UNIT (LENGTH_MEASURE( 1.000000000000000082E-05 ), #1509, 'distance_accuracy_value', 'NONE');
#565 = STYLED_ITEM ( 'NONE', ( #6644 ), #5467 ) ;
#566 = DIRECTION ( 'NONE',  ( -0.000000000000000000, -0.000000000000000000, 1.000000000000000000 ) ) ;
#567 = ORIENTED_EDGE ( 'NONE', *, *, #1068, .F. ) ;
#568 = ORIENTED_EDGE ( 'NONE', *, *, #8311, .F. ) ;
#569 = DIRECTION ( 'NONE',  ( 0.000000000000000000, 0.000000000000000000, -1.000000000000000000 ) ) ;
#570 = AXIS2_PLACEMENT_3D ( 'NONE', #3118, #10071, #7965 ) ;
#571 = CIRCLE ( 'NONE', #4886, 0.8000000000000003775 ) ;
#572 =( LENGTH_UNIT ( ) NAMED_UNIT ( * ) SI_UNIT ( .MILLI., .METRE. ) );
#573 = SURFACE_STYLE_FILL_AREA ( #5202 ) ;
#574 = DIRECTION ( 'NONE',  ( -1.000000000000000000, 0.000000000000000000, 0.000000000000000000 ) ) ;
#575 = STYLED_ITEM ( 'NONE', ( #349 ), #8033 ) ;
#576 = DIRECTION ( 'NONE',  ( -1.000000000000000000, -2.664535259100375303E-15, 0.000000000000000000 ) ) ;
#577 = CIRCLE ( 'NONE', #7923, 0.7999999999988443022 ) ;
#578 = FILL_AREA_STYLE ('',( #4468 ) ) ;
#579 = ORIENTED_EDGE ( 'NONE', *, *, #3011, .T. ) ;
#580 = ORIENTED_EDGE ( 'NONE', *, *, #6805, .T. ) ;
#581 = FACE_OUTER_BOUND ( 'NONE', #3241, .T. ) ;
#582 = CARTESIAN_POINT ( 'NONE',  ( -6.158268339717665185E-14, 3.452099717193846118E-13, 3.200000000000189804 ) ) ;
#583 = ORIENTED_EDGE ( 'NONE', *, *, #7283, .F. ) ;
#584 = FILL_AREA_STYLE_COLOUR ( '', #9904 ) ;
#585 = VECTOR ( 'NONE', #8132, 1000.000000000000000 ) ;
#586 = FACE_OUTER_BOUND ( 'NONE', #8781, .T. ) ;
#587 = SURFACE_SIDE_STYLE ('',( #7532 ) ) ;
#588 = VECTOR ( 'NONE', #9188, 1000.000000000000114 ) ;
#589 = FILL_AREA_STYLE ('',( #7748 ) ) ;
#590 = FACE_OUTER_BOUND ( 'NONE', #8075, .T. ) ;
#591 = CARTESIAN_POINT ( 'NONE',  ( 6.652220291788702458E-15, 1.014368994864080585E-15, 3.500000000000003997 ) ) ;
#592 =( NAMED_UNIT ( * ) SI_UNIT ( $, .STERADIAN. ) SOLID_ANGLE_UNIT ( ) );
#593 = FILL_AREA_STYLE_COLOUR ( '', #8250 ) ;
#594 = CIRCLE ( 'NONE', #2425, 0.4000000000000001887 ) ;
#595 = ORIENTED_EDGE ( 'NONE', *, *, #1235, .T. ) ;
#596 = EDGE_LOOP ( 'NONE', ( #5921, #488, #9097, #6809, #1146, #2366, #7863, #4420, #2381, #4598, #9548, #4239, #10057, #199, #3352, #1994 ) ) ;
#597 = STYLED_ITEM ( 'NONE', ( #4280 ), #6620 ) ;
#598 = EDGE_LOOP ( 'NONE', ( #7035, #2055, #510, #311, #3615 ) ) ;
#599 = SURFACE_STYLE_USAGE ( .BOTH. , #8500 ) ;
#600 = SURFACE_STYLE_FILL_AREA ( #6813 ) ;
#601 = CARTESIAN_POINT ( 'NONE',  ( -5.950000000000000178, 3.000000000000000000, 0.8000000000000000444 ) ) ;
#602 = LINE ( 'NONE', #3809, #3139 ) ;
#603 = ORIENTED_EDGE ( 'NONE', *, *, #3207, .T. ) ;
#604 = FILL_AREA_STYLE ('',( #2927 ) ) ;
#605 =( GEOMETRIC_REPRESENTATION_CONTEXT ( 3 ) GLOBAL_UNCERTAINTY_ASSIGNED_CONTEXT ( ( #3742 ) ) GLOBAL_UNIT_ASSIGNED_CONTEXT ( ( #5910, #7469, #5953 ) ) REPRESENTATION_CONTEXT ( 'NONE', 'WORKASPACE' ) );
#606 = UNCERTAINTY_MEASURE_WITH_UNIT (LENGTH_MEASURE( 1.000000000000000082E-05 ), #5588, 'distance_accuracy_value', 'NONE');
#607 = DIRECTION ( 'NONE',  ( 0.8682466191274125222, 0.000000000000000000, -0.4961328535521688510 ) ) ;
#608 = DIRECTION ( 'NONE',  ( -0.000000000000000000, -1.000000000000000000, -0.000000000000000000 ) ) ;
#609 = DIRECTION ( 'NONE',  ( 0.8682466191274125222, 0.000000000000000000, -0.4961328535521688510 ) ) ;
#610 = EDGE_CURVE ( 'NONE', #143, #6522, #696, .T. ) ;
#611 = CARTESIAN_POINT ( 'NONE',  ( -3.975348698380242407, 4.526324040001467708, 3.577874614043632384 ) ) ;
#612 = CARTESIAN_POINT ( 'NONE',  ( 4.293095036341375920E-16, 5.275000000000005684, 3.600000000000003197 ) ) ;
#613 = FILL_AREA_STYLE_COLOUR ( '', #792 ) ;
#614 = EDGE_CURVE ( 'NONE', #2441, #4732, #1338, .T. ) ;
#615 = FACE_OUTER_BOUND ( 'NONE', #6630, .T. ) ;
#616 = ORIENTED_EDGE ( 'NONE', *, *, #6337, .F. ) ;
#617 = AXIS2_PLACEMENT_3D ( 'NONE', #9545, #4121, #9650 ) ;
#618 = EDGE_CURVE ( 'NONE', #9560, #1494, #10208, .T. ) ;
#619 = EDGE_LOOP ( 'NONE', ( #9724, #420, #6950 ) ) ;
#620 = ORIENTED_EDGE ( 'NONE', *, *, #2648, .T. ) ;
#621 = DIRECTION ( 'NONE',  ( -1.000000000000000000, 0.000000000000000000, 0.000000000000000000 ) ) ;
#622 = UNCERTAINTY_MEASURE_WITH_UNIT (LENGTH_MEASURE( 1.000000000000000082E-05 ), #1703, 'distance_accuracy_value', 'NONE');
#623 = COLOUR_RGB ( '',1.000000000000000000, 1.000000000000000000, 1.000000000000000000 ) ;
#624 = CARTESIAN_POINT ( 'NONE',  ( -4.400000000000000355, -3.500000000000000000, 0.4000000000000000222 ) ) ;
#625 = EDGE_CURVE ( 'NONE', #323, #3823, #3339, .T. ) ;
#626 = DIRECTION ( 'NONE',  ( -8.673617379884013384E-15, -5.444140508773865327E-12, 1.000000000000000000 ) ) ;
#627 = CARTESIAN_POINT ( 'NONE',  ( 4.399999999999999467, 3.500000000000000000, 0.4000000000000000222 ) ) ;
#628 = EDGE_CURVE ( 'NONE', #8860, #1122, #1489, .T. ) ;
#629 = CIRCLE ( 'NONE', #132, 0.3500000041649586890 ) ;
#630 = CARTESIAN_POINT ( 'NONE',  ( -1.600000000000094902, 1.899999999999999689, 5.500000000000000000 ) ) ;
#631 = ORIENTED_EDGE ( 'NONE', *, *, #6966, .T. ) ;
#632 = CARTESIAN_POINT ( 'NONE',  ( -1.899999999999999911, 1.599999999999999867, 5.500000000000000000 ) ) ;
#633 = FILL_AREA_STYLE ('',( #2947 ) ) ;
#634 = CARTESIAN_POINT ( 'NONE',  ( -1.866168552841673156, -5.424745029542291874, 3.200000000000005507 ) ) ;
#635 =( GEOMETRIC_REPRESENTATION_CONTEXT ( 3 ) GLOBAL_UNCERTAINTY_ASSIGNED_CONTEXT ( ( #6264 ) ) GLOBAL_UNIT_ASSIGNED_CONTEXT ( ( #7653, #2732, #390 ) ) REPRESENTATION_CONTEXT ( 'NONE', 'WORKASPACE' ) );
#636 = SURFACE_STYLE_USAGE ( .BOTH. , #831 ) ;
#637 = VECTOR ( 'NONE', #3336, 1000.000000000000227 ) ;
#638 = DIRECTION ( 'NONE',  ( -1.000000000000000000, 0.000000000000000000, 0.000000000000000000 ) ) ;
#639 = DIRECTION ( 'NONE',  ( -1.000000000000000000, 0.000000000000000000, 0.000000000000000000 ) ) ;
#640 = EDGE_CURVE ( 'NONE', #8832, #3880, #40, .T. ) ;
#641 = UNCERTAINTY_MEASURE_WITH_UNIT (LENGTH_MEASURE( 1.000000000000000082E-05 ), #471, 'distance_accuracy_value', 'NONE');
#642 = LINE ( 'NONE', #5546, #7499 ) ;
#643 = CARTESIAN_POINT ( 'NONE',  ( -6.000000000000000000, 0.000000000000000000, 0.1999999999999997613 ) ) ;
#644 = PRESENTATION_STYLE_ASSIGNMENT (( #2352 ) ) ;
#645 = VERTEX_POINT ( 'NONE', #7268 ) ;
#646 = STYLED_ITEM ( 'NONE', ( #7638 ), #4369 ) ;
#647 = ORIENTED_EDGE ( 'NONE', *, *, #185, .F. ) ;
#648 = VERTEX_POINT ( 'NONE', #3939 ) ;
#649 =( LENGTH_UNIT ( ) NAMED_UNIT ( * ) SI_UNIT ( .MILLI., .METRE. ) );
#650 = FACE_OUTER_BOUND ( 'NONE', #7506, .T. ) ;
#651 = DIRECTION ( 'NONE',  ( 1.000000000000000000, 0.000000000000000000, -0.000000000000000000 ) ) ;
#652 = PRESENTATION_LAYER_ASSIGNMENT (  '', '', ( #1804 ) ) ;
#653 = SURFACE_SIDE_STYLE ('',( #6927 ) ) ;
#654 = DIRECTION ( 'NONE',  ( -1.091359317269132201E-13, -2.182718634538561519E-14, -1.000000000000000000 ) ) ;
#655 = CARTESIAN_POINT ( 'NONE',  ( -6.159705218919231839, 2.062903407891060414, -3.053341690607345615 ) ) ;
#656 = CARTESIAN_POINT ( 'NONE',  ( 6.649999999999999467, 2.000000000000000000, -2.094532406675940983 ) ) ;
#657 = ORIENTED_EDGE ( 'NONE', *, *, #1759, .F. ) ;
#658 = PRESENTATION_STYLE_ASSIGNMENT (( #2429 ) ) ;
#659 = DIRECTION ( 'NONE',  ( 1.000000000000000000, -2.710505431213761578E-16, 0.000000000000000000 ) ) ;
#660 = AXIS2_PLACEMENT_3D ( 'NONE', #3099, #10189, #2280 ) ;
#661 = DIRECTION ( 'NONE',  ( -0.4961328535521692396, 0.000000000000000000, -0.8682466191274121892 ) ) ;
#662 = CARTESIAN_POINT ( 'NONE',  ( -6.349999999999997868, 6.704630743366732482, -0.6874509908007693237 ) ) ;
#663 = AXIS2_PLACEMENT_3D ( 'NONE', #10119, #2923, #6142 ) ;
#664 = EDGE_CURVE ( 'NONE', #2095, #1506, #1668, .T. ) ;
#665 = ORIENTED_EDGE ( 'NONE', *, *, #1707, .T. ) ;
#666 = AXIS2_PLACEMENT_3D ( 'NONE', #3102, #4637, #2183 ) ;
#667 = EDGE_LOOP ( 'NONE', ( #6109, #8937, #4089, #8926 ) ) ;
#668 = ORIENTED_EDGE ( 'NONE', *, *, #6506, .T. ) ;
#669 =( GEOMETRIC_REPRESENTATION_CONTEXT ( 3 ) GLOBAL_UNCERTAINTY_ASSIGNED_CONTEXT ( ( #4122 ) ) GLOBAL_UNIT_ASSIGNED_CONTEXT ( ( #7309, #8533, #885 ) ) REPRESENTATION_CONTEXT ( 'NONE', 'WORKASPACE' ) );
#670 = CARTESIAN_POINT ( 'NONE',  ( 4.150000000000000355, 5.082284216461515156E-16, 3.600000000000001421 ) ) ;
#671 = SURFACE_STYLE_FILL_AREA ( #7829 ) ;
#672 = VECTOR ( 'NONE', #6400, 1000.000000000000000 ) ;
#673 = VECTOR ( 'NONE', #1814, 1000.000000000000000 ) ;
#674 = DIRECTION ( 'NONE',  ( 0.000000000000000000, 0.000000000000000000, -1.000000000000000000 ) ) ;
#675 = DIRECTION ( 'NONE',  ( -1.000000000000000000, 0.000000000000000000, 0.000000000000000000 ) ) ;
#676 = CYLINDRICAL_SURFACE ( 'NONE', #1861, 0.04999999999999969746 ) ;
#677 = CARTESIAN_POINT ( 'NONE',  ( 4.400000000000000355, -3.500000000000000444, 0.4000000000000000222 ) ) ;
#678 = CIRCLE ( 'NONE', #1993, 0.3999999999999855338 ) ;
#679 = DIRECTION ( 'NONE',  ( 0.000000000000000000, 1.000000000000000000, 0.000000000000000000 ) ) ;
#680 = EDGE_LOOP ( 'NONE', ( #2622, #3428, #9338, #8607 ) ) ;
#681 = ORIENTED_EDGE ( 'NONE', *, *, #9198, .F. ) ;
#682 = LINE ( 'NONE', #7791, #9950 ) ;
#683 = LINE ( 'NONE', #7895, #7172 ) ;
#684 = ADVANCED_FACE ( 'NONE', ( #3100 ), #3206, .F. ) ;
#685 = DIRECTION ( 'NONE',  ( -1.000000000000000000, 0.000000000000000000, -4.336808689942028583E-16 ) ) ;
#686 = EDGE_CURVE ( 'NONE', #3634, #143, #1803, .T. ) ;
#687 = VECTOR ( 'NONE', #3489, 1000.000000000000000 ) ;
#688 = CARTESIAN_POINT ( 'NONE',  ( 5.000000000000000000, 5.000000000000000000, 3.500000000000000000 ) ) ;
#689 = EDGE_CURVE ( 'NONE', #7202, #369, #4989, .T. ) ;
#690 = CARTESIAN_POINT ( 'NONE',  ( 5.332354258600433994, -1.748627890460465073, 3.599999943260398183 ) ) ;
#691 = CARTESIAN_POINT ( 'NONE',  ( -3.949999999999999734, -4.750000000000000000, 3.500000000000000444 ) ) ;
#692 = CARTESIAN_POINT ( 'NONE',  ( -6.694074169054405665, 6.704630743366732482, -2.070921654418469426 ) ) ;
#693 = CARTESIAN_POINT ( 'NONE',  ( 6.958519183380836637, -3.000000000000000000, -1.929257140873639864 ) ) ;
#694 = FACE_OUTER_BOUND ( 'NONE', #2603, .T. ) ;
#695 = EDGE_LOOP ( 'NONE', ( #10183, #1985, #3832, #2687 ) ) ;
#696 = CIRCLE ( 'NONE', #1846, 0.4500000000000001221 ) ;
#697 = CARTESIAN_POINT ( 'NONE',  ( 5.400000000000011902, 1.891518204694827787, 3.499999999999983125 ) ) ;
#698 = VERTEX_POINT ( 'NONE', #8954 ) ;
#699 = ADVANCED_FACE ( 'NONE', ( #9238, #2825 ), #6625, .T. ) ;
#700 =( NAMED_UNIT ( * ) PLANE_ANGLE_UNIT ( ) SI_UNIT ( $, .RADIAN. ) );
#701 = CARTESIAN_POINT ( 'NONE',  ( -1.872926861588553704, -5.431668471422017141, 3.600000000000003642 ) ) ;
#702 =( LENGTH_UNIT ( ) NAMED_UNIT ( * ) SI_UNIT ( .MILLI., .METRE. ) );
#703 = AXIS2_PLACEMENT_3D ( 'NONE', #10158, #1352, #6280 ) ;
#704 =( NAMED_UNIT ( * ) PLANE_ANGLE_UNIT ( ) SI_UNIT ( $, .RADIAN. ) );
#705 = FILL_AREA_STYLE_COLOUR ( '', #7864 ) ;
#706 = DIRECTION ( 'NONE',  ( 0.000000000000000000, 1.000000000000000000, 0.000000000000000000 ) ) ;
#707 = PRESENTATION_LAYER_ASSIGNMENT (  '', '', ( #364 ) ) ;
#708 = VERTEX_POINT ( 'NONE', #3961 ) ;
#709 = SURFACE_SIDE_STYLE ('',( #5292 ) ) ;
#710 = UNCERTAINTY_MEASURE_WITH_UNIT (LENGTH_MEASURE( 1.000000000000000082E-05 ), #3421, 'distance_accuracy_value', 'NONE');
#711 = FILL_AREA_STYLE ('',( #7027 ) ) ;
#712 = CARTESIAN_POINT ( 'NONE',  ( -6.420179204657451955, -2.062903407891059970, -3.202181546672993484 ) ) ;
#713 = CARTESIAN_POINT ( 'NONE',  ( 2.249999999999991118, -5.399999999999905320, 3.600000000000000089 ) ) ;
#714 = CARTESIAN_POINT ( 'NONE',  ( -6.300000000000000711, -1.999999999999999112, 1.414159265358978290 ) ) ;
#715 = CARTESIAN_POINT ( 'NONE',  ( -4.400000000000000355, 3.499999999999999556, 0.4000000000000000222 ) ) ;
#716 = AXIS2_PLACEMENT_3D ( 'NONE', #2730, #8351, #388 ) ;
#717 = FILL_AREA_STYLE ('',( #2325 ) ) ;
#718 = ORIENTED_EDGE ( 'NONE', *, *, #8428, .F. ) ;
#719 = VERTEX_POINT ( 'NONE', #1779 ) ;
#720 = ORIENTED_EDGE ( 'NONE', *, *, #2179, .T. ) ;
#721 =( GEOMETRIC_REPRESENTATION_CONTEXT ( 3 ) GLOBAL_UNCERTAINTY_ASSIGNED_CONTEXT ( ( #7101 ) ) GLOBAL_UNIT_ASSIGNED_CONTEXT ( ( #6181, #6334, #8492 ) ) REPRESENTATION_CONTEXT ( 'NONE', 'WORKASPACE' ) );
#722 = CIRCLE ( 'NONE', #558, 0.3500000041649586890 ) ;
#723 = CARTESIAN_POINT ( 'NONE',  ( 0.000000000000000000, 4.500000000000003553, -1.199999999999998401 ) ) ;
#724 = UNCERTAINTY_MEASURE_WITH_UNIT (LENGTH_MEASURE( 1.000000000000000082E-05 ), #295, 'distance_accuracy_value', 'NONE');
#725 = AXIS2_PLACEMENT_3D ( 'NONE', #7120, #9537, #5766 ) ;
#726 = COLOUR_RGB ( '',1.000000000000000000, 1.000000000000000000, 1.000000000000000000 ) ;
#727 =( LENGTH_UNIT ( ) NAMED_UNIT ( * ) SI_UNIT ( .MILLI., .METRE. ) );
#728 = SURFACE_STYLE_USAGE ( .BOTH. , #3992 ) ;
#729 = DIRECTION ( 'NONE',  ( -0.3846153846151922351, -0.9230769230770033973, -2.948870619148489200E-14 ) ) ;
#730 = ORIENTED_EDGE ( 'NONE', *, *, #559, .F. ) ;
#731 = AXIS2_PLACEMENT_3D ( 'NONE', #3150, #10185, #5525 ) ;
#732 = ORIENTED_EDGE ( 'NONE', *, *, #2276, .T. ) ;
#733 = PRESENTATION_LAYER_ASSIGNMENT (  '', '', ( #7250 ) ) ;
#734 =( NAMED_UNIT ( * ) PLANE_ANGLE_UNIT ( ) SI_UNIT ( $, .RADIAN. ) );
#735 = CARTESIAN_POINT ( 'NONE',  ( 5.000000000000000000, -3.500000000000000444, 0.000000000000000000 ) ) ;
#736 = STYLED_ITEM ( 'NONE', ( #5596 ), #3027 ) ;
#737 = EDGE_CURVE ( 'NONE', #4931, #5265, #7915, .T. ) ;
#738 = SURFACE_SIDE_STYLE ('',( #7899 ) ) ;
#739 = DIRECTION ( 'NONE',  ( -0.4961328535521692396, 0.000000000000000000, -0.8682466191274121892 ) ) ;
#740 = STYLED_ITEM ( 'NONE', ( #5798 ), #7973 ) ;
#741 =( NAMED_UNIT ( * ) SI_UNIT ( $, .STERADIAN. ) SOLID_ANGLE_UNIT ( ) );
#742 =( GEOMETRIC_REPRESENTATION_CONTEXT ( 3 ) GLOBAL_UNCERTAINTY_ASSIGNED_CONTEXT ( ( #431 ) ) GLOBAL_UNIT_ASSIGNED_CONTEXT ( ( #4141, #7358, #451 ) ) REPRESENTATION_CONTEXT ( 'NONE', 'WORKASPACE' ) );
#743 = EDGE_CURVE ( 'NONE', #8861, #3193, #756, .T. ) ;
#744 = FILL_AREA_STYLE_COLOUR ( '', #9863 ) ;
#745 = EDGE_CURVE ( 'NONE', #3322, #9408, #6870, .T. ) ;
#746 =( LENGTH_UNIT ( ) NAMED_UNIT ( * ) SI_UNIT ( .MILLI., .METRE. ) );
#747 = ORIENTED_EDGE ( 'NONE', *, *, #4611, .T. ) ;
#748 = ORIENTED_EDGE ( 'NONE', *, *, #6564, .F. ) ;
#749 = ORIENTED_EDGE ( 'NONE', *, *, #10199, .F. ) ;
#750 = VECTOR ( 'NONE', #1725, 1000.000000000000000 ) ;
#751 =( LENGTH_UNIT ( ) NAMED_UNIT ( * ) SI_UNIT ( .MILLI., .METRE. ) );
#752 = PRESENTATION_LAYER_ASSIGNMENT (  '', '', ( #5074 ) ) ;
#753 = CARTESIAN_POINT ( 'NONE',  ( 1.891518204694832006, -5.700000000000000178, 3.500000000000000000 ) ) ;
#754 = SURFACE_SIDE_STYLE ('',( #4801 ) ) ;
#755 = EDGE_CURVE ( 'NONE', #4619, #1873, #4074, .T. ) ;
#756 = LINE ( 'NONE', #8982, #1033 ) ;
#757 = CIRCLE ( 'NONE', #5773, 0.4500000000000001221 ) ;
#758 = SURFACE_STYLE_USAGE ( .BOTH. , #6345 ) ;
#759 = ADVANCED_FACE ( 'NONE', ( #8026 ), #868, .T. ) ;
#760 = FILL_AREA_STYLE_COLOUR ( '', #9039 ) ;
#761 = AXIS2_PLACEMENT_3D ( 'NONE', #8249, #971, #239 ) ;
#762 = CARTESIAN_POINT ( 'NONE',  ( 0.000000000000000000, -6.000000000000000000, 3.500000000000000000 ) ) ;
#763 = DIRECTION ( 'NONE',  ( 1.000000000000000000, 0.000000000000000000, 0.000000000000000000 ) ) ;
#764 = SURFACE_STYLE_USAGE ( .BOTH. , #5787 ) ;
#765 = CIRCLE ( 'NONE', #6608, 1.000000000000000000 ) ;
#766 =( NAMED_UNIT ( * ) SI_UNIT ( $, .STERADIAN. ) SOLID_ANGLE_UNIT ( ) );
#767 = FILL_AREA_STYLE_COLOUR ( '', #5587 ) ;
#768 = AXIS2_PLACEMENT_3D ( 'NONE', #4375, #522, #3575 ) ;
#769 = CARTESIAN_POINT ( 'NONE',  ( -4.400000000000000355, -5.000000000000000888, 0.4000000000000000222 ) ) ;
#770 = EDGE_CURVE ( 'NONE', #1559, #5609, #9401, .T. ) ;
#771 = SURFACE_STYLE_USAGE ( .BOTH. , #3821 ) ;
#772 = ORIENTED_EDGE ( 'NONE', *, *, #3145, .T. ) ;
#773 = ORIENTED_EDGE ( 'NONE', *, *, #5754, .T. ) ;
#774 = PRESENTATION_LAYER_ASSIGNMENT (  '', '', ( #1262 ) ) ;
#775 = ORIENTED_EDGE ( 'NONE', *, *, #10042, .T. ) ;
#776 = VERTEX_POINT ( 'NONE', #8766 ) ;
#777 = FACE_OUTER_BOUND ( 'NONE', #8308, .T. ) ;
#778 =( NAMED_UNIT ( * ) PLANE_ANGLE_UNIT ( ) SI_UNIT ( $, .RADIAN. ) );
#779 = DIRECTION ( 'NONE',  ( 1.000000000000000000, -0.000000000000000000, -0.000000000000000000 ) ) ;
#780 = EDGE_CURVE ( 'NONE', #4620, #2678, #75, .T. ) ;
#781 = CARTESIAN_POINT ( 'NONE',  ( 3.954825758595141849, -4.627038061433180971, 3.555911659346359333 ) ) ;
#782 =( NAMED_UNIT ( * ) PLANE_ANGLE_UNIT ( ) SI_UNIT ( $, .RADIAN. ) );
#783 = DIRECTION ( 'NONE',  ( 0.000000000000000000, 0.000000000000000000, 1.000000000000000000 ) ) ;
#784 = EDGE_LOOP ( 'NONE', ( #5018, #8614, #6152, #2353 ) ) ;
#785 = ORIENTED_EDGE ( 'NONE', *, *, #9703, .T. ) ;
#786 = PRESENTATION_STYLE_ASSIGNMENT (( #2998 ) ) ;
#787 = DIRECTION ( 'NONE',  ( 0.000000000000000000, -0.000000000000000000, -1.000000000000000000 ) ) ;
#788 = DIRECTION ( 'NONE',  ( -0.000000000000000000, -0.000000000000000000, 1.000000000000000000 ) ) ;
#789 = CARTESIAN_POINT ( 'NONE',  ( 0.000000000000000000, 4.500000000000003553, -1.199999999999998401 ) ) ;
#790 = COLOUR_RGB ( '',1.000000000000000000, 1.000000000000000000, 1.000000000000000000 ) ;
#791 = PLANE ( 'NONE',  #5358 ) ;
#792 = COLOUR_RGB ( '',1.000000000000000000, 1.000000000000000000, 1.000000000000000000 ) ;
#793 = SURFACE_STYLE_USAGE ( .BOTH. , #9536 ) ;
#794 = CARTESIAN_POINT ( 'NONE',  ( -1.324581074942560832, 5.271558449006333191, 3.600000000000075140 ) ) ;
#795 = ORIENTED_EDGE ( 'NONE', *, *, #2335, .T. ) ;
#796 = EDGE_CURVE ( 'NONE', #6089, #7497, #2422, .T. ) ;
#797 = SURFACE_STYLE_FILL_AREA ( #913 ) ;
#798 = ORIENTED_EDGE ( 'NONE', *, *, #7330, .F. ) ;
#799 = CIRCLE ( 'NONE', #4779, 5.275000000000003908 ) ;
#800 = PRESENTATION_LAYER_ASSIGNMENT (  '', '', ( #8829 ) ) ;
#801 = EDGE_CURVE ( 'NONE', #6582, #2160, #966, .T. ) ;
#802 = DIRECTION ( 'NONE',  ( -4.440892098500626162E-15, 1.000000000000000000, -4.936205012942136133E-16 ) ) ;
#803 = PRESENTATION_STYLE_ASSIGNMENT (( #8021 ) ) ;
#804 = CARTESIAN_POINT ( 'NONE',  ( -6.349999999999997868, 3.000000000000000000, -0.6874509908007693237 ) ) ;
#805 = CARTESIAN_POINT ( 'NONE',  ( 5.000000000000000000, -4.999999999999998224, 0.000000000000000000 ) ) ;
#806 = DIRECTION ( 'NONE',  ( 0.000000000000000000, 0.000000000000000000, 1.000000000000000000 ) ) ;
#807 = AXIS2_PLACEMENT_3D ( 'NONE', #9800, #2612, #5831 ) ;
#808 = CARTESIAN_POINT ( 'NONE',  ( -6.041480816619163363, 6.704630743366732482, -0.8527262566030739954 ) ) ;
#809 = EDGE_LOOP ( 'NONE', ( #7396, #1483, #10096, #8247 ) ) ;
#810 = EDGE_CURVE ( 'NONE', #1159, #369, #4848, .T. ) ;
#811 = UNCERTAINTY_MEASURE_WITH_UNIT (LENGTH_MEASURE( 1.000000000000000082E-05 ), #2631, 'distance_accuracy_value', 'NONE');
#812 = AXIS2_PLACEMENT_3D ( 'NONE', #688, #5543, #6914 ) ;
#813 = DIRECTION ( 'NONE',  ( -0.6105579948610928565, -0.2543991645254286005, 0.7499999999999770184 ) ) ;
#814 = ADVANCED_FACE ( 'NONE', ( #8292 ), #3498, .T. ) ;
#815 = CARTESIAN_POINT ( 'NONE',  ( -6.420179204657451955, -2.937096592108938253, -3.202181546672994372 ) ) ;
#816 = DIRECTION ( 'NONE',  ( -1.000000000000000000, 0.000000000000000000, 0.000000000000000000 ) ) ;
#817 = PRESENTATION_STYLE_ASSIGNMENT (( #6405 ) ) ;
#818 = EDGE_CURVE ( 'NONE', #5211, #7932, #9847, .T. ) ;
#819 = DIRECTION ( 'NONE',  ( -1.000000000000000000, 0.000000000000000000, 0.000000000000000000 ) ) ;
#820 = VERTEX_POINT ( 'NONE', #2762 ) ;
#821 = TOROIDAL_SURFACE ( 'NONE', #6000, 0.5645751311065700939, 0.3999999999999963030 ) ;
#822 = MECHANICAL_DESIGN_GEOMETRIC_PRESENTATION_REPRESENTATION (  '', ( #4643 ), #1634 ) ;
#823 = ORIENTED_EDGE ( 'NONE', *, *, #247, .F. ) ;
#824 = ORIENTED_EDGE ( 'NONE', *, *, #9562, .F. ) ;
#825 = ADVANCED_FACE ( 'NONE', ( #8189 ), #4964, .T. ) ;
#826 = FILL_AREA_STYLE_COLOUR ( '', #4215 ) ;
#827 = DIRECTION ( 'NONE',  ( 0.000000000000000000, 0.000000000000000000, -1.000000000000000000 ) ) ;
#828 = EDGE_CURVE ( 'NONE', #5769, #2481, #2675, .T. ) ;
#829 =( NAMED_UNIT ( * ) SI_UNIT ( $, .STERADIAN. ) SOLID_ANGLE_UNIT ( ) );
#830 = AXIS2_PLACEMENT_3D ( 'NONE', #8191, #183, #7291 ) ;
#831 = SURFACE_SIDE_STYLE ('',( #2953 ) ) ;
#832 = FACE_OUTER_BOUND ( 'NONE', #3956, .T. ) ;
#833 = CIRCLE ( 'NONE', #1003, 0.4000000000000001887 ) ;
#834 = DIRECTION ( 'NONE',  ( -0.4961328535521692396, 9.637352644315592778E-16, -0.8682466191274121892 ) ) ;
#835 = DIRECTION ( 'NONE',  ( -1.000000000000000000, 0.000000000000000000, -0.000000000000000000 ) ) ;
#836 = DIRECTION ( 'NONE',  ( -0.000000000000000000, 1.000000000000000000, -0.000000000000000000 ) ) ;
#837 = AXIS2_PLACEMENT_3D ( 'NONE', #7487, #2088, #5270 ) ;
#838 = CARTESIAN_POINT ( 'NONE',  ( 1.462164714140041788, -5.819112848942162408, 3.500000000000004885 ) ) ;
#839 = SURFACE_SIDE_STYLE ('',( #7271 ) ) ;
#840 = VERTEX_POINT ( 'NONE', #1458 ) ;
#841 = ORIENTED_EDGE ( 'NONE', *, *, #5185, .F. ) ;
#842 = VECTOR ( 'NONE', #6455, 1000.000000000000000 ) ;
#843 =( NAMED_UNIT ( * ) PLANE_ANGLE_UNIT ( ) SI_UNIT ( $, .RADIAN. ) );
#844 = CARTESIAN_POINT ( 'NONE',  ( -1.891518204694831340, -5.435424868893539596, 3.600000000000001421 ) ) ;
#845 = DIRECTION ( 'NONE',  ( 1.000000000000000000, 0.000000000000000000, 0.000000000000000000 ) ) ;
#846 = AXIS2_PLACEMENT_3D ( 'NONE', #1409, #6963, #8790 ) ;
#847 = VECTOR ( 'NONE', #2827, 1000.000000000000000 ) ;
#848 = SURFACE_STYLE_USAGE ( .BOTH. , #8702 ) ;
#849 = DIRECTION ( 'NONE',  ( 0.000000000000000000, 0.000000000000000000, -1.000000000000000000 ) ) ;
#850 = PLANE ( 'NONE',  #5875 ) ;
#851 = CARTESIAN_POINT ( 'NONE',  ( 6.041480816619164251, 3.000000000000000000, -0.8527262566030736624 ) ) ;
#852 = VERTEX_POINT ( 'NONE', #8442 ) ;
#853 = ORIENTED_EDGE ( 'NONE', *, *, #2075, .T. ) ;
#854 = DIRECTION ( 'NONE',  ( 0.000000000000000000, 0.000000000000000000, 1.000000000000000000 ) ) ;
#855 = ORIENTED_EDGE ( 'NONE', *, *, #8799, .T. ) ;
#856 = VECTOR ( 'NONE', #6861, 1000.000000000000114 ) ;
#857 = CARTESIAN_POINT ( 'NONE',  ( 2.250000000001048495, 5.435424868894205730, 3.599999999999999201 ) ) ;
#858 = DIRECTION ( 'NONE',  ( 0.4620284873220146804, 0.4733177335606259528, 0.7499999999999753530 ) ) ;
#859 = FILL_AREA_STYLE_COLOUR ( '', #2362 ) ;
#860 = FILL_AREA_STYLE_COLOUR ( '', #9971 ) ;
#861 = VECTOR ( 'NONE', #6035, 1000.000000000000000 ) ;
#862 = SURFACE_STYLE_FILL_AREA ( #1675 ) ;
#863 = CARTESIAN_POINT ( 'NONE',  ( 1.600000000000000089, 1.599999999999999867, 7.000000000000130562 ) ) ;
#864 = APPLICATION_PROTOCOL_DEFINITION ( 'draft international standard', 'automotive_design', 1998, #7605 ) ;
#865 = DIRECTION ( 'NONE',  ( 0.000000000000000000, 0.000000000000000000, 1.000000000000000000 ) ) ;
#866 = CYLINDRICAL_SURFACE ( 'NONE', #8701, 0.8000000000000003775 ) ;
#867 = SURFACE_STYLE_USAGE ( .BOTH. , #7983 ) ;
#868 = TOROIDAL_SURFACE ( 'NONE', #22, 0.5645751311064567401, 0.3999999999999918066 ) ;
#869 = LINE ( 'NONE', #2521, #4106 ) ;
#870 = PRESENTATION_LAYER_ASSIGNMENT (  '', '', ( #3843 ) ) ;
#871 = DIRECTION ( 'NONE',  ( 0.000000000000000000, -1.000000000000000000, 0.000000000000000000 ) ) ;
#872 = STYLED_ITEM ( 'NONE', ( #7265 ), #1900 ) ;
#873 = ORIENTED_EDGE ( 'NONE', *, *, #3987, .F. ) ;
#874 = EDGE_CURVE ( 'NONE', #2133, #5636, #1187, .T. ) ;
#875 = VECTOR ( 'NONE', #516, 1000.000000000000000 ) ;
#876 = ORIENTED_EDGE ( 'NONE', *, *, #6167, .T. ) ;
#877 = EDGE_CURVE ( 'NONE', #140, #6569, #2016, .T. ) ;
#878 = ORIENTED_EDGE ( 'NONE', *, *, #3337, .F. ) ;
#879 = FILL_AREA_STYLE_COLOUR ( '', #63 ) ;
#880 = EDGE_CURVE ( 'NONE', #1849, #6438, #7034, .T. ) ;
#881 = COLOUR_RGB ( '',1.000000000000000000, 1.000000000000000000, 1.000000000000000000 ) ;
#882 =( NAMED_UNIT ( * ) PLANE_ANGLE_UNIT ( ) SI_UNIT ( $, .RADIAN. ) );
#883 = FILL_AREA_STYLE_COLOUR ( '', #10093 ) ;
#884 = PRESENTATION_LAYER_ASSIGNMENT (  '', '', ( #5726 ) ) ;
#885 =( NAMED_UNIT ( * ) SI_UNIT ( $, .STERADIAN. ) SOLID_ANGLE_UNIT ( ) );
#886 = SURFACE_SIDE_STYLE ('',( #8841 ) ) ;
#887 = CARTESIAN_POINT ( 'NONE',  ( -6.041480816619161587, -2.999999999999999112, -0.8527262566030738844 ) ) ;
#888 = FACE_OUTER_BOUND ( 'NONE', #9200, .T. ) ;
#889 = EDGE_CURVE ( 'NONE', #440, #9512, #2184, .T. ) ;
#890 = CARTESIAN_POINT ( 'NONE',  ( -5.435424868893547590, 1.891518204694830674, 3.600000000000001421 ) ) ;
#892 = CIRCLE ( 'NONE', #7897, 5.885424868894200578 ) ;
#891 = DIRECTION ( 'NONE',  ( -1.000000000000000000, 4.336808689942025625E-15, 0.000000000000000000 ) ) ;
#893 = CIRCLE ( 'NONE', #6899, 5.435424868893528050 ) ;
#894 = SURFACE_STYLE_FILL_AREA ( #1628 ) ;
#895 = PRESENTATION_STYLE_ASSIGNMENT (( #3996 ) ) ;
#896 = VERTEX_POINT ( 'NONE', #5273 ) ;
#897 = ORIENTED_EDGE ( 'NONE', *, *, #3049, .T. ) ;
#898 = SURFACE_SIDE_STYLE ('',( #8062 ) ) ;
#899 = STYLED_ITEM ( 'NONE', ( #644 ), #5280 ) ;
#900 = TOROIDAL_SURFACE ( 'NONE', #6728, 5.885424868893506911, 0.4000000000000089595 ) ;
#901 = LINE ( 'NONE', #5700, #673 ) ;
#902 = VECTOR ( 'NONE', #4963, 1000.000000000000000 ) ;
#903 = DIRECTION ( 'NONE',  ( -7.540904065259495557E-13, 1.000000000000000000, -3.657375328517791986E-12 ) ) ;
#904 = CARTESIAN_POINT ( 'NONE',  ( -6.547679712131307284, 2.000000000000000444, -2.979052028523550888 ) ) ;
#905 = FILL_AREA_STYLE_COLOUR ( '', #8558 ) ;
#906 = VECTOR ( 'NONE', #6686, 1000.000000000000000 ) ;
#907 = DIRECTION ( 'NONE',  ( 0.000000000000000000, -0.2078790956190632588, -0.9781545284895430958 ) ) ;
#908 = CARTESIAN_POINT ( 'NONE',  ( 1.283695372222837250E-13, 1.756407519426517183E-14, 3.600000000000000533 ) ) ;
#909 = ORIENTED_EDGE ( 'NONE', *, *, #10003, .F. ) ;
#910 = AXIS2_PLACEMENT_3D ( 'NONE', #7427, #6688, #4896 ) ;
#911 = ORIENTED_EDGE ( 'NONE', *, *, #8672, .F. ) ;
#912 = CARTESIAN_POINT ( 'NONE',  ( 1.600000000000000089, -1.599999999999999867, 5.500000000000000000 ) ) ;
#913 = FILL_AREA_STYLE ('',( #7327 ) ) ;
#914 = VERTEX_POINT ( 'NONE', #3845 ) ;
#915 = PRESENTATION_LAYER_ASSIGNMENT (  '', '', ( #5578 ) ) ;
#916 = CARTESIAN_POINT ( 'NONE',  ( 1.899999999999999911, -1.500000000000000000, 5.500000000000000000 ) ) ;
#917 = CARTESIAN_POINT ( 'NONE',  ( 6.300000004099882034, -3.000000000000000000, 0.7999999999999999334 ) ) ;
#918 = STYLED_ITEM ( 'NONE', ( #4194 ), #6185 ) ;
#919 = CARTESIAN_POINT ( 'NONE',  ( 4.713095711004418931, -3.950851657416640350, 3.499999999999996891 ) ) ;
#920 =( LENGTH_UNIT ( ) NAMED_UNIT ( * ) SI_UNIT ( .MILLI., .METRE. ) );
#921 = SURFACE_SIDE_STYLE ('',( #1729 ) ) ;
#922 = CARTESIAN_POINT ( 'NONE',  ( 5.000000000000000000, 4.999999999999999112, 0.000000000000000000 ) ) ;
#923 = UNCERTAINTY_MEASURE_WITH_UNIT (LENGTH_MEASURE( 1.000000000000000082E-05 ), #2619, 'distance_accuracy_value', 'NONE');
#924 = CYLINDRICAL_SURFACE ( 'NONE', #3445, 0.05000000000000056483 ) ;
#925 = FACE_OUTER_BOUND ( 'NONE', #8181, .T. ) ;
#926 = SURFACE_STYLE_USAGE ( .BOTH. , #129 ) ;
#927 = VERTEX_POINT ( 'NONE', #7636 ) ;
#928 = VECTOR ( 'NONE', #10069, 1000.000000000000000 ) ;
#929 = UNCERTAINTY_MEASURE_WITH_UNIT (LENGTH_MEASURE( 1.000000000000000082E-05 ), #10329, 'distance_accuracy_value', 'NONE');
#930 = FILL_AREA_STYLE_COLOUR ( '', #10009 ) ;
#931 = FILL_AREA_STYLE ('',( #8038 ) ) ;
#932 = COLOUR_RGB ( '',1.000000000000000000, 1.000000000000000000, 1.000000000000000000 ) ;
#933 = CARTESIAN_POINT ( 'NONE',  ( -1.899999999999999911, 1.599999999999999867, 5.500000000000000000 ) ) ;
#934 = FACE_OUTER_BOUND ( 'NONE', #9783, .T. ) ;
#935 = ORIENTED_EDGE ( 'NONE', *, *, #4950, .F. ) ;
#936 = ORIENTED_EDGE ( 'NONE', *, *, #686, .F. ) ;
#937 = ORIENTED_EDGE ( 'NONE', *, *, #950, .F. ) ;
#938 = CIRCLE ( 'NONE', #8784, 5.700000000000340350 ) ;
#939 = EDGE_CURVE ( 'NONE', #1292, #8861, #7059, .T. ) ;
#940 = DIRECTION ( 'NONE',  ( -2.221018656992594206E-15, 2.221018656992604067E-15, -1.000000000000000000 ) ) ;
#941 = SURFACE_STYLE_USAGE ( .BOTH. , #4934 ) ;
#942 = EDGE_CURVE ( 'NONE', #9673, #6260, #3626, .T. ) ;
#943 = ADVANCED_FACE ( 'NONE', ( #590 ), #5433, .F. ) ;
#944 = LINE ( 'NONE', #6521, #5634 ) ;
#945 = COLOUR_RGB ( '',0.5019607843137254832, 0.5019607843137254832, 0.5019607843137254832 ) ;
#946 = ORIENTED_EDGE ( 'NONE', *, *, #6116, .F. ) ;
#947 =( NAMED_UNIT ( * ) SI_UNIT ( $, .STERADIAN. ) SOLID_ANGLE_UNIT ( ) );
#948 = PRESENTATION_STYLE_ASSIGNMENT (( #9381 ) ) ;
#949 = MECHANICAL_DESIGN_GEOMETRIC_PRESENTATION_REPRESENTATION (  '', ( #8981 ), #4929 ) ;
#950 = EDGE_CURVE ( 'NONE', #1293, #5265, #7224, .T. ) ;
#951 = CARTESIAN_POINT ( 'NONE',  ( 3.949999999999999734, -4.750000000000000000, 3.600000000000001421 ) ) ;
#952 =( NAMED_UNIT ( * ) PLANE_ANGLE_UNIT ( ) SI_UNIT ( $, .RADIAN. ) );
#953 = PRESENTATION_STYLE_ASSIGNMENT (( #848 ) ) ;
#954 = DIRECTION ( 'NONE',  ( -2.710505431213761578E-16, 1.000000000000000000, 0.000000000000000000 ) ) ;
#955 = FACE_OUTER_BOUND ( 'NONE', #1719, .T. ) ;
#956 = PLANE ( 'NONE',  #7248 ) ;
#957 = ORIENTED_EDGE ( 'NONE', *, *, #2467, .F. ) ;
#958 = SURFACE_SIDE_STYLE ('',( #8130 ) ) ;
#959 = ORIENTED_EDGE ( 'NONE', *, *, #3003, .F. ) ;
#960 = LINE ( 'NONE', #9887, #1386 ) ;
#961 = EDGE_CURVE ( 'NONE', #3029, #6848, #6877, .T. ) ;
#962 = LINE ( 'NONE', #916, #5072 ) ;
#963 =( LENGTH_UNIT ( ) NAMED_UNIT ( * ) SI_UNIT ( .MILLI., .METRE. ) );
#964 = MECHANICAL_DESIGN_GEOMETRIC_PRESENTATION_REPRESENTATION (  '', ( #6631 ), #6465 ) ;
#965 = DIRECTION ( 'NONE',  ( 0.000000000000000000, 0.000000000000000000, 1.000000000000000000 ) ) ;
#966 = LINE ( 'NONE', #2815, #6370 ) ;
#967 = CARTESIAN_POINT ( 'NONE',  ( 6.649999999999999467, 6.704630743366732482, -2.094532406675940983 ) ) ;
#968 =( LENGTH_UNIT ( ) NAMED_UNIT ( * ) SI_UNIT ( .MILLI., .METRE. ) );
#969 = ORIENTED_EDGE ( 'NONE', *, *, #6337, .T. ) ;
#970 = MECHANICAL_DESIGN_GEOMETRIC_PRESENTATION_REPRESENTATION (  '', ( #3101 ), #10315 ) ;
#971 = DIRECTION ( 'NONE',  ( -1.000000000000000000, -0.000000000000000000, -0.000000000000000000 ) ) ;
#972 = AXIS2_PLACEMENT_3D ( 'NONE', #9660, #1792, #4870 ) ;
#973 = VECTOR ( 'NONE', #3771, 1000.000000000000000 ) ;
#974 = CARTESIAN_POINT ( 'NONE',  ( 1.891518204694824234, 5.400000000000003908, 3.199999999999992184 ) ) ;
#975 = PRESENTATION_STYLE_ASSIGNMENT (( #7142 ) ) ;
#976 = CIRCLE ( 'NONE', #5123, 3.950000000000000178 ) ;
#977 = CARTESIAN_POINT ( 'NONE',  ( 5.000000000000000888, 6.000000000000000888, 0.2000000000000000944 ) ) ;
#978 = ORIENTED_EDGE ( 'NONE', *, *, #4813, .T. ) ;
#979 = EDGE_LOOP ( 'NONE', ( #4943, #1535, #6992, #3258, #7884, #9392 ) ) ;
#980 = VERTEX_POINT ( 'NONE', #3161 ) ;
#981 = ORIENTED_EDGE ( 'NONE', *, *, #9628, .T. ) ;
#982 = PRESENTATION_LAYER_ASSIGNMENT (  '', '', ( #9339 ) ) ;
#983 = CYLINDRICAL_SURFACE ( 'NONE', #1717, 0.7999999999999994893 ) ;
#984 =( NAMED_UNIT ( * ) PLANE_ANGLE_UNIT ( ) SI_UNIT ( $, .RADIAN. ) );
#985 = CARTESIAN_POINT ( 'NONE',  ( -6.287205726393079175, -1.999999999999998668, -2.830212172457900799 ) ) ;
#986 = FILL_AREA_STYLE_COLOUR ( '', #7545 ) ;
#987 = EDGE_CURVE ( 'NONE', #9059, #3507, #1042, .T. ) ;
#988 = CARTESIAN_POINT ( 'NONE',  ( 6.212785798360256351, -2.499999999999999556, -2.960449165327016186 ) ) ;
#989 = FACE_OUTER_BOUND ( 'NONE', #2526, .T. ) ;
#990 = VECTOR ( 'NONE', #2954, 1000.000000000000227 ) ;
#991 = FILL_AREA_STYLE_COLOUR ( '', #2272 ) ;
#992 = ORIENTED_EDGE ( 'NONE', *, *, #10091, .T. ) ;
#993 = EDGE_LOOP ( 'NONE', ( #981, #1282, #6374, #9326, #3055 ) ) ;
#994 = VECTOR ( 'NONE', #3948, 1000.000000000000000 ) ;
#995 = CARTESIAN_POINT ( 'NONE',  ( 6.693412330956371115, 3.000000000000000000, -2.119339049353549331 ) ) ;
#996 = FILL_AREA_STYLE ('',( #8007 ) ) ;
#997 = DIRECTION ( 'NONE',  ( 0.000000000000000000, -0.000000000000000000, 1.000000000000000000 ) ) ;
#998 =( GEOMETRIC_REPRESENTATION_CONTEXT ( 3 ) GLOBAL_UNCERTAINTY_ASSIGNED_CONTEXT ( ( #2565 ) ) GLOBAL_UNIT_ASSIGNED_CONTEXT ( ( #3938, #8791, #5751 ) ) REPRESENTATION_CONTEXT ( 'NONE', 'WORKASPACE' ) );
#999 = COLOUR_RGB ( '',0.1098039215686274495, 0.1098039215686274495, 0.1098039215686274495 ) ;
#1000 = DIRECTION ( 'NONE',  ( 2.478176394252584099E-15, 0.000000000000000000, 1.000000000000000000 ) ) ;
#1001 = CARTESIAN_POINT ( 'NONE',  ( 5.699999999999999289, 5.000000000000000000, 3.500000000000000000 ) ) ;
#1002 = VECTOR ( 'NONE', #1788, 1000.000000000000000 ) ;
#1003 = AXIS2_PLACEMENT_3D ( 'NONE', #5601, #1496, #3896 ) ;
#1004 = SURFACE_SIDE_STYLE ('',( #8970 ) ) ;
#1005 = ORIENTED_EDGE ( 'NONE', *, *, #7260, .T. ) ;
#1006 = ORIENTED_EDGE ( 'NONE', *, *, #9628, .F. ) ;
#1007 = SURFACE_SIDE_STYLE ('',( #8284 ) ) ;
#1008 = ORIENTED_EDGE ( 'NONE', *, *, #8820, .T. ) ;
#1009 = EDGE_CURVE ( 'NONE', #5265, #7922, #4191, .T. ) ;
#1010 = EDGE_CURVE ( 'NONE', #7890, #9739, #6544, .T. ) ;
#1011 = CIRCLE ( 'NONE', #9196, 0.3000000000000241918 ) ;
#1012 = CARTESIAN_POINT ( 'NONE',  ( 5.288437921472676884, 1.656780849603764594, 3.599999790631639662 ) ) ;
#1013 = CARTESIAN_POINT ( 'NONE',  ( -4.999999999999997335, -6.000000000000000000, 3.299999999999999822 ) ) ;
#1014 = CARTESIAN_POINT ( 'NONE',  ( 6.953886316694597447, 2.000000000000000000, -2.268178905419202973 ) ) ;
#1015 = CARTESIAN_POINT ( 'NONE',  ( 6.000000000000015099, -2.000000000000000000, 5.364159265358978246 ) ) ;
#1016 = DIRECTION ( 'NONE',  ( -1.000000000000000000, 0.000000000000000000, 1.362997016838921235E-14 ) ) ;
#1017 = UNCERTAINTY_MEASURE_WITH_UNIT (LENGTH_MEASURE( 1.000000000000000082E-05 ), #9336, 'distance_accuracy_value', 'NONE');
#1018 =( LENGTH_UNIT ( ) NAMED_UNIT ( * ) SI_UNIT ( .MILLI., .METRE. ) );
#1019 = DIRECTION ( 'NONE',  ( 0.000000000000000000, 0.000000000000000000, 1.000000000000000000 ) ) ;
#1020 = CARTESIAN_POINT ( 'NONE',  ( 5.950000000000000178, 3.000000000000000000, 0.8000000000000000444 ) ) ;
#1021 = VERTEX_POINT ( 'NONE', #4898 ) ;
#1022 =( NAMED_UNIT ( * ) PLANE_ANGLE_UNIT ( ) SI_UNIT ( $, .RADIAN. ) );
#1023 = UNCERTAINTY_MEASURE_WITH_UNIT (LENGTH_MEASURE( 1.000000000000000082E-05 ), #9121, 'distance_accuracy_value', 'NONE');
#1024 = CARTESIAN_POINT ( 'NONE',  ( -2.263897340837780270, -5.500000000000000000, 3.594753153809547186 ) ) ;
#1025 = CARTESIAN_POINT ( 'NONE',  ( 6.299999999999998046, 2.000000000000000000, 0.06415926535897897853 ) ) ;
#1026 = CARTESIAN_POINT ( 'NONE',  ( 5.000000000000000000, -5.000000000000001776, 0.000000000000000000 ) ) ;
#1027 = CIRCLE ( 'NONE', #9542, 0.4000000000000158429 ) ;
#1028 = CARTESIAN_POINT ( 'NONE',  ( 0.000000000000000000, -6.000000000000000000, 3.299999999999999822 ) ) ;
#1029 = SURFACE_SIDE_STYLE ('',( #1848 ) ) ;
#1030 = ORIENTED_EDGE ( 'NONE', *, *, #3095, .F. ) ;
#1031 = VERTEX_POINT ( 'NONE', #3111 ) ;
#1032 = ORIENTED_EDGE ( 'NONE', *, *, #8029, .T. ) ;
#1033 = VECTOR ( 'NONE', #4018, 1000.000000000000000 ) ;
#1034 = DIRECTION ( 'NONE',  ( 0.000000000000000000, 0.000000000000000000, 1.000000000000000000 ) ) ;
#1035 = LINE ( 'NONE', #6329, #7601 ) ;
#1036 = DIRECTION ( 'NONE',  ( 0.000000000000000000, 0.000000000000000000, -1.000000000000000000 ) ) ;
#1037 = AXIS2_PLACEMENT_3D ( 'NONE', #9268, #9319, #7838 ) ;
#1038 = AXIS2_PLACEMENT_3D ( 'NONE', #3331, #2560, #9065 ) ;
#1039 =( NAMED_UNIT ( * ) PLANE_ANGLE_UNIT ( ) SI_UNIT ( $, .RADIAN. ) );
#1040 = CARTESIAN_POINT ( 'NONE',  ( -5.609556424471081826, 1.676841459417429459, 3.500000000000003997 ) ) ;
#1041 = EDGE_LOOP ( 'NONE', ( #5426, #5215, #5550, #1453 ) ) ;
#1042 = CIRCLE ( 'NONE', #9551, 0.8000000000000003775 ) ;
#1043 = ORIENTED_EDGE ( 'NONE', *, *, #6427, .T. ) ;
#1044 = VECTOR ( 'NONE', #6305, 1000.000000000000000 ) ;
#1045 = EDGE_LOOP ( 'NONE', ( #5278, #95, #3577, #3192 ) ) ;
#1046 = CARTESIAN_POINT ( 'NONE',  ( -6.287205726393076510, 3.000000000000000000, -2.830212172457904352 ) ) ;
#1047 =( GEOMETRIC_REPRESENTATION_CONTEXT ( 3 ) GLOBAL_UNCERTAINTY_ASSIGNED_CONTEXT ( ( #4864 ) ) GLOBAL_UNIT_ASSIGNED_CONTEXT ( ( #9638, #3264, #1137 ) ) REPRESENTATION_CONTEXT ( 'NONE', 'WORKASPACE' ) );
#1048 = SURFACE_STYLE_FILL_AREA ( #2645 ) ;
#1049 = CIRCLE ( 'NONE', #6890, 0.3500000041649586890 ) ;
#1050 = CARTESIAN_POINT ( 'NONE',  ( 6.958519183380836637, -6.704630743366731593, -1.929257140873639864 ) ) ;
#1051 = DIRECTION ( 'NONE',  ( -1.357990046963822929E-31, -1.000000000000000000, 1.256337252201300185E-14 ) ) ;
#1052 = PRESENTATION_LAYER_ASSIGNMENT (  '', '', ( #1866 ) ) ;
#1053 =( NAMED_UNIT ( * ) SI_UNIT ( $, .STERADIAN. ) SOLID_ANGLE_UNIT ( ) );
#1054 = ORIENTED_EDGE ( 'NONE', *, *, #7598, .T. ) ;
#1055 = MECHANICAL_DESIGN_GEOMETRIC_PRESENTATION_REPRESENTATION (  '', ( #6392 ), #4363 ) ;
#1056 = UNCERTAINTY_MEASURE_WITH_UNIT (LENGTH_MEASURE( 1.000000000000000082E-05 ), #4913, 'distance_accuracy_value', 'NONE');
#1057 = ORIENTED_EDGE ( 'NONE', *, *, #6739, .T. ) ;
#1058 = FACE_OUTER_BOUND ( 'NONE', #2668, .T. ) ;
#1059 = ORIENTED_EDGE ( 'NONE', *, *, #10199, .T. ) ;
#1060 = CYLINDRICAL_SURFACE ( 'NONE', #8259, 0.4000000000000001887 ) ;
#1061 = CIRCLE ( 'NONE', #6394, 0.3499999999999996447 ) ;
#1062 = ADVANCED_FACE ( 'NONE', ( #6380 ), #791, .F. ) ;
#1063 = DIRECTION ( 'NONE',  ( 1.000000000000000000, 0.000000000000000000, 0.000000000000000000 ) ) ;
#1064 = SURFACE_STYLE_USAGE ( .BOTH. , #4910 ) ;
#1065 =( GEOMETRIC_REPRESENTATION_CONTEXT ( 3 ) GLOBAL_UNCERTAINTY_ASSIGNED_CONTEXT ( ( #332 ) ) GLOBAL_UNIT_ASSIGNED_CONTEXT ( ( #1718, #8228, #1053 ) ) REPRESENTATION_CONTEXT ( 'NONE', 'WORKASPACE' ) );
#1066 = SURFACE_STYLE_USAGE ( .BOTH. , #72 ) ;
#1067 = AXIS2_PLACEMENT_3D ( 'NONE', #3327, #9689, #1665 ) ;
#1068 = EDGE_CURVE ( 'NONE', #2925, #5519, #4855, .T. ) ;
#1069 = LINE ( 'NONE', #9750, #6895 ) ;
#1070 = SURFACE_STYLE_FILL_AREA ( #5881 ) ;
#1071 = CARTESIAN_POINT ( 'NONE',  ( 6.159705218919228287, 2.937096592108939141, -3.053341690607343395 ) ) ;
#1072 = ADVANCED_FACE ( 'NONE', ( #3319 ), #5605, .T. ) ;
#1073 = AXIS2_PLACEMENT_3D ( 'NONE', #1410, #5432, #639 ) ;
#1074 = FACE_OUTER_BOUND ( 'NONE', #391, .T. ) ;
#1075 = DIRECTION ( 'NONE',  ( -0.4722150451494399603, 0.000000000000000000, -0.8814833810881020915 ) ) ;
#1076 = ORIENTED_EDGE ( 'NONE', *, *, #7078, .T. ) ;
#1077 = CARTESIAN_POINT ( 'NONE',  ( 4.627038061433184524, 3.954825758595140961, 3.555911659346357556 ) ) ;
#1078 = CIRCLE ( 'NONE', #8265, 6.149999999999972822 ) ;
#1079 = MECHANICAL_DESIGN_GEOMETRIC_PRESENTATION_REPRESENTATION (  '', ( #5920 ), #3040 ) ;
#1080 = CYLINDRICAL_SURFACE ( 'NONE', #3679, 3.950000000000000178 ) ;
#1081 = CARTESIAN_POINT ( 'NONE',  ( -6.000000000000000000, -1.999999999999999556, 1.146410165690351146 ) ) ;
#1082 = PRESENTATION_LAYER_ASSIGNMENT (  '', '', ( #2061 ) ) ;
#1083 = CARTESIAN_POINT ( 'NONE',  ( 6.287205726393074734, -3.000000000000000444, -2.830212172457909237 ) ) ;
#1084 = ORIENTED_EDGE ( 'NONE', *, *, #10339, .F. ) ;
#1085 = DIRECTION ( 'NONE',  ( 1.655013885906414568E-14, 7.106684625222797983E-17, 1.000000000000000000 ) ) ;
#1086 = ORIENTED_EDGE ( 'NONE', *, *, #743, .T. ) ;
#1087 = SURFACE_STYLE_USAGE ( .BOTH. , #1275 ) ;
#1088 = AXIS2_PLACEMENT_3D ( 'NONE', #10170, #2784, #7607 ) ;
#1089 = EDGE_CURVE ( 'NONE', #7802, #5649, #3849, .T. ) ;
#1090 = SURFACE_SIDE_STYLE ('',( #8268 ) ) ;
#1091 = ORIENTED_EDGE ( 'NONE', *, *, #7918, .T. ) ;
#1092 = AXIS2_PLACEMENT_3D ( 'NONE', #634, #3790, #4638 ) ;
#1093 = PRESENTATION_LAYER_ASSIGNMENT (  '', '', ( #7589 ) ) ;
#1094 = ORIENTED_EDGE ( 'NONE', *, *, #2324, .F. ) ;
#1095 = DIRECTION ( 'NONE',  ( 0.000000000000000000, 0.000000000000000000, -1.000000000000000000 ) ) ;
#1096 = DIRECTION ( 'NONE',  ( -0.000000000000000000, 1.000000000000000000, -0.000000000000000000 ) ) ;
#1097 =( GEOMETRIC_REPRESENTATION_CONTEXT ( 3 ) GLOBAL_UNCERTAINTY_ASSIGNED_CONTEXT ( ( #7007 ) ) GLOBAL_UNIT_ASSIGNED_CONTEXT ( ( #9642, #4066, #5709 ) ) REPRESENTATION_CONTEXT ( 'NONE', 'WORKASPACE' ) );
#1098 = SURFACE_SIDE_STYLE ('',( #6588 ) ) ;
#1099 = DIRECTION ( 'NONE',  ( -0.8682466191274124112, 0.000000000000000000, -0.4961328535521690730 ) ) ;
#1100 =( NAMED_UNIT ( * ) PLANE_ANGLE_UNIT ( ) SI_UNIT ( $, .RADIAN. ) );
#1101 = FILL_AREA_STYLE_COLOUR ( '', #9869 ) ;
#1102 = ORIENTED_EDGE ( 'NONE', *, *, #1677, .F. ) ;
#1103 = ORIENTED_EDGE ( 'NONE', *, *, #2401, .F. ) ;
#1104 = TOROIDAL_SURFACE ( 'NONE', #6776, 0.5645751311064606259, 0.3999999999999856448 ) ;
#1105 =( NAMED_UNIT ( * ) SI_UNIT ( $, .STERADIAN. ) SOLID_ANGLE_UNIT ( ) );
#1106 = VERTEX_POINT ( 'NONE', #9928 ) ;
#1107 = LINE ( 'NONE', #327, #4544 ) ;
#1108 =( LENGTH_UNIT ( ) NAMED_UNIT ( * ) SI_UNIT ( .MILLI., .METRE. ) );
#1109 = DIRECTION ( 'NONE',  ( 0.000000000000000000, 0.000000000000000000, -1.000000000000000000 ) ) ;
#1110 = EDGE_CURVE ( 'NONE', #9767, #2223, #213, .T. ) ;
#1111 = DIRECTION ( 'NONE',  ( -1.053031360026544826E-16, -1.000000000000000000, -0.000000000000000000 ) ) ;
#1112 = LINE ( 'NONE', #5973, #9315 ) ;
#1113 = UNCERTAINTY_MEASURE_WITH_UNIT (LENGTH_MEASURE( 1.000000000000000082E-05 ), #7510, 'distance_accuracy_value', 'NONE');
#1114 =( NAMED_UNIT ( * ) PLANE_ANGLE_UNIT ( ) SI_UNIT ( $, .RADIAN. ) );
#1115 = CARTESIAN_POINT ( 'NONE',  ( 6.958519183380836637, -2.000000000000000000, -1.929257140873640086 ) ) ;
#1116 = ORIENTED_EDGE ( 'NONE', *, *, #5332, .T. ) ;
#1117 = SURFACE_STYLE_USAGE ( .BOTH. , #336 ) ;
#1118 = VECTOR ( 'NONE', #2816, 1000.000000000000000 ) ;
#1119 = DIRECTION ( 'NONE',  ( 0.8682466191274124112, -0.000000000000000000, 0.4961328535521690730 ) ) ;
#1120 = ORIENTED_EDGE ( 'NONE', *, *, #187, .F. ) ;
#1121 = COLOUR_RGB ( '',0.5019607843137254832, 0.5019607843137254832, 0.5019607843137254832 ) ;
#1122 = VERTEX_POINT ( 'NONE', #4998 ) ;
#1123 =( LENGTH_UNIT ( ) NAMED_UNIT ( * ) SI_UNIT ( .MILLI., .METRE. ) );
#1124 = LINE ( 'NONE', #5184, #5062 ) ;
#1125 = MECHANICAL_DESIGN_GEOMETRIC_PRESENTATION_REPRESENTATION (  '', ( #2781 ), #138 ) ;
#1126 = DIRECTION ( 'NONE',  ( -0.000000000000000000, -0.000000000000000000, 1.000000000000000000 ) ) ;
#1127 = SURFACE_STYLE_USAGE ( .BOTH. , #6679 ) ;
#1128 = FACE_OUTER_BOUND ( 'NONE', #3490, .T. ) ;
#1129 = ORIENTED_EDGE ( 'NONE', *, *, #745, .T. ) ;
#1130 = ORIENTED_EDGE ( 'NONE', *, *, #7330, .T. ) ;
#1131 =( GEOMETRIC_REPRESENTATION_CONTEXT ( 3 ) GLOBAL_UNCERTAINTY_ASSIGNED_CONTEXT ( ( #7363 ) ) GLOBAL_UNIT_ASSIGNED_CONTEXT ( ( #5871, #4324, #4264 ) ) REPRESENTATION_CONTEXT ( 'NONE', 'WORKASPACE' ) );
#1132 = EDGE_CURVE ( 'NONE', #406, #7669, #8223, .T. ) ;
#1133 = LINE ( 'NONE', #512, #9601 ) ;
#1134 =( NAMED_UNIT ( * ) SI_UNIT ( $, .STERADIAN. ) SOLID_ANGLE_UNIT ( ) );
#1135 = AXIS2_PLACEMENT_3D ( 'NONE', #8749, #2346, #2294 ) ;
#1136 = DIRECTION ( 'NONE',  ( -1.655013885906414568E-14, -7.106684625222797983E-17, -1.000000000000000000 ) ) ;
#1137 =( NAMED_UNIT ( * ) SI_UNIT ( $, .STERADIAN. ) SOLID_ANGLE_UNIT ( ) );
#1138 = CARTESIAN_POINT ( 'NONE',  ( -2.249999999999901412, -5.500000000000000000, 3.594753153809547186 ) ) ;
#1139 = VERTEX_POINT ( 'NONE', #2076 ) ;
#1140 = MECHANICAL_DESIGN_GEOMETRIC_PRESENTATION_REPRESENTATION (  '', ( #491 ), #4826 ) ;
#1141 = MECHANICAL_DESIGN_GEOMETRIC_PRESENTATION_REPRESENTATION (  '', ( #2143 ), #1813 ) ;
#1142 = ORIENTED_EDGE ( 'NONE', *, *, #4756, .F. ) ;
#1143 = UNCERTAINTY_MEASURE_WITH_UNIT (LENGTH_MEASURE( 1.000000000000000082E-05 ), #8378, 'distance_accuracy_value', 'NONE');
#1144 = VERTEX_POINT ( 'NONE', #6115 ) ;
#1145 = FACE_OUTER_BOUND ( 'NONE', #4449, .T. ) ;
#1146 = ORIENTED_EDGE ( 'NONE', *, *, #4641, .F. ) ;
#1147 = SURFACE_SIDE_STYLE ('',( #9276 ) ) ;
#1148 = DIRECTION ( 'NONE',  ( 0.8682466191274124112, -0.000000000000000000, 0.4961328535521690730 ) ) ;
#1149 = FILL_AREA_STYLE ('',( #2713 ) ) ;
#1150 =( GEOMETRIC_REPRESENTATION_CONTEXT ( 3 ) GLOBAL_UNCERTAINTY_ASSIGNED_CONTEXT ( ( #4332 ) ) GLOBAL_UNIT_ASSIGNED_CONTEXT ( ( #572, #10089, #1444 ) ) REPRESENTATION_CONTEXT ( 'NONE', 'WORKASPACE' ) );
#1151 = DIRECTION ( 'NONE',  ( 3.632077277824436021E-13, -0.1833657963927316226, 0.9830447521416607604 ) ) ;
#1152 = LINE ( 'NONE', #9068, #4366 ) ;
#1153 = UNCERTAINTY_MEASURE_WITH_UNIT (LENGTH_MEASURE( 1.000000000000000082E-05 ), #10237, 'distance_accuracy_value', 'NONE');
#1154 = MECHANICAL_DESIGN_GEOMETRIC_PRESENTATION_REPRESENTATION (  '', ( #6171 ), #8697 ) ;
#1155 = DIRECTION ( 'NONE',  ( -4.440892098500626162E-15, 1.000000000000000000, -4.936205012942136133E-16 ) ) ;
#1156 = LINE ( 'NONE', #5165, #4453 ) ;
#1157 = FILL_AREA_STYLE ('',( #128 ) ) ;
#1158 = LINE ( 'NONE', #9228, #5209 ) ;
#1159 = VERTEX_POINT ( 'NONE', #9318 ) ;
#1160 = CARTESIAN_POINT ( 'NONE',  ( -1.789074795565647635, -5.500000000000000000, 3.585218434151942191 ) ) ;
#1161 = ORIENTED_EDGE ( 'NONE', *, *, #2657, .T. ) ;
#1162 = VECTOR ( 'NONE', #8895, 1000.000000000000000 ) ;
#1163 = CIRCLE ( 'NONE', #7008, 0.1999999999999982070 ) ;
#1164 = DIRECTION ( 'NONE',  ( -1.000000000000000000, -1.355252715606882022E-16, -0.000000000000000000 ) ) ;
#1165 = SURFACE_STYLE_FILL_AREA ( #5891 ) ;
#1166 = ORIENTED_EDGE ( 'NONE', *, *, #9562, .T. ) ;
#1167 = STYLED_ITEM ( 'NONE', ( #5176 ), #59 ) ;
#1168 = FACE_OUTER_BOUND ( 'NONE', #10250, .T. ) ;
#1169 =( NAMED_UNIT ( * ) SI_UNIT ( $, .STERADIAN. ) SOLID_ANGLE_UNIT ( ) );
#1170 = ORIENTED_EDGE ( 'NONE', *, *, #2775, .F. ) ;
#1171 = DIRECTION ( 'NONE',  ( 0.000000000000000000, 0.000000000000000000, 1.000000000000000000 ) ) ;
#1172 = VECTOR ( 'NONE', #10204, 1000.000000000000000 ) ;
#1173 = EDGE_CURVE ( 'NONE', #6747, #5290, #3673, .T. ) ;
#1174 = CARTESIAN_POINT ( 'NONE',  ( 6.650000000000000355, -3.000000000000000000, -2.094532406675943648 ) ) ;
#1175 = CARTESIAN_POINT ( 'NONE',  ( 6.000000000000000000, 3.499999999999999556, 0.2000000000000000944 ) ) ;
#1176 = DIRECTION ( 'NONE',  ( 0.2436941190233087862, -0.9698521414903683580, 2.843689596934935246E-14 ) ) ;
#1177 = EDGE_CURVE ( 'NONE', #1622, #8679, #2848, .T. ) ;
#1178 = CARTESIAN_POINT ( 'NONE',  ( 1.600000000000000089, -1.899999999999999689, 5.500000000000000000 ) ) ;
#1179 = ORIENTED_EDGE ( 'NONE', *, *, #1674, .F. ) ;
#1180 = EDGE_CURVE ( 'NONE', #4358, #6991, #10141, .T. ) ;
#1181 = EDGE_CURVE ( 'NONE', #3715, #1809, #7620, .T. ) ;
#1182 = ORIENTED_EDGE ( 'NONE', *, *, #5267, .T. ) ;
#1183 = SURFACE_STYLE_FILL_AREA ( #8467 ) ;
#1184 = FILL_AREA_STYLE_COLOUR ( '', #9092 ) ;
#1185 = AXIS2_PLACEMENT_3D ( 'NONE', #6080, #2087, #6913 ) ;
#1186 = EDGE_CURVE ( 'NONE', #4250, #2299, #9570, .T. ) ;
#1187 = CIRCLE ( 'NONE', #9052, 0.5645751311061943944 ) ;
#1188 = EDGE_CURVE ( 'NONE', #3985, #1332, #7677, .T. ) ;
#1189 = FILL_AREA_STYLE ('',( #8381 ) ) ;
#1190 = CIRCLE ( 'NONE', #540, 0.4000000000000019096 ) ;
#1191 = ORIENTED_EDGE ( 'NONE', *, *, #8627, .T. ) ;
#1192 = ORIENTED_EDGE ( 'NONE', *, *, #3149, .F. ) ;
#1193 = ORIENTED_EDGE ( 'NONE', *, *, #9343, .T. ) ;
#1194 = AXIS2_PLACEMENT_3D ( 'NONE', #5814, #9735, #1818 ) ;
#1195 = DIRECTION ( 'NONE',  ( 7.938299986071092595E-17, 1.000000000000000000, 4.536097622125776243E-17 ) ) ;
#1196 = SURFACE_STYLE_FILL_AREA ( #8180 ) ;
#1197 = ORIENTED_EDGE ( 'NONE', *, *, #9116, .F. ) ;
#1198 = CARTESIAN_POINT ( 'NONE',  ( 5.432699878978640484, 2.263624949574464917, 3.199999999999994404 ) ) ;
#1199 = CARTESIAN_POINT ( 'NONE',  ( -6.212785798360253686, 2.499999999999999556, -2.960449165327015297 ) ) ;
#1200 = DIRECTION ( 'NONE',  ( -0.000000000000000000, 1.000000000000000000, -0.000000000000000000 ) ) ;
#1201 = EDGE_CURVE ( 'NONE', #5698, #9739, #2028, .T. ) ;
#1202 = CARTESIAN_POINT ( 'NONE',  ( 5.261766151086463061, -1.556267106944594358, 3.599999654498289736 ) ) ;
#1203 = DIRECTION ( 'NONE',  ( 4.336808689942028583E-16, 9.403954806578348233E-32, -1.000000000000000000 ) ) ;
#1204 = UNCERTAINTY_MEASURE_WITH_UNIT (LENGTH_MEASURE( 1.000000000000000082E-05 ), #9582, 'distance_accuracy_value', 'NONE');
#1205 =( LENGTH_UNIT ( ) NAMED_UNIT ( * ) SI_UNIT ( .MILLI., .METRE. ) );
#1206 = MECHANICAL_DESIGN_GEOMETRIC_PRESENTATION_REPRESENTATION (  '', ( #5906 ), #8072 ) ;
#1207 = DIRECTION ( 'NONE',  ( 2.329522366345713132E-31, 1.000000000000000000, 6.672013369141566696E-17 ) ) ;
#1208 = CARTESIAN_POINT ( 'NONE',  ( 6.300000004099882034, 2.000000000000000000, 0.7999999999999999334 ) ) ;
#1209 = ORIENTED_EDGE ( 'NONE', *, *, #317, .T. ) ;
#1210 = VECTOR ( 'NONE', #4791, 1000.000000000000000 ) ;
#1211 =( GEOMETRIC_REPRESENTATION_CONTEXT ( 3 ) GLOBAL_UNCERTAINTY_ASSIGNED_CONTEXT ( ( #8034 ) ) GLOBAL_UNIT_ASSIGNED_CONTEXT ( ( #73, #3235, #10318 ) ) REPRESENTATION_CONTEXT ( 'NONE', 'WORKASPACE' ) );
#1212 = ORIENTED_EDGE ( 'NONE', *, *, #2814, .F. ) ;
#1213 = CIRCLE ( 'NONE', #725, 6.149999999999988809 ) ;
#1214 = VECTOR ( 'NONE', #8232, 1000.000000000000000 ) ;
#1215 = EDGE_CURVE ( 'NONE', #8634, #6774, #2527, .T. ) ;
#1216 = AXIS2_PLACEMENT_3D ( 'NONE', #6800, #7795, #8597 ) ;
#1217 = CARTESIAN_POINT ( 'NONE',  ( 6.212785798360253686, 2.499999999999999556, -2.960449165327015297 ) ) ;
#1218 = CARTESIAN_POINT ( 'NONE',  ( -2.166916829160916310E-16, 1.706111319364985103E-15, 3.600000000000002309 ) ) ;
#1219 = CARTESIAN_POINT ( 'NONE',  ( 6.694074169054409218, 3.000000000000000000, -2.070921654418466318 ) ) ;
#1220 = FILL_AREA_STYLE_COLOUR ( '', #5025 ) ;
#1221 = VECTOR ( 'NONE', #8681, 1000.000000000000000 ) ;
#1222 = EDGE_LOOP ( 'NONE', ( #9038, #2540, #8283, #9871 ) ) ;
#1223 =( LENGTH_UNIT ( ) NAMED_UNIT ( * ) SI_UNIT ( .MILLI., .METRE. ) );
#1224 = VECTOR ( 'NONE', #3949, 1000.000000000000000 ) ;
#1225 =( NAMED_UNIT ( * ) SI_UNIT ( $, .STERADIAN. ) SOLID_ANGLE_UNIT ( ) );
#1226 = DIRECTION ( 'NONE',  ( 0.000000000000000000, 1.000000000000000000, 0.000000000000000000 ) ) ;
#1227 =( LENGTH_UNIT ( ) NAMED_UNIT ( * ) SI_UNIT ( .MILLI., .METRE. ) );
#1228 =( NAMED_UNIT ( * ) SI_UNIT ( $, .STERADIAN. ) SOLID_ANGLE_UNIT ( ) );
#1229 = AXIS2_PLACEMENT_3D ( 'NONE', #7712, #6144, #10284 ) ;
#1230 =( NAMED_UNIT ( * ) SI_UNIT ( $, .STERADIAN. ) SOLID_ANGLE_UNIT ( ) );
#1231 = AXIS2_PLACEMENT_3D ( 'NONE', #5032, #10016, #4245 ) ;
#1233 = CIRCLE ( 'NONE', #2563, 0.4000000000000062395 ) ;
#1232 = DIRECTION ( 'NONE',  ( 0.000000000000000000, 0.000000000000000000, 1.000000000000000000 ) ) ;
#1234 = ORIENTED_EDGE ( 'NONE', *, *, #3202, .T. ) ;
#1235 = EDGE_CURVE ( 'NONE', #3670, #776, #9209, .T. ) ;
#1236 = ORIENTED_EDGE ( 'NONE', *, *, #7849, .T. ) ;
#1237 = CIRCLE ( 'NONE', #1406, 0.1999999999999996503 ) ;
#1238 = CIRCLE ( 'NONE', #8108, 0.2999999999999981570 ) ;
#1239 = LINE ( 'NONE', #4413, #2219 ) ;
#1240 =( NAMED_UNIT ( * ) SI_UNIT ( $, .STERADIAN. ) SOLID_ANGLE_UNIT ( ) );
#1241 = EDGE_CURVE ( 'NONE', #9408, #3180, #3570, .T. ) ;
#1242 = EDGE_CURVE ( 'NONE', #8495, #4619, #9236, .T. ) ;
#1243 =( NAMED_UNIT ( * ) PLANE_ANGLE_UNIT ( ) SI_UNIT ( $, .RADIAN. ) );
#1244 = PRODUCT ( 'SKHCBGA010', 'SKHCBGA010', '', ( #7247 ) ) ;
#1245 = CARTESIAN_POINT ( 'NONE',  ( -6.958519183380839301, 3.000000000000000000, -1.929257140873635423 ) ) ;
#1246 = ORIENTED_EDGE ( 'NONE', *, *, #7832, .F. ) ;
#1247 = DIRECTION ( 'NONE',  ( -1.058592843975275355E-14, -2.512674504403129539E-14, 1.000000000000000000 ) ) ;
#1248 = ORIENTED_EDGE ( 'NONE', *, *, #5993, .T. ) ;
#1249 = EDGE_CURVE ( 'NONE', #5425, #7541, #466, .T. ) ;
#1250 = FILL_AREA_STYLE_COLOUR ( '', #1578 ) ;
#1251 = VERTEX_POINT ( 'NONE', #6066 ) ;
#1252 =( NAMED_UNIT ( * ) PLANE_ANGLE_UNIT ( ) SI_UNIT ( $, .RADIAN. ) );
#1253 = EDGE_CURVE ( 'NONE', #8557, #9714, #10061, .T. ) ;
#1254 = COLOUR_RGB ( '',0.5019607843137254832, 0.5019607843137254832, 0.5019607843137254832 ) ;
#1255 = CARTESIAN_POINT ( 'NONE',  ( -5.800000000000001599, -4.999999999999997335, 3.500000000000000444 ) ) ;
#1256 = DIRECTION ( 'NONE',  ( 0.000000000000000000, -0.000000000000000000, 1.000000000000000000 ) ) ;
#1257 =( LENGTH_UNIT ( ) NAMED_UNIT ( * ) SI_UNIT ( .MILLI., .METRE. ) );
#1258 = DIRECTION ( 'NONE',  ( 0.000000000000000000, 0.000000000000000000, -1.000000000000000000 ) ) ;
#1259 = UNCERTAINTY_MEASURE_WITH_UNIT (LENGTH_MEASURE( 1.000000000000000082E-05 ), #8625, 'distance_accuracy_value', 'NONE');
#1260 = CARTESIAN_POINT ( 'NONE',  ( 5.326365084182684839, -1.738219812852884516, 3.599999952015911830 ) ) ;
#1261 =( NAMED_UNIT ( * ) PLANE_ANGLE_UNIT ( ) SI_UNIT ( $, .RADIAN. ) );
#1262 = STYLED_ITEM ( 'NONE', ( #8419 ), #7266 ) ;
#1263 = ORIENTED_EDGE ( 'NONE', *, *, #2644, .F. ) ;
#1264 = LINE ( 'NONE', #2770, #8615 ) ;
#1265 = ADVANCED_FACE ( 'NONE', ( #3778, #9266, #6213 ), #6997, .T. ) ;
#1266 = DIRECTION ( 'NONE',  ( 1.000000000000000000, -1.355252715606882022E-16, 0.000000000000000000 ) ) ;
#1267 = MECHANICAL_DESIGN_GEOMETRIC_PRESENTATION_REPRESENTATION (  '', ( #9797 ), #6918 ) ;
#1268 = ORIENTED_EDGE ( 'NONE', *, *, #2701, .F. ) ;
#1269 = CARTESIAN_POINT ( 'NONE',  ( 6.305925830945591670, -6.704630743366731593, -0.7110617430582412135 ) ) ;
#1270 = DIRECTION ( 'NONE',  ( 0.000000000000000000, 0.000000000000000000, -1.000000000000000000 ) ) ;
#1271 = ORIENTED_EDGE ( 'NONE', *, *, #8257, .T. ) ;
#1272 = MECHANICAL_DESIGN_GEOMETRIC_PRESENTATION_REPRESENTATION (  '', ( #2600 ), #8316 ) ;
#1273 = LINE ( 'NONE', #5291, #928 ) ;
#1274 = DIRECTION ( 'NONE',  ( -1.000000000000000000, -2.035455951726861688E-30, 1.256337252201736110E-14 ) ) ;
#1275 = SURFACE_SIDE_STYLE ('',( #8262 ) ) ;
#1276 = CYLINDRICAL_SURFACE ( 'NONE', #6886, 0.3499999999999996447 ) ;
#1277 = CARTESIAN_POINT ( 'NONE',  ( -1.866168552841449779, 5.424745029542522801, 3.600000000000000977 ) ) ;
#1278 = MECHANICAL_DESIGN_GEOMETRIC_PRESENTATION_REPRESENTATION (  '', ( #1777 ), #6471 ) ;
#1279 = UNCERTAINTY_MEASURE_WITH_UNIT (LENGTH_MEASURE( 1.000000000000000082E-05 ), #8074, 'distance_accuracy_value', 'NONE');
#1280 = STYLED_ITEM ( 'NONE', ( #7451 ), #3348 ) ;
#1281 =( LENGTH_UNIT ( ) NAMED_UNIT ( * ) SI_UNIT ( .MILLI., .METRE. ) );
#1282 = ORIENTED_EDGE ( 'NONE', *, *, #939, .T. ) ;
#1283 = ORIENTED_EDGE ( 'NONE', *, *, #317, .F. ) ;
#1284 = STYLED_ITEM ( 'NONE', ( #7870 ), #4183 ) ;
#1285 = DIRECTION ( 'NONE',  ( -1.000000000000000000, 0.000000000000000000, 0.000000000000000000 ) ) ;
#1286 = CARTESIAN_POINT ( 'NONE',  ( -5.271558449006361613, 1.324581074942562831, 3.600000000000001421 ) ) ;
#1287 =( LENGTH_UNIT ( ) NAMED_UNIT ( * ) SI_UNIT ( .MILLI., .METRE. ) );
#1288 = PRESENTATION_LAYER_ASSIGNMENT (  '', '', ( #2292 ) ) ;
#1289 = CARTESIAN_POINT ( 'NONE',  ( -6.299999999999998046, 2.000000000000000000, 0.06415926535897897853 ) ) ;
#1290 = ORIENTED_EDGE ( 'NONE', *, *, #553, .F. ) ;
#1291 = DIRECTION ( 'NONE',  ( -1.222978688985946960E-15, -1.000000000000000000, -0.000000000000000000 ) ) ;
#1292 = VERTEX_POINT ( 'NONE', #9522 ) ;
#1293 = VERTEX_POINT ( 'NONE', #4727 ) ;
#1294 = CYLINDRICAL_SURFACE ( 'NONE', #9981, 0.2999999999999999334 ) ;
#1295 = ORIENTED_EDGE ( 'NONE', *, *, #9820, .T. ) ;
#1296 =( NAMED_UNIT ( * ) SI_UNIT ( $, .STERADIAN. ) SOLID_ANGLE_UNIT ( ) );
#1297 = AXIS2_PLACEMENT_3D ( 'NONE', #6306, #10334, #7031 ) ;
#1298 = CARTESIAN_POINT ( 'NONE',  ( 5.255185916123677359, 1.493343196672868523, 3.599999959651748238 ) ) ;
#1299 = MECHANICAL_DESIGN_GEOMETRIC_PRESENTATION_REPRESENTATION (  '', ( #9668 ), #5298 ) ;
#1300 = FILL_AREA_STYLE_COLOUR ( '', #8018 ) ;
#1301 = CARTESIAN_POINT ( 'NONE',  ( 5.989526014261778109, 2.499999999999999556, -3.351160143934351243 ) ) ;
#1302 = CARTESIAN_POINT ( 'NONE',  ( 0.000000000000000000, -4.500000000000003553, -1.500000000000000000 ) ) ;
#1303 = SURFACE_STYLE_USAGE ( .BOTH. , #9225 ) ;
#1304 = DIRECTION ( 'NONE',  ( -1.000000000000000000, 0.000000000000000000, 0.000000000000000000 ) ) ;
#1305 = ADVANCED_FACE ( 'NONE', ( #7945 ), #676, .F. ) ;
#1306 = CARTESIAN_POINT ( 'NONE',  ( -2.249999999999989342, 5.399999999999928413, 3.200000000000000622 ) ) ;
#1307 = VERTEX_POINT ( 'NONE', #8689 ) ;
#1308 = EDGE_CURVE ( 'NONE', #9740, #980, #4025, .T. ) ;
#1309 = ORIENTED_EDGE ( 'NONE', *, *, #2648, .F. ) ;
#1310 = SURFACE_STYLE_USAGE ( .BOTH. , #4541 ) ;
#1311 = EDGE_LOOP ( 'NONE', ( #7176, #3094, #7757, #9619 ) ) ;
#1312 = PRESENTATION_STYLE_ASSIGNMENT (( #599 ) ) ;
#1313 = FILL_AREA_STYLE ('',( #2051 ) ) ;
#1314 = DIRECTION ( 'NONE',  ( -0.000000000000000000, -0.000000000000000000, -1.000000000000000000 ) ) ;
#1315 = SURFACE_STYLE_USAGE ( .BOTH. , #8502 ) ;
#1316 = FILL_AREA_STYLE ('',( #5175 ) ) ;
#1317 = VERTEX_POINT ( 'NONE', #890 ) ;
#1318 =( GEOMETRIC_REPRESENTATION_CONTEXT ( 3 ) GLOBAL_UNCERTAINTY_ASSIGNED_CONTEXT ( ( #286 ) ) GLOBAL_UNIT_ASSIGNED_CONTEXT ( ( #5969, #9844, #5877 ) ) REPRESENTATION_CONTEXT ( 'NONE', 'WORKASPACE' ) );
#1319 = DIRECTION ( 'NONE',  ( 0.000000000000000000, -1.000000000000000000, 0.000000000000000000 ) ) ;
#1320 =( NAMED_UNIT ( * ) SI_UNIT ( $, .STERADIAN. ) SOLID_ANGLE_UNIT ( ) );
#1321 = COLOUR_RGB ( '',0.1098039215686274495, 0.1098039215686274495, 0.1098039215686274495 ) ;
#1322 = ORIENTED_EDGE ( 'NONE', *, *, #2838, .T. ) ;
#1323 = STYLED_ITEM ( 'NONE', ( #6238 ), #1629 ) ;
#1324 = DIRECTION ( 'NONE',  ( -2.710505431213761578E-16, -1.000000000000000000, 0.000000000000000000 ) ) ;
#1325 = DIRECTION ( 'NONE',  ( -0.000000000000000000, -0.000000000000000000, 1.000000000000000000 ) ) ;
#1326 = FACE_OUTER_BOUND ( 'NONE', #4877, .T. ) ;
#1327 = CARTESIAN_POINT ( 'NONE',  ( -0.8000000000000001554, 4.500000000000002665, -1.199999999999998401 ) ) ;
#1328 = DIRECTION ( 'NONE',  ( -0.000000000000000000, -1.000000000000000000, 0.000000000000000000 ) ) ;
#1329 = COLOUR_RGB ( '',1.000000000000000000, 1.000000000000000000, 1.000000000000000000 ) ;
#1330 = FILL_AREA_STYLE ('',( #2931 ) ) ;
#1331 =( GEOMETRIC_REPRESENTATION_CONTEXT ( 3 ) GLOBAL_UNCERTAINTY_ASSIGNED_CONTEXT ( ( #1624 ) ) GLOBAL_UNIT_ASSIGNED_CONTEXT ( ( #4335, #186, #5832 ) ) REPRESENTATION_CONTEXT ( 'NONE', 'WORKASPACE' ) );
#1332 = VERTEX_POINT ( 'NONE', #7045 ) ;
#1333 = ORIENTED_EDGE ( 'NONE', *, *, #6641, .F. ) ;
#1334 = COLOUR_RGB ( '',0.5019607843137254832, 0.5019607843137254832, 0.5019607843137254832 ) ;
#1335 =( LENGTH_UNIT ( ) NAMED_UNIT ( * ) SI_UNIT ( .MILLI., .METRE. ) );
#1336 = LINE ( 'NONE', #3723, #3458 ) ;
#1337 = SURFACE_SIDE_STYLE ('',( #6897 ) ) ;
#1338 = CIRCLE ( 'NONE', #6698, 0.5645751311063404998 ) ;
#1339 = DIRECTION ( 'NONE',  ( 4.900241895855788831E-16, 4.900241895855782914E-16, 1.000000000000000000 ) ) ;
#1340 =( LENGTH_UNIT ( ) NAMED_UNIT ( * ) SI_UNIT ( .MILLI., .METRE. ) );
#1341 = ORIENTED_EDGE ( 'NONE', *, *, #8885, .F. ) ;
#1342 = ORIENTED_EDGE ( 'NONE', *, *, #610, .T. ) ;
#1343 = SURFACE_STYLE_USAGE ( .BOTH. , #5264 ) ;
#1344 = VERTEX_POINT ( 'NONE', #10244 ) ;
#1345 = SURFACE_SIDE_STYLE ('',( #3677 ) ) ;
#1346 = FILL_AREA_STYLE_COLOUR ( '', #7701 ) ;
#1347 = FACE_OUTER_BOUND ( 'NONE', #8728, .T. ) ;
#1348 = CARTESIAN_POINT ( 'NONE',  ( 1.880790961326725235E-31, 1.880790961326725235E-31, 7.300000000043382897 ) ) ;
#1349 = AXIS2_PLACEMENT_3D ( 'NONE', #3450, #4240, #5695 ) ;
#1350 = MECHANICAL_DESIGN_GEOMETRIC_PRESENTATION_REPRESENTATION (  '', ( #872 ), #3007 ) ;
#1351 = UNCERTAINTY_MEASURE_WITH_UNIT (LENGTH_MEASURE( 1.000000000000000082E-05 ), #8646, 'distance_accuracy_value', 'NONE');
#1352 = DIRECTION ( 'NONE',  ( -0.000000000000000000, 1.000000000000000000, -0.000000000000000000 ) ) ;
#1353 = DIRECTION ( 'NONE',  ( 0.000000000000000000, 1.000000000000000000, 0.000000000000000000 ) ) ;
#1354 = DIRECTION ( 'NONE',  ( -1.000000000000000000, 0.000000000000000000, 0.000000000000000000 ) ) ;
#1355 = PRESENTATION_LAYER_ASSIGNMENT (  '', '', ( #2194 ) ) ;
#1356 = DIRECTION ( 'NONE',  ( -3.491483361109382461E-15, 0.000000000000000000, 1.000000000000000000 ) ) ;
#1357 = ORIENTED_EDGE ( 'NONE', *, *, #9572, .T. ) ;
#1358 = ADVANCED_FACE ( 'NONE', ( #8001 ), #42, .T. ) ;
#1359 = CARTESIAN_POINT ( 'NONE',  ( -1.874236523213598904, -5.499999999999994671, 3.594571474898178298 ) ) ;
#1360 = VERTEX_POINT ( 'NONE', #5294 ) ;
#1361 = STYLED_ITEM ( 'NONE', ( #6819 ), #5065 ) ;
#1362 = SURFACE_STYLE_USAGE ( .BOTH. , #2251 ) ;
#1363 = PRESENTATION_STYLE_ASSIGNMENT (( #8451 ) ) ;
#1364 = EDGE_CURVE ( 'NONE', #8162, #2637, #9245, .T. ) ;
#1365 = MECHANICAL_DESIGN_GEOMETRIC_PRESENTATION_REPRESENTATION (  '', ( #3182 ), #4863 ) ;
#1366 = DIRECTION ( 'NONE',  ( -1.000000000000000000, 0.000000000000000000, 0.000000000000000000 ) ) ;
#1367 = EDGE_CURVE ( 'NONE', #6288, #6582, #2059, .T. ) ;
#1368 = LINE ( 'NONE', #9496, #2939 ) ;
#1369 = VECTOR ( 'NONE', #3744, 1000.000000000000000 ) ;
#1370 = CYLINDRICAL_SURFACE ( 'NONE', #7632, 0.1999999999999996503 ) ;
#1371 = CIRCLE ( 'NONE', #7235, 0.3000000000000241918 ) ;
#1372 = DIRECTION ( 'NONE',  ( 0.000000000000000000, -1.000000000000000000, 0.000000000000000000 ) ) ;
#1373 = FACE_OUTER_BOUND ( 'NONE', #198, .T. ) ;
#1374 = FILL_AREA_STYLE_COLOUR ( '', #881 ) ;
#1375 = ORIENTED_EDGE ( 'NONE', *, *, #6481, .T. ) ;
#1376 = CARTESIAN_POINT ( 'NONE',  ( -6.958519183380839301, 2.000000000000000444, -1.929257140873635867 ) ) ;
#1377 = PLANE ( 'NONE',  #8846 ) ;
#1378 = AXIS2_PLACEMENT_3D ( 'NONE', #2567, #2470, #4969 ) ;
#1379 =( NAMED_UNIT ( * ) SI_UNIT ( $, .STERADIAN. ) SOLID_ANGLE_UNIT ( ) );
#1380 =( NAMED_UNIT ( * ) PLANE_ANGLE_UNIT ( ) SI_UNIT ( $, .RADIAN. ) );
#1381 = AXIS2_PLACEMENT_3D ( 'NONE', #8525, #1448, #576 ) ;
#1382 = AXIS2_PLACEMENT_3D ( 'NONE', #231, #4174, #9795 ) ;
#1383 =( NAMED_UNIT ( * ) SI_UNIT ( $, .STERADIAN. ) SOLID_ANGLE_UNIT ( ) );
#1384 = DIRECTION ( 'NONE',  ( 0.000000000000000000, -1.000000000000000000, 0.000000000000000000 ) ) ;
#1385 = AXIS2_PLACEMENT_3D ( 'NONE', #5608, #5656, #9593 ) ;
#1386 = VECTOR ( 'NONE', #1875, 1000.000000000000227 ) ;
#1387 = ORIENTED_EDGE ( 'NONE', *, *, #10079, .T. ) ;
#1388 = AXIS2_PLACEMENT_3D ( 'NONE', #4400, #450, #348 ) ;
#1389 = CIRCLE ( 'NONE', #1216, 1.000000000000000000 ) ;
#1390 = EDGE_LOOP ( 'NONE', ( #2484, #1032, #7272, #7033 ) ) ;
#1391 = SURFACE_SIDE_STYLE ('',( #9368 ) ) ;
#1392 = ADVANCED_FACE ( 'NONE', ( #4563 ), #7353, .T. ) ;
#1393 = MECHANICAL_DESIGN_GEOMETRIC_PRESENTATION_REPRESENTATION (  '', ( #3213 ), #2726 ) ;
#1394 = STYLED_ITEM ( 'NONE', ( #9306 ), #6352 ) ;
#1395 = PRESENTATION_LAYER_ASSIGNMENT (  '', '', ( #5920 ) ) ;
#1396 = CARTESIAN_POINT ( 'NONE',  ( 5.400000000000049205, 2.250000000000019540, 3.599999999999991207 ) ) ;
#1397 = DIRECTION ( 'NONE',  ( -1.000000000000000000, -7.661280467338901278E-12, -8.637294778840422891E-15 ) ) ;
#1398 =( GEOMETRIC_REPRESENTATION_CONTEXT ( 3 ) GLOBAL_UNCERTAINTY_ASSIGNED_CONTEXT ( ( #7390 ) ) GLOBAL_UNIT_ASSIGNED_CONTEXT ( ( #8510, #3868, #2928 ) ) REPRESENTATION_CONTEXT ( 'NONE', 'WORKASPACE' ) );
#1399 = SURFACE_STYLE_FILL_AREA ( #5476 ) ;
#1400 = FACE_OUTER_BOUND ( 'NONE', #6459, .T. ) ;
#1401 = VERTEX_POINT ( 'NONE', #5402 ) ;
#1402 = VERTEX_POINT ( 'NONE', #8511 ) ;
#1403 = DIRECTION ( 'NONE',  ( -3.699452192357325623E-15, 2.990377384838787564E-14, -1.000000000000000000 ) ) ;
#1404 = ORIENTED_EDGE ( 'NONE', *, *, #9955, .F. ) ;
#1405 = DIRECTION ( 'NONE',  ( -1.000000000000000000, 0.000000000000000000, 0.000000000000000000 ) ) ;
#1406 = AXIS2_PLACEMENT_3D ( 'NONE', #133, #5627, #8824 ) ;
#1407 = PLANE ( 'NONE',  #4234 ) ;
#1408 = STYLED_ITEM ( 'NONE', ( #8361 ), #6426 ) ;
#1409 = CARTESIAN_POINT ( 'NONE',  ( -5.424745029542279440, -1.866168552841700023, 3.199999999999951328 ) ) ;
#1410 = CARTESIAN_POINT ( 'NONE',  ( 4.750000000000000000, 4.750000000000000000, 3.200000000000000178 ) ) ;
#1411 = LINE ( 'NONE', #2296, #4031 ) ;
#1412 = LINE ( 'NONE', #486, #3994 ) ;
#1413 = CYLINDRICAL_SURFACE ( 'NONE', #8414, 0.2999999999999999334 ) ;
#1414 = EDGE_LOOP ( 'NONE', ( #1404, #7259, #8359, #5537 ) ) ;
#1415 = STYLED_ITEM ( 'NONE', ( #1785 ), #6629 ) ;
#1416 = SURFACE_SIDE_STYLE ('',( #5439 ) ) ;
#1417 = VERTEX_POINT ( 'NONE', #1327 ) ;
#1418 = LINE ( 'NONE', #2872, #1735 ) ;
#1419 = DIRECTION ( 'NONE',  ( 0.000000000000000000, 0.000000000000000000, -1.000000000000000000 ) ) ;
#1420 =( NAMED_UNIT ( * ) PLANE_ANGLE_UNIT ( ) SI_UNIT ( $, .RADIAN. ) );
#1421 = TOROIDAL_SURFACE ( 'NONE', #7602, 0.4999999999999987232, 0.3000000000000022093 ) ;
#1422 = CYLINDRICAL_SURFACE ( 'NONE', #1957, 0.4000000000000001887 ) ;
#1423 = SURFACE_SIDE_STYLE ('',( #8717 ) ) ;
#1424 = ORIENTED_EDGE ( 'NONE', *, *, #553, .T. ) ;
#1425 =( NAMED_UNIT ( * ) SI_UNIT ( $, .STERADIAN. ) SOLID_ANGLE_UNIT ( ) );
#1426 = SURFACE_SIDE_STYLE ('',( #10168 ) ) ;
#1427 = VERTEX_POINT ( 'NONE', #712 ) ;
#1428 =( NAMED_UNIT ( * ) PLANE_ANGLE_UNIT ( ) SI_UNIT ( $, .RADIAN. ) );
#1429 = COLOUR_RGB ( '',0.1098039215686274495, 0.1098039215686274495, 0.1098039215686274495 ) ;
#1430 = UNCERTAINTY_MEASURE_WITH_UNIT (LENGTH_MEASURE( 1.000000000000000082E-05 ), #6145, 'distance_accuracy_value', 'NONE');
#1431 = SURFACE_STYLE_FILL_AREA ( #3650 ) ;
#1432 = DIRECTION ( 'NONE',  ( 1.000000000000000000, -0.000000000000000000, 0.000000000000000000 ) ) ;
#1433 = LINE ( 'NONE', #7716, #5572 ) ;
#1434 =( LENGTH_UNIT ( ) NAMED_UNIT ( * ) SI_UNIT ( .MILLI., .METRE. ) );
#1435 = CARTESIAN_POINT ( 'NONE',  ( -5.819112848942190830, 1.462164714140030686, 3.500000000000084821 ) ) ;
#1436 =( NAMED_UNIT ( * ) SI_UNIT ( $, .STERADIAN. ) SOLID_ANGLE_UNIT ( ) );
#1437 = ORIENTED_EDGE ( 'NONE', *, *, #8425, .T. ) ;
#1438 = COLOUR_RGB ( '',0.1098039215686274495, 0.1098039215686274495, 0.1098039215686274495 ) ;
#1439 = ORIENTED_EDGE ( 'NONE', *, *, #2885, .F. ) ;
#1440 = ORIENTED_EDGE ( 'NONE', *, *, #9390, .T. ) ;
#1441 = ADVANCED_FACE ( 'NONE', ( #2929 ), #4499, .T. ) ;
#1442 = UNCERTAINTY_MEASURE_WITH_UNIT (LENGTH_MEASURE( 1.000000000000000082E-05 ), #5784, 'distance_accuracy_value', 'NONE');
#1443 =( GEOMETRIC_REPRESENTATION_CONTEXT ( 3 ) GLOBAL_UNCERTAINTY_ASSIGNED_CONTEXT ( ( #324 ) ) GLOBAL_UNIT_ASSIGNED_CONTEXT ( ( #6682, #1913, #9671 ) ) REPRESENTATION_CONTEXT ( 'NONE', 'WORKASPACE' ) );
#1444 =( NAMED_UNIT ( * ) SI_UNIT ( $, .STERADIAN. ) SOLID_ANGLE_UNIT ( ) );
#1445 =( NAMED_UNIT ( * ) PLANE_ANGLE_UNIT ( ) SI_UNIT ( $, .RADIAN. ) );
#1446 = CARTESIAN_POINT ( 'NONE',  ( 4.340453319508783103, -4.055358197899692207, 3.598694560489958061 ) ) ;
#1447 = PRESENTATION_STYLE_ASSIGNMENT (( #8641 ) ) ;
#1448 = DIRECTION ( 'NONE',  ( -0.000000000000000000, -0.000000000000000000, 1.000000000000000000 ) ) ;
#1449 = PRESENTATION_LAYER_ASSIGNMENT (  '', '', ( #4269 ) ) ;
#1450 = EDGE_CURVE ( 'NONE', #3114, #4250, #7512, .T. ) ;
#1451 = SURFACE_SIDE_STYLE ('',( #3731 ) ) ;
#1452 = VERTEX_POINT ( 'NONE', #9658 ) ;
#1453 = ORIENTED_EDGE ( 'NONE', *, *, #3011, .F. ) ;
#1454 = SURFACE_STYLE_FILL_AREA ( #7002 ) ;
#1455 = CARTESIAN_POINT ( 'NONE',  ( -4.999999999999996447, 4.999999999999993783, 0.1999999999999957090 ) ) ;
#1456 = DIRECTION ( 'NONE',  ( 0.000000000000000000, -1.000000000000000000, 0.000000000000000000 ) ) ;
#1457 = CARTESIAN_POINT ( 'NONE',  ( -1.462164714140031130, 5.819112848942163296, 3.499999999999993783 ) ) ;
#1458 = CARTESIAN_POINT ( 'NONE',  ( 6.041480816619161587, -3.000000000000000000, -0.8527262566030734403 ) ) ;
#1459 = CARTESIAN_POINT ( 'NONE',  ( 6.159705218919231839, -2.062903407891059970, -3.053341690607345615 ) ) ;
#1460 = DIRECTION ( 'NONE',  ( -1.000000000000000000, -1.807754375310414409E-31, 3.006455034846200772E-16 ) ) ;
#1461 = CARTESIAN_POINT ( 'NONE',  ( -1.600000000000000089, 1.599999999999999867, 6.999999999999999112 ) ) ;
#1462 = ORIENTED_EDGE ( 'NONE', *, *, #9703, .F. ) ;
#1463 = AXIS2_PLACEMENT_3D ( 'NONE', #8819, #4808, #1019 ) ;
#1464 = CARTESIAN_POINT ( 'NONE',  ( 5.999999999999993783, -2.000000000000000000, -0.6874509908007687686 ) ) ;
#1465 = ORIENTED_EDGE ( 'NONE', *, *, #6947, .T. ) ;
#1466 = AXIS2_PLACEMENT_3D ( 'NONE', #325, #5108, #4212 ) ;
#1467 = CYLINDRICAL_SURFACE ( 'NONE', #5594, 0.2999999999999999334 ) ;
#1468 = CARTESIAN_POINT ( 'NONE',  ( -1.882071689024020555, -5.434587693179137702, 3.600000000000003642 ) ) ;
#1469 = FILL_AREA_STYLE_COLOUR ( '', #2376 ) ;
#1470 = FILL_AREA_STYLE_COLOUR ( '', #7470 ) ;
#1471 = DIRECTION ( 'NONE',  ( -0.000000000000000000, -0.000000000000000000, 1.000000000000000000 ) ) ;
#1472 = FACE_OUTER_BOUND ( 'NONE', #6235, .T. ) ;
#1473 = CARTESIAN_POINT ( 'NONE',  ( 6.000000000000000888, -3.499999999999999556, 0.4000000000000000222 ) ) ;
#1474 = VERTEX_POINT ( 'NONE', #5628 ) ;
#1475 = SURFACE_STYLE_USAGE ( .BOTH. , #9460 ) ;
#1476 = SURFACE_SIDE_STYLE ('',( #9464 ) ) ;
#1477 = SURFACE_STYLE_USAGE ( .BOTH. , #3873 ) ;
#1478 = FILL_AREA_STYLE ('',( #5457 ) ) ;
#1479 = SURFACE_STYLE_FILL_AREA ( #4613 ) ;
#1480 = ORIENTED_EDGE ( 'NONE', *, *, #5674, .T. ) ;
#1481 = CIRCLE ( 'NONE', #4814, 0.2999999999999999334 ) ;
#1482 = ORIENTED_EDGE ( 'NONE', *, *, #4565, .T. ) ;
#1483 = ORIENTED_EDGE ( 'NONE', *, *, #8243, .T. ) ;
#1484 = ADVANCED_FACE ( 'NONE', ( #3975 ), #866, .F. ) ;
#1485 = SURFACE_STYLE_USAGE ( .BOTH. , #6315 ) ;
#1486 = PRESENTATION_LAYER_ASSIGNMENT (  '', '', ( #8521 ) ) ;
#1487 = EDGE_CURVE ( 'NONE', #648, #9201, #1988, .T. ) ;
#1488 = DIRECTION ( 'NONE',  ( 0.4819066211576405467, -0.2377525341402920156, -0.8433503074015540335 ) ) ;
#1489 = LINE ( 'NONE', #887, #9049 ) ;
#1490 = EDGE_CURVE ( 'NONE', #7352, #5157, #3141, .T. ) ;
#1491 = FILL_AREA_STYLE_COLOUR ( '', #7618 ) ;
#1492 = LINE ( 'NONE', #1289, #9723 ) ;
#1493 = AXIS2_PLACEMENT_3D ( 'NONE', #444, #8503, #4604 ) ;
#1494 = VERTEX_POINT ( 'NONE', #2317 ) ;
#1495 = ORIENTED_EDGE ( 'NONE', *, *, #5810, .T. ) ;
#1496 = DIRECTION ( 'NONE',  ( 1.000000000000000000, 1.222978688985946960E-15, 0.000000000000000000 ) ) ;
#1497 = EDGE_CURVE ( 'NONE', #7861, #7738, #3184, .T. ) ;
#1498 = FILL_AREA_STYLE ('',( #4935 ) ) ;
#1499 = EDGE_CURVE ( 'NONE', #5466, #4064, #7251, .T. ) ;
#1500 = MECHANICAL_DESIGN_GEOMETRIC_PRESENTATION_REPRESENTATION (  '', ( #7022 ), #2507 ) ;
#1501 = FILL_AREA_STYLE ('',( #2140 ) ) ;
#1502 = DIRECTION ( 'NONE',  ( -0.4961328535521692396, 0.000000000000000000, -0.8682466191274121892 ) ) ;
#1503 = DIRECTION ( 'NONE',  ( -1.000000000000000000, 0.000000000000000000, 0.000000000000000000 ) ) ;
#1504 = LINE ( 'NONE', #3901, #45 ) ;
#1505 = DIRECTION ( 'NONE',  ( -0.000000000000000000, -1.000000000000000000, -0.000000000000000000 ) ) ;
#1506 = VERTEX_POINT ( 'NONE', #9613 ) ;
#1507 = PRESENTATION_LAYER_ASSIGNMENT (  '', '', ( #7530 ) ) ;
#1508 = PRESENTATION_STYLE_ASSIGNMENT (( #8708 ) ) ;
#1509 =( LENGTH_UNIT ( ) NAMED_UNIT ( * ) SI_UNIT ( .MILLI., .METRE. ) );
#1510 = ORIENTED_EDGE ( 'NONE', *, *, #9572, .F. ) ;
#1511 = CARTESIAN_POINT ( 'NONE',  ( -2.263624949574436052, -5.432699878978660024, 3.600000000000001421 ) ) ;
#1512 = EDGE_CURVE ( 'NONE', #8741, #8206, #86, .T. ) ;
#1513 = CARTESIAN_POINT ( 'NONE',  ( 6.300000004164958867, -3.590273380400940351, 0.7999999999999999334 ) ) ;
#1514 = FILL_AREA_STYLE_COLOUR ( '', #1515 ) ;
#1515 = COLOUR_RGB ( '',0.1098039215686274495, 0.1098039215686274495, 0.1098039215686274495 ) ;
#1516 = CARTESIAN_POINT ( 'NONE',  ( 1.866168552841450223, -5.424745029542519248, 3.600000000000001421 ) ) ;
#1517 =( GEOMETRIC_REPRESENTATION_CONTEXT ( 3 ) GLOBAL_UNCERTAINTY_ASSIGNED_CONTEXT ( ( #2573 ) ) GLOBAL_UNIT_ASSIGNED_CONTEXT ( ( #2190, #7690, #5221 ) ) REPRESENTATION_CONTEXT ( 'NONE', 'WORKASPACE' ) );
#1518 = DIRECTION ( 'NONE',  ( -1.000000000000000000, 0.000000000000000000, 0.000000000000000000 ) ) ;
#1519 = DIRECTION ( 'NONE',  ( 0.000000000000000000, -1.000000000000000000, 0.000000000000000000 ) ) ;
#1520 = ORIENTED_EDGE ( 'NONE', *, *, #7874, .T. ) ;
#1521 = AXIS2_PLACEMENT_3D ( 'NONE', #6574, #6363, #9567 ) ;
#1522 = FILL_AREA_STYLE ('',( #5511 ) ) ;
#1523 = FILL_AREA_STYLE_COLOUR ( '', #3126 ) ;
#1524 = VECTOR ( 'NONE', #5310, 1000.000000000000000 ) ;
#1525 = UNCERTAINTY_MEASURE_WITH_UNIT (LENGTH_MEASURE( 1.000000000000000082E-05 ), #430, 'distance_accuracy_value', 'NONE');
#1526 = EDGE_CURVE ( 'NONE', #5583, #9714, #5853, .T. ) ;
#1527 = SURFACE_STYLE_FILL_AREA ( #3706 ) ;
#1528 = CARTESIAN_POINT ( 'NONE',  ( -6.000000000000015099, -1.999999999999999556, 5.364159265358978246 ) ) ;
#1529 = PRESENTATION_LAYER_ASSIGNMENT (  '', '', ( #2375 ) ) ;
#1530 = PRESENTATION_STYLE_ASSIGNMENT (( #2321 ) ) ;
#1531 = DIRECTION ( 'NONE',  ( -1.000000000000000000, 0.000000000000000000, 0.000000000000000000 ) ) ;
#1532 = ORIENTED_EDGE ( 'NONE', *, *, #4565, .F. ) ;
#1533 = STYLED_ITEM ( 'NONE', ( #6550 ), #5201 ) ;
#1534 = CIRCLE ( 'NONE', #8408, 0.3000000000000935807 ) ;
#1535 = ORIENTED_EDGE ( 'NONE', *, *, #5613, .F. ) ;
#1536 = ORIENTED_EDGE ( 'NONE', *, *, #780, .T. ) ;
#1537 = VERTEX_POINT ( 'NONE', #3344 ) ;
#1538 = STYLED_ITEM ( 'NONE', ( #3533 ), #2629 ) ;
#1539 = DIRECTION ( 'NONE',  ( -1.000000000000000000, 0.000000000000000000, 0.000000000000000000 ) ) ;
#1540 = UNCERTAINTY_MEASURE_WITH_UNIT (LENGTH_MEASURE( 1.000000000000000082E-05 ), #7024, 'distance_accuracy_value', 'NONE');
#1542 =( GEOMETRIC_REPRESENTATION_CONTEXT ( 3 ) GLOBAL_UNCERTAINTY_ASSIGNED_CONTEXT ( ( #4560 ) ) GLOBAL_UNIT_ASSIGNED_CONTEXT ( ( #8237, #8390, #9748 ) ) REPRESENTATION_CONTEXT ( 'NONE', 'WORKASPACE' ) );
#1541 =( NAMED_UNIT ( * ) SI_UNIT ( $, .STERADIAN. ) SOLID_ANGLE_UNIT ( ) );
#1543 = DIRECTION ( 'NONE',  ( 0.000000000000000000, 0.000000000000000000, -1.000000000000000000 ) ) ;
#1544 = EDGE_CURVE ( 'NONE', #5804, #2044, #5789, .T. ) ;
#1545 = SURFACE_STYLE_FILL_AREA ( #3942 ) ;
#1546 = ORIENTED_EDGE ( 'NONE', *, *, #9388, .F. ) ;
#1547 = ORIENTED_EDGE ( 'NONE', *, *, #445, .F. ) ;
#1548 = CARTESIAN_POINT ( 'NONE',  ( -5.528157206495061260, -1.389056478433014163, 3.499999999999959588 ) ) ;
#1549 = PRESENTATION_LAYER_ASSIGNMENT (  '', '', ( #736 ) ) ;
#1550 = DIRECTION ( 'NONE',  ( 1.000000000000000000, -0.000000000000000000, -0.000000000000000000 ) ) ;
#1551 = CARTESIAN_POINT ( 'NONE',  ( -4.750000000000000000, 4.750000000000000000, 3.500000000000000000 ) ) ;
#1552 = CARTESIAN_POINT ( 'NONE',  ( 4.400000000000000355, 4.999999999999999112, 0.4000000000000000222 ) ) ;
#1553 = MECHANICAL_DESIGN_GEOMETRIC_PRESENTATION_REPRESENTATION (  '', ( #7424 ), #9923 ) ;
#1554 = SURFACE_STYLE_FILL_AREA ( #9587 ) ;
#1555 = SURFACE_SIDE_STYLE ('',( #6332 ) ) ;
#1556 = CARTESIAN_POINT ( 'NONE',  ( -6.000000000000000000, 0.000000000000000000, 0.2000000000000003164 ) ) ;
#1557 = EDGE_CURVE ( 'NONE', #4607, #9021, #6178, .T. ) ;
#1558 = CARTESIAN_POINT ( 'NONE',  ( 1.899999999999999911, 1.500000000000000000, 5.500000000000000000 ) ) ;
#1559 = VERTEX_POINT ( 'NONE', #5126 ) ;
#1560 = ADVANCED_FACE ( 'NONE', ( #5077 ), #6663, .T. ) ;
#1561 = FACE_OUTER_BOUND ( 'NONE', #3323, .T. ) ;
#1562 = ORIENTED_EDGE ( 'NONE', *, *, #8885, .T. ) ;
#1563 = AXIS2_PLACEMENT_3D ( 'NONE', #4760, #7982, #19 ) ;
#1564 = PRESENTATION_LAYER_ASSIGNMENT (  '', '', ( #6096 ) ) ;
#1565 = CARTESIAN_POINT ( 'NONE',  ( -6.420179204657451955, -2.062903407891059526, -3.202181546672993040 ) ) ;
#1566 = DIRECTION ( 'NONE',  ( -8.182190046914136800E-17, -1.000000000000000000, 4.383240030748453429E-17 ) ) ;
#1567 =( GEOMETRIC_REPRESENTATION_CONTEXT ( 3 ) GLOBAL_UNCERTAINTY_ASSIGNED_CONTEXT ( ( #8392 ) ) GLOBAL_UNIT_ASSIGNED_CONTEXT ( ( #462, #5148, #1134 ) ) REPRESENTATION_CONTEXT ( 'NONE', 'WORKASPACE' ) );
#1568 = SURFACE_SIDE_STYLE ('',( #5667 ) ) ;
#1569 =( NAMED_UNIT ( * ) SI_UNIT ( $, .STERADIAN. ) SOLID_ANGLE_UNIT ( ) );
#1570 = CIRCLE ( 'NONE', #2898, 0.4999999999999987232 ) ;
#1571 = CARTESIAN_POINT ( 'NONE',  ( -5.400000000000010125, -1.891518204694830452, 3.199999999999949551 ) ) ;
#1572 = CARTESIAN_POINT ( 'NONE',  ( 6.693412330956371115, 2.000000000000000000, -2.119339049353549331 ) ) ;
#1573 = CIRCLE ( 'NONE', #1742, 0.03542486889428469315 ) ;
#1574 = EDGE_CURVE ( 'NONE', #2800, #9714, #6767, .T. ) ;
#1575 =( NAMED_UNIT ( * ) PLANE_ANGLE_UNIT ( ) SI_UNIT ( $, .RADIAN. ) );
#1576 = ORIENTED_EDGE ( 'NONE', *, *, #6067, .F. ) ;
#1577 = EDGE_CURVE ( 'NONE', #3572, #9685, #9949, .T. ) ;
#1578 = COLOUR_RGB ( '',0.1098039215686274495, 0.1098039215686274495, 0.1098039215686274495 ) ;
#1579 = CARTESIAN_POINT ( 'NONE',  ( 6.287205726393076510, 3.000000000000000000, -2.830212172457902575 ) ) ;
#1580 =( LENGTH_UNIT ( ) NAMED_UNIT ( * ) SI_UNIT ( .MILLI., .METRE. ) );
#1581 = CARTESIAN_POINT ( 'NONE',  ( 4.999999999999996447, -4.999999999999993783, 0.1999999999999985401 ) ) ;
#1582 = VERTEX_POINT ( 'NONE', #9180 ) ;
#1583 = ORIENTED_EDGE ( 'NONE', *, *, #7517, .T. ) ;
#1584 = VECTOR ( 'NONE', #7843, 1000.000000000000000 ) ;
#1585 = ORIENTED_EDGE ( 'NONE', *, *, #2479, .T. ) ;
#1586 = ORIENTED_EDGE ( 'NONE', *, *, #4615, .T. ) ;
#1587 =( NAMED_UNIT ( * ) SI_UNIT ( $, .STERADIAN. ) SOLID_ANGLE_UNIT ( ) );
#1588 = SURFACE_STYLE_FILL_AREA ( #146 ) ;
#1589 = CARTESIAN_POINT ( 'NONE',  ( 3.949999999999999734, -4.750000000000000000, 3.499999999999997780 ) ) ;
#1590 = SURFACE_SIDE_STYLE ('',( #7307 ) ) ;
#1591 = FILL_AREA_STYLE ('',( #5642 ) ) ;
#1592 = SURFACE_STYLE_USAGE ( .BOTH. , #9720 ) ;
#1593 = DIRECTION ( 'NONE',  ( 8.294146619514019306E-14, 0.6614378277661608907, 0.7499999999999883427 ) ) ;
#1594 = SURFACE_STYLE_USAGE ( .BOTH. , #6268 ) ;
#1595 = CARTESIAN_POINT ( 'NONE',  ( 6.287205726393076510, 2.000000000000000888, -2.830212172457903463 ) ) ;
#1596 =( NAMED_UNIT ( * ) PLANE_ANGLE_UNIT ( ) SI_UNIT ( $, .RADIAN. ) );
#1597 = DIRECTION ( 'NONE',  ( 0.000000000000000000, 0.000000000000000000, 1.000000000000000000 ) ) ;
#1598 = ORIENTED_EDGE ( 'NONE', *, *, #9256, .T. ) ;
#1599 = ORIENTED_EDGE ( 'NONE', *, *, #3333, .F. ) ;
#1600 =( LENGTH_UNIT ( ) NAMED_UNIT ( * ) SI_UNIT ( .MILLI., .METRE. ) );
#1601 = CIRCLE ( 'NONE', #2279, 0.3000000000000051514 ) ;
#1602 = PRESENTATION_LAYER_ASSIGNMENT (  '', '', ( #1280 ) ) ;
#1603 = CARTESIAN_POINT ( 'NONE',  ( -5.700000000000001066, 5.000000000000000000, 3.500000000000000000 ) ) ;
#1604 = CARTESIAN_POINT ( 'NONE',  ( -2.166916829160916310E-16, -5.275000000000002132, 3.600000000000000977 ) ) ;
#1605 = PRESENTATION_STYLE_ASSIGNMENT (( #5000 ) ) ;
#1606 = ORIENTED_EDGE ( 'NONE', *, *, #1110, .T. ) ;
#1607 = ORIENTED_EDGE ( 'NONE', *, *, #2838, .F. ) ;
#1608 = ORIENTED_EDGE ( 'NONE', *, *, #438, .F. ) ;
#1609 =( NAMED_UNIT ( * ) PLANE_ANGLE_UNIT ( ) SI_UNIT ( $, .RADIAN. ) );
#1610 = CIRCLE ( 'NONE', #2461, 0.2999999999999973244 ) ;
#1611 =( LENGTH_UNIT ( ) NAMED_UNIT ( * ) SI_UNIT ( .MILLI., .METRE. ) );
#1612 = CYLINDRICAL_SURFACE ( 'NONE', #7405, 0.3499999999999996447 ) ;
#1613 = DIRECTION ( 'NONE',  ( -0.000000000000000000, -0.000000000000000000, -1.000000000000000000 ) ) ;
#1614 = CARTESIAN_POINT ( 'NONE',  ( -4.999999999999998224, 5.000000000000001776, 3.500000000000000444 ) ) ;
#1615 = EDGE_CURVE ( 'NONE', #4696, #5935, #7347, .T. ) ;
#1616 = SURFACE_SIDE_STYLE ('',( #8818 ) ) ;
#1617 = CARTESIAN_POINT ( 'NONE',  ( -5.999999999999998224, -5.000000000000000888, 0.1999999999999986233 ) ) ;
#1618 = LINE ( 'NONE', #13, #3820 ) ;
#1619 = AXIS2_PLACEMENT_3D ( 'NONE', #3538, #1207, #3584 ) ;
#1620 = EDGE_CURVE ( 'NONE', #5196, #4318, #4973, .T. ) ;
#1621 = CARTESIAN_POINT ( 'NONE',  ( -3.975217565217819882, -4.526465001667443033, 3.577896733784646344 ) ) ;
#1622 = VERTEX_POINT ( 'NONE', #1844 ) ;
#1623 = PRESENTATION_STYLE_ASSIGNMENT (( #764 ) ) ;
#1624 = UNCERTAINTY_MEASURE_WITH_UNIT (LENGTH_MEASURE( 1.000000000000000082E-05 ), #4335, 'distance_accuracy_value', 'NONE');
#1625 = AXIS2_PLACEMENT_3D ( 'NONE', #5431, #4639, #7851 ) ;
#1626 = CARTESIAN_POINT ( 'NONE',  ( -3.600000000000000533, -5.499999999999999112, 3.499999999999999112 ) ) ;
#1627 = FILL_AREA_STYLE ('',( #930 ) ) ;
#1628 = FILL_AREA_STYLE ('',( #8825 ) ) ;
#1629 = ADVANCED_FACE ( 'NONE', ( #5021 ), #9999, .F. ) ;
#1630 = CARTESIAN_POINT ( 'NONE',  ( -6.000000000000000000, -4.999999999999996447, 0.4000000000000001887 ) ) ;
#1631 = DIRECTION ( 'NONE',  ( -0.000000000000000000, 0.000000000000000000, -1.000000000000000000 ) ) ;
#1632 = ORIENTED_EDGE ( 'NONE', *, *, #2077, .T. ) ;
#1633 = PRESENTATION_LAYER_ASSIGNMENT (  '', '', ( #2632 ) ) ;
#1634 =( GEOMETRIC_REPRESENTATION_CONTEXT ( 3 ) GLOBAL_UNCERTAINTY_ASSIGNED_CONTEXT ( ( #5721 ) ) GLOBAL_UNIT_ASSIGNED_CONTEXT ( ( #9700, #2513, #1936 ) ) REPRESENTATION_CONTEXT ( 'NONE', 'WORKASPACE' ) );
#1635 = ORIENTED_EDGE ( 'NONE', *, *, #9026, .F. ) ;
#1636 = ORIENTED_EDGE ( 'NONE', *, *, #8302, .F. ) ;
#1637 = ORIENTED_EDGE ( 'NONE', *, *, #4948, .F. ) ;
#1638 = DIRECTION ( 'NONE',  ( 0.7155891509246441462, 0.6985214149036140796, 2.685599106724013796E-14 ) ) ;
#1639 = FILL_AREA_STYLE ('',( #1798 ) ) ;
#1640 = DIRECTION ( 'NONE',  ( 4.336808689967532456E-16, 4.336808689967532456E-16, 1.000000000000000000 ) ) ;
#1641 = STYLED_ITEM ( 'NONE', ( #9519 ), #9769 ) ;
#1642 = CARTESIAN_POINT ( 'NONE',  ( -1.891518204694830896, -5.500000000000000000, 3.594753153809546742 ) ) ;
#1643 =( GEOMETRIC_REPRESENTATION_CONTEXT ( 3 ) GLOBAL_UNCERTAINTY_ASSIGNED_CONTEXT ( ( #1839 ) ) GLOBAL_UNIT_ASSIGNED_CONTEXT ( ( #8125, #4902, #9789 ) ) REPRESENTATION_CONTEXT ( 'NONE', 'WORKASPACE' ) );
#1644 = LINE ( 'NONE', #9331, #1162 ) ;
#1645 = SURFACE_STYLE_USAGE ( .BOTH. , #886 ) ;
#1646 = CARTESIAN_POINT ( 'NONE',  ( 6.473259784098476466, 2.499999999999999556, -3.109289021392665830 ) ) ;
#1647 = CARTESIAN_POINT ( 'NONE',  ( 4.255878169405405309, -4.112692235538848884, 3.598714543258407783 ) ) ;
#1648 = PRESENTATION_STYLE_ASSIGNMENT (( #8844 ) ) ;
#1649 = FACE_OUTER_BOUND ( 'NONE', #5941, .T. ) ;
#1650 = STYLED_ITEM ( 'NONE', ( #6855 ), #9994 ) ;
#1651 = CARTESIAN_POINT ( 'NONE',  ( 6.349999999999996092, -2.000000000000000000, -0.6874509908007693237 ) ) ;
#1652 = VERTEX_POINT ( 'NONE', #3020 ) ;
#1653 = ORIENTED_EDGE ( 'NONE', *, *, #2010, .T. ) ;
#1654 = AXIS2_PLACEMENT_3D ( 'NONE', #6881, #9463, #1274 ) ;
#1655 = DIRECTION ( 'NONE',  ( -1.357990046963822929E-31, -1.000000000000000000, 1.256337252201300185E-14 ) ) ;
#1656 = AXIS2_PLACEMENT_3D ( 'NONE', #8117, #7472, #2543 ) ;
#1657 = DIRECTION ( 'NONE',  ( 1.000000000000000000, 2.710505431213761578E-16, -0.000000000000000000 ) ) ;
#1658 =( NAMED_UNIT ( * ) SI_UNIT ( $, .STERADIAN. ) SOLID_ANGLE_UNIT ( ) );
#1659 = CARTESIAN_POINT ( 'NONE',  ( -1.462164714140016031, -5.819112848942094018, 3.600000000000000977 ) ) ;
#1660 = DIRECTION ( 'NONE',  ( -0.000000000000000000, 1.000000000000000000, 0.000000000000000000 ) ) ;
#1661 = ORIENTED_EDGE ( 'NONE', *, *, #3914, .F. ) ;
#1662 = ORIENTED_EDGE ( 'NONE', *, *, #6192, .F. ) ;
#1663 = SURFACE_SIDE_STYLE ('',( #797 ) ) ;
#1664 = ORIENTED_EDGE ( 'NONE', *, *, #9453, .F. ) ;
#1665 = DIRECTION ( 'NONE',  ( -1.000000000000000000, 0.000000000000000000, 5.158108633761454421E-16 ) ) ;
#1666 =( GEOMETRIC_REPRESENTATION_CONTEXT ( 3 ) GLOBAL_UNCERTAINTY_ASSIGNED_CONTEXT ( ( #4131 ) ) GLOBAL_UNIT_ASSIGNED_CONTEXT ( ( #5225, #1261, #2863 ) ) REPRESENTATION_CONTEXT ( 'NONE', 'WORKASPACE' ) );
#1667 = CARTESIAN_POINT ( 'NONE',  ( -1.813899683336629209, -5.475767218231009537, 3.594982460002423608 ) ) ;
#1668 = B_SPLINE_CURVE_WITH_KNOTS ( 'NONE', 3,
 ( #9476, #3827, #10347, #6318 ),
 .UNSPECIFIED., .F., .F.,
 ( 4, 4 ),
 ( 0.000000000000000000, 1.000000000000000000 ),
 .UNSPECIFIED. ) ;
#1669 =( NAMED_UNIT ( * ) SI_UNIT ( $, .STERADIAN. ) SOLID_ANGLE_UNIT ( ) );
#1670 = DIRECTION ( 'NONE',  ( 5.292964219876117239E-15, 1.256337252201401002E-14, 1.000000000000000000 ) ) ;
#1671 = FACE_OUTER_BOUND ( 'NONE', #7368, .T. ) ;
#1672 = DIRECTION ( 'NONE',  ( 0.2543991645254491396, 0.6105579948610990737, 0.7499999999999650280 ) ) ;
#1673 = AXIS2_PLACEMENT_3D ( 'NONE', #6266, #8736, #1593 ) ;
#1674 = EDGE_CURVE ( 'NONE', #7860, #5509, #6251, .T. ) ;
#1675 = FILL_AREA_STYLE ('',( #8925 ) ) ;
#1676 = ORIENTED_EDGE ( 'NONE', *, *, #6942, .T. ) ;
#1677 = EDGE_CURVE ( 'NONE', #8678, #6122, #2920, .T. ) ;
#1678 = VECTOR ( 'NONE', #6699, 1000.000000000000000 ) ;
#1679 = EDGE_CURVE ( 'NONE', #2441, #9269, #1233, .T. ) ;
#1680 = DIRECTION ( 'NONE',  ( 0.000000000000000000, 0.000000000000000000, -1.000000000000000000 ) ) ;
#1681 =( NAMED_UNIT ( * ) SI_UNIT ( $, .STERADIAN. ) SOLID_ANGLE_UNIT ( ) );
#1682 = DIRECTION ( 'NONE',  ( 5.292964219874702812E-15, -1.256337252201266738E-14, -1.000000000000000000 ) ) ;
#1683 = CARTESIAN_POINT ( 'NONE',  ( 6.953886316694597447, -3.000000000000000000, -2.268178905419202973 ) ) ;
#1684 = AXIS2_PLACEMENT_3D ( 'NONE', #2284, #3780, #10193 ) ;
#1685 = CARTESIAN_POINT ( 'NONE',  ( 2.369809963617258328E-14, -1.675920573226535806E-14, 3.499999999999983125 ) ) ;
#1686 = EDGE_LOOP ( 'NONE', ( #8585, #1246, #3169, #7789 ) ) ;
#1687 = ORIENTED_EDGE ( 'NONE', *, *, #1132, .T. ) ;
#1688 = EDGE_CURVE ( 'NONE', #7989, #7215, #8433, .T. ) ;
#1689 = COLOUR_RGB ( '',1.000000000000000000, 1.000000000000000000, 1.000000000000000000 ) ;
#1690 = ORIENTED_EDGE ( 'NONE', *, *, #3714, .F. ) ;
#1691 = EDGE_LOOP ( 'NONE', ( #681, #4720, #7146 ) ) ;
#1692 = EDGE_CURVE ( 'NONE', #1360, #9415, #5441, .T. ) ;
#1693 = ADVANCED_FACE ( 'NONE', ( #650 ), #2873, .T. ) ;
#1694 =( GEOMETRIC_REPRESENTATION_CONTEXT ( 3 ) GLOBAL_UNCERTAINTY_ASSIGNED_CONTEXT ( ( #3935 ) ) GLOBAL_UNIT_ASSIGNED_CONTEXT ( ( #4289, #393, #1320 ) ) REPRESENTATION_CONTEXT ( 'NONE', 'WORKASPACE' ) );
#1695 = DIRECTION ( 'NONE',  ( 0.000000000000000000, -1.000000000000000000, 0.000000000000000000 ) ) ;
#1696 =( GEOMETRIC_REPRESENTATION_CONTEXT ( 3 ) GLOBAL_UNCERTAINTY_ASSIGNED_CONTEXT ( ( #3084 ) ) GLOBAL_UNIT_ASSIGNED_CONTEXT ( ( #1580, #2374, #8775 ) ) REPRESENTATION_CONTEXT ( 'NONE', 'WORKASPACE' ) );
#1697 = ADVANCED_FACE ( 'NONE', ( #7699 ), #4633, .T. ) ;
#1698 = DIRECTION ( 'NONE',  ( -1.181169560914866960E-29, 1.000000000000000000, 1.637038975914476666E-13 ) ) ;
#1699 = DIRECTION ( 'NONE',  ( -0.4722150451494367962, 0.000000000000000000, 0.8814833810881038678 ) ) ;
#1700 =( LENGTH_UNIT ( ) NAMED_UNIT ( * ) SI_UNIT ( .MILLI., .METRE. ) );
#1701 = AXIS2_PLACEMENT_3D ( 'NONE', #8471, #4313, #6737 ) ;
#1702 = LINE ( 'NONE', #9867, #4258 ) ;
#1704 = CIRCLE ( 'NONE', #7233, 0.3999999999999944711 ) ;
#1703 =( LENGTH_UNIT ( ) NAMED_UNIT ( * ) SI_UNIT ( .MILLI., .METRE. ) );
#1705 = AXIS2_PLACEMENT_3D ( 'NONE', #11, #5504, #4854 ) ;
#1706 = FILL_AREA_STYLE_COLOUR ( '', #2400 ) ;
#1707 = EDGE_CURVE ( 'NONE', #6774, #1122, #3073, .T. ) ;
#1708 = VERTEX_POINT ( 'NONE', #3910 ) ;
#1709 = ORIENTED_EDGE ( 'NONE', *, *, #8940, .F. ) ;
#1710 = LINE ( 'NONE', #7218, #1927 ) ;
#1711 =( GEOMETRIC_REPRESENTATION_CONTEXT ( 3 ) GLOBAL_UNCERTAINTY_ASSIGNED_CONTEXT ( ( #6702 ) ) GLOBAL_UNIT_ASSIGNED_CONTEXT ( ( #7065, #7904, #9444 ) ) REPRESENTATION_CONTEXT ( 'NONE', 'WORKASPACE' ) );
#1712 = COLOUR_RGB ( '',1.000000000000000000, 1.000000000000000000, 1.000000000000000000 ) ;
#1713 = CARTESIAN_POINT ( 'NONE',  ( -2.291666666666654972, -5.500000000000000000, 3.593299320890632309 ) ) ;
#1714 = CIRCLE ( 'NONE', #5753, 0.7999999999999994893 ) ;
#1715 = CARTESIAN_POINT ( 'NONE',  ( -4.750000000000000000, 4.750000000000000000, 3.500000000000000000 ) ) ;
#1716 = SURFACE_STYLE_USAGE ( .BOTH. , #1769 ) ;
#1717 = AXIS2_PLACEMENT_3D ( 'NONE', #7304, #3303, #7356 ) ;
#1718 =( LENGTH_UNIT ( ) NAMED_UNIT ( * ) SI_UNIT ( .MILLI., .METRE. ) );
#1719 = EDGE_LOOP ( 'NONE', ( #1166, #10131, #5409, #1773 ) ) ;
#1720 = VECTOR ( 'NONE', #6841, 1000.000000000000114 ) ;
#1721 = ORIENTED_EDGE ( 'NONE', *, *, #7598, .F. ) ;
#1722 = FACE_BOUND ( 'NONE', #2634, .T. ) ;
#1723 = ORIENTED_EDGE ( 'NONE', *, *, #4503, .F. ) ;
#1724 = CIRCLE ( 'NONE', #2406, 0.4000000000000235034 ) ;
#1725 = DIRECTION ( 'NONE',  ( -1.000000000000000000, 0.000000000000000000, 0.000000000000000000 ) ) ;
#1726 = VECTOR ( 'NONE', #5640, 999.9999999999998863 ) ;
#1727 = DIRECTION ( 'NONE',  ( -1.000000000000000000, -9.606819966973619404E-30, -5.025349008805825520E-14 ) ) ;
#1728 = STYLED_ITEM ( 'NONE', ( #1363 ), #1693 ) ;
#1729 = SURFACE_STYLE_FILL_AREA ( #7286 ) ;
#1730 = DIRECTION ( 'NONE',  ( 0.000000000000000000, 0.000000000000000000, -1.000000000000000000 ) ) ;
#1731 = UNCERTAINTY_MEASURE_WITH_UNIT (LENGTH_MEASURE( 1.000000000000000082E-05 ), #6944, 'distance_accuracy_value', 'NONE');
#1732 = PRESENTATION_STYLE_ASSIGNMENT (( #5830 ) ) ;
#1733 = CARTESIAN_POINT ( 'NONE',  ( -6.305925830945598776, 6.704630743366732482, -0.7110617430582412135 ) ) ;
#1734 = FILL_AREA_STYLE_COLOUR ( '', #4707 ) ;
#1735 = VECTOR ( 'NONE', #4649, 1000.000000000000000 ) ;
#1736 = VERTEX_POINT ( 'NONE', #2308 ) ;
#1737 = AXIS2_PLACEMENT_3D ( 'NONE', #16, #9500, #3812 ) ;
#1738 =( NAMED_UNIT ( * ) PLANE_ANGLE_UNIT ( ) SI_UNIT ( $, .RADIAN. ) );
#1739 = UNCERTAINTY_MEASURE_WITH_UNIT (LENGTH_MEASURE( 1.000000000000000082E-05 ), #2824, 'distance_accuracy_value', 'NONE');
#1740 = DIRECTION ( 'NONE',  ( 0.000000000000000000, 0.000000000000000000, -1.000000000000000000 ) ) ;
#1741 = VECTOR ( 'NONE', #3120, 1000.000000000000000 ) ;
#1742 = AXIS2_PLACEMENT_3D ( 'NONE', #9231, #2048, #5228 ) ;
#1743 = DIRECTION ( 'NONE',  ( -0.000000000000000000, -0.000000000000000000, -1.000000000000000000 ) ) ;
#1744 = ORIENTED_EDGE ( 'NONE', *, *, #4618, .T. ) ;
#1745 = ORIENTED_EDGE ( 'NONE', *, *, #8551, .F. ) ;
#1746 = ORIENTED_EDGE ( 'NONE', *, *, #2006, .T. ) ;
#1747 = VERTEX_POINT ( 'NONE', #917 ) ;
#1748 = CIRCLE ( 'NONE', #7104, 0.3499999999999996447 ) ;
#1749 = STYLED_ITEM ( 'NONE', ( #7230 ), #6802 ) ;
#1750 = SURFACE_STYLE_USAGE ( .BOTH. , #5690 ) ;
#1751 = FACE_OUTER_BOUND ( 'NONE', #4409, .T. ) ;
#1752 = SURFACE_SIDE_STYLE ('',( #8951 ) ) ;
#1753 = CARTESIAN_POINT ( 'NONE',  ( 0.000000000000000000, -4.500000000000003553, -9.796850830579017080E-17 ) ) ;
#1754 = CARTESIAN_POINT ( 'NONE',  ( 5.435424868894227046, 1.891518204694830452, 3.600000000000001421 ) ) ;
#1755 = DIRECTION ( 'NONE',  ( 0.8682466191274128553, 0.000000000000000000, -0.4961328535521683514 ) ) ;
#1756 = DIRECTION ( 'NONE',  ( -1.084202172485503842E-15, 1.000000000000000000, 0.000000000000000000 ) ) ;
#1757 = AXIS2_PLACEMENT_3D ( 'NONE', #4892, #7370, #4000 ) ;
#1758 = ADVANCED_FACE ( 'NONE', ( #5501 ), #2419, .T. ) ;
#1759 = EDGE_CURVE ( 'NONE', #5597, #6991, #8894, .T. ) ;
#1760 = ORIENTED_EDGE ( 'NONE', *, *, #2885, .T. ) ;
#1761 = ORIENTED_EDGE ( 'NONE', *, *, #5886, .F. ) ;
#1762 = EDGE_CURVE ( 'NONE', #106, #1360, #8226, .T. ) ;
#1763 = DIRECTION ( 'NONE',  ( 1.053031360026544826E-16, 1.000000000000000000, 0.000000000000000000 ) ) ;
#1764 = B_SPLINE_CURVE_WITH_KNOTS ( 'NONE', 3,
 ( #7158, #9577, #4835, #8847 ),
 .UNSPECIFIED., .F., .F.,
 ( 4, 4 ),
 ( 0.000000000000000000, 1.000000000000000000 ),
 .UNSPECIFIED. ) ;
#1765 = PRESENTATION_LAYER_ASSIGNMENT (  '', '', ( #9797 ) ) ;
#1766 = LINE ( 'NONE', #9676, #9178 ) ;
#1767 = DIRECTION ( 'NONE',  ( 0.000000000000000000, -1.000000000000000000, -0.000000000000000000 ) ) ;
#1768 = EDGE_CURVE ( 'NONE', #6617, #4715, #5112, .T. ) ;
#1769 = SURFACE_SIDE_STYLE ('',( #2408 ) ) ;
#1770 = ORIENTED_EDGE ( 'NONE', *, *, #6479, .T. ) ;
#1771 = UNCERTAINTY_MEASURE_WITH_UNIT (LENGTH_MEASURE( 1.000000000000000082E-05 ), #7106, 'distance_accuracy_value', 'NONE');
#1772 = CARTESIAN_POINT ( 'NONE',  ( 5.800000000000000711, 0.000000000000000000, 0.2000000000000000944 ) ) ;
#1773 = ORIENTED_EDGE ( 'NONE', *, *, #9761, .T. ) ;
#1774 =( LENGTH_UNIT ( ) NAMED_UNIT ( * ) SI_UNIT ( .MILLI., .METRE. ) );
#1775 = DIRECTION ( 'NONE',  ( -0.4961328535521692396, 0.000000000000000000, 0.8682466191274121892 ) ) ;
#1776 = DIRECTION ( 'NONE',  ( 3.491483361109382461E-15, -0.000000000000000000, -1.000000000000000000 ) ) ;
#1777 = STYLED_ITEM ( 'NONE', ( #6665 ), #3997 ) ;
#1778 = CARTESIAN_POINT ( 'NONE',  ( -4.150000000000000355, 0.000000000000000000, 3.600000000000001421 ) ) ;
#1779 = CARTESIAN_POINT ( 'NONE',  ( 4.399999999999999467, 5.000000000000000000, 0.000000000000000000 ) ) ;
#1780 = DIRECTION ( 'NONE',  ( -0.000000000000000000, 1.000000000000000000, -0.000000000000000000 ) ) ;
#1781 = FILL_AREA_STYLE_COLOUR ( '', #5342 ) ;
#1782 = CARTESIAN_POINT ( 'NONE',  ( -4.112692235538853325, -4.255878169405404421, 3.598714543258405119 ) ) ;
#1783 = ORIENTED_EDGE ( 'NONE', *, *, #7568, .F. ) ;
#1784 = CIRCLE ( 'NONE', #6978, 0.4000000000000041855 ) ;
#1785 = PRESENTATION_STYLE_ASSIGNMENT (( #3492 ) ) ;
#1786 = STYLED_ITEM ( 'NONE', ( #817 ), #3089 ) ;
#1787 = ADVANCED_BREP_SHAPE_REPRESENTATION ( 'SKHCBGA010', ( #6555, #1807 ), #8680 ) ;
#1788 = DIRECTION ( 'NONE',  ( 0.000000000000000000, 0.000000000000000000, -1.000000000000000000 ) ) ;
#1789 = FILL_AREA_STYLE ('',( #8993 ) ) ;
#1790 = PRESENTATION_STYLE_ASSIGNMENT (( #7403 ) ) ;
#1791 = COLOUR_RGB ( '',1.000000000000000000, 1.000000000000000000, 1.000000000000000000 ) ;
#1792 = DIRECTION ( 'NONE',  ( -0.000000000000000000, 1.000000000000000000, -0.000000000000000000 ) ) ;
#1793 = SURFACE_STYLE_FILL_AREA ( #5842 ) ;
#1794 = VERTEX_POINT ( 'NONE', #9118 ) ;
#1795 = ORIENTED_EDGE ( 'NONE', *, *, #1889, .T. ) ;
#1796 = VERTEX_POINT ( 'NONE', #7485 ) ;
#1797 = CYLINDRICAL_SURFACE ( 'NONE', #3204, 0.3499999999999996447 ) ;
#1798 = FILL_AREA_STYLE_COLOUR ( '', #2234 ) ;
#1799 = FILL_AREA_STYLE ('',( #883 ) ) ;
#1800 = CARTESIAN_POINT ( 'NONE',  ( 6.547679712131309060, -1.999999999999999556, -2.979052028523548667 ) ) ;
#1801 = PRESENTATION_STYLE_ASSIGNMENT (( #1127 ) ) ;
#1802 =( GEOMETRIC_REPRESENTATION_CONTEXT ( 3 ) GLOBAL_UNCERTAINTY_ASSIGNED_CONTEXT ( ( #9698 ) ) GLOBAL_UNIT_ASSIGNED_CONTEXT ( ( #9309, #3559, #1230 ) ) REPRESENTATION_CONTEXT ( 'NONE', 'WORKASPACE' ) );
#1803 = LINE ( 'NONE', #7310, #10043 ) ;
#1804 = STYLED_ITEM ( 'NONE', ( #9687 ), #10142 ) ;
#1805 = CARTESIAN_POINT ( 'NONE',  ( -6.547679712131303731, -2.999999999999999112, -2.979052028523559326 ) ) ;
#1806 = ORIENTED_EDGE ( 'NONE', *, *, #9023, .T. ) ;
#1807 = AXIS2_PLACEMENT_3D ( 'NONE', #4023, #8032, #3131 ) ;
#1808 = EDGE_CURVE ( 'NONE', #5636, #5961, #2178, .T. ) ;
#1809 = VERTEX_POINT ( 'NONE', #8917 ) ;
#1810 = VERTEX_POINT ( 'NONE', #8234 ) ;
#1811 = FACE_BOUND ( 'NONE', #2445, .T. ) ;
#1812 = COLOUR_RGB ( '',1.000000000000000000, 1.000000000000000000, 1.000000000000000000 ) ;
#1813 =( GEOMETRIC_REPRESENTATION_CONTEXT ( 3 ) GLOBAL_UNCERTAINTY_ASSIGNED_CONTEXT ( ( #3583 ) ) GLOBAL_UNIT_ASSIGNED_CONTEXT ( ( #1205, #6919, #7592 ) ) REPRESENTATION_CONTEXT ( 'NONE', 'WORKASPACE' ) );
#1814 = DIRECTION ( 'NONE',  ( -0.000000000000000000, -1.000000000000000000, -0.000000000000000000 ) ) ;
#1815 = ADVANCED_FACE ( 'NONE', ( #8337 ), #4217, .T. ) ;
#1816 = EDGE_CURVE ( 'NONE', #9685, #1474, #8393, .T. ) ;
#1817 = SURFACE_STYLE_FILL_AREA ( #5957 ) ;
#1818 = DIRECTION ( 'NONE',  ( 0.000000000000000000, 0.000000000000000000, -1.000000000000000000 ) ) ;
#1819 = CIRCLE ( 'NONE', #10005, 0.3999999999999852562 ) ;
#1820 = AXIS2_PLACEMENT_3D ( 'NONE', #4344, #5240, #344 ) ;
#1821 = DIRECTION ( 'NONE',  ( -1.000000000000000000, 0.000000000000000000, 0.000000000000000000 ) ) ;
#1822 = SURFACE_STYLE_USAGE ( .BOTH. , #9737 ) ;
#1823 = CARTESIAN_POINT ( 'NONE',  ( -1.462164714140032684, 5.819112848942159744, 3.200000000000009504 ) ) ;
#1824 = STYLED_ITEM ( 'NONE', ( #7164 ), #5728 ) ;
#1825 = VERTEX_POINT ( 'NONE', #1013 ) ;
#1826 = EDGE_CURVE ( 'NONE', #9135, #6052, #4172, .T. ) ;
#1827 = ORIENTED_EDGE ( 'NONE', *, *, #7466, .F. ) ;
#1828 = FILL_AREA_STYLE ('',( #3271 ) ) ;
#1829 = EDGE_LOOP ( 'NONE', ( #7049, #6793, #1902, #8902 ) ) ;
#1830 = CARTESIAN_POINT ( 'NONE',  ( -6.000000000000000000, 5.000000000000000000, 0.4000000000000000777 ) ) ;
#1831 = ADVANCED_FACE ( 'NONE', ( #376 ), #9890, .T. ) ;
#1832 = CIRCLE ( 'NONE', #846, 0.4000000000000485945 ) ;
#1833 = CARTESIAN_POINT ( 'NONE',  ( 5.274981222842645145, 1.612599470617824382, 3.600000000000002753 ) ) ;
#1834 = DIRECTION ( 'NONE',  ( 0.000000000000000000, 0.000000000000000000, 1.000000000000000000 ) ) ;
#1835 = AXIS2_PLACEMENT_3D ( 'NONE', #8821, #1519, #7917 ) ;
#1836 = FILL_AREA_STYLE_COLOUR ( '', #4820 ) ;
#1837 = DIRECTION ( 'NONE',  ( -0.000000000000000000, 1.000000000000000000, -0.000000000000000000 ) ) ;
#1838 = CYLINDRICAL_SURFACE ( 'NONE', #126, 0.3500000041649586890 ) ;
#1839 = UNCERTAINTY_MEASURE_WITH_UNIT (LENGTH_MEASURE( 1.000000000000000082E-05 ), #8125, 'distance_accuracy_value', 'NONE');
#1840 = SURFACE_SIDE_STYLE ('',( #9895 ) ) ;
#1841 = CARTESIAN_POINT ( 'NONE',  ( 5.800000000000000711, 5.000000000000000000, 0.000000000000000000 ) ) ;
#1842 = ORIENTED_EDGE ( 'NONE', *, *, #2814, .T. ) ;
#1843 = EDGE_CURVE ( 'NONE', #9882, #509, #5269, .T. ) ;
#1844 = CARTESIAN_POINT ( 'NONE',  ( 6.420179204657453731, -2.062903407891059526, -3.202181546672992596 ) ) ;
#1845 = DIRECTION ( 'NONE',  ( 0.000000000000000000, -1.000000000000000000, -2.861215661182131111E-16 ) ) ;
#1846 = AXIS2_PLACEMENT_3D ( 'NONE', #1646, #4776, #834 ) ;
#1847 = CARTESIAN_POINT ( 'NONE',  ( 4.999999999999992895, -6.000000000000000000, 3.500000000000000000 ) ) ;
#1848 = SURFACE_STYLE_FILL_AREA ( #8831 ) ;
#1849 = VERTEX_POINT ( 'NONE', #2137 ) ;
#1850 = ORIENTED_EDGE ( 'NONE', *, *, #504, .F. ) ;
#1851 =( GEOMETRIC_REPRESENTATION_CONTEXT ( 3 ) GLOBAL_UNCERTAINTY_ASSIGNED_CONTEXT ( ( #1023 ) ) GLOBAL_UNIT_ASSIGNED_CONTEXT ( ( #9121, #2609, #5828 ) ) REPRESENTATION_CONTEXT ( 'NONE', 'WORKASPACE' ) );
#1852 = CARTESIAN_POINT ( 'NONE',  ( -5.800000000000000711, 5.000000000000000000, 3.499999999999999556 ) ) ;
#1853 = CARTESIAN_POINT ( 'NONE',  ( -6.000000000000000000, 5.000000000000000000, 3.500000000000000000 ) ) ;
#1854 = AXIS2_PLACEMENT_3D ( 'NONE', #10045, #10102, #2910 ) ;
#1855 = ORIENTED_EDGE ( 'NONE', *, *, #1816, .F. ) ;
#1856 = STYLED_ITEM ( 'NONE', ( #1447 ), #1265 ) ;
#1857 =( GEOMETRIC_REPRESENTATION_CONTEXT ( 3 ) GLOBAL_UNCERTAINTY_ASSIGNED_CONTEXT ( ( #9517 ) ) GLOBAL_UNIT_ASSIGNED_CONTEXT ( ( #7655, #5943, #1169 ) ) REPRESENTATION_CONTEXT ( 'NONE', 'WORKASPACE' ) );
#1858 = ORIENTED_EDGE ( 'NONE', *, *, #2147, .T. ) ;
#1859 = PRESENTATION_LAYER_ASSIGNMENT (  '', '', ( #3844 ) ) ;
#1860 = PRODUCT_DEFINITION ( 'UNKNOWN', '', #5840, #2005 ) ;
#1861 = AXIS2_PLACEMENT_3D ( 'NONE', #9477, #9574, #5475 ) ;
#1862 = DIRECTION ( 'NONE',  ( -1.000000000000000000, 0.000000000000000000, 0.000000000000000000 ) ) ;
#1863 = AXIS2_PLACEMENT_3D ( 'NONE', #1459, #7857, #907 ) ;
#1864 = AXIS2_PLACEMENT_3D ( 'NONE', #4086, #6355, #816 ) ;
#1865 = EDGE_CURVE ( 'NONE', #6461, #437, #2679, .T. ) ;
#1866 = STYLED_ITEM ( 'NONE', ( #5121 ), #5219 ) ;
#1867 = CARTESIAN_POINT ( 'NONE',  ( 1.899999999999999911, -1.599999999999999867, 5.500000000000000000 ) ) ;
#1868 = ORIENTED_EDGE ( 'NONE', *, *, #7275, .F. ) ;
#1869 = PRESENTATION_LAYER_ASSIGNMENT (  '', '', ( #5906 ) ) ;
#1870 = UNCERTAINTY_MEASURE_WITH_UNIT (LENGTH_MEASURE( 1.000000000000000082E-05 ), #9133, 'distance_accuracy_value', 'NONE');
#1871 = ORIENTED_EDGE ( 'NONE', *, *, #10274, .T. ) ;
#1872 = PLANE ( 'NONE',  #3408 ) ;
#1873 = VERTEX_POINT ( 'NONE', #7631 ) ;
#1874 = COLOUR_RGB ( '',0.1098039215686274495, 0.1098039215686274495, 0.1098039215686274495 ) ;
#1875 = DIRECTION ( 'NONE',  ( -0.8682466191274188505, 0.000000000000000000, 0.4961328535521575822 ) ) ;
#1876 = DIRECTION ( 'NONE',  ( -0.6985214149036199638, -0.7155891509246384841, 3.113616464354615363E-14 ) ) ;
#1877 = CIRCLE ( 'NONE', #4543, 0.2999999999999877764 ) ;
#1878 = DIRECTION ( 'NONE',  ( -1.000000000000000000, 1.084202172485503842E-15, 0.000000000000000000 ) ) ;
#1879 = DIRECTION ( 'NONE',  ( 1.000000000000000000, 1.084202172485503842E-15, 0.000000000000000000 ) ) ;
#1880 = PRESENTATION_LAYER_ASSIGNMENT (  '', '', ( #7561 ) ) ;
#1881 = UNCERTAINTY_MEASURE_WITH_UNIT (LENGTH_MEASURE( 1.000000000000000082E-05 ), #1227, 'distance_accuracy_value', 'NONE');
#1882 = EDGE_CURVE ( 'NONE', #169, #4678, #477, .T. ) ;
#1883 = CYLINDRICAL_SURFACE ( 'NONE', #4301, 0.2999999999999999334 ) ;
#1884 =( NAMED_UNIT ( * ) PLANE_ANGLE_UNIT ( ) SI_UNIT ( $, .RADIAN. ) );
#1885 = CIRCLE ( 'NONE', #4878, 0.4500000000000001221 ) ;
#1886 = ADVANCED_FACE ( 'NONE', ( #3622 ), #5351, .T. ) ;
#1887 = ORIENTED_EDGE ( 'NONE', *, *, #1367, .F. ) ;
#1888 = DIRECTION ( 'NONE',  ( 0.000000000000000000, -1.000000000000000000, 0.000000000000000000 ) ) ;
#1889 = EDGE_CURVE ( 'NONE', #9269, #8310, #3834, .T. ) ;
#1890 = VECTOR ( 'NONE', #359, 1000.000000000000114 ) ;
#1891 = CARTESIAN_POINT ( 'NONE',  ( 4.999999999999999112, -5.000000000000000888, 3.500000000000000444 ) ) ;
#1892 = LINE ( 'NONE', #7600, #2688 ) ;
#1893 = FILL_AREA_STYLE ('',( #6713 ) ) ;
#1894 = ADVANCED_FACE ( 'NONE', ( #9382 ), #4724, .F. ) ;
#1895 = STYLED_ITEM ( 'NONE', ( #9411 ), #8059 ) ;
#1896 = CARTESIAN_POINT ( 'NONE',  ( 0.5000000000000004441, -4.500000000000002665, -1.200000000000000178 ) ) ;
#1897 = UNCERTAINTY_MEASURE_WITH_UNIT (LENGTH_MEASURE( 1.000000000000000082E-05 ), #10013, 'distance_accuracy_value', 'NONE');
#1898 = VERTEX_POINT ( 'NONE', #1642 ) ;
#1899 = STYLED_ITEM ( 'NONE', ( #9246 ), #6258 ) ;
#1900 = ADVANCED_FACE ( 'NONE', ( #4829 ), #4512, .T. ) ;
#1901 = DIRECTION ( 'NONE',  ( 1.053031360026544826E-16, 1.000000000000000000, 0.000000000000000000 ) ) ;
#1902 = ORIENTED_EDGE ( 'NONE', *, *, #8548, .T. ) ;
#1903 =( NAMED_UNIT ( * ) SI_UNIT ( $, .STERADIAN. ) SOLID_ANGLE_UNIT ( ) );
#1904 = CIRCLE ( 'NONE', #9449, 0.2500000000000167089 ) ;
#1905 = FILL_AREA_STYLE ('',( #6674 ) ) ;
#1906 = DIRECTION ( 'NONE',  ( -1.000000000000000000, -0.000000000000000000, 0.000000000000000000 ) ) ;
#1907 =( GEOMETRIC_REPRESENTATION_CONTEXT ( 3 ) GLOBAL_UNCERTAINTY_ASSIGNED_CONTEXT ( ( #7534 ) ) GLOBAL_UNIT_ASSIGNED_CONTEXT ( ( #8823, #9549, #3969 ) ) REPRESENTATION_CONTEXT ( 'NONE', 'WORKASPACE' ) );
#1908 = CARTESIAN_POINT ( 'NONE',  ( -6.299999999999998046, 2.000000000000000000, 0.06415926535897897853 ) ) ;
#1909 = PLANE ( 'NONE',  #6208 ) ;
#1910 = CARTESIAN_POINT ( 'NONE',  ( 5.000000000000001776, 5.000000000000002665, 0.2000000000000000944 ) ) ;
#1911 = COLOUR_RGB ( '',1.000000000000000000, 1.000000000000000000, 1.000000000000000000 ) ;
#1912 = UNCERTAINTY_MEASURE_WITH_UNIT (LENGTH_MEASURE( 1.000000000000000082E-05 ), #2572, 'distance_accuracy_value', 'NONE');
#1913 =( NAMED_UNIT ( * ) PLANE_ANGLE_UNIT ( ) SI_UNIT ( $, .RADIAN. ) );
#1914 = ORIENTED_EDGE ( 'NONE', *, *, #4503, .T. ) ;
#1915 = CIRCLE ( 'NONE', #7769, 5.125000000000000888 ) ;
#1916 = AXIS2_PLACEMENT_3D ( 'NONE', #3440, #5786, #7342 ) ;
#1917 = VERTEX_POINT ( 'NONE', #4881 ) ;
#1918 = CARTESIAN_POINT ( 'NONE',  ( -7.000000000000000888, -2.999999999999999112, -2.094532406675943648 ) ) ;
#1919 = SURFACE_SIDE_STYLE ('',( #9148 ) ) ;
#1920 = DIRECTION ( 'NONE',  ( 0.8682466191274125222, 0.000000000000000000, -0.4961328535521688510 ) ) ;
#1921 =( NAMED_UNIT ( * ) PLANE_ANGLE_UNIT ( ) SI_UNIT ( $, .RADIAN. ) );
#1922 = CARTESIAN_POINT ( 'NONE',  ( 2.250000000000007994, 5.400000000000005684, 3.499999999999951594 ) ) ;
#1923 = ORIENTED_EDGE ( 'NONE', *, *, #7847, .T. ) ;
#1924 = DIRECTION ( 'NONE',  ( -1.000000000000000000, 0.000000000000000000, 0.000000000000000000 ) ) ;
#1925 = ORIENTED_EDGE ( 'NONE', *, *, #2789, .T. ) ;
#1926 = ORIENTED_EDGE ( 'NONE', *, *, #1308, .F. ) ;
#1927 = VECTOR ( 'NONE', #51, 1000.000000000000114 ) ;
#1928 = ORIENTED_EDGE ( 'NONE', *, *, #8564, .F. ) ;
#1929 = CARTESIAN_POINT ( 'NONE',  ( 5.272824288042015972, 1.605008235498162739, 3.599999996058157237 ) ) ;
#1930 = SURFACE_SIDE_STYLE ('',( #9892 ) ) ;
#1931 = CARTESIAN_POINT ( 'NONE',  ( 3.773023560249555430E-14, -2.471980953266950110E-13, 3.600000000000001865 ) ) ;
#1932 = PRESENTATION_LAYER_ASSIGNMENT (  '', '', ( #7814 ) ) ;
#1933 = CARTESIAN_POINT ( 'NONE',  ( 2.249999999999991118, -5.399999999999905320, 3.200000000000005063 ) ) ;
#1934 = SURFACE_SIDE_STYLE ('',( #3536 ) ) ;
#1935 = UNCERTAINTY_MEASURE_WITH_UNIT (LENGTH_MEASURE( 1.000000000000000082E-05 ), #4933, 'distance_accuracy_value', 'NONE');
#1936 =( NAMED_UNIT ( * ) SI_UNIT ( $, .STERADIAN. ) SOLID_ANGLE_UNIT ( ) );
#1937 = FILL_AREA_STYLE ('',( #6923 ) ) ;
#1938 = VERTEX_POINT ( 'NONE', #8109 ) ;
#1939 = ADVANCED_FACE ( 'NONE', ( #37 ), #7719, .T. ) ;
#1940 = EDGE_LOOP ( 'NONE', ( #5685, #4051, #1583, #3716 ) ) ;
#1941 = DIRECTION ( 'NONE',  ( -0.4961328535521692396, 0.000000000000000000, 0.8682466191274121892 ) ) ;
#1942 = EDGE_CURVE ( 'NONE', #6361, #7454, #9056, .T. ) ;
#1943 = SURFACE_SIDE_STYLE ('',( #6664 ) ) ;
#1944 = ADVANCED_FACE ( 'NONE', ( #9251 ), #1909, .F. ) ;
#1945 = EDGE_CURVE ( 'NONE', #3302, #7541, #5035, .T. ) ;
#1946 = CARTESIAN_POINT ( 'NONE',  ( -6.041480816619161587, -2.999999999999999112, -0.8527262566030744395 ) ) ;
#1947 = LINE ( 'NONE', #4394, #5968 ) ;
#1948 = ADVANCED_FACE ( 'NONE', ( #2788 ), #4354, .T. ) ;
#1949 =( LENGTH_UNIT ( ) NAMED_UNIT ( * ) SI_UNIT ( .MILLI., .METRE. ) );
#1950 = ORIENTED_EDGE ( 'NONE', *, *, #3776, .T. ) ;
#1951 = COLOUR_RGB ( '',0.1098039215686274495, 0.1098039215686274495, 0.1098039215686274495 ) ;
#1952 = ORIENTED_EDGE ( 'NONE', *, *, #4208, .T. ) ;
#1953 = STYLED_ITEM ( 'NONE', ( #3044 ), #6058 ) ;
#1954 = EDGE_CURVE ( 'NONE', #1317, #9561, #1190, .T. ) ;
#1955 = DIRECTION ( 'NONE',  ( 0.4722150451494406265, 0.000000000000000000, -0.8814833810881017584 ) ) ;
#1956 = FACE_OUTER_BOUND ( 'NONE', #8655, .T. ) ;
#1957 = AXIS2_PLACEMENT_3D ( 'NONE', #3912, #2255, #10319 ) ;
#1958 = DIRECTION ( 'NONE',  ( 0.8682466191274125222, 0.000000000000000000, -0.4961328535521688510 ) ) ;
#1959 = EDGE_LOOP ( 'NONE', ( #4823, #7325, #580, #2529 ) ) ;
#1960 = CIRCLE ( 'NONE', #9160, 0.9999999999912745352 ) ;
#1961 = ORIENTED_EDGE ( 'NONE', *, *, #244, .F. ) ;
#1962 = COLOUR_RGB ( '',0.1098039215686274495, 0.1098039215686274495, 0.1098039215686274495 ) ;
#1963 = FILL_AREA_STYLE_COLOUR ( '', #5256 ) ;
#1964 = TOROIDAL_SURFACE ( 'NONE', #2476, 5.435424868893793615, 0.3999999999999737654 ) ;
#1965 = CARTESIAN_POINT ( 'NONE',  ( 1.600000000000000089, 1.600000000000000089, 6.999999999999999112 ) ) ;
#1966 = VECTOR ( 'NONE', #4609, 1000.000000000000000 ) ;
#1967 = VECTOR ( 'NONE', #9053, 1000.000000000000227 ) ;
#1968 = SURFACE_STYLE_USAGE ( .BOTH. , #6791 ) ;
#1969 = ORIENTED_EDGE ( 'NONE', *, *, #9760, .T. ) ;
#1970 = UNCERTAINTY_MEASURE_WITH_UNIT (LENGTH_MEASURE( 1.000000000000000082E-05 ), #2621, 'distance_accuracy_value', 'NONE');
#1971 = CARTESIAN_POINT ( 'NONE',  ( 6.000000000000023981, 3.000000000000000000, 7.064159265358981088 ) ) ;
#1972 = DIRECTION ( 'NONE',  ( -1.000000000000000000, -8.673617379881956035E-15, 0.000000000000000000 ) ) ;
#1973 = VERTEX_POINT ( 'NONE', #1175 ) ;
#1974 = PRESENTATION_STYLE_ASSIGNMENT (( #373 ) ) ;
#1975 = CARTESIAN_POINT ( 'NONE',  ( 5.424745029542468622, 1.866168552841506401, 3.600000000000001421 ) ) ;
#1976 = AXIS2_PLACEMENT_3D ( 'NONE', #7385, #2421, #8185 ) ;
#1977 = DIRECTION ( 'NONE',  ( -1.000000000000000000, 0.000000000000000000, 0.000000000000000000 ) ) ;
#1978 = CARTESIAN_POINT ( 'NONE',  ( -1.462164714140016031, -5.819112848942094018, 3.500000000000001776 ) ) ;
#1979 = UNCERTAINTY_MEASURE_WITH_UNIT (LENGTH_MEASURE( 1.000000000000000082E-05 ), #8637, 'distance_accuracy_value', 'NONE');
#1980 = CARTESIAN_POINT ( 'NONE',  ( 5.256322365872996727, -1.519920266160024624, 3.599999494599995131 ) ) ;
#1981 = MECHANICAL_DESIGN_GEOMETRIC_PRESENTATION_REPRESENTATION (  '', ( #9429 ), #6342 ) ;
#1982 = CARTESIAN_POINT ( 'NONE',  ( 4.999999999999995559, -5.800000000000000711, 3.500000000000001332 ) ) ;
#1983 = DIRECTION ( 'NONE',  ( 0.000000000000000000, 0.000000000000000000, -1.000000000000000000 ) ) ;
#1984 = SURFACE_SIDE_STYLE ('',( #8396 ) ) ;
#1985 = ORIENTED_EDGE ( 'NONE', *, *, #2757, .T. ) ;
#1986 = CARTESIAN_POINT ( 'NONE',  ( -1.891518204694830896, -5.500000000000000000, 3.594753153809546742 ) ) ;
#1987 = ORIENTED_EDGE ( 'NONE', *, *, #4506, .T. ) ;
#1988 = CIRCLE ( 'NONE', #2492, 0.04999999999999969746 ) ;
#1989 = STYLED_ITEM ( 'NONE', ( #5955 ), #5996 ) ;
#1990 = EDGE_CURVE ( 'NONE', #6312, #5053, #6779, .T. ) ;
#1991 = CARTESIAN_POINT ( 'NONE',  ( 6.000000000000000000, 5.000000000000000000, 0.4000000000000001332 ) ) ;
#1992 = SURFACE_SIDE_STYLE ('',( #6190 ) ) ;
#1993 = AXIS2_PLACEMENT_3D ( 'NONE', #2468, #5673, #1672 ) ;
#1994 = ORIENTED_EDGE ( 'NONE', *, *, #8177, .F. ) ;
#1995 = EDGE_CURVE ( 'NONE', #105, #6056, #5189, .T. ) ;
#1996 = FACE_OUTER_BOUND ( 'NONE', #7525, .T. ) ;
#1997 = ADVANCED_FACE ( 'NONE', ( #8462 ), #1276, .T. ) ;
#1998 = FILL_AREA_STYLE ('',( #302 ) ) ;
#1999 = FILL_AREA_STYLE_COLOUR ( '', #81 ) ;
#2000 = CARTESIAN_POINT ( 'NONE',  ( 4.400000000000000355, -3.500000000000000000, 0.4000000000000000222 ) ) ;
#2001 = VECTOR ( 'NONE', #7639, 1000.000000000000000 ) ;
#2002 = DIRECTION ( 'NONE',  ( 2.168404344971018482E-16, 4.701977403289191086E-32, -1.000000000000000000 ) ) ;
#2003 =( LENGTH_UNIT ( ) NAMED_UNIT ( * ) SI_UNIT ( .MILLI., .METRE. ) );
#2004 = CARTESIAN_POINT ( 'NONE',  ( 3.950000000000000178, 4.837354856632045057E-16, 3.500000000000000000 ) ) ;
#2005 = PRODUCT_DEFINITION_CONTEXT ( 'detailed design', #5460, 'design' ) ;
#2006 = EDGE_CURVE ( 'NONE', #8876, #3659, #3653, .T. ) ;
#2007 = ORIENTED_EDGE ( 'NONE', *, *, #6670, .T. ) ;
#2008 = EDGE_CURVE ( 'NONE', #2677, #3507, #6633, .T. ) ;
#2009 = VECTOR ( 'NONE', #2650, 1000.000000000000000 ) ;
#2010 = EDGE_CURVE ( 'NONE', #2637, #3784, #7089, .T. ) ;
#2011 = VERTEX_POINT ( 'NONE', #3760 ) ;
#2012 = SURFACE_STYLE_USAGE ( .BOTH. , #410 ) ;
#2013 = FILL_AREA_STYLE_COLOUR ( '', #3037 ) ;
#2014 = FILL_AREA_STYLE_COLOUR ( '', #1911 ) ;
#2015 = AXIS2_PLACEMENT_3D ( 'NONE', #281, #1876, #9747 ) ;
#2016 = CIRCLE ( 'NONE', #7882, 0.8000000000000003775 ) ;
#2017 =( LENGTH_UNIT ( ) NAMED_UNIT ( * ) SI_UNIT ( .MILLI., .METRE. ) );
#2018 = FILL_AREA_STYLE ('',( #414 ) ) ;
#2019 = DIRECTION ( 'NONE',  ( -1.000000000000000000, 0.000000000000000000, 4.936205012942144022E-16 ) ) ;
#2020 = EDGE_CURVE ( 'NONE', #3659, #7352, #7821, .T. ) ;
#2021 = MECHANICAL_DESIGN_GEOMETRIC_PRESENTATION_REPRESENTATION (  '', ( #8556 ), #10220 ) ;
#2022 = LINE ( 'NONE', #8327, #4702 ) ;
#2023 = STYLED_ITEM ( 'NONE', ( #5091 ), #1944 ) ;
#2024 = ORIENTED_EDGE ( 'NONE', *, *, #10084, .F. ) ;
#2025 = CARTESIAN_POINT ( 'NONE',  ( -1.600000000000000089, 1.599999999999999867, 7.299999999999998934 ) ) ;
#2026 = VERTEX_POINT ( 'NONE', #2983 ) ;
#2027 = ORIENTED_EDGE ( 'NONE', *, *, #3772, .T. ) ;
#2028 = CIRCLE ( 'NONE', #6888, 0.2999999999999973244 ) ;
#2029 = CARTESIAN_POINT ( 'NONE',  ( 6.212785798360252798, 2.499999999999999556, -2.960449165327014853 ) ) ;
#2030 = FACE_OUTER_BOUND ( 'NONE', #8961, .T. ) ;
#2031 = ORIENTED_EDGE ( 'NONE', *, *, #8311, .T. ) ;
#2032 = AXIS2_PLACEMENT_3D ( 'NONE', #7920, #763, #7133 ) ;
#2033 =( NAMED_UNIT ( * ) PLANE_ANGLE_UNIT ( ) SI_UNIT ( $, .RADIAN. ) );
#2034 = SURFACE_STYLE_FILL_AREA ( #6854 ) ;
#2035 = SURFACE_STYLE_USAGE ( .BOTH. , #1930 ) ;
#2036 =( NAMED_UNIT ( * ) PLANE_ANGLE_UNIT ( ) SI_UNIT ( $, .RADIAN. ) );
#2037 = PRESENTATION_STYLE_ASSIGNMENT (( #9386 ) ) ;
#2038 = DIRECTION ( 'NONE',  ( -0.000000000000000000, 1.000000000000000000, 0.000000000000000000 ) ) ;
#2039 = UNCERTAINTY_MEASURE_WITH_UNIT (LENGTH_MEASURE( 1.000000000000000082E-05 ), #4309, 'distance_accuracy_value', 'NONE');
#2040 = LINE ( 'NONE', #3684, #10345 ) ;
#2041 = AXIS2_PLACEMENT_3D ( 'NONE', #4297, #2002, #6826 ) ;
#2042 = DIRECTION ( 'NONE',  ( 0.000000000000000000, 0.000000000000000000, -1.000000000000000000 ) ) ;
#2043 = DIRECTION ( 'NONE',  ( -0.4722150451494404044, 0.000000000000000000, 0.8814833810881018694 ) ) ;
#2044 = VERTEX_POINT ( 'NONE', #3710 ) ;
#2045 = VECTOR ( 'NONE', #2546, 1000.000000000000000 ) ;
#2046 = CIRCLE ( 'NONE', #7898, 5.435424868893751871 ) ;
#2047 = ORIENTED_EDGE ( 'NONE', *, *, #7275, .T. ) ;
#2048 = DIRECTION ( 'NONE',  ( 5.025349008805825520E-14, -2.117185687950486023E-14, -1.000000000000000000 ) ) ;
#2049 = ORIENTED_EDGE ( 'NONE', *, *, #9515, .F. ) ;
#2050 = MECHANICAL_DESIGN_GEOMETRIC_PRESENTATION_REPRESENTATION (  '', ( #6568 ), #2871 ) ;
#2051 = FILL_AREA_STYLE_COLOUR ( '', #7084 ) ;
#2052 =( LENGTH_UNIT ( ) NAMED_UNIT ( * ) SI_UNIT ( .MILLI., .METRE. ) );
#2053 = DIRECTION ( 'NONE',  ( -0.1179568432022835844, -0.9713257602420870551, 0.2064278339562846676 ) ) ;
#2054 = STYLED_ITEM ( 'NONE', ( #6007 ), #7835 ) ;
#2055 = ORIENTED_EDGE ( 'NONE', *, *, #1249, .T. ) ;
#2056 = STYLED_ITEM ( 'NONE', ( #9644 ), #7406 ) ;
#2057 = SURFACE_STYLE_USAGE ( .BOTH. , #6043 ) ;
#2058 = DIRECTION ( 'NONE',  ( -0.000000000000000000, -0.000000000000000000, 1.000000000000000000 ) ) ;
#2059 = LINE ( 'NONE', #10175, #9069 ) ;
#2060 = FILL_AREA_STYLE ('',( #4353 ) ) ;
#2061 = STYLED_ITEM ( 'NONE', ( #7508 ), #7976 ) ;
#2062 = CARTESIAN_POINT ( 'NONE',  ( -1.462164714140030686, 5.519112848942158145, 3.499999999999997335 ) ) ;
#2063 = MECHANICAL_DESIGN_GEOMETRIC_PRESENTATION_REPRESENTATION (  '', ( #1899 ), #10258 ) ;
#2064 = CARTESIAN_POINT ( 'NONE',  ( -4.750000000000000000, 4.750000000000000000, 3.500000000000000000 ) ) ;
#2065 = ORIENTED_EDGE ( 'NONE', *, *, #8430, .F. ) ;
#2066 = ORIENTED_EDGE ( 'NONE', *, *, #7416, .T. ) ;
#2067 = ORIENTED_EDGE ( 'NONE', *, *, #6219, .T. ) ;
#2068 = COLOUR_RGB ( '',1.000000000000000000, 1.000000000000000000, 1.000000000000000000 ) ;
#2069 = MECHANICAL_DESIGN_GEOMETRIC_PRESENTATION_REPRESENTATION (  '', ( #5074 ), #2570 ) ;
#2070 = FILL_AREA_STYLE ('',( #1184 ) ) ;
#2071 = FILL_AREA_STYLE ('',( #2122 ) ) ;
#2072 = FILL_AREA_STYLE_COLOUR ( '', #6326 ) ;
#2073 = DIRECTION ( 'NONE',  ( 0.000000000000000000, 1.000000000000000000, 0.000000000000000000 ) ) ;
#2074 = EDGE_CURVE ( 'NONE', #1938, #8151, #6199, .T. ) ;
#2075 = EDGE_CURVE ( 'NONE', #8679, #3495, #2320, .T. ) ;
#2076 = CARTESIAN_POINT ( 'NONE',  ( -5.609556424471089819, -1.676841459417441227, 3.499999999999998668 ) ) ;
#2077 = EDGE_CURVE ( 'NONE', #5142, #3733, #2165, .T. ) ;
#2078 = FACE_OUTER_BOUND ( 'NONE', #5909, .T. ) ;
#2079 = EDGE_LOOP ( 'NONE', ( #8631, #5227, #15, #665 ) ) ;
#2080 = ORIENTED_EDGE ( 'NONE', *, *, #5185, .T. ) ;
#2081 = CARTESIAN_POINT ( 'NONE',  ( 5.435424868893528938, 2.250000000002593481, 3.199999999999981526 ) ) ;
#2082 = CARTESIAN_POINT ( 'NONE',  ( 6.299999999999994493, -2.000000000000000000, 1.414159265358978290 ) ) ;
#2083 = ORIENTED_EDGE ( 'NONE', *, *, #5388, .T. ) ;
#2084 = CIRCLE ( 'NONE', #4410, 0.4000000000000475953 ) ;
#2085 = MECHANICAL_DESIGN_GEOMETRIC_PRESENTATION_REPRESENTATION (  '', ( #8626 ), #5611 ) ;
#2086 = FACE_OUTER_BOUND ( 'NONE', #6537, .T. ) ;
#2087 = DIRECTION ( 'NONE',  ( 2.168404344971018482E-16, 4.701977403289191086E-32, -1.000000000000000000 ) ) ;
#2088 = DIRECTION ( 'NONE',  ( 3.274077951839322246E-14, 1.637038975914476918E-13, -1.000000000000000000 ) ) ;
#2089 = PRESENTATION_STYLE_ASSIGNMENT (( #5377 ) ) ;
#2090 = DIRECTION ( 'NONE',  ( 0.000000000000000000, -1.000000000000000000, -2.466431482431477230E-16 ) ) ;
#2091 = CARTESIAN_POINT ( 'NONE',  ( -5.549999999999999822, 4.750000000000000000, 3.500000000000000000 ) ) ;
#2092 = CARTESIAN_POINT ( 'NONE',  ( -1.899999999999999911, 1.500000000000000000, 5.500000000000000000 ) ) ;
#2093 =( NAMED_UNIT ( * ) PLANE_ANGLE_UNIT ( ) SI_UNIT ( $, .RADIAN. ) );
#2094 = CARTESIAN_POINT ( 'NONE',  ( -5.399999999999987921, 1.891518204694834004, 3.600000000000002753 ) ) ;
#2095 = VERTEX_POINT ( 'NONE', #5516 ) ;
#2096 = ORIENTED_EDGE ( 'NONE', *, *, #8933, .F. ) ;
#2097 = CARTESIAN_POINT ( 'NONE',  ( -1.599999999999998979, -6.000000000000000000, 3.299999999999999822 ) ) ;
#2098 = ORIENTED_EDGE ( 'NONE', *, *, #4130, .T. ) ;
#2099 = DIRECTION ( 'NONE',  ( -0.04993761694247646904, 4.392553765116792698E-16, 0.9987523388779154798 ) ) ;
#2100 = CARTESIAN_POINT ( 'NONE',  ( 6.953886316694598335, -6.704630743366731593, -2.268178905419202973 ) ) ;
#2101 = CARTESIAN_POINT ( 'NONE',  ( 0.000000000000000000, 0.000000000000000000, 3.299999999999999378 ) ) ;
#2102 =( LENGTH_UNIT ( ) NAMED_UNIT ( * ) SI_UNIT ( .MILLI., .METRE. ) );
#2103 = SURFACE_STYLE_USAGE ( .BOTH. , #2676 ) ;
#2104 = CARTESIAN_POINT ( 'NONE',  ( -4.750000000000000000, -4.750000000000000000, 3.200000000000000178 ) ) ;
#2105 = FACE_OUTER_BOUND ( 'NONE', #1414, .T. ) ;
#2106 = ORIENTED_EDGE ( 'NONE', *, *, #1499, .T. ) ;
#2107 = PRESENTATION_LAYER_ASSIGNMENT (  '', '', ( #5272 ) ) ;
#2108 = SURFACE_SIDE_STYLE ('',( #6875 ) ) ;
#2109 = FILL_AREA_STYLE ('',( #1523 ) ) ;
#2110 = CARTESIAN_POINT ( 'NONE',  ( 6.420179204657448402, 2.062903407891060414, -3.202181546672993484 ) ) ;
#2111 = FILL_AREA_STYLE ('',( #8669 ) ) ;
#2112 = SURFACE_STYLE_USAGE ( .BOTH. , #9305 ) ;
#2113 = LINE ( 'NONE', #3924, #7425 ) ;
#2114 = DIRECTION ( 'NONE',  ( 1.000000000000000000, -1.224646799147353207E-16, -3.503978601136974611E-32 ) ) ;
#2115 = CARTESIAN_POINT ( 'NONE',  ( -4.526465001667443033, 3.975217565217819882, 3.577896733784647676 ) ) ;
#2116 = COLOUR_RGB ( '',1.000000000000000000, 1.000000000000000000, 1.000000000000000000 ) ;
#2117 = ORIENTED_EDGE ( 'NONE', *, *, #2074, .F. ) ;
#2118 = VERTEX_POINT ( 'NONE', #7030 ) ;
#2119 = FILL_AREA_STYLE_COLOUR ( '', #5951 ) ;
#2120 =( GEOMETRIC_REPRESENTATION_CONTEXT ( 3 ) GLOBAL_UNCERTAINTY_ASSIGNED_CONTEXT ( ( #223 ) ) GLOBAL_UNIT_ASSIGNED_CONTEXT ( ( #2201, #704, #5392 ) ) REPRESENTATION_CONTEXT ( 'NONE', 'WORKASPACE' ) );
#2121 = DIRECTION ( 'NONE',  ( -1.000000000000000000, -2.168404344971010446E-15, 0.000000000000000000 ) ) ;
#2122 = FILL_AREA_STYLE_COLOUR ( '', #8370 ) ;
#2123 = CARTESIAN_POINT ( 'NONE',  ( 6.287205726393079175, -1.999999999999999556, -2.830212172457903019 ) ) ;
#2124 =( GEOMETRIC_REPRESENTATION_CONTEXT ( 3 ) GLOBAL_UNCERTAINTY_ASSIGNED_CONTEXT ( ( #8682 ) ) GLOBAL_UNIT_ASSIGNED_CONTEXT ( ( #4225, #1884, #3627 ) ) REPRESENTATION_CONTEXT ( 'NONE', 'WORKASPACE' ) );
#2125 = EDGE_CURVE ( 'NONE', #9059, #1474, #9467, .T. ) ;
#2126 = DIRECTION ( 'NONE',  ( -0.000000000000000000, -0.000000000000000000, 1.000000000000000000 ) ) ;
#2127 = MECHANICAL_DESIGN_GEOMETRIC_PRESENTATION_REPRESENTATION (  '', ( #7996 ), #3119 ) ;
#2128 = ORIENTED_EDGE ( 'NONE', *, *, #4447, .T. ) ;
#2129 = ADVANCED_FACE ( 'NONE', ( #5456 ), #5733, .T. ) ;
#2130 = ORIENTED_EDGE ( 'NONE', *, *, #9204, .F. ) ;
#2131 = PRESENTATION_STYLE_ASSIGNMENT (( #2905 ) ) ;
#2132 = DIRECTION ( 'NONE',  ( 0.000000000000000000, 0.000000000000000000, -1.000000000000000000 ) ) ;
#2133 = VERTEX_POINT ( 'NONE', #6505 ) ;
#2134 = EDGE_CURVE ( 'NONE', #5367, #3212, #5630, .T. ) ;
#2135 = PRESENTATION_LAYER_ASSIGNMENT (  '', '', ( #474 ) ) ;
#2136 = CARTESIAN_POINT ( 'NONE',  ( -5.424745029542282104, 1.866168552841654060, 3.200000000000041922 ) ) ;
#2137 = CARTESIAN_POINT ( 'NONE',  ( -6.953886316694596559, 2.000000000000000000, -2.268178905419201197 ) ) ;
#2138 =( GEOMETRIC_REPRESENTATION_CONTEXT ( 3 ) GLOBAL_UNCERTAINTY_ASSIGNED_CONTEXT ( ( #5247 ) ) GLOBAL_UNIT_ASSIGNED_CONTEXT ( ( #8620, #7710, #9355 ) ) REPRESENTATION_CONTEXT ( 'NONE', 'WORKASPACE' ) );
#2139 = LINE ( 'NONE', #2389, #4488 ) ;
#2140 = FILL_AREA_STYLE_COLOUR ( '', #9988 ) ;
#2141 = CARTESIAN_POINT ( 'NONE',  ( 3.352468329897365851E-14, -2.168404344971008474E-15, 3.500000000000010658 ) ) ;
#2142 = SURFACE_SIDE_STYLE ('',( #9335 ) ) ;
#2143 = STYLED_ITEM ( 'NONE', ( #6758 ), #9002 ) ;
#2144 = CARTESIAN_POINT ( 'NONE',  ( 6.650000000000000355, -6.704630743366731593, -2.094532406675943648 ) ) ;
#2145 = DIRECTION ( 'NONE',  ( -1.000000000000000000, 0.000000000000000000, 0.000000000000000000 ) ) ;
#2146 = ORIENTED_EDGE ( 'NONE', *, *, #7329, .T. ) ;
#2147 = EDGE_CURVE ( 'NONE', #2095, #2026, #10246, .T. ) ;
#2148 = CARTESIAN_POINT ( 'NONE',  ( -1.856990948654856366, -5.499999999999994671, 3.593826564380447230 ) ) ;
#2149 = ORIENTED_EDGE ( 'NONE', *, *, #1620, .F. ) ;
#2150 = MECHANICAL_DESIGN_GEOMETRIC_PRESENTATION_REPRESENTATION (  '', ( #9024 ), #8355 ) ;
#2151 = CARTESIAN_POINT ( 'NONE',  ( 1.600000000000000089, -1.600000000000000089, 6.999999999999999112 ) ) ;
#2152 = DIRECTION ( 'NONE',  ( 4.336808689967532456E-16, 4.336808689967532456E-16, 1.000000000000000000 ) ) ;
#2153 = AXIS2_PLACEMENT_3D ( 'NONE', #5259, #8477, #321 ) ;
#2154 = CARTESIAN_POINT ( 'NONE',  ( 6.287205726393077398, 3.000000000000000000, -2.830212172457903019 ) ) ;
#2155 = FILL_AREA_STYLE ('',( #5287 ) ) ;
#2156 = PRESENTATION_LAYER_ASSIGNMENT (  '', '', ( #1650 ) ) ;
#2157 = EDGE_CURVE ( 'NONE', #1293, #4358, #3347, .T. ) ;
#2158 =( NAMED_UNIT ( * ) PLANE_ANGLE_UNIT ( ) SI_UNIT ( $, .RADIAN. ) );
#2159 = DIRECTION ( 'NONE',  ( -1.000000000000000000, 0.000000000000000000, 0.000000000000000000 ) ) ;
#2160 = VERTEX_POINT ( 'NONE', #1630 ) ;
#2161 = MECHANICAL_DESIGN_GEOMETRIC_PRESENTATION_REPRESENTATION (  '', ( #1323 ), #4987 ) ;
#2162 =( LENGTH_UNIT ( ) NAMED_UNIT ( * ) SI_UNIT ( .MILLI., .METRE. ) );
#2163 = UNCERTAINTY_MEASURE_WITH_UNIT (LENGTH_MEASURE( 1.000000000000000082E-05 ), #4379, 'distance_accuracy_value', 'NONE');
#2164 = SURFACE_SIDE_STYLE ('',( #9357 ) ) ;
#2165 = LINE ( 'NONE', #9413, #7397 ) ;
#2166 = SURFACE_SIDE_STYLE ('',( #3761 ) ) ;
#2167 =( NAMED_UNIT ( * ) SI_UNIT ( $, .STERADIAN. ) SOLID_ANGLE_UNIT ( ) );
#2168 = ORIENTED_EDGE ( 'NONE', *, *, #8197, .F. ) ;
#2169 = VERTEX_POINT ( 'NONE', #8096 ) ;
#2170 = ORIENTED_EDGE ( 'NONE', *, *, #4666, .F. ) ;
#2171 = STYLED_ITEM ( 'NONE', ( #4593 ), #456 ) ;
#2172 =( NAMED_UNIT ( * ) PLANE_ANGLE_UNIT ( ) SI_UNIT ( $, .RADIAN. ) );
#2173 = CARTESIAN_POINT ( 'NONE',  ( -5.519112848942167027, -1.462164714140039790, 3.499999999999999556 ) ) ;
#2174 = DIRECTION ( 'NONE',  ( 0.4722150451494404044, 0.000000000000000000, -0.8814833810881019804 ) ) ;
#2175 = CARTESIAN_POINT ( 'NONE',  ( 6.287205726393075622, -3.000000000000000000, -2.830212172457908348 ) ) ;
#2176 = FILL_AREA_STYLE ('',( #9375 ) ) ;
#2177 = ORIENTED_EDGE ( 'NONE', *, *, #9453, .T. ) ;
#2178 = CIRCLE ( 'NONE', #2015, 0.3999999999999833689 ) ;
#2179 = EDGE_CURVE ( 'NONE', #7890, #4361, #6005, .T. ) ;
#2180 = ORIENTED_EDGE ( 'NONE', *, *, #8672, .T. ) ;
#2181 = FILL_AREA_STYLE ('',( #7161 ) ) ;
#2182 = ORIENTED_EDGE ( 'NONE', *, *, #3638, .F. ) ;
#2183 = DIRECTION ( 'NONE',  ( -1.000000000000000000, 0.000000000000000000, 0.000000000000000000 ) ) ;
#2184 = CIRCLE ( 'NONE', #9722, 5.275000000000003908 ) ;
#2185 = PRESENTATION_STYLE_ASSIGNMENT (( #5158 ) ) ;
#2186 =( LENGTH_UNIT ( ) NAMED_UNIT ( * ) SI_UNIT ( .MILLI., .METRE. ) );
#2187 =( LENGTH_UNIT ( ) NAMED_UNIT ( * ) SI_UNIT ( .MILLI., .METRE. ) );
#2188 = AXIS2_PLACEMENT_3D ( 'NONE', #10143, #2942, #7888 ) ;
#2189 = COLOUR_RGB ( '',0.1098039215686274495, 0.1098039215686274495, 0.1098039215686274495 ) ;
#2190 =( LENGTH_UNIT ( ) NAMED_UNIT ( * ) SI_UNIT ( .MILLI., .METRE. ) );
#2191 = FACE_OUTER_BOUND ( 'NONE', #1691, .T. ) ;
#2192 = DIRECTION ( 'NONE',  ( -0.9698521414903613636, -0.2436941190233373189, -4.116519880770827806E-14 ) ) ;
#2193 = DIRECTION ( 'NONE',  ( 1.000000000000000000, 6.591696832431884002E-11, 3.435866386436846140E-14 ) ) ;
#2194 = STYLED_ITEM ( 'NONE', ( #3830 ), #1305 ) ;
#2195 = EDGE_LOOP ( 'NONE', ( #773, #6099, #6833, #5952, #2996, #5859, #3620, #5553 ) ) ;
#2196 = VERTEX_POINT ( 'NONE', #6456 ) ;
#2197 = VECTOR ( 'NONE', #6371, 1000.000000000000000 ) ;
#2198 =( LENGTH_UNIT ( ) NAMED_UNIT ( * ) SI_UNIT ( .MILLI., .METRE. ) );
#2199 = FILL_AREA_STYLE_COLOUR ( '', #9901 ) ;
#2200 = VECTOR ( 'NONE', #965, 1000.000000000000000 ) ;
#2201 =( LENGTH_UNIT ( ) NAMED_UNIT ( * ) SI_UNIT ( .MILLI., .METRE. ) );
#2202 = STYLED_ITEM ( 'NONE', ( #9879 ), #4736 ) ;
#2203 = PRESENTATION_LAYER_ASSIGNMENT (  '', '', ( #6724 ) ) ;
#2204 = SURFACE_STYLE_USAGE ( .BOTH. , #1992 ) ;
#2205 = ADVANCED_FACE ( 'NONE', ( #3978 ), #5555, .T. ) ;
#2206 = CARTESIAN_POINT ( 'NONE',  ( 6.305925830945597887, 2.000000000000000000, -0.7110617430582391041 ) ) ;
#2207 = CYLINDRICAL_SURFACE ( 'NONE', #8565, 0.04999999999999969746 ) ;
#2208 = ORIENTED_EDGE ( 'NONE', *, *, #1132, .F. ) ;
#2209 = CARTESIAN_POINT ( 'NONE',  ( 5.000000000000000000, 5.000000000000000000, 0.000000000000000000 ) ) ;
#2210 =( NAMED_UNIT ( * ) SI_UNIT ( $, .STERADIAN. ) SOLID_ANGLE_UNIT ( ) );
#2211 =( GEOMETRIC_REPRESENTATION_CONTEXT ( 3 ) GLOBAL_UNCERTAINTY_ASSIGNED_CONTEXT ( ( #3826 ) ) GLOBAL_UNIT_ASSIGNED_CONTEXT ( ( #746, #7959, #3850 ) ) REPRESENTATION_CONTEXT ( 'NONE', 'WORKASPACE' ) );
#2212 = AXIS2_PLACEMENT_3D ( 'NONE', #1198, #9937, #9327 ) ;
#2213 = FILL_AREA_STYLE_COLOUR ( '', #2226 ) ;
#2214 = AXIS2_PLACEMENT_3D ( 'NONE', #7900, #3160, #58 ) ;
#2215 = DIRECTION ( 'NONE',  ( 0.4961328535521684624, 0.000000000000000000, 0.8682466191274127443 ) ) ;
#2216 = FILL_AREA_STYLE_COLOUR ( '', #9533 ) ;
#2217 = DIRECTION ( 'NONE',  ( -0.000000000000000000, -0.000000000000000000, -1.000000000000000000 ) ) ;
#2218 = ADVANCED_FACE ( 'NONE', ( #10333 ), #4195, .T. ) ;
#2219 = VECTOR ( 'NONE', #461, 1000.000000000000000 ) ;
#2220 = ORIENTED_EDGE ( 'NONE', *, *, #5092, .T. ) ;
#2221 = STYLED_ITEM ( 'NONE', ( #9666 ), #7382 ) ;
#2222 = MECHANICAL_DESIGN_GEOMETRIC_PRESENTATION_REPRESENTATION (  '', ( #2552 ), #6411 ) ;
#2223 = VERTEX_POINT ( 'NONE', #293 ) ;
#2224 = ORIENTED_EDGE ( 'NONE', *, *, #10001, .F. ) ;
#2225 =( NAMED_UNIT ( * ) SI_UNIT ( $, .STERADIAN. ) SOLID_ANGLE_UNIT ( ) );
#2226 = COLOUR_RGB ( '',0.5019607843137254832, 0.5019607843137254832, 0.5019607843137254832 ) ;
#2227 = CARTESIAN_POINT ( 'NONE',  ( 6.000000000000000000, 0.000000000000000000, 0.1999999999999999556 ) ) ;
#2228 = LINE ( 'NONE', #3721, #6801 ) ;
#2229 = AXIS2_PLACEMENT_3D ( 'NONE', #3358, #6621, #4042 ) ;
#2230 = VECTOR ( 'NONE', #9235, 1000.000000000000227 ) ;
#2231 = DIRECTION ( 'NONE',  ( -2.512674504402810523E-14, -1.058592843975262575E-14, 1.000000000000000000 ) ) ;
#2232 = CARTESIAN_POINT ( 'NONE',  ( -1.599999999999998979, -5.499999999999999112, 0.000000000000000000 ) ) ;
#2233 = SURFACE_STYLE_FILL_AREA ( #10191 ) ;
#2234 = COLOUR_RGB ( '',1.000000000000000000, 1.000000000000000000, 1.000000000000000000 ) ;
#2235 = COLOUR_RGB ( '',0.1098039215686274495, 0.1098039215686274495, 0.1098039215686274495 ) ;
#2236 = CARTESIAN_POINT ( 'NONE',  ( 1.599999999996263078, 1.600000000000000089, 6.999999999999999112 ) ) ;
#2237 = ORIENTED_EDGE ( 'NONE', *, *, #3145, .F. ) ;
#2238 = ORIENTED_EDGE ( 'NONE', *, *, #9132, .T. ) ;
#2239 = DIRECTION ( 'NONE',  ( 0.000000000000000000, 1.000000000000000000, 0.000000000000000000 ) ) ;
#2240 = FACE_OUTER_BOUND ( 'NONE', #5895, .T. ) ;
#2241 = DIRECTION ( 'NONE',  ( -1.000000000000000000, 0.000000000000000000, 0.000000000000000000 ) ) ;
#2242 = CARTESIAN_POINT ( 'NONE',  ( 5.254554965980006820, 1.478202008203465478, 3.599999946764712355 ) ) ;
#2243 = DIRECTION ( 'NONE',  ( -5.292964219876011532E-15, -1.256337252201300185E-14, -1.000000000000000000 ) ) ;
#2244 = CARTESIAN_POINT ( 'NONE',  ( 6.159705218919231839, -2.937096592108939141, -3.053341690607345615 ) ) ;
#2245 = CARTESIAN_POINT ( 'NONE',  ( 5.329795531952199461, -1.744213222927466278, 3.599999946764711023 ) ) ;
#2246 =( NAMED_UNIT ( * ) PLANE_ANGLE_UNIT ( ) SI_UNIT ( $, .RADIAN. ) );
#2247 = DIRECTION ( 'NONE',  ( -1.000000000000000000, 1.222978688985946960E-15, -0.000000000000000000 ) ) ;
#2248 = AXIS2_PLACEMENT_3D ( 'NONE', #5615, #5557, #2462 ) ;
#2249 = EDGE_LOOP ( 'NONE', ( #2380, #1161, #9367, #1480 ) ) ;
#2250 = ORIENTED_EDGE ( 'NONE', *, *, #1620, .T. ) ;
#2251 = SURFACE_SIDE_STYLE ('',( #3637 ) ) ;
#2252 = CARTESIAN_POINT ( 'NONE',  ( 6.349999999999997868, 3.000000000000000000, -0.6874509908007693237 ) ) ;
#2253 = CARTESIAN_POINT ( 'NONE',  ( 6.305925830945591670, -2.000000000000000000, -0.7110617430582412135 ) ) ;
#2254 = PRESENTATION_LAYER_ASSIGNMENT (  '', '', ( #10123 ) ) ;
#2255 = DIRECTION ( 'NONE',  ( 1.000000000000000000, -1.222978688985946960E-15, 0.000000000000000000 ) ) ;
#2256 = EDGE_CURVE ( 'NONE', #5963, #3823, #1892, .T. ) ;
#2257 = CARTESIAN_POINT ( 'NONE',  ( -6.349999999999996980, -6.704630743366730705, -0.6874509908007693237 ) ) ;
#2258 = ORIENTED_EDGE ( 'NONE', *, *, #9063, .F. ) ;
#2259 =( NAMED_UNIT ( * ) SI_UNIT ( $, .STERADIAN. ) SOLID_ANGLE_UNIT ( ) );
#2260 = PLANE ( 'NONE',  #5302 ) ;
#2261 = ADVANCED_FACE ( 'NONE', ( #8301 ), #2774, .F. ) ;
#2262 = CIRCLE ( 'NONE', #4421, 4.924999999999997158 ) ;
#2263 = EDGE_CURVE ( 'NONE', #7805, #2169, #5033, .T. ) ;
#2264 = CARTESIAN_POINT ( 'NONE',  ( -1.600000000000000089, -1.899999999999999689, 7.299999999999998934 ) ) ;
#2265 = CARTESIAN_POINT ( 'NONE',  ( -3.950000000000000178, 0.000000000000000000, 4.299999999999999822 ) ) ;
#2266 = EDGE_CURVE ( 'NONE', #2160, #4262, #9181, .T. ) ;
#2267 = DIRECTION ( 'NONE',  ( 0.000000000000000000, 0.000000000000000000, -1.000000000000000000 ) ) ;
#2268 = FACE_OUTER_BOUND ( 'NONE', #9058, .T. ) ;
#2269 =( NAMED_UNIT ( * ) SI_UNIT ( $, .STERADIAN. ) SOLID_ANGLE_UNIT ( ) );
#2270 = CARTESIAN_POINT ( 'NONE',  ( 5.000000000000000000, 5.800000000000000711, 3.500000000000001332 ) ) ;
#2271 = ORIENTED_EDGE ( 'NONE', *, *, #10196, .F. ) ;
#2272 = COLOUR_RGB ( '',0.1098039215686274495, 0.1098039215686274495, 0.1098039215686274495 ) ;
#2273 = VERTEX_POINT ( 'NONE', #6815 ) ;
#2274 = EDGE_CURVE ( 'NONE', #3658, #6566, #9855, .T. ) ;
#2275 = ORIENTED_EDGE ( 'NONE', *, *, #504, .T. ) ;
#2276 = EDGE_CURVE ( 'NONE', #840, #8888, #9734, .T. ) ;
#2277 = PLANE ( 'NONE',  #3993 ) ;
#2278 = UNCERTAINTY_MEASURE_WITH_UNIT (LENGTH_MEASURE( 1.000000000000000082E-05 ), #1949, 'distance_accuracy_value', 'NONE');
#2279 = AXIS2_PLACEMENT_3D ( 'NONE', #7879, #4570, #7824 ) ;
#2280 = DIRECTION ( 'NONE',  ( 0.4733177335606137404, 0.4620284873219664412, 0.7500000000000127676 ) ) ;
#2281 = CYLINDRICAL_SURFACE ( 'NONE', #7875, 0.1999999999999996503 ) ;
#2282 = FACE_OUTER_BOUND ( 'NONE', #6248, .T. ) ;
#2283 = FILL_AREA_STYLE_COLOUR ( '', #5890 ) ;
#2284 = CARTESIAN_POINT ( 'NONE',  ( -6.693412330956371115, 6.704630743366732482, -2.119339049353549331 ) ) ;
#2285 = MECHANICAL_DESIGN_GEOMETRIC_PRESENTATION_REPRESENTATION (  '', ( #4951 ), #2615 ) ;
#2286 = VECTOR ( 'NONE', #7298, 1000.000000000000000 ) ;
#2287 = SURFACE_STYLE_FILL_AREA ( #6321 ) ;
#2288 = ADVANCED_FACE ( 'NONE', ( #9035 ), #1080, .T. ) ;
#2289 = ORIENTED_EDGE ( 'NONE', *, *, #9657, .T. ) ;
#2290 = ORIENTED_EDGE ( 'NONE', *, *, #6942, .F. ) ;
#2291 = SURFACE_STYLE_USAGE ( .BOTH. , #8798 ) ;
#2292 = STYLED_ITEM ( 'NONE', ( #8343 ), #4304 ) ;
#2293 = MECHANICAL_DESIGN_GEOMETRIC_PRESENTATION_REPRESENTATION (  '', ( #2616 ), #3750 ) ;
#2294 = DIRECTION ( 'NONE',  ( -4.336808689942074534E-15, 0.000000000000000000, -1.000000000000000000 ) ) ;
#2295 = CARTESIAN_POINT ( 'NONE',  ( 6.953886316694596559, -3.000000000000000000, -2.268178905419202529 ) ) ;
#2296 = CARTESIAN_POINT ( 'NONE',  ( -6.000000000000000000, 0.000000000000000000, 1.146410165658807045 ) ) ;
#2297 = DIRECTION ( 'NONE',  ( 3.006455034846202744E-16, 0.000000000000000000, 1.000000000000000000 ) ) ;
#2298 = DIRECTION ( 'NONE',  ( 0.000000000000000000, 0.000000000000000000, -1.000000000000000000 ) ) ;
#2299 = VERTEX_POINT ( 'NONE', #6137 ) ;
#2300 = VECTOR ( 'NONE', #5016, 1000.000000000000000 ) ;
#2301 = ORIENTED_EDGE ( 'NONE', *, *, #9690, .T. ) ;
#2302 = FILL_AREA_STYLE ('',( #2963 ) ) ;
#2303 = PLANE ( 'NONE',  #5299 ) ;
#2304 = ORIENTED_EDGE ( 'NONE', *, *, #6879, .T. ) ;
#2305 = PLANE ( 'NONE',  #5581 ) ;
#2306 = COLOUR_RGB ( '',0.1098039215686274495, 0.1098039215686274495, 0.1098039215686274495 ) ;
#2307 = DIRECTION ( 'NONE',  ( 0.8682466191274125222, 0.000000000000000000, -0.4961328535521688510 ) ) ;
#2308 = CARTESIAN_POINT ( 'NONE',  ( 5.999999999999997335, 3.000000000000000000, -0.6874509908007685466 ) ) ;
#2309 = DIRECTION ( 'NONE',  ( -1.883124184714193481E-15, -9.387336522804436264E-31, -1.000000000000000000 ) ) ;
#2310 = CARTESIAN_POINT ( 'NONE',  ( -4.750000000000000000, -4.750000000000000000, 3.500000000000000444 ) ) ;
#2311 = SURFACE_SIDE_STYLE ('',( #3916 ) ) ;
#2312 = FILL_AREA_STYLE_COLOUR ( '', #4480 ) ;
#2313 =( NAMED_UNIT ( * ) SI_UNIT ( $, .STERADIAN. ) SOLID_ANGLE_UNIT ( ) );
#2314 = ORIENTED_EDGE ( 'NONE', *, *, #5283, .F. ) ;
#2315 = COLOUR_RGB ( '',0.5019607843137254832, 0.5019607843137254832, 0.5019607843137254832 ) ;
#2316 = STYLED_ITEM ( 'NONE', ( #9799 ), #8958 ) ;
#2317 = CARTESIAN_POINT ( 'NONE',  ( 0.7999999999999994893, 4.500000000000003553, -9.796850830579017080E-17 ) ) ;
#2318 = EDGE_CURVE ( 'NONE', #7012, #4290, #5286, .T. ) ;
#2319 = DIRECTION ( 'NONE',  ( 0.4961328535521701277, 0.000000000000000000, 0.8682466191274118561 ) ) ;
#2320 = LINE ( 'NONE', #9360, #9566 ) ;
#2321 = SURFACE_STYLE_USAGE ( .BOTH. , #6150 ) ;
#2322 = AXIS2_PLACEMENT_3D ( 'NONE', #8157, #9629, #7998 ) ;
#2323 = STYLED_ITEM ( 'NONE', ( #4109 ), #9312 ) ;
#2324 = EDGE_CURVE ( 'NONE', #820, #3634, #7018, .T. ) ;
#2325 = FILL_AREA_STYLE_COLOUR ( '', #1951 ) ;
#2326 = ORIENTED_EDGE ( 'NONE', *, *, #3913, .T. ) ;
#2327 = PRESENTATION_LAYER_ASSIGNMENT (  '', '', ( #3313 ) ) ;
#2328 = AXIS2_PLACEMENT_3D ( 'NONE', #2236, #7109, #5311 ) ;
#2329 = ORIENTED_EDGE ( 'NONE', *, *, #417, .F. ) ;
#2330 = EDGE_LOOP ( 'NONE', ( #9922, #8105, #4927, #4088, #1091, #5959 ) ) ;
#2331 = VERTEX_POINT ( 'NONE', #2874 ) ;
#2332 = MECHANICAL_DESIGN_GEOMETRIC_PRESENTATION_REPRESENTATION (  '', ( #6507 ), #3310 ) ;
#2333 =( LENGTH_UNIT ( ) NAMED_UNIT ( * ) SI_UNIT ( .MILLI., .METRE. ) );
#2334 = STYLED_ITEM ( 'NONE', ( #9851 ), #167 ) ;
#2335 = EDGE_CURVE ( 'NONE', #3144, #7683, #9076, .T. ) ;
#2336 =( LENGTH_UNIT ( ) NAMED_UNIT ( * ) SI_UNIT ( .MILLI., .METRE. ) );
#2337 = DIRECTION ( 'NONE',  ( 0.000000000000000000, -1.000000000000000000, 1.229047034060778207E-14 ) ) ;
#2338 = DIRECTION ( 'NONE',  ( -0.000000000000000000, -0.000000000000000000, -1.000000000000000000 ) ) ;
#2339 = ADVANCED_FACE ( 'NONE', ( #3751 ), #10270, .F. ) ;
#2340 = VECTOR ( 'NONE', #5120, 1000.000000000000000 ) ;
#2341 =( NAMED_UNIT ( * ) SI_UNIT ( $, .STERADIAN. ) SOLID_ANGLE_UNIT ( ) );
#2342 = VERTEX_POINT ( 'NONE', #10214 ) ;
#2343 = ORIENTED_EDGE ( 'NONE', *, *, #614, .F. ) ;
#2344 = CARTESIAN_POINT ( 'NONE',  ( -6.953886316694594782, 6.704630743366732482, -2.268178905419199864 ) ) ;
#2345 = CARTESIAN_POINT ( 'NONE',  ( 5.700000000000000178, 1.891518204694829786, 3.499999999999999112 ) ) ;
#2346 = DIRECTION ( 'NONE',  ( 1.250412551117387285E-75, 1.000000000000000000, -3.042580924680819946E-45 ) ) ;
#2347 =( NAMED_UNIT ( * ) PLANE_ANGLE_UNIT ( ) SI_UNIT ( $, .RADIAN. ) );
#2348 = EDGE_CURVE ( 'NONE', #6566, #7722, #5444, .T. ) ;
#2349 = DIRECTION ( 'NONE',  ( 0.000000000000000000, 0.000000000000000000, 1.000000000000000000 ) ) ;
#2350 = DIRECTION ( 'NONE',  ( 5.292964219874702812E-15, -1.256337252201266738E-14, -1.000000000000000000 ) ) ;
#2351 = PRESENTATION_STYLE_ASSIGNMENT (( #793 ) ) ;
#2352 = SURFACE_STYLE_USAGE ( .BOTH. , #8705 ) ;
#2353 = ORIENTED_EDGE ( 'NONE', *, *, #4688, .T. ) ;
#2354 = STYLED_ITEM ( 'NONE', ( #116 ), #508 ) ;
#2355 = DIRECTION ( 'NONE',  ( -0.8682466191274121892, 9.142909181781894098E-17, -0.4961328535521695726 ) ) ;
#2356 = ORIENTED_EDGE ( 'NONE', *, *, #5857, .T. ) ;
#2357 = CARTESIAN_POINT ( 'NONE',  ( 2.250000000009879653, -5.700000000000001066, 3.499999999999998668 ) ) ;
#2358 = AXIS2_PLACEMENT_3D ( 'NONE', #4317, #2695, #1821 ) ;
#2359 = CARTESIAN_POINT ( 'NONE',  ( 6.212785798360256351, -2.499999999999999556, -2.960449165327016186 ) ) ;
#2360 = AXIS2_PLACEMENT_3D ( 'NONE', #4268, #9940, #2660 ) ;
#2361 = CARTESIAN_POINT ( 'NONE',  ( 5.000000000000000000, 5.000000000000000000, 0.2000000000000000944 ) ) ;
#2362 = COLOUR_RGB ( '',0.1098039215686274495, 0.1098039215686274495, 0.1098039215686274495 ) ;
#2363 = LINE ( 'NONE', #805, #2761 ) ;
#2364 = PRESENTATION_STYLE_ASSIGNMENT (( #218 ) ) ;
#2365 = DIRECTION ( 'NONE',  ( -1.000000000000000000, 0.000000000000000000, -0.000000000000000000 ) ) ;
#2366 = ORIENTED_EDGE ( 'NONE', *, *, #3076, .F. ) ;
#2367 = VECTOR ( 'NONE', #10287, 1000.000000000000000 ) ;
#2368 = STYLED_ITEM ( 'NONE', ( #953 ), #1062 ) ;
#2369 = UNCERTAINTY_MEASURE_WITH_UNIT (LENGTH_MEASURE( 1.000000000000000082E-05 ), #9219, 'distance_accuracy_value', 'NONE');
#2370 = SURFACE_STYLE_FILL_AREA ( #711 ) ;
#2371 = CARTESIAN_POINT ( 'NONE',  ( 5.000000000000000000, 5.700000000000000178, 3.500000000000000000 ) ) ;
#2372 = DIRECTION ( 'NONE',  ( -1.000000000000000000, 0.000000000000000000, 0.000000000000000000 ) ) ;
#2373 = PRESENTATION_STYLE_ASSIGNMENT (( #7140 ) ) ;
#2374 =( NAMED_UNIT ( * ) PLANE_ANGLE_UNIT ( ) SI_UNIT ( $, .RADIAN. ) );
#2375 = STYLED_ITEM ( 'NONE', ( #4809 ), #5190 ) ;
#2376 = COLOUR_RGB ( '',0.5019607843137254832, 0.5019607843137254832, 0.5019607843137254832 ) ;
#2377 = FILL_AREA_STYLE ('',( #613 ) ) ;
#2378 = ORIENTED_EDGE ( 'NONE', *, *, #3789, .F. ) ;
#2379 = CIRCLE ( 'NONE', #551, 5.175000000000000711 ) ;
#2380 = ORIENTED_EDGE ( 'NONE', *, *, #8165, .T. ) ;
#2381 = ORIENTED_EDGE ( 'NONE', *, *, #6619, .F. ) ;
#2382 = ORIENTED_EDGE ( 'NONE', *, *, #1692, .T. ) ;
#2383 = VECTOR ( 'NONE', #5607, 1000.000000000000000 ) ;
#2384 = COLOUR_RGB ( '',1.000000000000000000, 1.000000000000000000, 1.000000000000000000 ) ;
#2385 = CARTESIAN_POINT ( 'NONE',  ( -4.750000000000000000, 4.750000000000000000, 3.600000000000001421 ) ) ;
#2386 = UNCERTAINTY_MEASURE_WITH_UNIT (LENGTH_MEASURE( 1.000000000000000082E-05 ), #6929, 'distance_accuracy_value', 'NONE');
#2387 = VECTOR ( 'NONE', #4209, 1000.000000000000227 ) ;
#2388 = CIRCLE ( 'NONE', #5912, 0.8000000000000003775 ) ;
#2389 = CARTESIAN_POINT ( 'NONE',  ( -3.600000000000001421, -6.000000000000000000, 3.644339654338649925 ) ) ;
#2390 =( NAMED_UNIT ( * ) PLANE_ANGLE_UNIT ( ) SI_UNIT ( $, .RADIAN. ) );
#2391 = CARTESIAN_POINT ( 'NONE',  ( -5.800000000000000711, -3.500000000000000444, 0.2000000000000000944 ) ) ;
#2392 = MECHANICAL_DESIGN_GEOMETRIC_PRESENTATION_REPRESENTATION (  '', ( #2544 ), #5381 ) ;
#2393 = CARTESIAN_POINT ( 'NONE',  ( -5.271558449006358948, 1.324581074942560832, 3.199999999999982858 ) ) ;
#2394 = CARTESIAN_POINT ( 'NONE',  ( 0.7999999999999994893, 4.500000000000003553, 0.000000000000000000 ) ) ;
#2395 =( LENGTH_UNIT ( ) NAMED_UNIT ( * ) SI_UNIT ( .MILLI., .METRE. ) );
#2396 = DIRECTION ( 'NONE',  ( 0.000000000000000000, 1.000000000000000000, 0.000000000000000000 ) ) ;
#2397 = VERTEX_POINT ( 'NONE', #2253 ) ;
#2398 = ORIENTED_EDGE ( 'NONE', *, *, #4572, .T. ) ;
#2399 = FILL_AREA_STYLE_COLOUR ( '', #8858 ) ;
#2400 = COLOUR_RGB ( '',0.5019607843137254832, 0.5019607843137254832, 0.5019607843137254832 ) ;
#2401 = EDGE_CURVE ( 'NONE', #440, #7805, #6562, .T. ) ;
#2402 = LINE ( 'NONE', #10357, #4741 ) ;
#2403 = EDGE_CURVE ( 'NONE', #6971, #5769, #893, .T. ) ;
#2404 = DIRECTION ( 'NONE',  ( -0.000000000000000000, -1.000000000000000000, -0.000000000000000000 ) ) ;
#2405 = CARTESIAN_POINT ( 'NONE',  ( -6.300000004164958867, 3.000000000000000000, 6.564159265358979312 ) ) ;
#2406 = AXIS2_PLACEMENT_3D ( 'NONE', #2785, #9091, #9244 ) ;
#2407 = DIRECTION ( 'NONE',  ( -1.000000000000000000, 0.000000000000000000, 0.000000000000000000 ) ) ;
#2408 = SURFACE_STYLE_FILL_AREA ( #61 ) ;
#2409 = DIRECTION ( 'NONE',  ( 0.1611885087261777649, -0.6414968937216474210, 0.7500000000000722755 ) ) ;
#2410 = DIRECTION ( 'NONE',  ( -1.000000000000000000, 0.000000000000000000, 1.301042606982553098E-14 ) ) ;
#2411 = ORIENTED_EDGE ( 'NONE', *, *, #8165, .F. ) ;
#2412 = ORIENTED_EDGE ( 'NONE', *, *, #5393, .T. ) ;
#2413 = SURFACE_STYLE_USAGE ( .BOTH. , #1416 ) ;
#2414 = CARTESIAN_POINT ( 'NONE',  ( -6.693412330956372891, -6.704630743366730705, -2.119339049353550219 ) ) ;
#2415 = ORIENTED_EDGE ( 'NONE', *, *, #9263, .T. ) ;
#2416 = VECTOR ( 'NONE', #865, 1000.000000000000000 ) ;
#2417 = AXIS2_PLACEMENT_3D ( 'NONE', #1025, #7401, #3976 ) ;
#2418 = CARTESIAN_POINT ( 'NONE',  ( 5.000000000000000000, -5.800000000000000711, 3.499999999999999556 ) ) ;
#2419 = PLANE ( 'NONE',  #2360 ) ;
#2420 =( GEOMETRIC_REPRESENTATION_CONTEXT ( 3 ) GLOBAL_UNCERTAINTY_ASSIGNED_CONTEXT ( ( #10048 ) ) GLOBAL_UNIT_ASSIGNED_CONTEXT ( ( #6008, #5199, #1240 ) ) REPRESENTATION_CONTEXT ( 'NONE', 'WORKASPACE' ) );
#2421 = DIRECTION ( 'NONE',  ( 1.053031360026544826E-16, 1.000000000000000000, 0.000000000000000000 ) ) ;
#2422 = LINE ( 'NONE', #7288, #5883 ) ;
#2423 = CARTESIAN_POINT ( 'NONE',  ( 5.399999999999927525, -2.249999999999976907, 3.200000000000009059 ) ) ;
#2424 = FACE_OUTER_BOUND ( 'NONE', #3476, .T. ) ;
#2425 = AXIS2_PLACEMENT_3D ( 'NONE', #6796, #9979, #10044 ) ;
#2426 = CARTESIAN_POINT ( 'NONE',  ( 6.000000000000015099, -2.000000000000000000, 5.364159265358978246 ) ) ;
#2427 = CARTESIAN_POINT ( 'NONE',  ( 6.041480816619163363, 3.000000000000000000, -0.8527262566030736624 ) ) ;
#2428 = DIRECTION ( 'NONE',  ( -0.000000000000000000, 1.000000000000000000, -0.000000000000000000 ) ) ;
#2429 = SURFACE_STYLE_USAGE ( .BOTH. , #3921 ) ;
#2430 = DIRECTION ( 'NONE',  ( -7.488284227493696901E-15, -1.000000000000000000, -1.027427521298023284E-31 ) ) ;
#2431 = DIRECTION ( 'NONE',  ( 1.053031360026544826E-16, 1.000000000000000000, 0.000000000000000000 ) ) ;
#2432 = DIRECTION ( 'NONE',  ( -0.000000000000000000, 1.000000000000000000, -0.000000000000000000 ) ) ;
#2433 = PLANE ( 'NONE',  #2735 ) ;
#2434 = PRESENTATION_LAYER_ASSIGNMENT (  '', '', ( #4744 ) ) ;
#2435 = CARTESIAN_POINT ( 'NONE',  ( 5.800000000000000711, -3.500000000000000000, 0.000000000000000000 ) ) ;
#2436 = LINE ( 'NONE', #5632, #9659 ) ;
#2437 = ORIENTED_EDGE ( 'NONE', *, *, #618, .F. ) ;
#2438 = ORIENTED_EDGE ( 'NONE', *, *, #6161, .F. ) ;
#2439 = PRESENTATION_LAYER_ASSIGNMENT (  '', '', ( #4251 ) ) ;
#2440 = EDGE_LOOP ( 'NONE', ( #5884, #4783, #2128, #3589 ) ) ;
#2441 = VERTEX_POINT ( 'NONE', #1516 ) ;
#2442 = SURFACE_SIDE_STYLE ('',( #8210 ) ) ;
#2443 = CYLINDRICAL_SURFACE ( 'NONE', #9647, 0.4000000000000001887 ) ;
#2444 = FILL_AREA_STYLE_COLOUR ( '', #2692 ) ;
#2445 = EDGE_LOOP ( 'NONE', ( #357, #1952 ) ) ;
#2446 = ORIENTED_EDGE ( 'NONE', *, *, #10094, .T. ) ;
#2447 = LINE ( 'NONE', #3216, #5429 ) ;
#2448 = CARTESIAN_POINT ( 'NONE',  ( 6.000000000000000000, 0.000000000000000000, 0.1999999999999997058 ) ) ;
#2449 = EDGE_CURVE ( 'NONE', #2481, #5398, #3196, .T. ) ;
#2450 = DIRECTION ( 'NONE',  ( 2.168404344971021884E-15, -3.657375328517790370E-12, -1.000000000000000000 ) ) ;
#2451 = CARTESIAN_POINT ( 'NONE',  ( 1.599999999999029754, 1.899999999999999689, 7.000000000000098588 ) ) ;
#2452 = MECHANICAL_DESIGN_GEOMETRIC_PRESENTATION_REPRESENTATION (  '', ( #2780 ), #4438 ) ;
#2453 = CARTESIAN_POINT ( 'NONE',  ( 1.899999999999999911, 0.000000000000000000, 5.500000000000000000 ) ) ;
#2454 = EDGE_CURVE ( 'NONE', #7409, #3659, #1061, .T. ) ;
#2455 = FILL_AREA_STYLE ('',( #744 ) ) ;
#2456 = EDGE_CURVE ( 'NONE', #7423, #5637, #4016, .T. ) ;
#2457 =( NAMED_UNIT ( * ) SI_UNIT ( $, .STERADIAN. ) SOLID_ANGLE_UNIT ( ) );
#2458 = ORIENTED_EDGE ( 'NONE', *, *, #5233, .T. ) ;
#2459 = EDGE_LOOP ( 'NONE', ( #4007, #291, #9499, #3273 ) ) ;
#2460 = DIRECTION ( 'NONE',  ( 0.9805806756904615895, -0.1961161351404769049, 0.000000000000000000 ) ) ;
#2461 = AXIS2_PLACEMENT_3D ( 'NONE', #2480, #1743, #7351 ) ;
#2462 = DIRECTION ( 'NONE',  ( 0.000000000000000000, 0.000000000000000000, -1.000000000000000000 ) ) ;
#2463 = CARTESIAN_POINT ( 'NONE',  ( -1.891518204694832672, -5.434587693179138590, 3.600000000000003197 ) ) ;
#2464 = CARTESIAN_POINT ( 'NONE',  ( -1.899999999999999911, -1.500000000000000000, 4.299999999999999822 ) ) ;
#2465 = DIRECTION ( 'NONE',  ( 1.000000000000000000, -0.000000000000000000, 0.000000000000000000 ) ) ;
#2466 = UNCERTAINTY_MEASURE_WITH_UNIT (LENGTH_MEASURE( 1.000000000000000082E-05 ), #2333, 'distance_accuracy_value', 'NONE');
#2467 = EDGE_CURVE ( 'NONE', #9673, #9135, #6227, .T. ) ;
#2468 = CARTESIAN_POINT ( 'NONE',  ( 2.263624949574436052, 5.432699878978661800, 3.200000000000013944 ) ) ;
#2469 = CIRCLE ( 'NONE', #3947, 0.03542486889416933404 ) ;
#2470 = DIRECTION ( 'NONE',  ( -1.000000000000000000, 0.000000000000000000, 0.000000000000000000 ) ) ;
#2471 = ORIENTED_EDGE ( 'NONE', *, *, #3003, .T. ) ;
#2472 = ADVANCED_FACE ( 'NONE', ( #7240 ), #1612, .T. ) ;
#2473 = COLOUR_RGB ( '',0.5019607843137254832, 0.5019607843137254832, 0.5019607843137254832 ) ;
#2474 = APPLICATION_PROTOCOL_DEFINITION ( 'draft international standard', 'automotive_design', 1998, #5460 ) ;
#2475 = UNCERTAINTY_MEASURE_WITH_UNIT (LENGTH_MEASURE( 1.000000000000000082E-05 ), #727, 'distance_accuracy_value', 'NONE');
#2476 = AXIS2_PLACEMENT_3D ( 'NONE', #10255, #7794, #638 ) ;
#2477 = SURFACE_SIDE_STYLE ('',( #3926 ) ) ;
#2478 = CARTESIAN_POINT ( 'NONE',  ( -5.700000000000001954, -1.891518204694834004, 3.499999999999999556 ) ) ;
#2479 = EDGE_CURVE ( 'NONE', #5509, #2614, #7128, .T. ) ;
#2480 = CARTESIAN_POINT ( 'NONE',  ( -5.819112848942164185, -1.462164714140039790, 3.499999999999999556 ) ) ;
#2481 = VERTEX_POINT ( 'NONE', #8870 ) ;
#2482 = PRESENTATION_LAYER_ASSIGNMENT (  '', '', ( #6662 ) ) ;
#2483 = VERTEX_POINT ( 'NONE', #2464 ) ;
#2484 = ORIENTED_EDGE ( 'NONE', *, *, #2581, .T. ) ;
#2485 = ORIENTED_EDGE ( 'NONE', *, *, #10350, .F. ) ;
#2486 =( NAMED_UNIT ( * ) SI_UNIT ( $, .STERADIAN. ) SOLID_ANGLE_UNIT ( ) );
#2487 = PRESENTATION_LAYER_ASSIGNMENT (  '', '', ( #9024 ) ) ;
#2488 = AXIS2_PLACEMENT_3D ( 'NONE', #2104, #9498, #4655 ) ;
#2489 = FILL_AREA_STYLE_COLOUR ( '', #1812 ) ;
#2490 = ORIENTED_EDGE ( 'NONE', *, *, #755, .F. ) ;
#2491 = ORIENTED_EDGE ( 'NONE', *, *, #8255, .F. ) ;
#2492 = AXIS2_PLACEMENT_3D ( 'NONE', #9707, #2519, #1740 ) ;
#2493 = CARTESIAN_POINT ( 'NONE',  ( -1.462164714140032684, 5.819112848942159744, 3.200000000000009504 ) ) ;
#2494 = CIRCLE ( 'NONE', #8868, 0.3000000000000753730 ) ;
#2495 = CARTESIAN_POINT ( 'NONE',  ( -2.604402120647289820, -5.500000000000000000, 3.558172177954770365 ) ) ;
#2496 = FILL_AREA_STYLE_COLOUR ( '', #6490 ) ;
#2497 = MECHANICAL_DESIGN_GEOMETRIC_PRESENTATION_REPRESENTATION (  '', ( #7359 ), #9202 ) ;
#2498 = DIRECTION ( 'NONE',  ( -0.4961328535521698502, 0.000000000000000000, -0.8682466191274119671 ) ) ;
#2499 = ADVANCED_FACE ( 'NONE', ( #6292 ), #8575, .T. ) ;
#2500 = CARTESIAN_POINT ( 'NONE',  ( -5.999999999999998224, -2.999999999999999112, 0.2000000000000002887 ) ) ;
#2501 = ORIENTED_EDGE ( 'NONE', *, *, #9820, .F. ) ;
#2502 = ORIENTED_EDGE ( 'NONE', *, *, #2454, .T. ) ;
#2503 =( LENGTH_UNIT ( ) NAMED_UNIT ( * ) SI_UNIT ( .MILLI., .METRE. ) );
#2504 = FILL_AREA_STYLE_COLOUR ( '', #4794 ) ;
#2505 = ORIENTED_EDGE ( 'NONE', *, *, #43, .F. ) ;
#2506 = LINE ( 'NONE', #5711, #9749 ) ;
#2507 =( GEOMETRIC_REPRESENTATION_CONTEXT ( 3 ) GLOBAL_UNCERTAINTY_ASSIGNED_CONTEXT ( ( #8145 ) ) GLOBAL_UNIT_ASSIGNED_CONTEXT ( ( #10052, #2093, #5328 ) ) REPRESENTATION_CONTEXT ( 'NONE', 'WORKASPACE' ) );
#2508 = CARTESIAN_POINT ( 'NONE',  ( 6.305925830945591670, -3.000000000000000000, -0.7110617430582412135 ) ) ;
#2509 = PRESENTATION_STYLE_ASSIGNMENT (( #8814 ) ) ;
#2510 = CARTESIAN_POINT ( 'NONE',  ( 5.424745029542295427, -1.866168552841665385, 3.200000000000041034 ) ) ;
#2511 = CARTESIAN_POINT ( 'NONE',  ( 5.000000000000000000, -5.000000000000001776, 3.300000000000001155 ) ) ;
#2512 = LINE ( 'NONE', #8817, #8161 ) ;
#2513 =( NAMED_UNIT ( * ) PLANE_ANGLE_UNIT ( ) SI_UNIT ( $, .RADIAN. ) );
#2514 = SURFACE_STYLE_FILL_AREA ( #289 ) ;
#2515 = CARTESIAN_POINT ( 'NONE',  ( -4.526324040001468596, -3.975348698380241519, 3.577874614043628831 ) ) ;
#2516 = DIRECTION ( 'NONE',  ( 0.000000000000000000, 0.000000000000000000, -1.000000000000000000 ) ) ;
#2517 = COLOUR_RGB ( '',0.1098039215686274495, 0.1098039215686274495, 0.1098039215686274495 ) ;
#2518 = FILL_AREA_STYLE ('',( #9706 ) ) ;
#2519 = DIRECTION ( 'NONE',  ( 0.000000000000000000, -1.000000000000000000, 0.000000000000000000 ) ) ;
#2520 = EDGE_CURVE ( 'NONE', #7199, #3180, #5204, .T. ) ;
#2521 = CARTESIAN_POINT ( 'NONE',  ( 5.700000000000000178, 5.000000000000000000, 3.500000000000000000 ) ) ;
#2522 = CIRCLE ( 'NONE', #1381, 6.150000000000002132 ) ;
#2523 =( NAMED_UNIT ( * ) SI_UNIT ( $, .STERADIAN. ) SOLID_ANGLE_UNIT ( ) );
#2524 = AXIS2_PLACEMENT_3D ( 'NONE', #7611, #452, #6827 ) ;
#2525 = ORIENTED_EDGE ( 'NONE', *, *, #987, .F. ) ;
#2526 = EDGE_LOOP ( 'NONE', ( #8586, #2412, #2382, #8349 ) ) ;
#2527 = CIRCLE ( 'NONE', #3174, 0.04999999999999969746 ) ;
#2528 = EDGE_LOOP ( 'NONE', ( #4596, #2146 ) ) ;
#2529 = ORIENTED_EDGE ( 'NONE', *, *, #10350, .T. ) ;
#2530 = DIRECTION ( 'NONE',  ( -1.000000000000000000, 0.000000000000000000, 0.000000000000000000 ) ) ;
#2531 = PLANE ( 'NONE',  #3544 ) ;
#2532 = SURFACE_STYLE_FILL_AREA ( #1799 ) ;
#2533 = AXIS2_PLACEMENT_3D ( 'NONE', #974, #1682, #4134 ) ;
#2534 = EDGE_CURVE ( 'NONE', #7454, #1559, #3484, .T. ) ;
#2535 = SURFACE_STYLE_USAGE ( .BOTH. , #4148 ) ;
#2536 = CIRCLE ( 'NONE', #7732, 0.3499999999999996447 ) ;
#2537 = SURFACE_STYLE_FILL_AREA ( #4149 ) ;
#2538 = VECTOR ( 'NONE', #8171, 1000.000000000000000 ) ;
#2539 = VECTOR ( 'NONE', #9649, 1000.000000000000000 ) ;
#2540 = ORIENTED_EDGE ( 'NONE', *, *, #3461, .T. ) ;
#2541 = VERTEX_POINT ( 'NONE', #3332 ) ;
#2542 = CIRCLE ( 'NONE', #6894, 0.03542486889355871138 ) ;
#2543 = DIRECTION ( 'NONE',  ( 0.000000000000000000, 0.000000000000000000, 1.000000000000000000 ) ) ;
#2544 = STYLED_ITEM ( 'NONE', ( #3741 ), #2765 ) ;
#2545 = DIRECTION ( 'NONE',  ( -1.000000000000000000, 0.000000000000000000, 0.000000000000000000 ) ) ;
#2546 = DIRECTION ( 'NONE',  ( 0.000000000000000000, -1.000000000000000000, 0.000000000000000000 ) ) ;
#2547 = SURFACE_SIDE_STYLE ('',( #4845 ) ) ;
#2548 = TOROIDAL_SURFACE ( 'NONE', #8267, 0.03542486889351274121, 0.4000000000000188405 ) ;
#2549 =( NAMED_UNIT ( * ) PLANE_ANGLE_UNIT ( ) SI_UNIT ( $, .RADIAN. ) );
#2550 = CARTESIAN_POINT ( 'NONE',  ( 6.694074169054410106, 6.704630743366732482, -2.070921654418466762 ) ) ;
#2551 = ORIENTED_EDGE ( 'NONE', *, *, #5614, .F. ) ;
#2552 = STYLED_ITEM ( 'NONE', ( #8579 ), #3016 ) ;
#2553 = VERTEX_POINT ( 'NONE', #7488 ) ;
#2554 = FACE_OUTER_BOUND ( 'NONE', #667, .T. ) ;
#2555 = DIRECTION ( 'NONE',  ( 0.000000000000000000, 0.000000000000000000, -1.000000000000000000 ) ) ;
#2556 = ORIENTED_EDGE ( 'NONE', *, *, #6322, .T. ) ;
#2557 = SURFACE_STYLE_USAGE ( .BOTH. , #3429 ) ;
#2558 = VECTOR ( 'NONE', #5995, 1000.000000000000000 ) ;
#2559 = SURFACE_STYLE_FILL_AREA ( #6650 ) ;
#2560 = DIRECTION ( 'NONE',  ( -0.000000000000000000, -0.000000000000000000, 1.000000000000000000 ) ) ;
#2561 = CIRCLE ( 'NONE', #2229, 0.3999999999999948597 ) ;
#2562 = FACE_OUTER_BOUND ( 'NONE', #8730, .T. ) ;
#2563 = AXIS2_PLACEMENT_3D ( 'NONE', #10115, #7759, #9346 ) ;
#2564 = CARTESIAN_POINT ( 'NONE',  ( -6.000000000000000000, 3.000000000000000000, 0.1999999999999997058 ) ) ;
#2565 = UNCERTAINTY_MEASURE_WITH_UNIT (LENGTH_MEASURE( 1.000000000000000082E-05 ), #3938, 'distance_accuracy_value', 'NONE');
#2566 = DIRECTION ( 'NONE',  ( 0.000000000000000000, 0.000000000000000000, -1.000000000000000000 ) ) ;
#2567 = CARTESIAN_POINT ( 'NONE',  ( 5.000000000000000000, 5.800000000000000711, 3.299999999999999822 ) ) ;
#2568 = VECTOR ( 'NONE', #7072, 1000.000000000000114 ) ;
#2569 = ORIENTED_EDGE ( 'NONE', *, *, #6432, .F. ) ;
#2570 =( GEOMETRIC_REPRESENTATION_CONTEXT ( 3 ) GLOBAL_UNCERTAINTY_ASSIGNED_CONTEXT ( ( #9846 ) ) GLOBAL_UNIT_ASSIGNED_CONTEXT ( ( #3294, #5629, #1681 ) ) REPRESENTATION_CONTEXT ( 'NONE', 'WORKASPACE' ) );
#2571 =( NAMED_UNIT ( * ) SI_UNIT ( $, .STERADIAN. ) SOLID_ANGLE_UNIT ( ) );
#2572 =( LENGTH_UNIT ( ) NAMED_UNIT ( * ) SI_UNIT ( .MILLI., .METRE. ) );
#2573 = UNCERTAINTY_MEASURE_WITH_UNIT (LENGTH_MEASURE( 1.000000000000000082E-05 ), #2190, 'distance_accuracy_value', 'NONE');
#2574 =( NAMED_UNIT ( * ) SI_UNIT ( $, .STERADIAN. ) SOLID_ANGLE_UNIT ( ) );
#2575 = STYLED_ITEM ( 'NONE', ( #4525 ), #8568 ) ;
#2576 = PRESENTATION_LAYER_ASSIGNMENT (  '', '', ( #1415 ) ) ;
#2577 = EDGE_CURVE ( 'NONE', #1747, #395, #722, .T. ) ;
#2578 = DIRECTION ( 'NONE',  ( -1.000000000000000000, 0.000000000000000000, 0.000000000000000000 ) ) ;
#2579 = SURFACE_STYLE_USAGE ( .BOTH. , #1029 ) ;
#2580 = ORIENTED_EDGE ( 'NONE', *, *, #1577, .T. ) ;
#2581 = EDGE_CURVE ( 'NONE', #5290, #2133, #2046, .T. ) ;
#2582 = EDGE_CURVE ( 'NONE', #4064, #3103, #385, .T. ) ;
#2583 = AXIS2_PLACEMENT_3D ( 'NONE', #5603, #7360, #6622 ) ;
#2584 = PRESENTATION_LAYER_ASSIGNMENT (  '', '', ( #8626 ) ) ;
#2585 = SURFACE_STYLE_FILL_AREA ( #4980 ) ;
#2586 = CARTESIAN_POINT ( 'NONE',  ( 0.000000000000000000, -4.500000000000003553, -1.199999999999998845 ) ) ;
#2587 =( NAMED_UNIT ( * ) PLANE_ANGLE_UNIT ( ) SI_UNIT ( $, .RADIAN. ) );
#2588 = DIRECTION ( 'NONE',  ( 0.000000000000000000, 1.000000000000000000, 0.000000000000000000 ) ) ;
#2589 =( NAMED_UNIT ( * ) PLANE_ANGLE_UNIT ( ) SI_UNIT ( $, .RADIAN. ) );
#2590 = DIRECTION ( 'NONE',  ( 0.000000000000000000, 0.000000000000000000, -1.000000000000000000 ) ) ;
#2591 = EDGE_CURVE ( 'NONE', #9954, #980, #1371, .T. ) ;
#2592 = ORIENTED_EDGE ( 'NONE', *, *, #4187, .F. ) ;
#2593 = EDGE_CURVE ( 'NONE', #3670, #4571, #1152, .T. ) ;
#2594 = EDGE_LOOP ( 'NONE', ( #6513, #8526, #5976, #2490, #8216, #4850 ) ) ;
#2595 = EDGE_LOOP ( 'NONE', ( #3080, #6820, #946, #9143 ) ) ;
#2596 = CARTESIAN_POINT ( 'NONE',  ( -4.399999999999998579, 5.000000000000000000, 0.000000000000000000 ) ) ;
#2597 = CARTESIAN_POINT ( 'NONE',  ( -6.159705218919227399, 2.062903407891059970, -3.053341690607342507 ) ) ;
#2598 = EDGE_CURVE ( 'NONE', #4008, #4978, #330, .T. ) ;
#2599 = DIRECTION ( 'NONE',  ( 0.000000000000000000, 1.000000000000000000, 0.000000000000000000 ) ) ;
#2600 = STYLED_ITEM ( 'NONE', ( #7491 ), #3648 ) ;
#2601 = ORIENTED_EDGE ( 'NONE', *, *, #6172, .T. ) ;
#2602 = UNCERTAINTY_MEASURE_WITH_UNIT (LENGTH_MEASURE( 1.000000000000000082E-05 ), #2102, 'distance_accuracy_value', 'NONE');
#2603 = EDGE_LOOP ( 'NONE', ( #1236, #6323, #1057, #5122 ) ) ;
#2604 = DIRECTION ( 'NONE',  ( 0.000000000000000000, -1.000000000000000000, 0.000000000000000000 ) ) ;
#2605 = ORIENTED_EDGE ( 'NONE', *, *, #3696, .F. ) ;
#2606 = CARTESIAN_POINT ( 'NONE',  ( 0.000000000000000000, -4.500000000000003553, 0.000000000000000000 ) ) ;
#2607 = SURFACE_STYLE_FILL_AREA ( #3387 ) ;
#2608 = CARTESIAN_POINT ( 'NONE',  ( -0.7999999999999994893, -4.500000000000003553, 0.000000000000000000 ) ) ;
#2609 =( NAMED_UNIT ( * ) PLANE_ANGLE_UNIT ( ) SI_UNIT ( $, .RADIAN. ) );
#2610 = FILL_AREA_STYLE ('',( #9848 ) ) ;
#2611 = EDGE_CURVE ( 'NONE', #5804, #169, #3366, .T. ) ;
#2612 = DIRECTION ( 'NONE',  ( -4.336808689942028583E-16, -9.403954806578348233E-32, 1.000000000000000000 ) ) ;
#2613 = DIRECTION ( 'NONE',  ( 0.8814833810881022025, 0.000000000000000000, -0.4722150451494400158 ) ) ;
#2614 = VERTEX_POINT ( 'NONE', #5827 ) ;
#2615 =( GEOMETRIC_REPRESENTATION_CONTEXT ( 3 ) GLOBAL_UNCERTAINTY_ASSIGNED_CONTEXT ( ( #724 ) ) GLOBAL_UNIT_ASSIGNED_CONTEXT ( ( #295, #4034, #2523 ) ) REPRESENTATION_CONTEXT ( 'NONE', 'WORKASPACE' ) );
#2616 = STYLED_ITEM ( 'NONE', ( #4492 ), #3416 ) ;
#2617 = CARTESIAN_POINT ( 'NONE',  ( -6.305925830945592558, -6.704630743366730705, -0.7110617430582415466 ) ) ;
#2618 = DIRECTION ( 'NONE',  ( 0.000000000000000000, 1.000000000000000000, 0.000000000000000000 ) ) ;
#2619 =( LENGTH_UNIT ( ) NAMED_UNIT ( * ) SI_UNIT ( .MILLI., .METRE. ) );
#2620 =( LENGTH_UNIT ( ) NAMED_UNIT ( * ) SI_UNIT ( .MILLI., .METRE. ) );
#2621 =( LENGTH_UNIT ( ) NAMED_UNIT ( * ) SI_UNIT ( .MILLI., .METRE. ) );
#2622 = ORIENTED_EDGE ( 'NONE', *, *, #625, .F. ) ;
#2623 = COLOUR_RGB ( '',1.000000000000000000, 1.000000000000000000, 1.000000000000000000 ) ;
#2624 = ORIENTED_EDGE ( 'NONE', *, *, #877, .T. ) ;
#2625 = COLOUR_RGB ( '',1.000000000000000000, 1.000000000000000000, 1.000000000000000000 ) ;
#2626 = EDGE_CURVE ( 'NONE', #3117, #1159, #4271, .T. ) ;
#2627 = CARTESIAN_POINT ( 'NONE',  ( -6.649999999999999467, 6.704630743366732482, -2.094532406675940983 ) ) ;
#2628 = CIRCLE ( 'NONE', #2943, 0.4000000000000001887 ) ;
#2629 = ADVANCED_FACE ( 'NONE', ( #5928 ), #6754, .T. ) ;
#2630 = DIRECTION ( 'NONE',  ( -1.000000000000000000, -2.168404344971010446E-15, 0.000000000000000000 ) ) ;
#2631 =( LENGTH_UNIT ( ) NAMED_UNIT ( * ) SI_UNIT ( .MILLI., .METRE. ) );
#2632 = STYLED_ITEM ( 'NONE', ( #111 ), #9600 ) ;
#2633 = MECHANICAL_DESIGN_GEOMETRIC_PRESENTATION_REPRESENTATION (  '', ( #152 ), #4460 ) ;
#2634 = EDGE_LOOP ( 'NONE', ( #5872, #9109 ) ) ;
#2635 =( NAMED_UNIT ( * ) PLANE_ANGLE_UNIT ( ) SI_UNIT ( $, .RADIAN. ) );
#2636 = STYLED_ITEM ( 'NONE', ( #8507 ), #10326 ) ;
#2637 = VERTEX_POINT ( 'NONE', #2759 ) ;
#2638 = SURFACE_STYLE_USAGE ( .BOTH. , #898 ) ;
#2639 = MECHANICAL_DESIGN_GEOMETRIC_PRESENTATION_REPRESENTATION (  '', ( #9843 ), #8009 ) ;
#2640 = PRESENTATION_LAYER_ASSIGNMENT (  '', '', ( #4977 ) ) ;
#2641 =( NAMED_UNIT ( * ) SI_UNIT ( $, .STERADIAN. ) SOLID_ANGLE_UNIT ( ) );
#2642 = EDGE_CURVE ( 'NONE', #2011, #6972, #9163, .T. ) ;
#2643 = VECTOR ( 'NONE', #5538, 1000.000000000000000 ) ;
#2644 = EDGE_CURVE ( 'NONE', #1506, #1794, #8085, .T. ) ;
#2645 = FILL_AREA_STYLE ('',( #10031 ) ) ;
#2646 = PRESENTATION_STYLE_ASSIGNMENT (( #4157 ) ) ;
#2647 = MECHANICAL_DESIGN_GEOMETRIC_PRESENTATION_REPRESENTATION (  '', ( #1650 ), #1318 ) ;
#2648 = EDGE_CURVE ( 'NONE', #9408, #3302, #1389, .T. ) ;
#2649 =( NAMED_UNIT ( * ) SI_UNIT ( $, .STERADIAN. ) SOLID_ANGLE_UNIT ( ) );
#2650 = DIRECTION ( 'NONE',  ( 0.000000000000000000, 0.000000000000000000, 1.000000000000000000 ) ) ;
#2651 = ORIENTED_EDGE ( 'NONE', *, *, #2626, .F. ) ;
#2652 = ORIENTED_EDGE ( 'NONE', *, *, #3068, .T. ) ;
#2653 = PRESENTATION_STYLE_ASSIGNMENT (( #4166 ) ) ;
#2654 = CARTESIAN_POINT ( 'NONE',  ( 0.000000000000000000, 0.000000000000000000, 3.049999999999998934 ) ) ;
#2655 = ORIENTED_EDGE ( 'NONE', *, *, #5674, .F. ) ;
#2656 = DIRECTION ( 'NONE',  ( -1.000000000000000000, 0.000000000000000000, 0.000000000000000000 ) ) ;
#2657 = EDGE_CURVE ( 'NONE', #6273, #6461, #4040, .T. ) ;
#2658 = CIRCLE ( 'NONE', #8524, 0.3999999999999833689 ) ;
#2659 = DIRECTION ( 'NONE',  ( -0.8682466191274125222, 0.000000000000000000, 0.4961328535521689620 ) ) ;
#2660 = DIRECTION ( 'NONE',  ( 0.000000000000000000, 0.000000000000000000, -1.000000000000000000 ) ) ;
#2661 = MECHANICAL_DESIGN_GEOMETRIC_PRESENTATION_REPRESENTATION (  '', ( #2334 ), #3990 ) ;
#2662 = SURFACE_STYLE_USAGE ( .BOTH. , #2758 ) ;
#2663 = CARTESIAN_POINT ( 'NONE',  ( -5.435424868893540484, -1.891518204694835781, 3.199999999999999734 ) ) ;
#2664 = SURFACE_STYLE_FILL_AREA ( #6655 ) ;
#2665 = UNCERTAINTY_MEASURE_WITH_UNIT (LENGTH_MEASURE( 1.000000000000000082E-05 ), #5484, 'distance_accuracy_value', 'NONE');
#2666 = SURFACE_SIDE_STYLE ('',( #4386 ) ) ;
#2667 = CYLINDRICAL_SURFACE ( 'NONE', #1378, 0.1999999999999996503 ) ;
#2668 = EDGE_LOOP ( 'NONE', ( #5821, #6781, #5907, #2655, #7229, #7000 ) ) ;
#2669 = AXIS2_PLACEMENT_3D ( 'NONE', #7958, #6435, #7800 ) ;
#2670 = FILL_AREA_STYLE ('',( #8927 ) ) ;
#2671 = SURFACE_STYLE_USAGE ( .BOTH. , #9854 ) ;
#2672 = SURFACE_SIDE_STYLE ('',( #1165 ) ) ;
#2673 = MECHANICAL_DESIGN_GEOMETRIC_PRESENTATION_REPRESENTATION (  '', ( #2354 ), #5173 ) ;
#2674 =( NAMED_UNIT ( * ) PLANE_ANGLE_UNIT ( ) SI_UNIT ( $, .RADIAN. ) );
#2675 = B_SPLINE_CURVE_WITH_KNOTS ( 'NONE', 3,
 ( #9943, #3434, #5972, #7442, #1980, #1202, #3582, #9984, #9223, #7854, #481, #6084, #4532, #4592, #7750, #2956, #4429, #2913, #531, #8652, #3682, #10257, #1260, #2245, #3009, #690, #6230, #9285, #10105 ),
 .UNSPECIFIED., .F., .F.,
 ( 4, 2, 2, 1, 1, 2, 2, 2, 2, 2, 2, 2, 1, 2, 2, 4 ),
 ( 0.000000000000000000, 0.2499999999999797384, 0.3749999999999695799, 0.4374999999999645284, 0.4687499999999619749, 0.4843749999999606426, 0.4999999999999593103, 0.5624999999999632516, 0.5937499999999653610, 0.6093749999999666933, 0.6249999999999681366, 0.6874999999999725775, 0.7187499999999742428, 0.7343749999999751310, 0.7499999999999759082, 1.000000000000000000 ),
 .UNSPECIFIED. ) ;
#2676 = SURFACE_SIDE_STYLE ('',( #8306 ) ) ;
#2677 = VERTEX_POINT ( 'NONE', #6082 ) ;
#2678 = VERTEX_POINT ( 'NONE', #10156 ) ;
#2679 = CIRCLE ( 'NONE', #10049, 0.2999999999999999334 ) ;
#2680 = MECHANICAL_DESIGN_GEOMETRIC_PRESENTATION_REPRESENTATION (  '', ( #7210 ), #1851 ) ;
#2681 = SURFACE_STYLE_USAGE ( .BOTH. , #9865 ) ;
#2682 = FACE_OUTER_BOUND ( 'NONE', #6745, .T. ) ;
#2683 = CARTESIAN_POINT ( 'NONE',  ( 6.693412330956371115, -2.000000000000000000, -2.119339049353551996 ) ) ;
#2684 = ORIENTED_EDGE ( 'NONE', *, *, #3893, .F. ) ;
#2685 = STYLED_ITEM ( 'NONE', ( #8802 ), #1072 ) ;
#2686 = CIRCLE ( 'NONE', #4022, 0.3500000000000004774 ) ;
#2687 = ORIENTED_EDGE ( 'NONE', *, *, #9755, .F. ) ;
#2688 = VECTOR ( 'NONE', #9130, 1000.000000000000000 ) ;
#2689 = CARTESIAN_POINT ( 'NONE',  ( 6.159705218919231839, 2.937096592108938697, -3.053341690607345615 ) ) ;
#2690 = LINE ( 'NONE', #5913, #1890 ) ;
#2691 = CARTESIAN_POINT ( 'NONE',  ( 6.212785798360255463, -2.499999999999999556, -2.960449165327015741 ) ) ;
#2692 = COLOUR_RGB ( '',0.5019607843137254832, 0.5019607843137254832, 0.5019607843137254832 ) ;
#2693 = CARTESIAN_POINT ( 'NONE',  ( -3.949999999999999734, 4.750000000000000000, 3.200000000000000178 ) ) ;
#2694 = FILL_AREA_STYLE ('',( #6736 ) ) ;
#2695 = DIRECTION ( 'NONE',  ( 0.000000000000000000, 0.000000000000000000, -1.000000000000000000 ) ) ;
#2696 = DIRECTION ( 'NONE',  ( 5.025349008806200386E-14, 2.117185687950617605E-14, -1.000000000000000000 ) ) ;
#2697 = VECTOR ( 'NONE', #2043, 1000.000000000000227 ) ;
#2698 = DIRECTION ( 'NONE',  ( -1.000000000000000000, 0.000000000000000000, 0.000000000000000000 ) ) ;
#2699 = VERTEX_POINT ( 'NONE', #9983 ) ;
#2700 = UNCERTAINTY_MEASURE_WITH_UNIT (LENGTH_MEASURE( 1.000000000000000082E-05 ), #8340, 'distance_accuracy_value', 'NONE');
#2701 = EDGE_CURVE ( 'NONE', #10008, #4303, #3035, .T. ) ;
#2702 = EDGE_LOOP ( 'NONE', ( #8727, #4126, #1987, #1006 ) ) ;
#2703 = LINE ( 'NONE', #2946, #1584 ) ;
#2704 = CARTESIAN_POINT ( 'NONE',  ( -6.041480816619161587, -1.999999999999999556, -0.8527262566030742175 ) ) ;
#2705 = EDGE_LOOP ( 'NONE', ( #8528, #4416, #1440, #6741 ) ) ;
#2706 = EDGE_CURVE ( 'NONE', #5398, #4305, #7906, .T. ) ;
#2707 = ADVANCED_FACE ( 'NONE', ( #6915 ), #5218, .F. ) ;
#2708 = AXIS2_PLACEMENT_3D ( 'NONE', #8277, #4257, #7477 ) ;
#2709 = SURFACE_STYLE_FILL_AREA ( #8286 ) ;
#2710 = AXIS2_PLACEMENT_3D ( 'NONE', #1348, #10358, #845 ) ;
#2711 = EDGE_CURVE ( 'NONE', #4305, #9445, #7411, .T. ) ;
#2712 = CARTESIAN_POINT ( 'NONE',  ( 5.276068237945835016, 1.616631298310558185, 3.600000000000002753 ) ) ;
#2713 = FILL_AREA_STYLE_COLOUR ( '', #18 ) ;
#2714 = COLOUR_RGB ( '',0.1098039215686274495, 0.1098039215686274495, 0.1098039215686274495 ) ;
#2715 = DIRECTION ( 'NONE',  ( 1.222978688985946960E-15, -1.000000000000000000, -0.000000000000000000 ) ) ;
#2716 = MECHANICAL_DESIGN_GEOMETRIC_PRESENTATION_REPRESENTATION (  '', ( #7561 ), #4045 ) ;
#2717 = UNCERTAINTY_MEASURE_WITH_UNIT (LENGTH_MEASURE( 1.000000000000000082E-05 ), #9211, 'distance_accuracy_value', 'NONE');
#2718 = FACE_OUTER_BOUND ( 'NONE', #5106, .T. ) ;
#2719 = SURFACE_STYLE_USAGE ( .BOTH. , #1840 ) ;
#2720 = CONICAL_SURFACE ( 'NONE', #2710, 0.9999999999941167061, 0.04995839572052565569 ) ;
#2721 = EDGE_CURVE ( 'NONE', #5785, #698, #6402, .T. ) ;
#2722 = DIRECTION ( 'NONE',  ( -0.4722150451494399603, 0.000000000000000000, -0.8814833810881020915 ) ) ;
#2723 = PLANE ( 'NONE',  #7901 ) ;
#2724 = ORIENTED_EDGE ( 'NONE', *, *, #1177, .F. ) ;
#2725 = ORIENTED_EDGE ( 'NONE', *, *, #3514, .T. ) ;
#2726 =( GEOMETRIC_REPRESENTATION_CONTEXT ( 3 ) GLOBAL_UNCERTAINTY_ASSIGNED_CONTEXT ( ( #2466 ) ) GLOBAL_UNIT_ASSIGNED_CONTEXT ( ( #2333, #2172, #8636 ) ) REPRESENTATION_CONTEXT ( 'NONE', 'WORKASPACE' ) );
#2727 =( GEOMETRIC_REPRESENTATION_CONTEXT ( 3 ) GLOBAL_UNCERTAINTY_ASSIGNED_CONTEXT ( ( #1259 ) ) GLOBAL_UNIT_ASSIGNED_CONTEXT ( ( #8625, #1380, #8512 ) ) REPRESENTATION_CONTEXT ( 'NONE', 'WORKASPACE' ) );
#2728 = FILL_AREA_STYLE ('',( #2773 ) ) ;
#2729 = AXIS2_PLACEMENT_3D ( 'NONE', #1965, #7676, #2073 ) ;
#2730 = CARTESIAN_POINT ( 'NONE',  ( -2.166916829160916310E-16, 1.734723475976807094E-15, 3.500000000000000000 ) ) ;
#2731 =( NAMED_UNIT ( * ) PLANE_ANGLE_UNIT ( ) SI_UNIT ( $, .RADIAN. ) );
#2732 =( NAMED_UNIT ( * ) PLANE_ANGLE_UNIT ( ) SI_UNIT ( $, .RADIAN. ) );
#2733 = UNCERTAINTY_MEASURE_WITH_UNIT (LENGTH_MEASURE( 1.000000000000000082E-05 ), #1774, 'distance_accuracy_value', 'NONE');
#2734 = ORIENTED_EDGE ( 'NONE', *, *, #5805, .F. ) ;
#2735 = AXIS2_PLACEMENT_3D ( 'NONE', #4242, #4781, #7457 ) ;
#2736 = SURFACE_STYLE_FILL_AREA ( #6039 ) ;
#2737 =( NAMED_UNIT ( * ) SI_UNIT ( $, .STERADIAN. ) SOLID_ANGLE_UNIT ( ) );
#2738 = MECHANICAL_DESIGN_GEOMETRIC_PRESENTATION_REPRESENTATION (  '', ( #1415 ), #5413 ) ;
#2739 = FILL_AREA_STYLE ('',( #7558 ) ) ;
#2740 = SURFACE_SIDE_STYLE ('',( #7559 ) ) ;
#2741 = LINE ( 'NONE', #1178, #8476 ) ;
#2742 = VERTEX_POINT ( 'NONE', #6175 ) ;
#2743 = AXIS2_PLACEMENT_3D ( 'NONE', #7531, #3430, #1063 ) ;
#2744 = AXIS2_PLACEMENT_3D ( 'NONE', #9803, #1888, #9032 ) ;
#2745 = VERTEX_POINT ( 'NONE', #10104 ) ;
#2746 = FACE_OUTER_BOUND ( 'NONE', #4747, .T. ) ;
#2747 = AXIS2_PLACEMENT_3D ( 'NONE', #2081, #9884, #7528 ) ;
#2748 = LINE ( 'NONE', #5863, #1967 ) ;
#2749 = DIRECTION ( 'NONE',  ( 1.000000000000000000, 0.000000000000000000, -3.491483361109382461E-15 ) ) ;
#2750 = SURFACE_STYLE_USAGE ( .BOTH. , #4999 ) ;
#2751 = ORIENTED_EDGE ( 'NONE', *, *, #5589, .F. ) ;
#2752 = ORIENTED_EDGE ( 'NONE', *, *, #664, .F. ) ;
#2753 = ORIENTED_EDGE ( 'NONE', *, *, #4506, .F. ) ;
#2754 = VECTOR ( 'NONE', #358, 1000.000000000000000 ) ;
#2755 = LINE ( 'NONE', #9273, #7107 ) ;
#2756 = ORIENTED_EDGE ( 'NONE', *, *, #9870, .F. ) ;
#2757 = EDGE_CURVE ( 'NONE', #6747, #9489, #5744, .T. ) ;
#2758 = SURFACE_SIDE_STYLE ('',( #7689 ) ) ;
#2759 = CARTESIAN_POINT ( 'NONE',  ( -6.287205726393077398, -2.999999999999999112, -2.830212172457907904 ) ) ;
#2760 = EDGE_CURVE ( 'NONE', #8004, #6522, #3794, .T. ) ;
#2761 = VECTOR ( 'NONE', #2465, 1000.000000000000000 ) ;
#2762 = CARTESIAN_POINT ( 'NONE',  ( 6.287205726393077398, 3.000000000000000444, -2.830212172457902575 ) ) ;
#2763 = CARTESIAN_POINT ( 'NONE',  ( 4.399999999999999467, 5.000000000000000000, 0.000000000000000000 ) ) ;
#2764 = UNCERTAINTY_MEASURE_WITH_UNIT (LENGTH_MEASURE( 1.000000000000000082E-05 ), #1700, 'distance_accuracy_value', 'NONE');
#2765 = ADVANCED_FACE ( 'NONE', ( #8650 ), #2720, .F. ) ;
#2766 = DIRECTION ( 'NONE',  ( 4.109710085192101020E-31, -3.042580924680819946E-45, -1.000000000000000000 ) ) ;
#2767 = DIRECTION ( 'NONE',  ( 4.357408531219363812E-11, -0.6614378277661648875, 0.7499999999999849010 ) ) ;
#2768 = FACE_OUTER_BOUND ( 'NONE', #9921, .T. ) ;
#2769 = ORIENTED_EDGE ( 'NONE', *, *, #6627, .F. ) ;
#2770 = CARTESIAN_POINT ( 'NONE',  ( 5.549999999999999822, 4.750000000000000000, 3.600000000000001421 ) ) ;
#2771 = VERTEX_POINT ( 'NONE', #8801 ) ;
#2772 = CIRCLE ( 'NONE', #5102, 0.03542486889737423567 ) ;
#2773 = FILL_AREA_STYLE_COLOUR ( '', #10354 ) ;
#2774 = PLANE ( 'NONE',  #3855 ) ;
#2775 = EDGE_CURVE ( 'NONE', #3658, #4262, #8758, .T. ) ;
#2776 = SURFACE_SIDE_STYLE ('',( #7652 ) ) ;
#2777 = EDGE_CURVE ( 'NONE', #1427, #7766, #9426, .T. ) ;
#2778 = CARTESIAN_POINT ( 'NONE',  ( 3.950000000000000178, 4.837354856632045057E-16, 4.299999999999999822 ) ) ;
#2779 = EDGE_LOOP ( 'NONE', ( #6709, #6597, #878, #5933 ) ) ;
#2780 = STYLED_ITEM ( 'NONE', ( #7197 ), #3966 ) ;
#2781 = STYLED_ITEM ( 'NONE', ( #3024 ), #3394 ) ;
#2782 = PRESENTATION_STYLE_ASSIGNMENT (( #9352 ) ) ;
#2783 = EDGE_LOOP ( 'NONE', ( #2168, #4634, #2804, #5208 ) ) ;
#2784 = DIRECTION ( 'NONE',  ( 1.000000000000000000, 0.000000000000000000, -3.491483361109382461E-15 ) ) ;
#2785 = CARTESIAN_POINT ( 'NONE',  ( 1.324581074942575709, 5.271558449006350067, 3.199999999999977085 ) ) ;
#2786 = DIRECTION ( 'NONE',  ( -1.000000000000000000, 1.222978688985946960E-15, 0.000000000000000000 ) ) ;
#2787 = SURFACE_STYLE_USAGE ( .BOTH. , #5947 ) ;
#2788 = FACE_OUTER_BOUND ( 'NONE', #1041, .T. ) ;
#2789 = EDGE_CURVE ( 'NONE', #6867, #9633, #1885, .T. ) ;
#2790 =( NAMED_UNIT ( * ) PLANE_ANGLE_UNIT ( ) SI_UNIT ( $, .RADIAN. ) );
#2791 = FILL_AREA_STYLE_COLOUR ( '', #790 ) ;
#2792 = ORIENTED_EDGE ( 'NONE', *, *, #9123, .F. ) ;
#2793 = TOROIDAL_SURFACE ( 'NONE', #144, 0.5645751311064571842, 0.4000000000000021316 ) ;
#2794 = ORIENTED_EDGE ( 'NONE', *, *, #5806, .T. ) ;
#2795 = AXIS2_PLACEMENT_3D ( 'NONE', #1772, #2604, #2555 ) ;
#2796 = CARTESIAN_POINT ( 'NONE',  ( -5.699999999999997513, 5.000000000000000000, 3.500000000000000000 ) ) ;
#2797 = PRESENTATION_LAYER_ASSIGNMENT (  '', '', ( #5133 ) ) ;
#2798 = DIRECTION ( 'NONE',  ( 0.000000000000000000, -1.000000000000000000, 1.229047034060748073E-14 ) ) ;
#2799 = FACE_OUTER_BOUND ( 'NONE', #2595, .T. ) ;
#2800 = VERTEX_POINT ( 'NONE', #2451 ) ;
#2801 = AXIS2_PLACEMENT_3D ( 'NONE', #8964, #903, #2450 ) ;
#2802 = CARTESIAN_POINT ( 'NONE',  ( 5.549999999999999822, -4.750000000000000000, 3.200000000000000178 ) ) ;
#2803 = AXIS2_PLACEMENT_3D ( 'NONE', #8923, #287, #6547 ) ;
#2804 = ORIENTED_EDGE ( 'NONE', *, *, #3333, .T. ) ;
#2805 = VERTEX_POINT ( 'NONE', #3061 ) ;
#2806 = DIRECTION ( 'NONE',  ( -0.8682466191274124112, -0.000000000000000000, 0.4961328535521690730 ) ) ;
#2807 = VERTEX_POINT ( 'NONE', #2295 ) ;
#2808 =( NAMED_UNIT ( * ) PLANE_ANGLE_UNIT ( ) SI_UNIT ( $, .RADIAN. ) );
#2809 = DIRECTION ( 'NONE',  ( 0.000000000000000000, 1.000000000000000000, 0.000000000000000000 ) ) ;
#2810 = DIRECTION ( 'NONE',  ( -1.000000000000000000, -9.851640141634791027E-13, 1.884119877469627520E-13 ) ) ;
#2811 = CARTESIAN_POINT ( 'NONE',  ( 5.819112848942165073, -1.462164714140035127, 3.499999999999992006 ) ) ;
#2812 = CIRCLE ( 'NONE', #663, 4.150000000000000355 ) ;
#2813 = UNCERTAINTY_MEASURE_WITH_UNIT (LENGTH_MEASURE( 1.000000000000000082E-05 ), #6532, 'distance_accuracy_value', 'NONE');
#2814 = EDGE_CURVE ( 'NONE', #6089, #5804, #3900, .T. ) ;
#2815 = CARTESIAN_POINT ( 'NONE',  ( -6.000000000000000000, -4.999999999999992895, 3.500000000000000000 ) ) ;
#2816 = DIRECTION ( 'NONE',  ( 1.222978688985946960E-15, -1.000000000000000000, 0.000000000000000000 ) ) ;
#2817 = SURFACE_STYLE_FILL_AREA ( #6129 ) ;
#2818 = FILL_AREA_STYLE ('',( #9989 ) ) ;
#2819 = SURFACE_STYLE_USAGE ( .BOTH. , #1984 ) ;
#2820 = ORIENTED_EDGE ( 'NONE', *, *, #1808, .F. ) ;
#2821 = FILL_AREA_STYLE_COLOUR ( '', #8113 ) ;
#2822 = AXIS2_PLACEMENT_3D ( 'NONE', #988, #1958, #4938 ) ;
#2823 = COLOUR_RGB ( '',0.1098039215686274495, 0.1098039215686274495, 0.1098039215686274495 ) ;
#2824 =( LENGTH_UNIT ( ) NAMED_UNIT ( * ) SI_UNIT ( .MILLI., .METRE. ) );
#2825 = FACE_OUTER_BOUND ( 'NONE', #4970, .T. ) ;
#2826 = CARTESIAN_POINT ( 'NONE',  ( -6.000000000000000000, 4.999999999999997335, 0.1999999999999979017 ) ) ;
#2827 = DIRECTION ( 'NONE',  ( 1.000000000000000000, 0.000000000000000000, -0.000000000000000000 ) ) ;
#2828 = CARTESIAN_POINT ( 'NONE',  ( -3.600000000000001421, -6.000000000000000000, 0.000000000000000000 ) ) ;
#2829 = EDGE_LOOP ( 'NONE', ( #10279, #5919, #3999, #2047 ) ) ;
#2830 = CARTESIAN_POINT ( 'NONE',  ( -6.420179204657450178, 2.937096592108938697, -3.202181546672993484 ) ) ;
#2831 = MECHANICAL_DESIGN_GEOMETRIC_PRESENTATION_REPRESENTATION (  '', ( #5166 ), #3636 ) ;
#2832 = ADVANCED_FACE ( 'NONE', ( #3110 ), #6431, .T. ) ;
#2833 =( NAMED_UNIT ( * ) PLANE_ANGLE_UNIT ( ) SI_UNIT ( $, .RADIAN. ) );
#2834 = MECHANICAL_DESIGN_GEOMETRIC_PRESENTATION_REPRESENTATION (  '', ( #351 ), #1666 ) ;
#2835 = EDGE_CURVE ( 'NONE', #9620, #1417, #1714, .T. ) ;
#2836 = SURFACE_SIDE_STYLE ('',( #9815 ) ) ;
#2837 = DIRECTION ( 'NONE',  ( 0.000000000000000000, 0.000000000000000000, 1.000000000000000000 ) ) ;
#2838 = EDGE_CURVE ( 'NONE', #719, #7778, #7956, .T. ) ;
#2839 = SURFACE_STYLE_USAGE ( .BOTH. , #4357 ) ;
#2840 = ORIENTED_EDGE ( 'NONE', *, *, #7828, .T. ) ;
#2841 = AXIS2_PLACEMENT_3D ( 'NONE', #10002, #3255, #6468 ) ;
#2842 = ORIENTED_EDGE ( 'NONE', *, *, #1009, .F. ) ;
#2843 = FACE_OUTER_BOUND ( 'NONE', #3690, .T. ) ;
#2844 = SURFACE_STYLE_USAGE ( .BOTH. , #10030 ) ;
#2845 = COLOUR_RGB ( '',0.1098039215686274495, 0.1098039215686274495, 0.1098039215686274495 ) ;
#2846 = CARTESIAN_POINT ( 'NONE',  ( -6.547679712131307284, 2.000000000000000888, -2.979052028523551332 ) ) ;
#2847 = DIRECTION ( 'NONE',  ( 0.000000000000000000, 0.000000000000000000, -1.000000000000000000 ) ) ;
#2848 = LINE ( 'NONE', #8472, #1524 ) ;
#2849 = AXIS2_PLACEMENT_3D ( 'NONE', #8794, #8845, #8057 ) ;
#2850 =( NAMED_UNIT ( * ) SI_UNIT ( $, .STERADIAN. ) SOLID_ANGLE_UNIT ( ) );
#2851 = PRESENTATION_LAYER_ASSIGNMENT (  '', '', ( #5357 ) ) ;
#2852 = ORIENTED_EDGE ( 'NONE', *, *, #5668, .T. ) ;
#2853 = EDGE_LOOP ( 'NONE', ( #7742, #5125, #6119, #1439, #9715, #9378 ) ) ;
#2854 = VECTOR ( 'NONE', #6900, 1000.000000000000000 ) ;
#2855 = CARTESIAN_POINT ( 'NONE',  ( -1.891518204694830896, -5.435424868893540484, 3.199999999999999734 ) ) ;
#2856 = ORIENTED_EDGE ( 'NONE', *, *, #7105, .T. ) ;
#2857 =( GEOMETRIC_REPRESENTATION_CONTEXT ( 3 ) GLOBAL_UNCERTAINTY_ASSIGNED_CONTEXT ( ( #1442 ) ) GLOBAL_UNIT_ASSIGNED_CONTEXT ( ( #5784, #9801, #4021 ) ) REPRESENTATION_CONTEXT ( 'NONE', 'WORKASPACE' ) );
#2858 = STYLED_ITEM ( 'NONE', ( #8611 ), #2288 ) ;
#2859 = FILL_AREA_STYLE ('',( #1836 ) ) ;
#2860 = FILL_AREA_STYLE ('',( #10050 ) ) ;
#2861 = MECHANICAL_DESIGN_GEOMETRIC_PRESENTATION_REPRESENTATION (  '', ( #1866 ), #550 ) ;
#2862 =( NAMED_UNIT ( * ) PLANE_ANGLE_UNIT ( ) SI_UNIT ( $, .RADIAN. ) );
#2863 =( NAMED_UNIT ( * ) SI_UNIT ( $, .STERADIAN. ) SOLID_ANGLE_UNIT ( ) );
#2864 = DIRECTION ( 'NONE',  ( 0.8682466191274121892, 0.000000000000000000, -0.4961328535521695726 ) ) ;
#2865 = ORIENTED_EDGE ( 'NONE', *, *, #1450, .T. ) ;
#2866 = VECTOR ( 'NONE', #8755, 1000.000000000000000 ) ;
#2867 = PRESENTATION_LAYER_ASSIGNMENT (  '', '', ( #1538 ) ) ;
#2868 = VERTEX_POINT ( 'NONE', #8853 ) ;
#2869 = ORIENTED_EDGE ( 'NONE', *, *, #5886, .T. ) ;
#2870 = STYLED_ITEM ( 'NONE', ( #1605 ), #5404 ) ;
#2871 =( GEOMETRIC_REPRESENTATION_CONTEXT ( 3 ) GLOBAL_UNCERTAINTY_ASSIGNED_CONTEXT ( ( #4020 ) ) GLOBAL_UNIT_ASSIGNED_CONTEXT ( ( #10225, #7772, #3818 ) ) REPRESENTATION_CONTEXT ( 'NONE', 'WORKASPACE' ) );
#2872 = CARTESIAN_POINT ( 'NONE',  ( 5.000000000000000000, -5.800000000000000711, 3.500000000000000000 ) ) ;
#2873 = PLANE ( 'NONE',  #6744 ) ;
#2874 = CARTESIAN_POINT ( 'NONE',  ( 6.547679712131308172, -3.000000000000000444, -2.979052028523552220 ) ) ;
#2875 = PRESENTATION_LAYER_ASSIGNMENT (  '', '', ( #2544 ) ) ;
#2876 = CARTESIAN_POINT ( 'NONE',  ( -6.000000000000023981, 2.000000000000000000, 7.064159265358981088 ) ) ;
#2877 = CARTESIAN_POINT ( 'NONE',  ( 6.694074169054405665, -2.000000000000000000, -2.070921654418471203 ) ) ;
#2878 = ORIENTED_EDGE ( 'NONE', *, *, #4475, .F. ) ;
#2879 = PRESENTATION_LAYER_ASSIGNMENT (  '', '', ( #2221 ) ) ;
#2880 = CARTESIAN_POINT ( 'NONE',  ( 5.800000000000003375, -4.999999999999999112, -1.490777987167568597E-16 ) ) ;
#2881 = CARTESIAN_POINT ( 'NONE',  ( -1.600000000000000089, -1.599999999999999867, 7.299999999999998934 ) ) ;
#2882 = COLOUR_RGB ( '',0.5019607843137254832, 0.5019607843137254832, 0.5019607843137254832 ) ;
#2883 = FILL_AREA_STYLE_COLOUR ( '', #8093 ) ;
#2884 = DIRECTION ( 'NONE',  ( -0.000000000000000000, -1.000000000000000000, -0.000000000000000000 ) ) ;
#2885 = EDGE_CURVE ( 'NONE', #2805, #5382, #7571, .T. ) ;
#2886 = PLANE ( 'NONE',  #9896 ) ;
#2887 = COLOUR_RGB ( '',0.5019607843137254832, 0.5019607843137254832, 0.5019607843137254832 ) ;
#2888 = SURFACE_SIDE_STYLE ('',( #5297 ) ) ;
#2889 = AXIS2_PLACEMENT_3D ( 'NONE', #4710, #7714, #2930 ) ;
#2890 = EDGE_CURVE ( 'NONE', #6522, #7479, #7753, .T. ) ;
#2891 = VERTEX_POINT ( 'NONE', #904 ) ;
#2892 = EDGE_CURVE ( 'NONE', #7541, #6413, #272, .T. ) ;
#2893 = ORIENTED_EDGE ( 'NONE', *, *, #6172, .F. ) ;
#2894 = CIRCLE ( 'NONE', #3548, 5.885424868894237882 ) ;
#2895 = FILL_AREA_STYLE ('',( #2014 ) ) ;
#2896 = AXIS2_PLACEMENT_3D ( 'NONE', #2691, #1920, #9968 ) ;
#2897 = CYLINDRICAL_SURFACE ( 'NONE', #6163, 0.1999999999999996503 ) ;
#2898 = AXIS2_PLACEMENT_3D ( 'NONE', #2950, #6853, #685 ) ;
#2899 = ADVANCED_FACE ( 'NONE', ( #4206 ), #9012, .T. ) ;
#2900 = PRESENTATION_LAYER_ASSIGNMENT (  '', '', ( #4404 ) ) ;
#2901 = DIRECTION ( 'NONE',  ( 0.000000000000000000, -2.797941090285171111E-16, 1.000000000000000000 ) ) ;
#2902 = EDGE_CURVE ( 'NONE', #2483, #10299, #363, .T. ) ;
#2903 = ORIENTED_EDGE ( 'NONE', *, *, #2582, .T. ) ;
#2904 = VERTEX_POINT ( 'NONE', #8169 ) ;
#2905 = SURFACE_STYLE_USAGE ( .BOTH. , #9324 ) ;
#2906 = DIRECTION ( 'NONE',  ( -0.4961328535521712935, 0.000000000000000000, -0.8682466191274111900 ) ) ;
#2907 = EDGE_LOOP ( 'NONE', ( #4742, #855, #647, #969 ) ) ;
#2908 = DIRECTION ( 'NONE',  ( -1.000000000000000000, -5.518978032935368148E-32, -1.960096758342356159E-15 ) ) ;
#2909 = AXIS2_PLACEMENT_3D ( 'NONE', #2029, #2806, #5107 ) ;
#2910 = DIRECTION ( 'NONE',  ( 1.445602896647327084E-15, 1.000000000000000000, -1.301042606982594277E-14 ) ) ;
#2911 = DIRECTION ( 'NONE',  ( 0.000000000000000000, -0.2078790956190631756, 0.9781545284895430958 ) ) ;
#2912 = EDGE_CURVE ( 'NONE', #9445, #4098, #9915, .T. ) ;
#2913 = CARTESIAN_POINT ( 'NONE',  ( 5.296728552993017480, -1.676441499980993788, 3.599999999193831179 ) ) ;
#2914 = DIRECTION ( 'NONE',  ( 8.673617379884037050E-15, 5.446308913118851684E-12, -1.000000000000000000 ) ) ;
#2915 = CARTESIAN_POINT ( 'NONE',  ( -6.694074169054411882, -1.999999999999999112, -2.070921654418468982 ) ) ;
#2916 = DIRECTION ( 'NONE',  ( 0.000000000000000000, -1.000000000000000000, 0.000000000000000000 ) ) ;
#2917 = EDGE_LOOP ( 'NONE', ( #5109, #10209 ) ) ;
#2918 = CARTESIAN_POINT ( 'NONE',  ( 3.950851657416640350, 4.713095711004416266, 3.499999999999998224 ) ) ;
#2919 = ORIENTED_EDGE ( 'NONE', *, *, #480, .T. ) ;
#2920 = LINE ( 'NONE', #6031, #2230 ) ;
#2921 = DIRECTION ( 'NONE',  ( 1.000000000000000000, 0.000000000000000000, 0.000000000000000000 ) ) ;
#2922 =( NAMED_UNIT ( * ) PLANE_ANGLE_UNIT ( ) SI_UNIT ( $, .RADIAN. ) );
#2923 = DIRECTION ( 'NONE',  ( -0.000000000000000000, -0.000000000000000000, 1.000000000000000000 ) ) ;
#2924 = DIRECTION ( 'NONE',  ( 0.000000000000000000, 1.000000000000000000, 0.000000000000000000 ) ) ;
#2925 = VERTEX_POINT ( 'NONE', #8121 ) ;
#2926 = AXIS2_PLACEMENT_3D ( 'NONE', #4990, #8214, #8112 ) ;
#2927 = FILL_AREA_STYLE_COLOUR ( '', #6257 ) ;
#2928 =( NAMED_UNIT ( * ) SI_UNIT ( $, .STERADIAN. ) SOLID_ANGLE_UNIT ( ) );
#2929 = FACE_OUTER_BOUND ( 'NONE', #7407, .T. ) ;
#2930 = DIRECTION ( 'NONE',  ( 1.445602896647339508E-15, 0.000000000000000000, -1.000000000000000000 ) ) ;
#2931 = FILL_AREA_STYLE_COLOUR ( '', #4656 ) ;
#2932 = AXIS2_PLACEMENT_3D ( 'NONE', #2985, #3981, #3764 ) ;
#2933 = STYLED_ITEM ( 'NONE', ( #4764 ), #3086 ) ;
#2934 =( NAMED_UNIT ( * ) PLANE_ANGLE_UNIT ( ) SI_UNIT ( $, .RADIAN. ) );
#2935 = ADVANCED_FACE ( 'NONE', ( #7317 ), #4312, .F. ) ;
#2936 = ORIENTED_EDGE ( 'NONE', *, *, #6243, .F. ) ;
#2937 = ORIENTED_EDGE ( 'NONE', *, *, #4688, .F. ) ;
#2938 = STYLED_ITEM ( 'NONE', ( #7130 ), #4175 ) ;
#2939 = VECTOR ( 'NONE', #2970, 1000.000000000000000 ) ;
#2940 = CARTESIAN_POINT ( 'NONE',  ( -5.254550725525326982, -1.462164709833353449, 3.599999999873101597 ) ) ;
#2941 = CARTESIAN_POINT ( 'NONE',  ( -6.000000000000000000, 5.000000000000000000, 0.4000000000000000222 ) ) ;
#2942 = DIRECTION ( 'NONE',  ( 1.053031360026544826E-16, 1.000000000000000000, 0.000000000000000000 ) ) ;
#2943 = AXIS2_PLACEMENT_3D ( 'NONE', #2855, #6075, #2999 ) ;
#2944 = EDGE_LOOP ( 'NONE', ( #1076, #6193, #8100, #4036 ) ) ;
#2945 = ORIENTED_EDGE ( 'NONE', *, *, #10091, .F. ) ;
#2946 = CARTESIAN_POINT ( 'NONE',  ( 6.300000004034803425, 2.000000000000000000, 0.06415926535897897853 ) ) ;
#2947 = FILL_AREA_STYLE_COLOUR ( '', #2473 ) ;
#2948 = ORIENTED_EDGE ( 'NONE', *, *, #1512, .T. ) ;
#2949 = DIRECTION ( 'NONE',  ( -1.000000000000000000, -1.084202172485503842E-15, 0.000000000000000000 ) ) ;
#2950 = CARTESIAN_POINT ( 'NONE',  ( 9.184547653667727131E-17, 4.500000000000002665, -1.499999999999999112 ) ) ;
#2951 = SURFACE_STYLE_USAGE ( .BOTH. , #10152 ) ;
#2952 =( GEOMETRIC_REPRESENTATION_CONTEXT ( 3 ) GLOBAL_UNCERTAINTY_ASSIGNED_CONTEXT ( ( #1912 ) ) GLOBAL_UNIT_ASSIGNED_CONTEXT ( ( #2572, #1738, #6554 ) ) REPRESENTATION_CONTEXT ( 'NONE', 'WORKASPACE' ) );
#2953 = SURFACE_STYLE_FILL_AREA ( #3252 ) ;
#2954 = DIRECTION ( 'NONE',  ( 0.4961328535521708494, 0.000000000000000000, -0.8682466191274114120 ) ) ;
#2955 = EDGE_CURVE ( 'NONE', #9492, #5053, #3878, .T. ) ;
#2956 = CARTESIAN_POINT ( 'NONE',  ( 5.291554659102970959, -1.663258856965648347, 3.600000000050854077 ) ) ;
#2957 = CIRCLE ( 'NONE', #8850, 0.03542486889731959188 ) ;
#2958 = MECHANICAL_DESIGN_GEOMETRIC_PRESENTATION_REPRESENTATION (  '', ( #4977 ), #8005 ) ;
#2959 = DIRECTION ( 'NONE',  ( 1.000000000000000000, -0.000000000000000000, 0.000000000000000000 ) ) ;
#2960 = DIRECTION ( 'NONE',  ( 0.000000000000000000, 0.000000000000000000, -1.000000000000000000 ) ) ;
#2961 = LINE ( 'NONE', #5549, #5558 ) ;
#2962 = EDGE_LOOP ( 'NONE', ( #1632, #8328, #1341, #795, #7124 ) ) ;
#2963 = FILL_AREA_STYLE_COLOUR ( '', #8963 ) ;
#2964 = MECHANICAL_DESIGN_GEOMETRIC_PRESENTATION_REPRESENTATION (  '', ( #9524 ), #6339 ) ;
#2965 = EDGE_CURVE ( 'NONE', #2891, #8495, #8965, .T. ) ;
#2966 = AXIS2_PLACEMENT_3D ( 'NONE', #8356, #4448, #3645 ) ;
#2967 = LINE ( 'NONE', #6092, #9617 ) ;
#2968 = CARTESIAN_POINT ( 'NONE',  ( -1.734723475995296416E-15, -1.734723475995296416E-15, 3.300000000024282620 ) ) ;
#2969 = AXIS2_PLACEMENT_3D ( 'NONE', #6328, #3945, #3056 ) ;
#2970 = DIRECTION ( 'NONE',  ( -0.000000000000000000, -1.000000000000000000, 0.000000000000000000 ) ) ;
#2971 =( NAMED_UNIT ( * ) SI_UNIT ( $, .STERADIAN. ) SOLID_ANGLE_UNIT ( ) );
#2972 = PLANE ( 'NONE',  #1835 ) ;
#2973 = SURFACE_STYLE_USAGE ( .BOTH. , #5506 ) ;
#2974 = DIRECTION ( 'NONE',  ( -2.478176394252578183E-15, 0.000000000000000000, -1.000000000000000000 ) ) ;
#2975 = AXIS2_PLACEMENT_3D ( 'NONE', #9140, #6726, #9719 ) ;
#2976 = EDGE_LOOP ( 'NONE', ( #2271, #2411, #3520, #6385 ) ) ;
#2977 = STYLED_ITEM ( 'NONE', ( #338 ), #1560 ) ;
#2978 = VECTOR ( 'NONE', #513, 1000.000000000000000 ) ;
#2979 = UNCERTAINTY_MEASURE_WITH_UNIT (LENGTH_MEASURE( 1.000000000000000082E-05 ), #7858, 'distance_accuracy_value', 'NONE');
#2980 = DIRECTION ( 'NONE',  ( -0.000000000000000000, -0.000000000000000000, 1.000000000000000000 ) ) ;
#2981 = CARTESIAN_POINT ( 'NONE',  ( 6.547679712131307284, 3.000000000000000000, -2.979052028523551332 ) ) ;
#2982 = DIRECTION ( 'NONE',  ( -0.4722150451494401824, 0.000000000000000000, -0.8814833810881019804 ) ) ;
#2983 = CARTESIAN_POINT ( 'NONE',  ( -1.789074795565647635, -5.500000000000000000, 3.585218434151942191 ) ) ;
#2984 = CARTESIAN_POINT ( 'NONE',  ( 6.041480816619161587, -6.704630743366731593, -0.8527262566030737734 ) ) ;
#2985 = CARTESIAN_POINT ( 'NONE',  ( -5.950000000000000178, -2.999999999999999112, 0.8000000000000000444 ) ) ;
#2986 = ORIENTED_EDGE ( 'NONE', *, *, #4947, .F. ) ;
#2987 = ORIENTED_EDGE ( 'NONE', *, *, #4160, .F. ) ;
#2988 = CARTESIAN_POINT ( 'NONE',  ( -6.953886316694598335, -6.704630743366730705, -2.268178905419202973 ) ) ;
#2989 = CARTESIAN_POINT ( 'NONE',  ( 2.369809963617258328E-14, -1.675920573226535491E-14, 3.499999999999984457 ) ) ;
#2990 = UNCERTAINTY_MEASURE_WITH_UNIT (LENGTH_MEASURE( 1.000000000000000082E-05 ), #3629, 'distance_accuracy_value', 'NONE');
#2991 = LINE ( 'NONE', #4513, #7666 ) ;
#2992 = CARTESIAN_POINT ( 'NONE',  ( 4.627117972768571619, -3.954822068327816798, 3.555859740947653780 ) ) ;
#2993 =( GEOMETRIC_REPRESENTATION_CONTEXT ( 3 ) GLOBAL_UNCERTAINTY_ASSIGNED_CONTEXT ( ( #710 ) ) GLOBAL_UNIT_ASSIGNED_CONTEXT ( ( #3421, #6480, #4161 ) ) REPRESENTATION_CONTEXT ( 'NONE', 'WORKASPACE' ) );
#2994 = FACE_OUTER_BOUND ( 'NONE', #9992, .T. ) ;
#2995 = LINE ( 'NONE', #10298, #6672 ) ;
#2996 = ORIENTED_EDGE ( 'NONE', *, *, #4292, .F. ) ;
#2997 = ORIENTED_EDGE ( 'NONE', *, *, #737, .F. ) ;
#2998 = SURFACE_STYLE_USAGE ( .BOTH. , #10198 ) ;
#2999 = DIRECTION ( 'NONE',  ( -1.084202172485503842E-15, -1.000000000000000000, 0.000000000000000000 ) ) ;
#3000 = CARTESIAN_POINT ( 'NONE',  ( -1.866168552841703354, -5.424745029542275887, 3.600000000000002309 ) ) ;
#3001 = VECTOR ( 'NONE', #5162, 1000.000000000000000 ) ;
#3002 = CARTESIAN_POINT ( 'NONE',  ( 8.398468719939000747E-16, 7.771680869430060362E-16, 3.500000000000004885 ) ) ;
#3003 = EDGE_CURVE ( 'NONE', #1474, #9685, #571, .T. ) ;
#3004 = LINE ( 'NONE', #6228, #3787 ) ;
#3005 = DIRECTION ( 'NONE',  ( 0.1179568432022815305, 0.9713257602420880543, 0.2064278339562815312 ) ) ;
#3006 = VECTOR ( 'NONE', #6068, 1000.000000000000000 ) ;
#3007 =( GEOMETRIC_REPRESENTATION_CONTEXT ( 3 ) GLOBAL_UNCERTAINTY_ASSIGNED_CONTEXT ( ( #606 ) ) GLOBAL_UNIT_ASSIGNED_CONTEXT ( ( #5588, #8789, #829 ) ) REPRESENTATION_CONTEXT ( 'NONE', 'WORKASPACE' ) );
#3008 = UNCERTAINTY_MEASURE_WITH_UNIT (LENGTH_MEASURE( 1.000000000000000082E-05 ), #7068, 'distance_accuracy_value', 'NONE');
#3009 = CARTESIAN_POINT ( 'NONE',  ( 5.331955037120914120, -1.747937876638834709, 3.599999943878104958 ) ) ;
#3010 = CARTESIAN_POINT ( 'NONE',  ( 1.600000000000000089, 1.599999999999999867, 6.999999999999999112 ) ) ;
#3011 = EDGE_CURVE ( 'NONE', #9511, #5965, #3667, .T. ) ;
#3012 = CARTESIAN_POINT ( 'NONE',  ( 2.263624949574776224, 5.432699878979420305, 3.600000000000000089 ) ) ;
#3013 = EDGE_CURVE ( 'NONE', #9323, #5027, #7619, .T. ) ;
#3014 = DIRECTION ( 'NONE',  ( 1.053031360026544826E-16, 1.000000000000000000, 0.000000000000000000 ) ) ;
#3015 = ORIENTED_EDGE ( 'NONE', *, *, #8305, .F. ) ;
#3016 = ADVANCED_FACE ( 'NONE', ( #7782 ), #9208, .T. ) ;
#3017 = CIRCLE ( 'NONE', #2032, 0.1999999999999996503 ) ;
#3018 = MECHANICAL_DESIGN_GEOMETRIC_PRESENTATION_REPRESENTATION (  '', ( #7549 ), #3508 ) ;
#3019 = DIRECTION ( 'NONE',  ( -3.006455034846202744E-16, 0.000000000000000000, -1.000000000000000000 ) ) ;
#3020 = CARTESIAN_POINT ( 'NONE',  ( -5.999999999999993783, -2.999999999999999556, -0.6874509908007685466 ) ) ;
#3021 = CARTESIAN_POINT ( 'NONE',  ( -4.400000000000000355, -5.000000000000000888, 0.4000000000000000222 ) ) ;
#3022 = PRESENTATION_LAYER_ASSIGNMENT (  '', '', ( #5200 ) ) ;
#3023 = ADVANCED_FACE ( 'NONE', ( #4579 ), #3724, .T. ) ;
#3024 = PRESENTATION_STYLE_ASSIGNMENT (( #543 ) ) ;
#3025 = CIRCLE ( 'NONE', #5203, 0.2999999999999999334 ) ;
#3026 = SURFACE_STYLE_USAGE ( .BOTH. , #1423 ) ;
#3027 = ADVANCED_FACE ( 'NONE', ( #8424 ), #6472, .F. ) ;
#3028 =( NAMED_UNIT ( * ) SI_UNIT ( $, .STERADIAN. ) SOLID_ANGLE_UNIT ( ) );
#3029 = VERTEX_POINT ( 'NONE', #6372 ) ;
#3030 = CARTESIAN_POINT ( 'NONE',  ( 5.950000000000000178, 1.999999999999999556, 0.8000000000000000444 ) ) ;
#3031 = COLOUR_RGB ( '',0.1098039215686274495, 0.1098039215686274495, 0.1098039215686274495 ) ;
#3032 = MECHANICAL_DESIGN_GEOMETRIC_PRESENTATION_REPRESENTATION (  '', ( #6398 ), #9087 ) ;
#3033 = DIRECTION ( 'NONE',  ( 0.3846153846154063971, 0.9230769230769142464, 2.249138607824088469E-15 ) ) ;
#3034 = SURFACE_STYLE_USAGE ( .BOTH. , #3758 ) ;
#3035 = CIRCLE ( 'NONE', #5915, 5.885424868894192585 ) ;
#3036 = SURFACE_STYLE_FILL_AREA ( #2377 ) ;
#3037 = COLOUR_RGB ( '',0.1098039215686274495, 0.1098039215686274495, 0.1098039215686274495 ) ;
#3038 =( GEOMETRIC_REPRESENTATION_CONTEXT ( 3 ) GLOBAL_UNCERTAINTY_ASSIGNED_CONTEXT ( ( #4286 ) ) GLOBAL_UNIT_ASSIGNED_CONTEXT ( ( #751, #3649, #552 ) ) REPRESENTATION_CONTEXT ( 'NONE', 'WORKASPACE' ) );
#3039 = ORIENTED_EDGE ( 'NONE', *, *, #5329, .F. ) ;
#3040 =( GEOMETRIC_REPRESENTATION_CONTEXT ( 3 ) GLOBAL_UNCERTAINTY_ASSIGNED_CONTEXT ( ( #5768 ) ) GLOBAL_UNIT_ASSIGNED_CONTEXT ( ( #7374, #952, #9102 ) ) REPRESENTATION_CONTEXT ( 'NONE', 'WORKASPACE' ) );
#3041 = VERTEX_POINT ( 'NONE', #4729 ) ;
#3042 = ORIENTED_EDGE ( 'NONE', *, *, #4489, .T. ) ;
#3043 = DIRECTION ( 'NONE',  ( 1.000000000000000000, 0.000000000000000000, 0.000000000000000000 ) ) ;
#3044 = PRESENTATION_STYLE_ASSIGNMENT (( #7039 ) ) ;
#3045 = PRESENTATION_LAYER_ASSIGNMENT (  '', '', ( #3386 ) ) ;
#3046 = PRESENTATION_LAYER_ASSIGNMENT (  '', '', ( #4894 ) ) ;
#3047 = SURFACE_SIDE_STYLE ('',( #7042 ) ) ;
#3048 = PRESENTATION_STYLE_ASSIGNMENT (( #6367 ) ) ;
#3049 = EDGE_CURVE ( 'NONE', #9740, #3300, #1764, .T. ) ;
#3050 = CARTESIAN_POINT ( 'NONE',  ( 4.112287655965717548, -4.256400429113919692, 3.598706940622507400 ) ) ;
#3051 =( GEOMETRIC_REPRESENTATION_CONTEXT ( 3 ) GLOBAL_UNCERTAINTY_ASSIGNED_CONTEXT ( ( #4224 ) ) GLOBAL_UNIT_ASSIGNED_CONTEXT ( ( #7698, #7808, #7016 ) ) REPRESENTATION_CONTEXT ( 'NONE', 'WORKASPACE' ) );
#3052 = AXIS2_PLACEMENT_3D ( 'NONE', #8773, #7252, #4817 ) ;
#3053 = PLANE ( 'NONE',  #10356 ) ;
#3054 = ORIENTED_EDGE ( 'NONE', *, *, #9388, .T. ) ;
#3055 = ORIENTED_EDGE ( 'NONE', *, *, #3514, .F. ) ;
#3056 = DIRECTION ( 'NONE',  ( -1.000000000000000000, 0.000000000000000000, 0.000000000000000000 ) ) ;
#3057 = AXIS2_PLACEMENT_3D ( 'NONE', #9692, #6443, #175 ) ;
#3058 = PRESENTATION_STYLE_ASSIGNMENT (( #3411 ) ) ;
#3059 =( GEOMETRIC_REPRESENTATION_CONTEXT ( 3 ) GLOBAL_UNCERTAINTY_ASSIGNED_CONTEXT ( ( #7635 ) ) GLOBAL_UNIT_ASSIGNED_CONTEXT ( ( #8031, #1428, #7136 ) ) REPRESENTATION_CONTEXT ( 'NONE', 'WORKASPACE' ) );
#3060 = CARTESIAN_POINT ( 'NONE',  ( -6.305925830945594335, 2.000000000000000000, -0.7110617430582408804 ) ) ;
#3061 = CARTESIAN_POINT ( 'NONE',  ( -1.866168552841703354, -5.424745029542275887, 3.600000000000002309 ) ) ;
#3062 = CARTESIAN_POINT ( 'NONE',  ( 6.000000000000000000, -5.000000000000000000, 0.4000000000000000222 ) ) ;
#3063 = DIRECTION ( 'NONE',  ( 0.000000000000000000, 0.000000000000000000, -1.000000000000000000 ) ) ;
#3064 = CARTESIAN_POINT ( 'NONE',  ( 2.250000000002092104, 5.435424868893539596, 3.199999999999999734 ) ) ;
#3065 = AXIS2_PLACEMENT_3D ( 'NONE', #476, #3621, #9278 ) ;
#3066 = ORIENTED_EDGE ( 'NONE', *, *, #7516, .T. ) ;
#3067 = AXIS2_PLACEMENT_3D ( 'NONE', #6746, #5213, #6074 ) ;
#3068 = EDGE_CURVE ( 'NONE', #2397, #5167, #3115, .T. ) ;
#3069 = DIRECTION ( 'NONE',  ( 1.000000000000000000, 0.000000000000000000, -0.000000000000000000 ) ) ;
#3070 = ORIENTED_EDGE ( 'NONE', *, *, #1865, .F. ) ;
#3071 = CARTESIAN_POINT ( 'NONE',  ( -1.899999999999999911, 0.000000000000000000, 5.500000000000000000 ) ) ;
#3072 = DIRECTION ( 'NONE',  ( 1.000000000000000000, 0.000000000000000000, 0.000000000000000000 ) ) ;
#3073 = LINE ( 'NONE', #8764, #4844 ) ;
#3074 = ADVANCED_FACE ( 'NONE', ( #48 ), #10331, .T. ) ;
#3075 = FILL_AREA_STYLE_COLOUR ( '', #2384 ) ;
#3076 = EDGE_CURVE ( 'NONE', #7990, #1973, #6424, .T. ) ;
#3077 = VECTOR ( 'NONE', #4306, 1000.000000000000000 ) ;
#3078 = SURFACE_STYLE_USAGE ( .BOTH. , #10275 ) ;
#3079 =( LENGTH_UNIT ( ) NAMED_UNIT ( * ) SI_UNIT ( .MILLI., .METRE. ) );
#3080 = ORIENTED_EDGE ( 'NONE', *, *, #8207, .T. ) ;
#3081 = CARTESIAN_POINT ( 'NONE',  ( 6.349999999999997868, 6.704630743366732482, -0.6874509908007693237 ) ) ;
#3082 = ADVANCED_FACE ( 'NONE', ( #5459 ), #3137, .F. ) ;
#3083 = CIRCLE ( 'NONE', #8136, 4.150000000000000355 ) ;
#3084 = UNCERTAINTY_MEASURE_WITH_UNIT (LENGTH_MEASURE( 1.000000000000000082E-05 ), #1580, 'distance_accuracy_value', 'NONE');
#3085 = CARTESIAN_POINT ( 'NONE',  ( -6.349999999999997868, 2.000000000000000000, -0.6874509908007693237 ) ) ;
#3086 = ADVANCED_FACE ( 'NONE', ( #7774 ), #7931, .T. ) ;
#3087 = DIRECTION ( 'NONE',  ( -3.491483361109382461E-15, 0.000000000000000000, 1.000000000000000000 ) ) ;
#3088 = DIRECTION ( 'NONE',  ( -1.000000000000000000, -2.710505431213761578E-16, -0.000000000000000000 ) ) ;
#3089 = ADVANCED_FACE ( 'NONE', ( #10228 ), #9036, .T. ) ;
#3090 = CARTESIAN_POINT ( 'NONE',  ( -6.650000000000001243, -2.999999999999999112, -2.094532406675943648 ) ) ;
#3091 = ORIENTED_EDGE ( 'NONE', *, *, #1253, .F. ) ;
#3092 = VERTEX_POINT ( 'NONE', #25 ) ;
#3093 = ORIENTED_EDGE ( 'NONE', *, *, #4740, .T. ) ;
#3094 = ORIENTED_EDGE ( 'NONE', *, *, #2611, .T. ) ;
#3095 = EDGE_CURVE ( 'NONE', #3041, #1582, #3189, .T. ) ;
#3096 = CARTESIAN_POINT ( 'NONE',  ( -6.287205726393079175, 2.000000000000000888, -2.830212172457901243 ) ) ;
#3097 = UNCERTAINTY_MEASURE_WITH_UNIT (LENGTH_MEASURE( 1.000000000000000082E-05 ), #9972, 'distance_accuracy_value', 'NONE');
#3098 = PRESENTATION_LAYER_ASSIGNMENT (  '', '', ( #6631 ) ) ;
#3099 = CARTESIAN_POINT ( 'NONE',  ( -1.866168552841704464, 5.424745029542296315, 3.199999999999973976 ) ) ;
#3100 = FACE_OUTER_BOUND ( 'NONE', #5395, .T. ) ;
#3101 = STYLED_ITEM ( 'NONE', ( #4342 ), #4155 ) ;
#3102 = CARTESIAN_POINT ( 'NONE',  ( -5.399999999999986144, 2.250000000000020428, 3.600000000000000977 ) ) ;
#3103 = VERTEX_POINT ( 'NONE', #2478 ) ;
#3104 = PRESENTATION_LAYER_ASSIGNMENT (  '', '', ( #1953 ) ) ;
#3105 = ORIENTED_EDGE ( 'NONE', *, *, #877, .F. ) ;
#3106 = CARTESIAN_POINT ( 'NONE',  ( 6.299999999999993605, -2.000000000000000000, -0.6874509908007695458 ) ) ;
#3107 = CARTESIAN_POINT ( 'NONE',  ( -6.650000000000000355, -1.999999999999999112, -2.094532406675943648 ) ) ;
#3108 =( NAMED_UNIT ( * ) SI_UNIT ( $, .STERADIAN. ) SOLID_ANGLE_UNIT ( ) );
#3109 = CIRCLE ( 'NONE', #7643, 0.3499999999999996447 ) ;
#3110 = FACE_OUTER_BOUND ( 'NONE', #9127, .T. ) ;
#3111 = CARTESIAN_POINT ( 'NONE',  ( 6.958519183380838413, 3.000000000000000000, -1.929257140873636311 ) ) ;
#3112 = DIRECTION ( 'NONE',  ( -0.1611885087262043825, 0.6414968937216929401, 0.7500000000000275335 ) ) ;
#3113 = CARTESIAN_POINT ( 'NONE',  ( -7.000000000000000000, -1.999999999999999112, -2.094532406675943648 ) ) ;
#3114 = VERTEX_POINT ( 'NONE', #7987 ) ;
#3115 = CIRCLE ( 'NONE', #4968, 0.04999999999999969746 ) ;
#3116 =( NAMED_UNIT ( * ) PLANE_ANGLE_UNIT ( ) SI_UNIT ( $, .RADIAN. ) );
#3117 = VERTEX_POINT ( 'NONE', #9618 ) ;
#3118 = CARTESIAN_POINT ( 'NONE',  ( 4.750000000000000000, 4.750000000000000000, 3.200000000000000178 ) ) ;
#3119 =( GEOMETRIC_REPRESENTATION_CONTEXT ( 3 ) GLOBAL_UNCERTAINTY_ASSIGNED_CONTEXT ( ( #5349 ) ) GLOBAL_UNIT_ASSIGNED_CONTEXT ( ( #8436, #7685, #6961 ) ) REPRESENTATION_CONTEXT ( 'NONE', 'WORKASPACE' ) );
#3120 = DIRECTION ( 'NONE',  ( -1.000000000000000000, -0.000000000000000000, 0.000000000000000000 ) ) ;
#3121 = CARTESIAN_POINT ( 'NONE',  ( -1.871821283588063212, -5.472118767125913941, 3.600000000000005418 ) ) ;
#3122 = VECTOR ( 'NONE', #7221, 1000.000000000000000 ) ;
#3123 = CARTESIAN_POINT ( 'NONE',  ( 6.299999999999998046, 3.000000000000000000, 6.564159265358979312 ) ) ;
#3124 = AXIS2_PLACEMENT_3D ( 'NONE', #1551, #7005, #3680 ) ;
#3125 =( NAMED_UNIT ( * ) PLANE_ANGLE_UNIT ( ) SI_UNIT ( $, .RADIAN. ) );
#3126 = COLOUR_RGB ( '',0.1098039215686274495, 0.1098039215686274495, 0.1098039215686274495 ) ;
#3127 = PLANE ( 'NONE',  #10007 ) ;
#3128 = SURFACE_SIDE_STYLE ('',( #6979 ) ) ;
#3129 = EDGE_LOOP ( 'NONE', ( #7552, #4228, #747, #4862, #7281, #2304, #224 ) ) ;
#3130 = SURFACE_STYLE_FILL_AREA ( #6351 ) ;
#3131 = DIRECTION ( 'NONE',  ( 1.000000000000000000, 0.000000000000000000, 0.000000000000000000 ) ) ;
#3132 = COLOUR_RGB ( '',1.000000000000000000, 1.000000000000000000, 1.000000000000000000 ) ;
#3133 = AXIS2_PLACEMENT_3D ( 'NONE', #591, #484, #1155 ) ;
#3134 = DIRECTION ( 'NONE',  ( 0.000000000000000000, 0.000000000000000000, -1.000000000000000000 ) ) ;
#3135 = PLANE ( 'NONE',  #3052 ) ;
#3136 = LINE ( 'NONE', #8724, #5047 ) ;
#3137 = PLANE ( 'NONE',  #9503 ) ;
#3138 = TOROIDAL_SURFACE ( 'NONE', #9033, 0.03542486889349712870, 0.4000000000000378253 ) ;
#3139 = VECTOR ( 'NONE', #706, 1000.000000000000000 ) ;
#3140 = FACE_OUTER_BOUND ( 'NONE', #8318, .T. ) ;
#3141 = CIRCLE ( 'NONE', #4153, 0.3499999999999996447 ) ;
#3142 = VECTOR ( 'NONE', #1291, 1000.000000000000000 ) ;
#3143 = EDGE_LOOP ( 'NONE', ( #8406, #3341, #1043, #10132 ) ) ;
#3144 = VERTEX_POINT ( 'NONE', #2435 ) ;
#3145 = EDGE_CURVE ( 'NONE', #5650, #8150, #869, .T. ) ;
#3146 = ORIENTED_EDGE ( 'NONE', *, *, #6041, .F. ) ;
#3147 = EDGE_CURVE ( 'NONE', #5211, #3880, #7137, .T. ) ;
#3148 = FILL_AREA_STYLE ('',( #8208 ) ) ;
#3149 = EDGE_CURVE ( 'NONE', #1809, #2441, #5641, .T. ) ;
#3150 = CARTESIAN_POINT ( 'NONE',  ( -6.000000000000000000, -5.000000000000000000, 0.4000000000000000222 ) ) ;
#3151 = PRESENTATION_LAYER_ASSIGNMENT (  '', '', ( #4828 ) ) ;
#3152 =( NAMED_UNIT ( * ) PLANE_ANGLE_UNIT ( ) SI_UNIT ( $, .RADIAN. ) );
#3153 = LINE ( 'NONE', #2394, #2197 ) ;
#3154 = AXIS2_PLACEMENT_3D ( 'NONE', #6970, #2960, #9389 ) ;
#3155 = EDGE_LOOP ( 'NONE', ( #4573, #3395, #518, #7892 ) ) ;
#3156 = ORIENTED_EDGE ( 'NONE', *, *, #1180, .F. ) ;
#3157 = FACE_OUTER_BOUND ( 'NONE', #10133, .T. ) ;
#3158 = TOROIDAL_SURFACE ( 'NONE', #8046, 0.03542486889356839808, 0.4000000000000148992 ) ;
#3159 = FILL_AREA_STYLE ('',( #2496 ) ) ;
#3160 = DIRECTION ( 'NONE',  ( -1.055607311520602361E-62, 1.000000000000000000, -1.027427521298021533E-31 ) ) ;
#3161 = CARTESIAN_POINT ( 'NONE',  ( -5.528157206495057707, 1.389056478433030595, 3.500000000000039968 ) ) ;
#3162 = PLANE ( 'NONE',  #4199 ) ;
#3163 = MECHANICAL_DESIGN_GEOMETRIC_PRESENTATION_REPRESENTATION (  '', ( #4679 ), #5020 ) ;
#3164 = FILL_AREA_STYLE_COLOUR ( '', #1334 ) ;
#3165 = CARTESIAN_POINT ( 'NONE',  ( 5.609556424471082714, -1.676841459417434343, 3.500000000000001332 ) ) ;
#3166 = ORIENTED_EDGE ( 'NONE', *, *, #5857, .F. ) ;
#3167 =( NAMED_UNIT ( * ) PLANE_ANGLE_UNIT ( ) SI_UNIT ( $, .RADIAN. ) );
#3168 = SURFACE_SIDE_STYLE ('',( #6 ) ) ;
#3169 = ORIENTED_EDGE ( 'NONE', *, *, #6192, .T. ) ;
#3170 = CIRCLE ( 'NONE', #5534, 0.2999999999999929945 ) ;
#3171 = LINE ( 'NONE', #7236, #1741 ) ;
#3172 =( LENGTH_UNIT ( ) NAMED_UNIT ( * ) SI_UNIT ( .MILLI., .METRE. ) );
#3173 = CARTESIAN_POINT ( 'NONE',  ( -6.300000004164958867, -3.590273380400939907, 0.8000000000000000444 ) ) ;
#3174 = AXIS2_PLACEMENT_3D ( 'NONE', #3668, #6843, #574 ) ;
#3175 =( NAMED_UNIT ( * ) PLANE_ANGLE_UNIT ( ) SI_UNIT ( $, .RADIAN. ) );
#3176 = DIRECTION ( 'NONE',  ( 0.000000000000000000, 1.000000000000000000, 2.168404344971005318E-15 ) ) ;
#3177 = DIRECTION ( 'NONE',  ( 0.000000000000000000, 0.000000000000000000, -1.000000000000000000 ) ) ;
#3179 = MECHANICAL_DESIGN_GEOMETRIC_PRESENTATION_REPRESENTATION (  '', ( #8905 ), #1694 ) ;
#3178 =( NAMED_UNIT ( * ) PLANE_ANGLE_UNIT ( ) SI_UNIT ( $, .RADIAN. ) );
#3180 = VERTEX_POINT ( 'NONE', #977 ) ;
#3181 = CARTESIAN_POINT ( 'NONE',  ( -6.000000000000000000, -4.999999999999992895, 3.299999999999999822 ) ) ;
#3182 = STYLED_ITEM ( 'NONE', ( #1648 ), #1358 ) ;
#3183 = UNCERTAINTY_MEASURE_WITH_UNIT (LENGTH_MEASURE( 1.000000000000000082E-05 ), #4196, 'distance_accuracy_value', 'NONE');
#3184 = LINE ( 'NONE', #2371, #3473 ) ;
#3185 = DIRECTION ( 'NONE',  ( -1.000000000000000000, 0.000000000000000000, 0.000000000000000000 ) ) ;
#3186 = CARTESIAN_POINT ( 'NONE',  ( 0.9999999999912745352, -2.465190328830165587E-26, 7.299999999986539478 ) ) ;
#3187 = DIRECTION ( 'NONE',  ( -1.000000000000000000, -0.000000000000000000, -0.000000000000000000 ) ) ;
#3188 = CIRCLE ( 'NONE', #10234, 0.3499999999999996447 ) ;
#3189 = LINE ( 'NONE', #1847, #9966 ) ;
#3190 = DIRECTION ( 'NONE',  ( -1.053031360026544826E-16, -1.000000000000000000, -0.000000000000000000 ) ) ;
#3191 = COLOUR_RGB ( '',1.000000000000000000, 1.000000000000000000, 1.000000000000000000 ) ;
#3192 = ORIENTED_EDGE ( 'NONE', *, *, #880, .T. ) ;
#3193 = VERTEX_POINT ( 'NONE', #4033 ) ;
#3194 = ORIENTED_EDGE ( 'NONE', *, *, #5723, .T. ) ;
#3195 = MECHANICAL_DESIGN_GEOMETRIC_PRESENTATION_REPRESENTATION (  '', ( #8225 ), #8401 ) ;
#3196 = CIRCLE ( 'NONE', #10074, 0.3999999999999604428 ) ;
#3197 = EDGE_CURVE ( 'NONE', #10121, #169, #7349, .T. ) ;
#3198 =( NAMED_UNIT ( * ) PLANE_ANGLE_UNIT ( ) SI_UNIT ( $, .RADIAN. ) );
#3199 =( NAMED_UNIT ( * ) SI_UNIT ( $, .STERADIAN. ) SOLID_ANGLE_UNIT ( ) );
#3200 = MECHANICAL_DESIGN_GEOMETRIC_PRESENTATION_REPRESENTATION (  '', ( #565 ), #5911 ) ;
#3201 = SURFACE_STYLE_USAGE ( .BOTH. , #1590 ) ;
#3202 = EDGE_CURVE ( 'NONE', #3364, #3658, #6466, .T. ) ;
#3203 = CARTESIAN_POINT ( 'NONE',  ( -5.950000000000000178, 1.409726619599058317, 0.8000000000000000444 ) ) ;
#3204 = AXIS2_PLACEMENT_3D ( 'NONE', #6046, #8409, #7459 ) ;
#3205 = FILL_AREA_STYLE ('',( #4830 ) ) ;
#3206 = PLANE ( 'NONE',  #9395 ) ;
#3207 = EDGE_CURVE ( 'NONE', #2807, #2331, #8994, .T. ) ;
#3209 = AXIS2_PLACEMENT_3D ( 'NONE', #2244, #3005, #2911 ) ;
#3208 = FILL_AREA_STYLE ('',( #4626 ) ) ;
#3210 = FILL_AREA_STYLE ('',( #2444 ) ) ;
#3211 = CARTESIAN_POINT ( 'NONE',  ( 5.800000000000000711, 5.000000000000000888, 0.2000000000000000944 ) ) ;
#3212 = VERTEX_POINT ( 'NONE', #5792 ) ;
#3213 = STYLED_ITEM ( 'NONE', ( #9370 ), #7887 ) ;
#3214 = ORIENTED_EDGE ( 'NONE', *, *, #1557, .T. ) ;
#3215 = MECHANICAL_DESIGN_GEOMETRIC_PRESENTATION_REPRESENTATION (  '', ( #6239 ), #10087 ) ;
#3216 = CARTESIAN_POINT ( 'NONE',  ( -6.000000000000000000, -3.499999999999999556, 0.4000000000000000222 ) ) ;
#3217 = CARTESIAN_POINT ( 'NONE',  ( 6.300000002017398515, -3.000000000000000000, -0.6874509908007694348 ) ) ;
#3218 = EDGE_CURVE ( 'NONE', #7543, #2541, #6799, .T. ) ;
#3219 = LINE ( 'NONE', #4102, #994 ) ;
#3220 =( GEOMETRIC_REPRESENTATION_CONTEXT ( 3 ) GLOBAL_UNCERTAINTY_ASSIGNED_CONTEXT ( ( #3391 ) ) GLOBAL_UNIT_ASSIGNED_CONTEXT ( ( #8461, #8365, #7659 ) ) REPRESENTATION_CONTEXT ( 'NONE', 'WORKASPACE' ) );
#3221 = PRESENTATION_LAYER_ASSIGNMENT (  '', '', ( #6091 ) ) ;
#3222 = CARTESIAN_POINT ( 'NONE',  ( -6.000000000000000000, 3.000000000000000000, 1.146410165690350924 ) ) ;
#3223 = DIRECTION ( 'NONE',  ( 0.000000000000000000, -1.000000000000000000, 0.000000000000000000 ) ) ;
#3224 = DIRECTION ( 'NONE',  ( -0.000000000000000000, -1.000000000000000000, -0.000000000000000000 ) ) ;
#3225 = ORIENTED_EDGE ( 'NONE', *, *, #6676, .F. ) ;
#3226 = CARTESIAN_POINT ( 'NONE',  ( -3.825878416158453034E-17, 4.500000000000002665, -1.199999999999996847 ) ) ;
#3227 = FILL_AREA_STYLE ('',( #6486 ) ) ;
#3228 = ORIENTED_EDGE ( 'NONE', *, *, #159, .T. ) ;
#3229 = CIRCLE ( 'NONE', #9774, 0.4500000000000001221 ) ;
#3230 = CIRCLE ( 'NONE', #4899, 1.000000000000000000 ) ;
#3231 = EDGE_CURVE ( 'NONE', #6730, #3041, #8201, .T. ) ;
#3232 =( NAMED_UNIT ( * ) PLANE_ANGLE_UNIT ( ) SI_UNIT ( $, .RADIAN. ) );
#3233 = CARTESIAN_POINT ( 'NONE',  ( -1.861893661036963410, -5.508467996276778855, 3.594982460002422719 ) ) ;
#3234 = PRESENTATION_STYLE_ASSIGNMENT (( #1066 ) ) ;
#3235 =( NAMED_UNIT ( * ) PLANE_ANGLE_UNIT ( ) SI_UNIT ( $, .RADIAN. ) );
#3236 = PRESENTATION_STYLE_ASSIGNMENT (( #7970 ) ) ;
#3237 = DIRECTION ( 'NONE',  ( -1.000000000000000000, 0.000000000000000000, 0.000000000000000000 ) ) ;
#3238 = VECTOR ( 'NONE', #6340, 1000.000000000000000 ) ;
#3239 = CARTESIAN_POINT ( 'NONE',  ( 6.420179204657451955, 2.937096592108938697, -3.202181546672993484 ) ) ;
#3240 = CIRCLE ( 'NONE', #6600, 0.3500000041649586890 ) ;
#3241 = EDGE_LOOP ( 'NONE', ( #254, #7435, #537, #1357 ) ) ;
#3242 = SURFACE_STYLE_FILL_AREA ( #1522 ) ;
#3243 = CARTESIAN_POINT ( 'NONE',  ( 5.000000000000000000, -5.499999999999999112, 3.500000000000000000 ) ) ;
#3244 = VECTOR ( 'NONE', #5263, 1000.000000000000114 ) ;
#3245 = CARTESIAN_POINT ( 'NONE',  ( -1.600000000000000311, -1.599999999999999423, 6.999999999999997335 ) ) ;
#3246 = ORIENTED_EDGE ( 'NONE', *, *, #1487, .T. ) ;
#3247 = EDGE_LOOP ( 'NONE', ( #3415, #10097, #3228, #3093 ) ) ;
#3248 = ORIENTED_EDGE ( 'NONE', *, *, #7702, .F. ) ;
#3249 = SURFACE_SIDE_STYLE ('',( #2585 ) ) ;
#3250 = DIRECTION ( 'NONE',  ( -1.000000000000000000, 0.000000000000000000, 0.000000000000000000 ) ) ;
#3251 = SURFACE_SIDE_STYLE ('',( #5801 ) ) ;
#3252 = FILL_AREA_STYLE ('',( #9669 ) ) ;
#3253 =( GEOMETRIC_REPRESENTATION_CONTEXT ( 3 ) GLOBAL_UNCERTAINTY_ASSIGNED_CONTEXT ( ( #9837 ) ) GLOBAL_UNIT_ASSIGNED_CONTEXT ( ( #8138, #9606, #5720 ) ) REPRESENTATION_CONTEXT ( 'NONE', 'WORKASPACE' ) );
#3254 = CARTESIAN_POINT ( 'NONE',  ( -5.432699878979446950, 2.263624949574786882, 3.600000000000000977 ) ) ;
#3255 = DIRECTION ( 'NONE',  ( 0.000000000000000000, 0.000000000000000000, 1.000000000000000000 ) ) ;
#3256 =( NAMED_UNIT ( * ) SI_UNIT ( $, .STERADIAN. ) SOLID_ANGLE_UNIT ( ) );
#3257 = ORIENTED_EDGE ( 'NONE', *, *, #8182, .T. ) ;
#3258 = ORIENTED_EDGE ( 'NONE', *, *, #9870, .T. ) ;
#3259 = PRESENTATION_LAYER_ASSIGNMENT (  '', '', ( #6458 ) ) ;
#3260 =( NAMED_UNIT ( * ) PLANE_ANGLE_UNIT ( ) SI_UNIT ( $, .RADIAN. ) );
#3261 = CYLINDRICAL_SURFACE ( 'NONE', #10172, 0.7999999999999994893 ) ;
#3262 = CARTESIAN_POINT ( 'NONE',  ( -6.473259784098479130, -2.499999999999998668, -3.109289021392666719 ) ) ;
#3263 = AXIS2_PLACEMENT_3D ( 'NONE', #6887, #8317, #1232 ) ;
#3264 =( NAMED_UNIT ( * ) PLANE_ANGLE_UNIT ( ) SI_UNIT ( $, .RADIAN. ) );
#3265 = PRESENTATION_LAYER_ASSIGNMENT (  '', '', ( #4270 ) ) ;
#3266 = DIRECTION ( 'NONE',  ( 0.000000000000000000, 0.000000000000000000, -1.000000000000000000 ) ) ;
#3267 = DIRECTION ( 'NONE',  ( 0.000000000000000000, 1.000000000000000000, 0.000000000000000000 ) ) ;
#3268 = CARTESIAN_POINT ( 'NONE',  ( 6.000000000000000000, 5.000000000000000000, 0.4000000000000000222 ) ) ;
#3269 = ORIENTED_EDGE ( 'NONE', *, *, #3289, .T. ) ;
#3270 = EDGE_LOOP ( 'NONE', ( #876, #4321, #6311, #6666 ) ) ;
#3271 = FILL_AREA_STYLE_COLOUR ( '', #1254 ) ;
#3272 = CARTESIAN_POINT ( 'NONE',  ( -1.990145515832347715E-14, 5.700000000000000178, 3.600000000000001421 ) ) ;
#3273 = ORIENTED_EDGE ( 'NONE', *, *, #8239, .T. ) ;
#3274 = CARTESIAN_POINT ( 'NONE',  ( -6.000000000000000000, 0.000000000000000000, 0.1999999999999997613 ) ) ;
#3275 = AXIS2_PLACEMENT_3D ( 'NONE', #544, #7502, #5129 ) ;
#3276 = AXIS2_PLACEMENT_3D ( 'NONE', #1614, #12, #3176 ) ;
#3277 = CARTESIAN_POINT ( 'NONE',  ( -1.834593061488394961, -5.496966220273676207, 3.594982460002423164 ) ) ;
#3278 =( NAMED_UNIT ( * ) PLANE_ANGLE_UNIT ( ) SI_UNIT ( $, .RADIAN. ) );
#3279 =( NAMED_UNIT ( * ) SI_UNIT ( $, .STERADIAN. ) SOLID_ANGLE_UNIT ( ) );
#3280 = DIRECTION ( 'NONE',  ( 1.000000000000000000, 0.000000000000000000, 0.000000000000000000 ) ) ;
#3281 = DIRECTION ( 'NONE',  ( 0.000000000000000000, 0.000000000000000000, -1.000000000000000000 ) ) ;
#3282 = UNCERTAINTY_MEASURE_WITH_UNIT (LENGTH_MEASURE( 1.000000000000000082E-05 ), #9866, 'distance_accuracy_value', 'NONE');
#3283 =( NAMED_UNIT ( * ) SI_UNIT ( $, .STERADIAN. ) SOLID_ANGLE_UNIT ( ) );
#3284 =( LENGTH_UNIT ( ) NAMED_UNIT ( * ) SI_UNIT ( .MILLI., .METRE. ) );
#3285 = AXIS2_PLACEMENT_3D ( 'NONE', #2310, #1471, #5564 ) ;
#3286 = EDGE_LOOP ( 'NONE', ( #2605, #785, #4065, #3054 ) ) ;
#3287 = PRESENTATION_LAYER_ASSIGNMENT (  '', '', ( #7996 ) ) ;
#3288 = LINE ( 'NONE', #7449, #9115 ) ;
#3289 = EDGE_CURVE ( 'NONE', #6991, #5583, #8098, .T. ) ;
#3290 = UNCERTAINTY_MEASURE_WITH_UNIT (LENGTH_MEASURE( 1.000000000000000082E-05 ), #963, 'distance_accuracy_value', 'NONE');
#3291 =( GEOMETRIC_REPRESENTATION_CONTEXT ( 3 ) GLOBAL_UNCERTAINTY_ASSIGNED_CONTEXT ( ( #1279 ) ) GLOBAL_UNIT_ASSIGNED_CONTEXT ( ( #8074, #8810, #8709 ) ) REPRESENTATION_CONTEXT ( 'NONE', 'WORKASPACE' ) );
#3292 = DIRECTION ( 'NONE',  ( 1.084202172485503842E-15, -1.000000000000000000, 0.000000000000000000 ) ) ;
#3293 = DIRECTION ( 'NONE',  ( -1.000000000000000000, 0.000000000000000000, 0.000000000000000000 ) ) ;
#3294 =( LENGTH_UNIT ( ) NAMED_UNIT ( * ) SI_UNIT ( .MILLI., .METRE. ) );
#3295 = SURFACE_STYLE_FILL_AREA ( #4925 ) ;
#3296 = DIRECTION ( 'NONE',  ( -0.8682466191274162970, 1.445602896647328070E-15, 0.4961328535521621341 ) ) ;
#3297 = ORIENTED_EDGE ( 'NONE', *, *, #1490, .T. ) ;
#3298 = AXIS2_PLACEMENT_3D ( 'NONE', #6840, #9828, #1862 ) ;
#3299 = TOROIDAL_SURFACE ( 'NONE', #830, 0.03542486889353702734, 0.4000000000000016875 ) ;
#3300 = VERTEX_POINT ( 'NONE', #137 ) ;
#3301 = VERTEX_POINT ( 'NONE', #1081 ) ;
#3302 = VERTEX_POINT ( 'NONE', #2826 ) ;
#3303 = DIRECTION ( 'NONE',  ( 0.000000000000000000, 0.000000000000000000, -1.000000000000000000 ) ) ;
#3304 =( NAMED_UNIT ( * ) SI_UNIT ( $, .STERADIAN. ) SOLID_ANGLE_UNIT ( ) );
#3305 = MECHANICAL_DESIGN_GEOMETRIC_PRESENTATION_REPRESENTATION (  '', ( #9679 ), #5849 ) ;
#3306 =( GEOMETRIC_REPRESENTATION_CONTEXT ( 3 ) GLOBAL_UNCERTAINTY_ASSIGNED_CONTEXT ( ( #7290 ) ) GLOBAL_UNIT_ASSIGNED_CONTEXT ( ( #7815, #2158, #1425 ) ) REPRESENTATION_CONTEXT ( 'NONE', 'WORKASPACE' ) );
#3307 = DIRECTION ( 'NONE',  ( 2.710505431213761578E-16, 1.000000000000000000, -0.000000000000000000 ) ) ;
#3308 = VECTOR ( 'NONE', #7048, 1000.000000000000114 ) ;
#3309 = CYLINDRICAL_SURFACE ( 'NONE', #3263, 0.04999999999999969746 ) ;
#3310 =( GEOMETRIC_REPRESENTATION_CONTEXT ( 3 ) GLOBAL_UNCERTAINTY_ASSIGNED_CONTEXT ( ( #182 ) ) GLOBAL_UNIT_ASSIGNED_CONTEXT ( ( #262, #4146, #8266 ) ) REPRESENTATION_CONTEXT ( 'NONE', 'WORKASPACE' ) );
#3311 = ORIENTED_EDGE ( 'NONE', *, *, #2276, .F. ) ;
#3312 = ORIENTED_EDGE ( 'NONE', *, *, #9776, .F. ) ;
#3313 = STYLED_ITEM ( 'NONE', ( #7926 ), #1484 ) ;
#3314 = CIRCLE ( 'NONE', #4822, 0.04999999999999969746 ) ;
#3315 = CARTESIAN_POINT ( 'NONE',  ( 1.599999999998275246, -1.600000000000000533, 6.999999999999999112 ) ) ;
#3316 = CARTESIAN_POINT ( 'NONE',  ( 0.8000000000000001554, 4.500000000000002665, -1.199999999999998401 ) ) ;
#3317 = CARTESIAN_POINT ( 'NONE',  ( 0.000000000000000000, 0.000000000000000000, 3.500000000000000000 ) ) ;
#3318 = MECHANICAL_DESIGN_GEOMETRIC_PRESENTATION_REPRESENTATION (  '', ( #190 ), #1331 ) ;
#3319 = FACE_OUTER_BOUND ( 'NONE', #8127, .T. ) ;
#3320 = SURFACE_STYLE_FILL_AREA ( #273 ) ;
#3321 = CARTESIAN_POINT ( 'NONE',  ( -6.000000000000000000, 2.000000000000000000, 0.1999999999999997058 ) ) ;
#3322 = VERTEX_POINT ( 'NONE', #10064 ) ;
#3323 = EDGE_LOOP ( 'NONE', ( #1868, #2986 ) ) ;
#3324 = CARTESIAN_POINT ( 'NONE',  ( -6.694074169054411882, -1.999999999999998668, -2.070921654418468982 ) ) ;
#3325 = SURFACE_SIDE_STYLE ('',( #171 ) ) ;
#3326 = EDGE_LOOP ( 'NONE', ( #7788, #8334, #9886, #9808 ) ) ;
#3327 = CARTESIAN_POINT ( 'NONE',  ( -2.839756407125181099E-15, -9.344969442038207703E-15, 3.599999999999996536 ) ) ;
#3328 = CIRCLE ( 'NONE', #7367, 0.4000000000000457634 ) ;
#3329 = EDGE_CURVE ( 'NONE', #1122, #9480, #3763, .T. ) ;
#3330 = DIRECTION ( 'NONE',  ( 2.478176364762575186E-15, 0.000000000000000000, 1.000000000000000000 ) ) ;
#3331 = CARTESIAN_POINT ( 'NONE',  ( -4.750000000000000000, 4.750000000000000000, 3.200000000000000178 ) ) ;
#3332 = CARTESIAN_POINT ( 'NONE',  ( -6.000000000000000000, 3.499999999999999556, 0.1999999999999999001 ) ) ;
#3333 = EDGE_CURVE ( 'NONE', #1825, #7069, #5282, .T. ) ;
#3334 =( LENGTH_UNIT ( ) NAMED_UNIT ( * ) SI_UNIT ( .MILLI., .METRE. ) );
#3335 = CARTESIAN_POINT ( 'NONE',  ( 1.899999999999999911, 1.599999999999999867, 5.500000000000000000 ) ) ;
#3336 = DIRECTION ( 'NONE',  ( 0.4819066211576369940, -0.2377525341402917936, -0.8433503074015559209 ) ) ;
#3337 = EDGE_CURVE ( 'NONE', #5769, #4305, #7633, .T. ) ;
#3338 = LINE ( 'NONE', #8344, #6689 ) ;
#3339 = CIRCLE ( 'NONE', #1673, 0.4000000000000043521 ) ;
#3340 = SURFACE_STYLE_USAGE ( .BOTH. , #7447 ) ;
#3341 = ORIENTED_EDGE ( 'NONE', *, *, #438, .T. ) ;
#3342 =( LENGTH_UNIT ( ) NAMED_UNIT ( * ) SI_UNIT ( .MILLI., .METRE. ) );
#3343 = MECHANICAL_DESIGN_GEOMETRIC_PRESENTATION_REPRESENTATION (  '', ( #529 ), #361 ) ;
#3344 = CARTESIAN_POINT ( 'NONE',  ( 6.000000000000000000, 4.999999999999992895, 3.300000000000000711 ) ) ;
#3345 = ADVANCED_FACE ( 'NONE', ( #6817 ), #8304, .T. ) ;
#3346 = COLOUR_RGB ( '',0.1098039215686274495, 0.1098039215686274495, 0.1098039215686274495 ) ;
#3347 = LINE ( 'NONE', #7297, #9891 ) ;
#3348 = ADVANCED_FACE ( 'NONE', ( #341 ), #4284, .T. ) ;
#3349 = CARTESIAN_POINT ( 'NONE',  ( -6.305925830945593447, 6.704630743366732482, -0.7110617430582416576 ) ) ;
#3350 = FACE_OUTER_BOUND ( 'NONE', #9704, .T. ) ;
#3351 = MECHANICAL_DESIGN_GEOMETRIC_PRESENTATION_REPRESENTATION (  '', ( #5357 ), #5714 ) ;
#3352 = ORIENTED_EDGE ( 'NONE', *, *, #120, .F. ) ;
#3353 = ORIENTED_EDGE ( 'NONE', *, *, #8425, .F. ) ;
#3354 = EDGE_LOOP ( 'NONE', ( #1437, #4458, #6958, #4252 ) ) ;
#3355 = ORIENTED_EDGE ( 'NONE', *, *, #2534, .F. ) ;
#3356 = FACE_OUTER_BOUND ( 'NONE', #3692, .T. ) ;
#3357 = COLOUR_RGB ( '',0.5019607843137254832, 0.5019607843137254832, 0.5019607843137254832 ) ;
#3358 = CARTESIAN_POINT ( 'NONE',  ( -2.250000000002319922, 5.435424868893549366, 3.200000000000003286 ) ) ;
#3359 = VECTOR ( 'NONE', #2267, 1000.000000000000000 ) ;
#3360 = PLANE ( 'NONE',  #7052 ) ;
#3361 = EDGE_CURVE ( 'NONE', #6184, #6730, #1947, .T. ) ;
#3362 = FILL_AREA_STYLE_COLOUR ( '', #5508 ) ;
#3363 = STYLED_ITEM ( 'NONE', ( #9138 ), #8804 ) ;
#3364 = VERTEX_POINT ( 'NONE', #9402 ) ;
#3365 = AXIS2_PLACEMENT_3D ( 'NONE', #3519, #4368, #7573 ) ;
#3366 = CIRCLE ( 'NONE', #9248, 0.04999999999999969746 ) ;
#3367 = ORIENTED_EDGE ( 'NONE', *, *, #3361, .F. ) ;
#3368 = ORIENTED_EDGE ( 'NONE', *, *, #2611, .F. ) ;
#3369 = CARTESIAN_POINT ( 'NONE',  ( -6.287205726393079175, -1.999999999999999112, -2.830212172457900799 ) ) ;
#3370 = VECTOR ( 'NONE', #1356, 1000.000000000000000 ) ;
#3371 = COLOUR_RGB ( '',0.1098039215686274495, 0.1098039215686274495, 0.1098039215686274495 ) ;
#3372 = DIRECTION ( 'NONE',  ( 0.000000000000000000, -1.000000000000000000, 0.000000000000000000 ) ) ;
#3373 = EDGE_CURVE ( 'NONE', #6089, #9106, #629, .T. ) ;
#3374 = FACE_OUTER_BOUND ( 'NONE', #619, .T. ) ;
#3375 =( GEOMETRIC_REPRESENTATION_CONTEXT ( 3 ) GLOBAL_UNCERTAINTY_ASSIGNED_CONTEXT ( ( #6657 ) ) GLOBAL_UNIT_ASSIGNED_CONTEXT ( ( #8375, #4459, #7615 ) ) REPRESENTATION_CONTEXT ( 'NONE', 'WORKASPACE' ) );
#3376 = CARTESIAN_POINT ( 'NONE',  ( -6.420179204657450178, 2.937096592108938253, -3.202181546672994372 ) ) ;
#3377 = CIRCLE ( 'NONE', #570, 0.8000000000000003775 ) ;
#3378 = ORIENTED_EDGE ( 'NONE', *, *, #6496, .F. ) ;
#3379 = AXIS2_PLACEMENT_3D ( 'NONE', #9927, #2749, #4103 ) ;
#3380 = ORIENTED_EDGE ( 'NONE', *, *, #7387, .T. ) ;
#3381 = FILL_AREA_STYLE_COLOUR ( '', #9162 ) ;
#3382 = ORIENTED_EDGE ( 'NONE', *, *, #1674, .T. ) ;
#3383 = DIRECTION ( 'NONE',  ( -0.8682466191274125222, 0.000000000000000000, -0.4961328535521690175 ) ) ;
#3384 = CARTESIAN_POINT ( 'NONE',  ( 5.263543069950419095, 1.562740220136263236, 3.600000000150505919 ) ) ;
#3385 =( NAMED_UNIT ( * ) PLANE_ANGLE_UNIT ( ) SI_UNIT ( $, .RADIAN. ) );
#3386 = STYLED_ITEM ( 'NONE', ( #7460 ), #6245 ) ;
#3387 = FILL_AREA_STYLE ('',( #8081 ) ) ;
#3388 = CARTESIAN_POINT ( 'NONE',  ( -5.819112848942190830, 1.462164714140030686, 3.500000000000084821 ) ) ;
#3389 = DIRECTION ( 'NONE',  ( 0.04993761694247732252, 4.331397822371141379E-16, 0.9987523388779153688 ) ) ;
#3390 = DIRECTION ( 'NONE',  ( -1.000000000000000000, 0.000000000000000000, 0.000000000000000000 ) ) ;
#3391 = UNCERTAINTY_MEASURE_WITH_UNIT (LENGTH_MEASURE( 1.000000000000000082E-05 ), #8461, 'distance_accuracy_value', 'NONE');
#3392 = DIRECTION ( 'NONE',  ( 0.000000000000000000, 0.000000000000000000, -1.000000000000000000 ) ) ;
#3393 = CARTESIAN_POINT ( 'NONE',  ( 5.000000000000000000, 6.000000000000000000, 3.500000000000000000 ) ) ;
#3394 = ADVANCED_FACE ( 'NONE', ( #10271 ), #4550, .T. ) ;
#3395 = ORIENTED_EDGE ( 'NONE', *, *, #10210, .T. ) ;
#3396 = VECTOR ( 'NONE', #3555, 1000.000000000000000 ) ;
#3397 = COLOUR_RGB ( '',0.1098039215686274495, 0.1098039215686274495, 0.1098039215686274495 ) ;
#3398 = CARTESIAN_POINT ( 'NONE',  ( -2.277804515286225406, -5.500000000000000000, 3.594287673798079119 ) ) ;
#3399 = DIRECTION ( 'NONE',  ( 1.000000000000000000, -0.000000000000000000, 0.000000000000000000 ) ) ;
#3400 = MECHANICAL_DESIGN_GEOMETRIC_PRESENTATION_REPRESENTATION (  '', ( #4915 ), #4734 ) ;
#3401 = CARTESIAN_POINT ( 'NONE',  ( 5.950000000000000178, 3.000000000000000000, 0.7999999958350421103 ) ) ;
#3402 = ORIENTED_EDGE ( 'NONE', *, *, #4060, .T. ) ;
#3403 = ORIENTED_EDGE ( 'NONE', *, *, #5680, .T. ) ;
#3404 = EDGE_CURVE ( 'NONE', #1021, #5462, #1368, .T. ) ;
#3405 = ORIENTED_EDGE ( 'NONE', *, *, #2892, .F. ) ;
#3406 = AXIS2_PLACEMENT_3D ( 'NONE', #8212, #1550, #9484 ) ;
#3407 = ADVANCED_FACE ( 'NONE', ( #7811 ), #1422, .T. ) ;
#3408 = AXIS2_PLACEMENT_3D ( 'NONE', #912, #5054, #122 ) ;
#3409 =( NAMED_UNIT ( * ) PLANE_ANGLE_UNIT ( ) SI_UNIT ( $, .RADIAN. ) );
#3410 = SURFACE_STYLE_USAGE ( .BOTH. , #7413 ) ;
#3411 = SURFACE_STYLE_USAGE ( .BOTH. , #4983 ) ;
#3412 = FILL_AREA_STYLE ('',( #6623 ) ) ;
#3413 = DIRECTION ( 'NONE',  ( 0.000000000000000000, 0.000000000000000000, -1.000000000000000000 ) ) ;
#3414 = CARTESIAN_POINT ( 'NONE',  ( 1.599999999999999867, -5.435424868893540484, 3.199999999999999734 ) ) ;
#3415 = ORIENTED_EDGE ( 'NONE', *, *, #421, .F. ) ;
#3416 = ADVANCED_FACE ( 'NONE', ( #4602 ), #117, .T. ) ;
#3417 = ORIENTED_EDGE ( 'NONE', *, *, #6313, .F. ) ;
#3418 = DIRECTION ( 'NONE',  ( 0.000000000000000000, 0.000000000000000000, 1.000000000000000000 ) ) ;
#3419 = CARTESIAN_POINT ( 'NONE',  ( 1.676841459417434121, 5.609556424471083602, 3.499999999999998668 ) ) ;
#3420 = FILL_AREA_STYLE_COLOUR ( '', #4355 ) ;
#3421 =( LENGTH_UNIT ( ) NAMED_UNIT ( * ) SI_UNIT ( .MILLI., .METRE. ) );
#3422 = VECTOR ( 'NONE', #5645, 1000.000000000000000 ) ;
#3423 = CARTESIAN_POINT ( 'NONE',  ( 6.299999999999998046, 3.000000000000000000, -0.6874509908007693237 ) ) ;
#3424 = UNCERTAINTY_MEASURE_WITH_UNIT (LENGTH_MEASURE( 1.000000000000000082E-05 ), #4640, 'distance_accuracy_value', 'NONE');
#3425 = ORIENTED_EDGE ( 'NONE', *, *, #559, .T. ) ;
#3426 =( LENGTH_UNIT ( ) NAMED_UNIT ( * ) SI_UNIT ( .MILLI., .METRE. ) );
#3427 = FILL_AREA_STYLE ('',( #5822 ) ) ;
#3428 = ORIENTED_EDGE ( 'NONE', *, *, #5329, .T. ) ;
#3429 = SURFACE_SIDE_STYLE ('',( #2709 ) ) ;
#3430 = DIRECTION ( 'NONE',  ( 0.000000000000000000, 0.000000000000000000, 1.000000000000000000 ) ) ;
#3431 = AXIS2_PLACEMENT_3D ( 'NONE', #9554, #3874, #10288 ) ;
#3432 = FACE_OUTER_BOUND ( 'NONE', #7606, .T. ) ;
#3433 = DIRECTION ( 'NONE',  ( 1.222978688985946960E-15, -1.000000000000000000, 0.000000000000000000 ) ) ;
#3434 = CARTESIAN_POINT ( 'NONE',  ( 5.259556672327242666, -1.372345661386348059, 3.600000000000003642 ) ) ;
#3435 = SURFACE_SIDE_STYLE ('',( #4274 ) ) ;
#3436 = SURFACE_STYLE_USAGE ( .BOTH. , #9754 ) ;
#3437 = CARTESIAN_POINT ( 'NONE',  ( -3.950851657416640350, -4.713095711004409161, 3.500000000000000444 ) ) ;
#3438 = ORIENTED_EDGE ( 'NONE', *, *, #4415, .T. ) ;
#3439 = VECTOR ( 'NONE', #5083, 1000.000000000000000 ) ;
#3440 = CARTESIAN_POINT ( 'NONE',  ( -5.819112848942275207, 1.462164714140041344, 3.200000000000166267 ) ) ;
#3441 = AXIS2_PLACEMENT_3D ( 'NONE', #8190, #6494, #7389 ) ;
#3442 = DIRECTION ( 'NONE',  ( 2.961358209323463018E-15, -2.961358209323485106E-15, -1.000000000000000000 ) ) ;
#3443 = FILL_AREA_STYLE ('',( #7547 ) ) ;
#3444 =( NAMED_UNIT ( * ) PLANE_ANGLE_UNIT ( ) SI_UNIT ( $, .RADIAN. ) );
#3445 = AXIS2_PLACEMENT_3D ( 'NONE', #967, #8141, #3177 ) ;
#3446 = DIRECTION ( 'NONE',  ( -1.053031360026544826E-16, -1.000000000000000000, -0.000000000000000000 ) ) ;
#3447 = UNCERTAINTY_MEASURE_WITH_UNIT (LENGTH_MEASURE( 1.000000000000000082E-05 ), #4243, 'distance_accuracy_value', 'NONE');
#3448 = ORIENTED_EDGE ( 'NONE', *, *, #889, .T. ) ;
#3449 = MECHANICAL_DESIGN_GEOMETRIC_PRESENTATION_REPRESENTATION (  '', ( #8338 ), #4789 ) ;
#3450 = CARTESIAN_POINT ( 'NONE',  ( 6.649999999999999467, 3.000000000000000000, -2.094532406675940983 ) ) ;
#3451 = ORIENTED_EDGE ( 'NONE', *, *, #310, .T. ) ;
#3452 = DIRECTION ( 'NONE',  ( 0.000000000000000000, 0.000000000000000000, -1.000000000000000000 ) ) ;
#3453 = AXIS2_PLACEMENT_3D ( 'NONE', #2414, #2355, #5661 ) ;
#3454 = PRESENTATION_LAYER_ASSIGNMENT (  '', '', ( #9827 ) ) ;
#3455 = FACE_OUTER_BOUND ( 'NONE', #2853, .T. ) ;
#3456 = AXIS2_PLACEMENT_3D ( 'NONE', #10070, #6982, #7768 ) ;
#3457 = DIRECTION ( 'NONE',  ( -0.000000000000000000, -0.000000000000000000, 1.000000000000000000 ) ) ;
#3458 = VECTOR ( 'NONE', #3773, 1000.000000000000000 ) ;
#3459 = AXIS2_PLACEMENT_3D ( 'NONE', #9440, #7009, #2407 ) ;
#3460 = EDGE_LOOP ( 'NONE', ( #5658, #8271, #3091, #1197 ) ) ;
#3461 = EDGE_CURVE ( 'NONE', #7202, #3117, #3769, .T. ) ;
#3462 = ADVANCED_FACE ( 'NONE', ( #8084 ), #181, .T. ) ;
#3463 = VERTEX_POINT ( 'NONE', #4075 ) ;
#3464 = COLOUR_RGB ( '',0.1098039215686274495, 0.1098039215686274495, 0.1098039215686274495 ) ;
#3465 = CIRCLE ( 'NONE', #7840, 5.435424868893838024 ) ;
#3466 = DIRECTION ( 'NONE',  ( -0.000000000000000000, -1.000000000000000000, -0.000000000000000000 ) ) ;
#3467 = CIRCLE ( 'NONE', #2328, 0.2999999999999999334 ) ;
#3468 = EDGE_CURVE ( 'NONE', #6122, #6338, #8922, .T. ) ;
#3469 = SURFACE_STYLE_USAGE ( .BOTH. , #463 ) ;
#3470 = STYLED_ITEM ( 'NONE', ( #526 ), #10012 ) ;
#3471 = MECHANICAL_DESIGN_GEOMETRIC_PRESENTATION_REPRESENTATION (  '', ( #8367 ), #10184 ) ;
#3472 = CARTESIAN_POINT ( 'NONE',  ( -5.999999999999993783, -1.999999999999999556, -0.6874509908007685466 ) ) ;
#3473 = VECTOR ( 'NONE', #4922, 1000.000000000000000 ) ;
#3474 = AXIS2_PLACEMENT_3D ( 'NONE', #9581, #9635, #8962 ) ;
#3475 = LINE ( 'NONE', #9107, #3142 ) ;
#3476 = EDGE_LOOP ( 'NONE', ( #497, #10024, #6909, #6168 ) ) ;
#3477 = ORIENTED_EDGE ( 'NONE', *, *, #8245, .T. ) ;
#3478 = CARTESIAN_POINT ( 'NONE',  ( 1.599999999999997868, -1.899999999999999911, 6.999999999999999112 ) ) ;
#3479 = ORIENTED_EDGE ( 'NONE', *, *, #1512, .F. ) ;
#3480 = FILL_AREA_STYLE_COLOUR ( '', #1712 ) ;
#3481 = DIRECTION ( 'NONE',  ( -0.8682466191274308409, 0.000000000000000000, 0.4961328535521369321 ) ) ;
#3482 = FILL_AREA_STYLE_COLOUR ( '', #2517 ) ;
#3483 =( GEOMETRIC_REPRESENTATION_CONTEXT ( 3 ) GLOBAL_UNCERTAINTY_ASSIGNED_CONTEXT ( ( #4759 ) ) GLOBAL_UNIT_ASSIGNED_CONTEXT ( ( #10320, #3125, #6346 ) ) REPRESENTATION_CONTEXT ( 'NONE', 'WORKASPACE' ) );
#3484 = LINE ( 'NONE', #2608, #10235 ) ;
#3485 =( NAMED_UNIT ( * ) PLANE_ANGLE_UNIT ( ) SI_UNIT ( $, .RADIAN. ) );
#3486 = DIRECTION ( 'NONE',  ( 0.000000000000000000, 0.000000000000000000, -1.000000000000000000 ) ) ;
#3487 =( NAMED_UNIT ( * ) PLANE_ANGLE_UNIT ( ) SI_UNIT ( $, .RADIAN. ) );
#3488 = UNCERTAINTY_MEASURE_WITH_UNIT (LENGTH_MEASURE( 1.000000000000000082E-05 ), #3334, 'distance_accuracy_value', 'NONE');
#3489 = DIRECTION ( 'NONE',  ( -0.000000000000000000, -1.000000000000000000, -0.000000000000000000 ) ) ;
#3490 = EDGE_LOOP ( 'NONE', ( #8478, #3477, #5380, #4037 ) ) ;
#3491 = AXIS2_PLACEMENT_3D ( 'NONE', #8805, #1460, #2297 ) ;
#3492 = SURFACE_STYLE_USAGE ( .BOTH. , #4081 ) ;
#3493 = DIRECTION ( 'NONE',  ( -4.900241895855846023E-16, -4.900241895855865745E-16, -1.000000000000000000 ) ) ;
#3494 = LINE ( 'NONE', #3698, #6638 ) ;
#3495 = VERTEX_POINT ( 'NONE', #4965 ) ;
#3496 = ORIENTED_EDGE ( 'NONE', *, *, #6353, .T. ) ;
#3497 = COLOUR_RGB ( '',0.1098039215686274495, 0.1098039215686274495, 0.1098039215686274495 ) ;
#3498 = TOROIDAL_SURFACE ( 'NONE', #6203, 0.03542486889363447022, 0.3999999999999947486 ) ;
#3499 = FILL_AREA_STYLE_COLOUR ( '', #403 ) ;
#3500 = CARTESIAN_POINT ( 'NONE',  ( -5.435424868893536043, 1.891518204694816241, 3.200000000000000622 ) ) ;
#3501 = VECTOR ( 'NONE', #3558, 1000.000000000000000 ) ;
#3502 = FACE_OUTER_BOUND ( 'NONE', #2440, .T. ) ;
#3503 = DIRECTION ( 'NONE',  ( 0.000000000000000000, 0.000000000000000000, 1.000000000000000000 ) ) ;
#3504 = ORIENTED_EDGE ( 'NONE', *, *, #5985, .F. ) ;
#3505 = EDGE_CURVE ( 'NONE', #9057, #10008, #4601, .T. ) ;
#3506 = MECHANICAL_DESIGN_GEOMETRIC_PRESENTATION_REPRESENTATION (  '', ( #4516 ), #1857 ) ;
#3507 = VERTEX_POINT ( 'NONE', #6545 ) ;
#3508 =( GEOMETRIC_REPRESENTATION_CONTEXT ( 3 ) GLOBAL_UNCERTAINTY_ASSIGNED_CONTEXT ( ( #8668 ) ) GLOBAL_UNIT_ASSIGNED_CONTEXT ( ( #5984, #9906, #4232 ) ) REPRESENTATION_CONTEXT ( 'NONE', 'WORKASPACE' ) );
#3509 = PLANE ( 'NONE',  #8300 ) ;
#3510 = CARTESIAN_POINT ( 'NONE',  ( 6.305925830945597887, 3.000000000000000000, -0.7110617430582391041 ) ) ;
#3511 = DIRECTION ( 'NONE',  ( 0.000000000000000000, 0.000000000000000000, -1.000000000000000000 ) ) ;
#3512 = EDGE_CURVE ( 'NONE', #3300, #9954, #4281, .T. ) ;
#3513 = AXIS2_PLACEMENT_3D ( 'NONE', #2393, #5593, #8792 ) ;
#3514 = EDGE_CURVE ( 'NONE', #10109, #6436, #2363, .T. ) ;
#3515 = VECTOR ( 'NONE', #3389, 1000.000000000000114 ) ;
#3516 = CARTESIAN_POINT ( 'NONE',  ( -6.000000000000000000, 0.000000000000000000, 0.1999999999999997613 ) ) ;
#3517 = CARTESIAN_POINT ( 'NONE',  ( 5.819112848942163296, 1.462164714140036681, 3.499999999999995115 ) ) ;
#3518 = STYLED_ITEM ( 'NONE', ( #7969 ), #2499 ) ;
#3519 = CARTESIAN_POINT ( 'NONE',  ( 4.999999999999996447, -4.999999999999993783, -2.981555974335137194E-16 ) ) ;
#3520 = ORIENTED_EDGE ( 'NONE', *, *, #3856, .T. ) ;
#3521 = STYLED_ITEM ( 'NONE', ( #7173 ), #5336 ) ;
#3522 = ORIENTED_EDGE ( 'NONE', *, *, #5205, .F. ) ;
#3523 = PRESENTATION_LAYER_ASSIGNMENT (  '', '', ( #10240 ) ) ;
#3524 = UNCERTAINTY_MEASURE_WITH_UNIT (LENGTH_MEASURE( 1.000000000000000082E-05 ), #9414, 'distance_accuracy_value', 'NONE');
#3525 = ORIENTED_EDGE ( 'NONE', *, *, #3776, .F. ) ;
#3526 =( NAMED_UNIT ( * ) SI_UNIT ( $, .STERADIAN. ) SOLID_ANGLE_UNIT ( ) );
#3527 = ORIENTED_EDGE ( 'NONE', *, *, #3531, .F. ) ;
#3528 = AXIS2_PLACEMENT_3D ( 'NONE', #1978, #6603, #6126 ) ;
#3529 = CARTESIAN_POINT ( 'NONE',  ( 5.320624714195950844, 1.729627008494047935, 3.599999573604474090 ) ) ;
#3530 = FILL_AREA_STYLE ('',( #3482 ) ) ;
#3531 = EDGE_CURVE ( 'NONE', #4290, #4053, #9697, .T. ) ;
#3532 = AXIS2_PLACEMENT_3D ( 'NONE', #2025, #4371, #2698 ) ;
#3533 = PRESENTATION_STYLE_ASSIGNMENT (( #7386 ) ) ;
#3534 = UNCERTAINTY_MEASURE_WITH_UNIT (LENGTH_MEASURE( 1.000000000000000082E-05 ), #1223, 'distance_accuracy_value', 'NONE');
#3535 = CIRCLE ( 'NONE', #9433, 5.700000000000247979 ) ;
#3536 = SURFACE_STYLE_FILL_AREA ( #2610 ) ;
#3537 = CARTESIAN_POINT ( 'NONE',  ( 4.750000000000000000, 4.750000000000000000, 3.499999999999999556 ) ) ;
#3538 = CARTESIAN_POINT ( 'NONE',  ( 6.299999999999996270, -3.000000000000000000, 0.06415926535897724381 ) ) ;
#3539 = AXIS2_PLACEMENT_3D ( 'NONE', #9151, #6159, #9374 ) ;
#3540 = SURFACE_SIDE_STYLE ('',( #4434 ) ) ;
#3541 = EDGE_LOOP ( 'NONE', ( #8505, #7366, #8972, #6951 ) ) ;
#3542 = ORIENTED_EDGE ( 'NONE', *, *, #196, .T. ) ;
#3543 = EDGE_CURVE ( 'NONE', #3322, #279, #2512, .T. ) ;
#3544 = AXIS2_PLACEMENT_3D ( 'NONE', #6047, #5183, #1955 ) ;
#3545 = SURFACE_STYLE_FILL_AREA ( #2728 ) ;
#3546 = MECHANICAL_DESIGN_GEOMETRIC_PRESENTATION_REPRESENTATION (  '', ( #1728 ), #7578 ) ;
#3547 =( NAMED_UNIT ( * ) SI_UNIT ( $, .STERADIAN. ) SOLID_ANGLE_UNIT ( ) );
#3548 = AXIS2_PLACEMENT_3D ( 'NONE', #8658, #7866, #10114 ) ;
#3549 = LINE ( 'NONE', #6770, #7475 ) ;
#3550 = ORIENTED_EDGE ( 'NONE', *, *, #4101, .T. ) ;
#3551 = MECHANICAL_DESIGN_GEOMETRIC_PRESENTATION_REPRESENTATION (  '', ( #409 ), #1907 ) ;
#3552 = FILL_AREA_STYLE_COLOUR ( '', #9680 ) ;
#3553 = FILL_AREA_STYLE_COLOUR ( '', #3357 ) ;
#3554 = ORIENTED_EDGE ( 'NONE', *, *, #4456, .T. ) ;
#3555 = DIRECTION ( 'NONE',  ( 0.4722150451494404599, 0.000000000000000000, 0.8814833810881018694 ) ) ;
#3556 = STYLED_ITEM ( 'NONE', ( #6088 ), #6690 ) ;
#3557 = SURFACE_STYLE_FILL_AREA ( #10075 ) ;
#3558 = DIRECTION ( 'NONE',  ( -0.000000000000000000, -0.000000000000000000, 1.000000000000000000 ) ) ;
#3559 =( NAMED_UNIT ( * ) PLANE_ANGLE_UNIT ( ) SI_UNIT ( $, .RADIAN. ) );
#3560 =( LENGTH_UNIT ( ) NAMED_UNIT ( * ) SI_UNIT ( .MILLI., .METRE. ) );
#3561 = ORIENTED_EDGE ( 'NONE', *, *, #347, .F. ) ;
#3562 = STYLED_ITEM ( 'NONE', ( #70 ), #8479 ) ;
#3563 = VECTOR ( 'NONE', #10040, 1000.000000000000227 ) ;
#3564 = PRESENTATION_STYLE_ASSIGNMENT (( #2012 ) ) ;
#3565 = CARTESIAN_POINT ( 'NONE',  ( -3.600000000000000089, 5.000000000000000000, 3.500000000000000000 ) ) ;
#3566 = EDGE_CURVE ( 'NONE', #896, #8832, #9661, .T. ) ;
#3567 = MECHANICAL_DESIGN_GEOMETRIC_PRESENTATION_REPRESENTATION (  '', ( #9302 ), #7953 ) ;
#3568 = DIRECTION ( 'NONE',  ( -0.000000000000000000, 1.000000000000000000, -0.000000000000000000 ) ) ;
#3569 = CARTESIAN_POINT ( 'NONE',  ( -4.399999999999998579, -3.500000000000000000, 0.4000000000000000222 ) ) ;
#3570 = LINE ( 'NONE', #9427, #2854 ) ;
#3571 = ORIENTED_EDGE ( 'NONE', *, *, #4932, .F. ) ;
#3572 = VERTEX_POINT ( 'NONE', #4806 ) ;
#3573 = ORIENTED_EDGE ( 'NONE', *, *, #1762, .F. ) ;
#3574 = PRESENTATION_LAYER_ASSIGNMENT (  '', '', ( #8981 ) ) ;
#3575 = DIRECTION ( 'NONE',  ( -1.000000000000000000, 0.000000000000000000, -0.000000000000000000 ) ) ;
#3576 = FILL_AREA_STYLE ('',( #5214 ) ) ;
#3577 = ORIENTED_EDGE ( 'NONE', *, *, #7062, .T. ) ;
#3578 = SURFACE_STYLE_USAGE ( .BOTH. , #4171 ) ;
#3579 =( NAMED_UNIT ( * ) PLANE_ANGLE_UNIT ( ) SI_UNIT ( $, .RADIAN. ) );
#3580 = FILL_AREA_STYLE_COLOUR ( '', #5657 ) ;
#3581 = COLOUR_RGB ( '',0.1098039215686274495, 0.1098039215686274495, 0.1098039215686274495 ) ;
#3582 = CARTESIAN_POINT ( 'NONE',  ( 5.265120807176260520, -1.574343751788495283, 3.599999790631639662 ) ) ;
#3583 = UNCERTAINTY_MEASURE_WITH_UNIT (LENGTH_MEASURE( 1.000000000000000082E-05 ), #1205, 'distance_accuracy_value', 'NONE');
#3584 = DIRECTION ( 'NONE',  ( 0.000000000000000000, -6.672013369141566696E-17, 1.000000000000000000 ) ) ;
#3585 = FACE_OUTER_BOUND ( 'NONE', #10207, .T. ) ;
#3586 = EDGE_CURVE ( 'NONE', #3634, #8004, #5124, .T. ) ;
#3587 = ORIENTED_EDGE ( 'NONE', *, *, #5527, .T. ) ;
#3588 = ORIENTED_EDGE ( 'NONE', *, *, #2775, .T. ) ;
#3589 = ORIENTED_EDGE ( 'NONE', *, *, #2520, .F. ) ;
#3590 = CIRCLE ( 'NONE', #6790, 0.8000000000000003775 ) ;
#3591 = EDGE_CURVE ( 'NONE', #1344, #10109, #5118, .T. ) ;
#3592 = DIRECTION ( 'NONE',  ( -0.000000000000000000, 1.000000000000000000, -0.000000000000000000 ) ) ;
#3593 = CARTESIAN_POINT ( 'NONE',  ( -6.649999999999999467, 6.704630743366732482, -2.094532406675940983 ) ) ;
#3594 = DIRECTION ( 'NONE',  ( -1.224646799147353207E-16, 1.000000000000000000, 2.046447962963220408E-32 ) ) ;
#3595 = ORIENTED_EDGE ( 'NONE', *, *, #2577, .T. ) ;
#3596 = AXIS2_PLACEMENT_3D ( 'NONE', #5174, #5128, #9952 ) ;
#3597 = SURFACE_STYLE_USAGE ( .BOTH. , #8405 ) ;
#3598 = EDGE_LOOP ( 'NONE', ( #8195, #6646, #2878, #4766, #8270 ) ) ;
#3599 = CYLINDRICAL_SURFACE ( 'NONE', #1737, 0.7999999999999994893 ) ;
#3600 =( NAMED_UNIT ( * ) SI_UNIT ( $, .STERADIAN. ) SOLID_ANGLE_UNIT ( ) );
#3601 =( GEOMETRIC_REPRESENTATION_CONTEXT ( 3 ) GLOBAL_UNCERTAINTY_ASSIGNED_CONTEXT ( ( #2386 ) ) GLOBAL_UNIT_ASSIGNED_CONTEXT ( ( #6929, #3915, #9456 ) ) REPRESENTATION_CONTEXT ( 'NONE', 'WORKASPACE' ) );
#3602 = DIRECTION ( 'NONE',  ( -1.053031360026544826E-16, -1.000000000000000000, 0.000000000000000000 ) ) ;
#3603 =( NAMED_UNIT ( * ) SI_UNIT ( $, .STERADIAN. ) SOLID_ANGLE_UNIT ( ) );
#3604 = SURFACE_STYLE_USAGE ( .BOTH. , #2166 ) ;
#3605 = FILL_AREA_STYLE ('',( #2791 ) ) ;
#3606 =( GEOMETRIC_REPRESENTATION_CONTEXT ( 3 ) GLOBAL_UNCERTAINTY_ASSIGNED_CONTEXT ( ( #5869 ) ) GLOBAL_UNIT_ASSIGNED_CONTEXT ( ( #10129, #9361, #2269 ) ) REPRESENTATION_CONTEXT ( 'NONE', 'WORKASPACE' ) );
#3607 = ORIENTED_EDGE ( 'NONE', *, *, #6700, .T. ) ;
#3608 = DIRECTION ( 'NONE',  ( 0.1179568432022835844, -0.9713257602420870551, 0.2064278339562846676 ) ) ;
#3609 = LINE ( 'NONE', #5304, #240 ) ;
#3610 = DIRECTION ( 'NONE',  ( 0.000000000000000000, 1.000000000000000000, -1.301042606982650917E-14 ) ) ;
#3611 = CARTESIAN_POINT ( 'NONE',  ( 6.250000000000003553, -2.499999999999999556, -3.500000000000002665 ) ) ;
#3612 = DIRECTION ( 'NONE',  ( 0.000000000000000000, 0.000000000000000000, 1.000000000000000000 ) ) ;
#3613 = PRESENTATION_LAYER_ASSIGNMENT (  '', '', ( #9174 ) ) ;
#3614 = DIRECTION ( 'NONE',  ( 1.000000000000000000, -7.950815931560436321E-15, 0.000000000000000000 ) ) ;
#3615 = ORIENTED_EDGE ( 'NONE', *, *, #780, .F. ) ;
#3616 =( GEOMETRIC_REPRESENTATION_CONTEXT ( 3 ) GLOBAL_UNCERTAINTY_ASSIGNED_CONTEXT ( ( #5930 ) ) GLOBAL_UNIT_ASSIGNED_CONTEXT ( ( #4787, #5652, #1658 ) ) REPRESENTATION_CONTEXT ( 'NONE', 'WORKASPACE' ) );
#3617 = PLANE ( 'NONE',  #2153 ) ;
#3618 = ORIENTED_EDGE ( 'NONE', *, *, #10249, .T. ) ;
#3619 = ORIENTED_EDGE ( 'NONE', *, *, #2318, .T. ) ;
#3620 = ORIENTED_EDGE ( 'NONE', *, *, #4641, .T. ) ;
#3621 = DIRECTION ( 'NONE',  ( 0.000000000000000000, 0.000000000000000000, -1.000000000000000000 ) ) ;
#3622 = FACE_OUTER_BOUND ( 'NONE', #447, .T. ) ;
#3623 = VECTOR ( 'NONE', #9316, 1000.000000000000000 ) ;
#3624 = CIRCLE ( 'NONE', #2966, 0.7999999999999994893 ) ;
#3625 = UNCERTAINTY_MEASURE_WITH_UNIT (LENGTH_MEASURE( 1.000000000000000082E-05 ), #6474, 'distance_accuracy_value', 'NONE');
#3626 = LINE ( 'NONE', #9439, #8729 ) ;
#3627 =( NAMED_UNIT ( * ) SI_UNIT ( $, .STERADIAN. ) SOLID_ANGLE_UNIT ( ) );
#3628 = DIRECTION ( 'NONE',  ( 1.000000000000000000, 0.000000000000000000, -0.000000000000000000 ) ) ;
#3629 =( LENGTH_UNIT ( ) NAMED_UNIT ( * ) SI_UNIT ( .MILLI., .METRE. ) );
#3630 = ORIENTED_EDGE ( 'NONE', *, *, #9023, .F. ) ;
#3631 = ORIENTED_EDGE ( 'NONE', *, *, #8999, .T. ) ;
#3632 = ADVANCED_FACE ( 'NONE', ( #2718 ), #1838, .T. ) ;
#3633 = CARTESIAN_POINT ( 'NONE',  ( -1.839795834025949040, -5.499999999977941201, 3.592487498617054964 ) ) ;
#3634 = VERTEX_POINT ( 'NONE', #1071 ) ;
#3635 = COLOUR_RGB ( '',0.1098039215686274495, 0.1098039215686274495, 0.1098039215686274495 ) ;
#3636 =( GEOMETRIC_REPRESENTATION_CONTEXT ( 3 ) GLOBAL_UNCERTAINTY_ASSIGNED_CONTEXT ( ( #4384 ) ) GLOBAL_UNIT_ASSIGNED_CONTEXT ( ( #8838, #5747, #3304 ) ) REPRESENTATION_CONTEXT ( 'NONE', 'WORKASPACE' ) );
#3637 = SURFACE_STYLE_FILL_AREA ( #2518 ) ;
#3638 = EDGE_CURVE ( 'NONE', #7722, #5965, #4223, .T. ) ;
#3639 = CARTESIAN_POINT ( 'NONE',  ( 3.371299571744508082E-14, -2.168404344971008474E-15, 3.600000000000011191 ) ) ;
#3640 = EDGE_CURVE ( 'NONE', #2483, #4265, #1112, .T. ) ;
#3641 = DIRECTION ( 'NONE',  ( -1.000000000000000000, 0.000000000000000000, 6.071532165918861434E-14 ) ) ;
#3642 = FACE_OUTER_BOUND ( 'NONE', #2705, .T. ) ;
#3643 = SURFACE_STYLE_FILL_AREA ( #3754 ) ;
#3644 = AXIS2_PLACEMENT_3D ( 'NONE', #10160, #4536, #3745 ) ;
#3645 = DIRECTION ( 'NONE',  ( -1.000000000000000000, 0.000000000000000000, 0.000000000000000000 ) ) ;
#3646 = FILL_AREA_STYLE_COLOUR ( '', #9564 ) ;
#3647 = ORIENTED_EDGE ( 'NONE', *, *, #3696, .T. ) ;
#3648 = ADVANCED_FACE ( 'NONE', ( #9166 ), #4092, .T. ) ;
#3649 =( NAMED_UNIT ( * ) PLANE_ANGLE_UNIT ( ) SI_UNIT ( $, .RADIAN. ) );
#3650 = FILL_AREA_STYLE ('',( #8624 ) ) ;
#3651 = DIRECTION ( 'NONE',  ( -1.000000000000000000, 0.000000000000000000, -0.000000000000000000 ) ) ;
#3652 = EDGE_CURVE ( 'NONE', #32, #9858, #4331, .T. ) ;
#3653 = LINE ( 'NONE', #7773, #1044 ) ;
#3654 = DIRECTION ( 'NONE',  ( -2.840858515597182442E-13, 3.514479582739302792E-14, -1.000000000000000000 ) ) ;
#3655 = UNCERTAINTY_MEASURE_WITH_UNIT (LENGTH_MEASURE( 1.000000000000000082E-05 ), #2187, 'distance_accuracy_value', 'NONE');
#3656 =( NAMED_UNIT ( * ) PLANE_ANGLE_UNIT ( ) SI_UNIT ( $, .RADIAN. ) );
#3657 = STYLED_ITEM ( 'NONE', ( #3236 ), #759 ) ;
#3658 = VERTEX_POINT ( 'NONE', #5361 ) ;
#3659 = VERTEX_POINT ( 'NONE', #4581 ) ;
#3660 = CARTESIAN_POINT ( 'NONE',  ( 5.000000000000000000, -5.800000000000000711, 0.000000000000000000 ) ) ;
#3661 = EDGE_CURVE ( 'NONE', #1139, #3103, #4767, .T. ) ;
#3662 = PRESENTATION_LAYER_ASSIGNMENT (  '', '', ( #8225 ) ) ;
#3663 = DIRECTION ( 'NONE',  ( 8.673617379884049672E-15, 1.000000000000000000, 7.604664793161646565E-27 ) ) ;
#3664 = AXIS2_PLACEMENT_3D ( 'NONE', #6651, #1834, #5010 ) ;
#3665 = PRESENTATION_LAYER_ASSIGNMENT (  '', '', ( #3657 ) ) ;
#3666 = FILL_AREA_STYLE ('',( #9423 ) ) ;
#3667 = LINE ( 'NONE', #3569, #6921 ) ;
#3668 = CARTESIAN_POINT ( 'NONE',  ( -6.650000000000000355, -1.999999999999998224, -2.094532406675943648 ) ) ;
#3669 = VECTOR ( 'NONE', #6147, 1000.000000000000000 ) ;
#3670 = VERTEX_POINT ( 'NONE', #2232 ) ;
#3671 = ORIENTED_EDGE ( 'NONE', *, *, #6878, .F. ) ;
#3672 = ORIENTED_EDGE ( 'NONE', *, *, #9060, .T. ) ;
#3673 = CIRCLE ( 'NONE', #9729, 0.5645751311063543776 ) ;
#3674 =( NAMED_UNIT ( * ) SI_UNIT ( $, .STERADIAN. ) SOLID_ANGLE_UNIT ( ) );
#3675 = PRESENTATION_STYLE_ASSIGNMENT (( #1343 ) ) ;
#3676 = VERTEX_POINT ( 'NONE', #6212 ) ;
#3677 = SURFACE_STYLE_FILL_AREA ( #9328 ) ;
#3678 =( NAMED_UNIT ( * ) SI_UNIT ( $, .STERADIAN. ) SOLID_ANGLE_UNIT ( ) );
#3679 = AXIS2_PLACEMENT_3D ( 'NONE', #2101, #9237, #1366 ) ;
#3680 = DIRECTION ( 'NONE',  ( -1.000000000000000000, 0.000000000000000000, 0.000000000000000000 ) ) ;
#3681 = SURFACE_SIDE_STYLE ('',( #7590 ) ) ;
#3682 = CARTESIAN_POINT ( 'NONE',  ( 5.313907779076250115, -1.714791025473046959, 3.599999976249312450 ) ) ;
#3683 = PRESENTATION_LAYER_ASSIGNMENT (  '', '', ( #3521 ) ) ;
#3684 = CARTESIAN_POINT ( 'NONE',  ( 6.547679712131308172, 3.000000000000000000, -2.979052028523552664 ) ) ;
#3685 =( GEOMETRIC_REPRESENTATION_CONTEXT ( 3 ) GLOBAL_UNCERTAINTY_ASSIGNED_CONTEXT ( ( #9071 ) ) GLOBAL_UNIT_ASSIGNED_CONTEXT ( ( #6725, #4406, #5245 ) ) REPRESENTATION_CONTEXT ( 'NONE', 'WORKASPACE' ) );
#3686 = DIRECTION ( 'NONE',  ( 0.000000000000000000, -1.000000000000000000, -0.000000000000000000 ) ) ;
#3687 = ORIENTED_EDGE ( 'NONE', *, *, #4740, .F. ) ;
#3688 = AXIS2_PLACEMENT_3D ( 'NONE', #7621, #318, #6845 ) ;
#3689 = PRESENTATION_LAYER_ASSIGNMENT (  '', '', ( #3518 ) ) ;
#3690 = EDGE_LOOP ( 'NONE', ( #5662, #49, #7842, #9819, #8808 ) ) ;
#3691 = CARTESIAN_POINT ( 'NONE',  ( 4.341536639986063761, 4.054821420274920207, 3.598611123188930616 ) ) ;
#3692 = EDGE_LOOP ( 'NONE', ( #6906, #2289, #8960, #4241 ) ) ;
#3693 = COLOUR_RGB ( '',0.5019607843137254832, 0.5019607843137254832, 0.5019607843137254832 ) ;
#3694 = STYLED_ITEM ( 'NONE', ( #5007 ), #7585 ) ;
#3695 = FILL_AREA_STYLE_COLOUR ( '', #9442 ) ;
#3696 = EDGE_CURVE ( 'NONE', #9201, #7860, #7044, .T. ) ;
#3697 = DIRECTION ( 'NONE',  ( -0.4819066211576357728, -0.2377525341402928205, -0.8433503074015563650 ) ) ;
#3698 = CARTESIAN_POINT ( 'NONE',  ( -6.547679712131307284, 2.000000000000000888, -2.979052028523551776 ) ) ;
#3699 = VERTEX_POINT ( 'NONE', #3828 ) ;
#3700 = DIRECTION ( 'NONE',  ( -3.699452192357325623E-15, 2.990377384838787564E-14, -1.000000000000000000 ) ) ;
#3701 = CARTESIAN_POINT ( 'NONE',  ( -6.159705218919231839, 2.937096592108938697, -3.053341690607345615 ) ) ;
#3702 = COLOUR_RGB ( '',0.1098039215686274495, 0.1098039215686274495, 0.1098039215686274495 ) ;
#3703 = EDGE_LOOP ( 'NONE', ( #3448, #2098 ) ) ;
#3704 = DIRECTION ( 'NONE',  ( 0.000000000000000000, 0.000000000000000000, -1.000000000000000000 ) ) ;
#3705 = LINE ( 'NONE', #1511, #6735 ) ;
#3706 = FILL_AREA_STYLE ('',( #2213 ) ) ;
#3707 = CARTESIAN_POINT ( 'NONE',  ( -6.159705218919227399, -2.937096592108939141, -3.053341690607341619 ) ) ;
#3708 = CARTESIAN_POINT ( 'NONE',  ( 6.473259784098480019, -2.499999999999999556, -3.109289021392667163 ) ) ;
#3709 = SURFACE_SIDE_STYLE ('',( #5455 ) ) ;
#3710 = CARTESIAN_POINT ( 'NONE',  ( -6.299999999999999822, 2.000000000000000000, -0.6874509908007694348 ) ) ;
#3711 =( GEOMETRIC_REPRESENTATION_CONTEXT ( 3 ) GLOBAL_UNCERTAINTY_ASSIGNED_CONTEXT ( ( #4430 ) ) GLOBAL_UNIT_ASSIGNED_CONTEXT ( ( #1123, #9862, #2737 ) ) REPRESENTATION_CONTEXT ( 'NONE', 'WORKASPACE' ) );
#3712 = FACE_OUTER_BOUND ( 'NONE', #8432, .T. ) ;
#3713 = AXIS2_PLACEMENT_3D ( 'NONE', #3708, #609, #10126 ) ;
#3714 = EDGE_CURVE ( 'NONE', #105, #9932, #10259, .T. ) ;
#3715 = VERTEX_POINT ( 'NONE', #9521 ) ;
#3716 = ORIENTED_EDGE ( 'NONE', *, *, #5137, .T. ) ;
#3717 = MECHANICAL_DESIGN_GEOMETRIC_PRESENTATION_REPRESENTATION (  '', ( #6589 ), #89 ) ;
#3718 = COLOUR_RGB ( '',0.1098039215686274495, 0.1098039215686274495, 0.1098039215686274495 ) ;
#3719 = EDGE_CURVE ( 'NONE', #1537, #1144, #41, .T. ) ;
#3720 = FILL_AREA_STYLE ('',( #5415 ) ) ;
#3721 = CARTESIAN_POINT ( 'NONE',  ( -6.693412330956372891, -2.999999999999999112, -2.119339049353551996 ) ) ;
#3722 = MECHANICAL_DESIGN_GEOMETRIC_PRESENTATION_REPRESENTATION (  '', ( #4731 ), #2420 ) ;
#3723 = CARTESIAN_POINT ( 'NONE',  ( 0.7999999999999994893, -4.500000000000003553, 0.000000000000000000 ) ) ;
#3724 = CYLINDRICAL_SURFACE ( 'NONE', #3539, 1.000000000000000000 ) ;
#3725 = AXIS2_PLACEMENT_3D ( 'NONE', #1199, #1148, #7586 ) ;
#3726 = DIRECTION ( 'NONE',  ( -0.4819066211576381042, 0.2377525341402972059, -0.8433503074015538115 ) ) ;
#3727 = AXIS2_PLACEMENT_3D ( 'NONE', #863, #10325, #9654 ) ;
#3728 = ADVANCED_FACE ( 'NONE', ( #8640 ), #8469, .T. ) ;
#3729 = CARTESIAN_POINT ( 'NONE',  ( -5.676923076923079847, 2.365384615384610978, 3.500000000000002220 ) ) ;
#3730 = ADVANCED_FACE ( 'NONE', ( #2282 ), #2443, .T. ) ;
#3731 = SURFACE_STYLE_FILL_AREA ( #578 ) ;
#3732 = VERTEX_POINT ( 'NONE', #7365 ) ;
#3733 = VERTEX_POINT ( 'NONE', #9047 ) ;
#3734 = PLANE ( 'NONE',  #435 ) ;
#3735 = FILL_AREA_STYLE ('',( #9380 ) ) ;
#3736 = VERTEX_POINT ( 'NONE', #1040 ) ;
#3737 = MECHANICAL_DESIGN_GEOMETRIC_PRESENTATION_REPRESENTATION (  '', ( #1749 ), #5783 ) ;
#3738 = SURFACE_STYLE_FILL_AREA ( #4526 ) ;
#3739 =( NAMED_UNIT ( * ) PLANE_ANGLE_UNIT ( ) SI_UNIT ( $, .RADIAN. ) );
#3740 = CARTESIAN_POINT ( 'NONE',  ( -6.953886316694598335, 3.000000000000000000, -2.268178905419202529 ) ) ;
#3741 = PRESENTATION_STYLE_ASSIGNMENT (( #527 ) ) ;
#3742 = UNCERTAINTY_MEASURE_WITH_UNIT (LENGTH_MEASURE( 1.000000000000000082E-05 ), #5910, 'distance_accuracy_value', 'NONE');
#3743 =( NAMED_UNIT ( * ) PLANE_ANGLE_UNIT ( ) SI_UNIT ( $, .RADIAN. ) );
#3744 = DIRECTION ( 'NONE',  ( -0.000000000000000000, 1.000000000000000000, -0.000000000000000000 ) ) ;
#3745 = DIRECTION ( 'NONE',  ( -1.000000000000000000, 0.000000000000000000, 0.000000000000000000 ) ) ;
#3746 = VECTOR ( 'NONE', #6004, 1000.000000000000000 ) ;
#3747 = VERTEX_POINT ( 'NONE', #7311 ) ;
#3748 = CARTESIAN_POINT ( 'NONE',  ( 3.954822068327817686, 4.627117972768570731, 3.555859740947653336 ) ) ;
#3749 = DIRECTION ( 'NONE',  ( 1.000000000000000000, 0.000000000000000000, -5.421010862435353587E-16 ) ) ;
#3750 =( GEOMETRIC_REPRESENTATION_CONTEXT ( 3 ) GLOBAL_UNCERTAINTY_ASSIGNED_CONTEXT ( ( #1056 ) ) GLOBAL_UNIT_ASSIGNED_CONTEXT ( ( #4913, #9751, #1569 ) ) REPRESENTATION_CONTEXT ( 'NONE', 'WORKASPACE' ) );
#3751 = FACE_OUTER_BOUND ( 'NONE', #7149, .T. ) ;
#3752 = DIRECTION ( 'NONE',  ( 0.000000000000000000, 0.000000000000000000, 1.000000000000000000 ) ) ;
#3753 = CARTESIAN_POINT ( 'NONE',  ( 5.435424868893542261, -1.891518204694831562, 3.199999999999995293 ) ) ;
#3754 = FILL_AREA_STYLE ('',( #3808 ) ) ;
#3755 = SURFACE_STYLE_FILL_AREA ( #7872 ) ;
#3756 = ORIENTED_EDGE ( 'NONE', *, *, #1308, .T. ) ;
#3757 = LINE ( 'NONE', #2830, #588 ) ;
#3758 = SURFACE_SIDE_STYLE ('',( #7087 ) ) ;
#3759 = CARTESIAN_POINT ( 'NONE',  ( 6.000000000000000000, -3.499999999999999556, 0.2000000000000000389 ) ) ;
#3760 = CARTESIAN_POINT ( 'NONE',  ( 5.999999999999993783, -2.000000000000000000, -0.6874509908007685466 ) ) ;
#3761 = SURFACE_STYLE_FILL_AREA ( #5407 ) ;
#3762 =( NAMED_UNIT ( * ) SI_UNIT ( $, .STERADIAN. ) SOLID_ANGLE_UNIT ( ) );
#3763 = CIRCLE ( 'NONE', #7306, 0.04999999999999969746 ) ;
#3764 = DIRECTION ( 'NONE',  ( -1.000000000000000000, 0.000000000000000000, 0.000000000000000000 ) ) ;
#3765 = ORIENTED_EDGE ( 'NONE', *, *, #1688, .T. ) ;
#3766 = ORIENTED_EDGE ( 'NONE', *, *, #1068, .T. ) ;
#3767 = PRESENTATION_LAYER_ASSIGNMENT (  '', '', ( #1284 ) ) ;
#3768 = EDGE_CURVE ( 'NONE', #8757, #3092, #6626, .T. ) ;
#3769 = CIRCLE ( 'NONE', #8663, 0.3499999999999996447 ) ;
#3770 = PLANE ( 'NONE',  #731 ) ;
#3771 = DIRECTION ( 'NONE',  ( -0.8682466191274158529, 0.000000000000000000, -0.4961328535521630778 ) ) ;
#3772 = EDGE_CURVE ( 'NONE', #8310, #7448, #9721, .T. ) ;
#3773 = DIRECTION ( 'NONE',  ( 0.000000000000000000, 0.000000000000000000, -1.000000000000000000 ) ) ;
#3774 = SURFACE_STYLE_USAGE ( .BOTH. , #10090 ) ;
#3775 = ADVANCED_FACE ( 'NONE', ( #888 ), #5694, .F. ) ;
#3776 = EDGE_CURVE ( 'NONE', #7756, #4008, #2772, .T. ) ;
#3777 = DIRECTION ( 'NONE',  ( -1.000000000000000000, 2.361671833053707148E-47, 1.883124184714193481E-15 ) ) ;
#3778 = FACE_BOUND ( 'NONE', #142, .T. ) ;
#3779 = EDGE_CURVE ( 'NONE', #5372, #2342, #1702, .T. ) ;
#3780 = DIRECTION ( 'NONE',  ( 0.8682466191274125222, -0.000000000000000000, 0.4961328535521689620 ) ) ;
#3781 = COLOUR_RGB ( '',0.1098039215686274495, 0.1098039215686274495, 0.1098039215686274495 ) ;
#3782 = CARTESIAN_POINT ( 'NONE',  ( 4.750000000000000000, 4.750000000000000000, 3.600000000000001421 ) ) ;
#3783 = EDGE_LOOP ( 'NONE', ( #3015, #8544, #7422, #1871 ) ) ;
#3784 = VERTEX_POINT ( 'NONE', #1805 ) ;
#3785 = CARTESIAN_POINT ( 'NONE',  ( 0.000000000000000000, -1.500000000000000000, 4.299999999999999822 ) ) ;
#3786 = DIRECTION ( 'NONE',  ( -0.000000000000000000, 0.000000000000000000, 1.000000000000000000 ) ) ;
#3787 = VECTOR ( 'NONE', #9436, 1000.000000000000114 ) ;
#3788 = FACE_OUTER_BOUND ( 'NONE', #8114, .T. ) ;
#3789 = EDGE_CURVE ( 'NONE', #5196, #6552, #8651, .T. ) ;
#3790 = DIRECTION ( 'NONE',  ( -0.6985214149036113040, -0.7155891509246469218, -2.117185687950899386E-14 ) ) ;
#3791 = MECHANICAL_DESIGN_GEOMETRIC_PRESENTATION_REPRESENTATION (  '', ( #2636 ), #2138 ) ;
#3792 = SURFACE_STYLE_FILL_AREA ( #1591 ) ;
#3793 = PRESENTATION_STYLE_ASSIGNMENT (( #7955 ) ) ;
#3794 = LINE ( 'NONE', #1301, #389 ) ;
#3795 = MECHANICAL_DESIGN_GEOMETRIC_PRESENTATION_REPRESENTATION (  '', ( #9015 ), #320 ) ;
#3796 = CARTESIAN_POINT ( 'NONE',  ( 9.184547653667787528E-17, -4.500000000000002665, -1.500000000000000444 ) ) ;
#3797 = AXIS2_PLACEMENT_3D ( 'NONE', #3796, #8753, #9589 ) ;
#3798 = SURFACE_STYLE_USAGE ( .BOTH. , #6969 ) ;
#3799 = FACE_OUTER_BOUND ( 'NONE', #6387, .T. ) ;
#3800 = ORIENTED_EDGE ( 'NONE', *, *, #8035, .T. ) ;
#3801 = DIRECTION ( 'NONE',  ( 0.000000000000000000, 1.000000000000000000, 0.000000000000000000 ) ) ;
#3802 = ORIENTED_EDGE ( 'NONE', *, *, #3566, .T. ) ;
#3803 = STYLED_ITEM ( 'NONE', ( #4605 ), #9254 ) ;
#3804 = DIRECTION ( 'NONE',  ( 0.8682466191274121892, 0.000000000000000000, -0.4961328535521695171 ) ) ;
#3805 = MECHANICAL_DESIGN_GEOMETRIC_PRESENTATION_REPRESENTATION (  '', ( #5854 ), #9366 ) ;
#3806 = CARTESIAN_POINT ( 'NONE',  ( 6.000000000000000000, -5.000000000000000000, 0.4000000000000000222 ) ) ;
#3807 = FILL_AREA_STYLE ('',( #1470 ) ) ;
#3808 = FILL_AREA_STYLE_COLOUR ( '', #6517 ) ;
#3809 = CARTESIAN_POINT ( 'NONE',  ( -5.800000000000000711, 5.000000000000000000, 0.000000000000000000 ) ) ;
#3810 =( GEOMETRIC_REPRESENTATION_CONTEXT ( 3 ) GLOBAL_UNCERTAINTY_ASSIGNED_CONTEXT ( ( #3282 ) ) GLOBAL_UNIT_ASSIGNED_CONTEXT ( ( #9866, #1039, #5749 ) ) REPRESENTATION_CONTEXT ( 'NONE', 'WORKASPACE' ) );
#3811 = VERTEX_POINT ( 'NONE', #2683 ) ;
#3812 = DIRECTION ( 'NONE',  ( -1.000000000000000000, 0.000000000000000000, 0.000000000000000000 ) ) ;
#3813 = FACE_OUTER_BOUND ( 'NONE', #3326, .T. ) ;
#3814 = MECHANICAL_DESIGN_GEOMETRIC_PRESENTATION_REPRESENTATION (  '', ( #8521 ), #8023 ) ;
#3815 = LINE ( 'NONE', #6399, #2416 ) ;
#3816 = CARTESIAN_POINT ( 'NONE',  ( 1.600000000000000089, -1.599999999999999867, 7.299999999999998934 ) ) ;
#3817 = CARTESIAN_POINT ( 'NONE',  ( -6.000000000000023981, 0.000000000000000000, 7.064159265358981088 ) ) ;
#3818 =( NAMED_UNIT ( * ) SI_UNIT ( $, .STERADIAN. ) SOLID_ANGLE_UNIT ( ) );
#3819 = CARTESIAN_POINT ( 'NONE',  ( -4.627117972768563625, 3.954822068327818574, 3.555859740947653780 ) ) ;
#3820 = VECTOR ( 'NONE', #79, 1000.000000000000000 ) ;
#3821 = SURFACE_SIDE_STYLE ('',( #4714 ) ) ;
#3822 = EDGE_LOOP ( 'NONE', ( #2919, #2752, #1576, #595, #9007, #9469, #10231 ) ) ;
#3823 = VERTEX_POINT ( 'NONE', #4197 ) ;
#3824 = SURFACE_SIDE_STYLE ('',( #8520 ) ) ;
#3825 = SURFACE_SIDE_STYLE ('',( #671 ) ) ;
#3826 = UNCERTAINTY_MEASURE_WITH_UNIT (LENGTH_MEASURE( 1.000000000000000082E-05 ), #746, 'distance_accuracy_value', 'NONE');
#3827 = CARTESIAN_POINT ( 'NONE',  ( -1.599999999999998312, -5.518708542087233937, 3.524954807373628096 ) ) ;
#3828 = CARTESIAN_POINT ( 'NONE',  ( 0.4999999999999988343, -4.500000000000002665, -1.500000000000000222 ) ) ;
#3829 = AXIS2_PLACEMENT_3D ( 'NONE', #908, #7279, #319 ) ;
#3830 = PRESENTATION_STYLE_ASSIGNMENT (( #1594 ) ) ;
#3831 = EDGE_CURVE ( 'NONE', #8206, #4571, #944, .T. ) ;
#3832 = ORIENTED_EDGE ( 'NONE', *, *, #10063, .T. ) ;
#3833 = ADVANCED_FACE ( 'NONE', ( #153 ), #3309, .F. ) ;
#3834 = CIRCLE ( 'NONE', #1854, 0.3000000000000025424 ) ;
#3835 = ORIENTED_EDGE ( 'NONE', *, *, #8303, .F. ) ;
#3836 = SURFACE_SIDE_STYLE ('',( #6325 ) ) ;
#3837 = SURFACE_STYLE_USAGE ( .BOTH. , #4636 ) ;
#3838 = ADVANCED_FACE ( 'NONE', ( #6729 ), #7721, .T. ) ;
#3839 = LINE ( 'NONE', #735, #2643 ) ;
#3840 = VECTOR ( 'NONE', #5669, 1000.000000000000000 ) ;
#3841 = FILL_AREA_STYLE_COLOUR ( '', #4027 ) ;
#3842 = DIRECTION ( 'NONE',  ( -0.8682466191274125222, 9.142909181781886702E-17, -0.4961328535521688510 ) ) ;
#3843 = STYLED_ITEM ( 'NONE', ( #5958 ), #4739 ) ;
#3844 = STYLED_ITEM ( 'NONE', ( #4936 ), #1939 ) ;
#3845 = CARTESIAN_POINT ( 'NONE',  ( 6.547679712131303731, 2.000000000000000444, -2.979052028523552220 ) ) ;
#3846 = DIRECTION ( 'NONE',  ( 0.000000000000000000, 1.000000000000000000, -1.224227167353898122E-14 ) ) ;
#3847 = DIRECTION ( 'NONE',  ( 0.000000000000000000, -0.000000000000000000, 1.000000000000000000 ) ) ;
#3848 = EDGE_CURVE ( 'NONE', #2677, #3572, #3590, .T. ) ;
#3849 = CIRCLE ( 'NONE', #10223, 0.9999999999912745352 ) ;
#3850 =( NAMED_UNIT ( * ) SI_UNIT ( $, .STERADIAN. ) SOLID_ANGLE_UNIT ( ) );
#3851 = ORIENTED_EDGE ( 'NONE', *, *, #4959, .T. ) ;
#3852 = ADVANCED_FACE ( 'NONE', ( #1128 ), #7135, .T. ) ;
#3853 = VERTEX_POINT ( 'NONE', #4455 ) ;
#3854 = CIRCLE ( 'NONE', #2849, 4.924999999999997158 ) ;
#3855 = AXIS2_PLACEMENT_3D ( 'NONE', #5127, #1119, #7500 ) ;
#3856 = EDGE_CURVE ( 'NONE', #9765, #1917, #2741, .T. ) ;
#3857 = CARTESIAN_POINT ( 'NONE',  ( -1.873146540890585188, -5.431294269963916399, 3.600000000000003642 ) ) ;
#3858 = SURFACE_SIDE_STYLE ('',( #10062 ) ) ;
#3859 = STYLED_ITEM ( 'NONE', ( #9864 ), #8806 ) ;
#3860 = DIRECTION ( 'NONE',  ( 0.000000000000000000, 0.000000000000000000, -1.000000000000000000 ) ) ;
#3861 = VECTOR ( 'NONE', #2498, 1000.000000000000000 ) ;
#3862 =( LENGTH_UNIT ( ) NAMED_UNIT ( * ) SI_UNIT ( .MILLI., .METRE. ) );
#3863 = FILL_AREA_STYLE ('',( #705 ) ) ;
#3864 = ADVANCED_FACE ( 'NONE', ( #615 ), #10289, .F. ) ;
#3865 =( NAMED_UNIT ( * ) PLANE_ANGLE_UNIT ( ) SI_UNIT ( $, .RADIAN. ) );
#3866 = ORIENTED_EDGE ( 'NONE', *, *, #9345, .T. ) ;
#3867 =( NAMED_UNIT ( * ) PLANE_ANGLE_UNIT ( ) SI_UNIT ( $, .RADIAN. ) );
#3868 =( NAMED_UNIT ( * ) PLANE_ANGLE_UNIT ( ) SI_UNIT ( $, .RADIAN. ) );
#3869 = SURFACE_STYLE_FILL_AREA ( #9358 ) ;
#3870 =( LENGTH_UNIT ( ) NAMED_UNIT ( * ) SI_UNIT ( .MILLI., .METRE. ) );
#3871 = AXIS2_PLACEMENT_3D ( 'NONE', #3262, #3842, #9586 ) ;
#3872 = DIRECTION ( 'NONE',  ( -1.000000000000000000, 0.000000000000000000, 0.000000000000000000 ) ) ;
#3873 = SURFACE_SIDE_STYLE ('',( #6107 ) ) ;
#3874 = DIRECTION ( 'NONE',  ( 0.000000000000000000, 1.000000000000000000, 0.000000000000000000 ) ) ;
#3875 = EDGE_LOOP ( 'NONE', ( #6408, #1795, #6901, #6904 ) ) ;
#3876 = MECHANICAL_DESIGN_GEOMETRIC_PRESENTATION_REPRESENTATION (  '', ( #7250 ), #5049 ) ;
#3877 = VERTEX_POINT ( 'NONE', #4665 ) ;
#3878 = CIRCLE ( 'NONE', #8592, 3.950000000000000178 ) ;
#3879 = ORIENTED_EDGE ( 'NONE', *, *, #7570, .T. ) ;
#3880 = VERTEX_POINT ( 'NONE', #2270 ) ;
#3881 =( NAMED_UNIT ( * ) SI_UNIT ( $, .STERADIAN. ) SOLID_ANGLE_UNIT ( ) );
#3882 = VECTOR ( 'NONE', #10072, 1000.000000000000000 ) ;
#3883 = DIRECTION ( 'NONE',  ( 1.000000000000000000, 0.000000000000000000, -0.000000000000000000 ) ) ;
#3884 = FILL_AREA_STYLE ('',( #4310 ) ) ;
#3885 = VECTOR ( 'NONE', #1906, 1000.000000000000000 ) ;
#3886 = AXIS2_PLACEMENT_3D ( 'NONE', #2968, #2152, #3749 ) ;
#3887 = DIRECTION ( 'NONE',  ( 1.000000000000000000, 0.000000000000000000, 0.000000000000000000 ) ) ;
#3888 = COLOUR_RGB ( '',0.5019607843137254832, 0.5019607843137254832, 0.5019607843137254832 ) ;
#3889 = CARTESIAN_POINT ( 'NONE',  ( -6.000000000000000000, 0.000000000000000000, 1.146410165658806601 ) ) ;
#3890 = PRESENTATION_LAYER_ASSIGNMENT (  '', '', ( #1408 ) ) ;
#3891 = DIRECTION ( 'NONE',  ( -0.6105579948611138397, 0.2543991645252942635, 0.7500000000000054401 ) ) ;
#3892 = ORIENTED_EDGE ( 'NONE', *, *, #5205, .T. ) ;
#3893 = EDGE_CURVE ( 'NONE', #1452, #9489, #1601, .T. ) ;
#3894 = EDGE_LOOP ( 'NONE', ( #4717, #6628, #5707, #2067 ) ) ;
#3895 =( LENGTH_UNIT ( ) NAMED_UNIT ( * ) SI_UNIT ( .MILLI., .METRE. ) );
#3896 = DIRECTION ( 'NONE',  ( -1.084202172485503842E-15, 1.000000000000000000, 0.000000000000000000 ) ) ;
#3897 = AXIS2_PLACEMENT_3D ( 'NONE', #3958, #8713, #9543 ) ;
#3898 =( NAMED_UNIT ( * ) PLANE_ANGLE_UNIT ( ) SI_UNIT ( $, .RADIAN. ) );
#3899 = DIRECTION ( 'NONE',  ( -2.478176394252584099E-15, 0.000000000000000000, 1.000000000000000000 ) ) ;
#3900 = LINE ( 'NONE', #2405, #9753 ) ;
#3901 = CARTESIAN_POINT ( 'NONE',  ( 5.000000000000000000, 3.500000000000000000, 0.000000000000000000 ) ) ;
#3902 = SURFACE_STYLE_FILL_AREA ( #2455 ) ;
#3903 = STYLED_ITEM ( 'NONE', ( #3058 ), #8670 ) ;
#3904 = ORIENTED_EDGE ( 'NONE', *, *, #8493, .F. ) ;
#3905 = ORIENTED_EDGE ( 'NONE', *, *, #3461, .F. ) ;
#3906 =( NAMED_UNIT ( * ) SI_UNIT ( $, .STERADIAN. ) SOLID_ANGLE_UNIT ( ) );
#3907 = ORIENTED_EDGE ( 'NONE', *, *, #10322, .T. ) ;
#3908 = PRESENTATION_STYLE_ASSIGNMENT (( #7910 ) ) ;
#3909 = LINE ( 'NONE', #7126, #3238 ) ;
#3910 = CARTESIAN_POINT ( 'NONE',  ( 6.000000000000000000, 3.000000000000000000, 1.146410165690350924 ) ) ;
#3911 =( GEOMETRIC_REPRESENTATION_CONTEXT ( 3 ) GLOBAL_UNCERTAINTY_ASSIGNED_CONTEXT ( ( #7749 ) ) GLOBAL_UNIT_ASSIGNED_CONTEXT ( ( #4054, #843, #8797 ) ) REPRESENTATION_CONTEXT ( 'NONE', 'WORKASPACE' ) );
#3912 = CARTESIAN_POINT ( 'NONE',  ( 1.599999999999999867, 5.435424868893540484, 3.199999999999999734 ) ) ;
#3913 = EDGE_CURVE ( 'NONE', #9480, #2771, #10304, .T. ) ;
#3914 = EDGE_CURVE ( 'NONE', #5637, #3212, #5967, .T. ) ;
#3915 =( NAMED_UNIT ( * ) PLANE_ANGLE_UNIT ( ) SI_UNIT ( $, .RADIAN. ) );
#3916 = SURFACE_STYLE_FILL_AREA ( #9547 ) ;
#3917 = DIRECTION ( 'NONE',  ( 0.000000000000000000, 1.000000000000000000, 0.000000000000000000 ) ) ;
#3918 = FACE_OUTER_BOUND ( 'NONE', #6718, .T. ) ;
#3919 = ORIENTED_EDGE ( 'NONE', *, *, #625, .T. ) ;
#3920 = EDGE_CURVE ( 'NONE', #4847, #7202, #5809, .T. ) ;
#3921 = SURFACE_SIDE_STYLE ('',( #3130 ) ) ;
#3922 = AXIS2_PLACEMENT_3D ( 'NONE', #8891, #8945, #9563 ) ;
#3923 = UNCERTAINTY_MEASURE_WITH_UNIT (LENGTH_MEASURE( 1.000000000000000082E-05 ), #8213, 'distance_accuracy_value', 'NONE');
#3924 = CARTESIAN_POINT ( 'NONE',  ( 6.000000000000000000, 0.000000000000000000, 0.4000000000000001887 ) ) ;
#3925 = CARTESIAN_POINT ( 'NONE',  ( 6.958519183380836637, -2.000000000000000000, -1.929257140873639864 ) ) ;
#3926 = SURFACE_STYLE_FILL_AREA ( #4030 ) ;
#3927 =( LENGTH_UNIT ( ) NAMED_UNIT ( * ) SI_UNIT ( .MILLI., .METRE. ) );
#3928 = ORIENTED_EDGE ( 'NONE', *, *, #5936, .F. ) ;
#3929 = PRESENTATION_LAYER_ASSIGNMENT (  '', '', ( #6127 ) ) ;
#3930 = ORIENTED_EDGE ( 'NONE', *, *, #5730, .T. ) ;
#3931 = ORIENTED_EDGE ( 'NONE', *, *, #7064, .T. ) ;
#3932 = ORIENTED_EDGE ( 'NONE', *, *, #6676, .T. ) ;
#3933 = PRESENTATION_STYLE_ASSIGNMENT (( #10134 ) ) ;
#3934 = SURFACE_STYLE_FILL_AREA ( #3720 ) ;
#3935 = UNCERTAINTY_MEASURE_WITH_UNIT (LENGTH_MEASURE( 1.000000000000000082E-05 ), #4289, 'distance_accuracy_value', 'NONE');
#3936 = AXIS2_PLACEMENT_3D ( 'NONE', #455, #404, #3503 ) ;
#3937 =( GEOMETRIC_REPRESENTATION_CONTEXT ( 3 ) GLOBAL_UNCERTAINTY_ASSIGNED_CONTEXT ( ( #7526 ) ) GLOBAL_UNIT_ASSIGNED_CONTEXT ( ( #7878, #563, #3762 ) ) REPRESENTATION_CONTEXT ( 'NONE', 'WORKASPACE' ) );
#3938 =( LENGTH_UNIT ( ) NAMED_UNIT ( * ) SI_UNIT ( .MILLI., .METRE. ) );
#3939 = CARTESIAN_POINT ( 'NONE',  ( 6.300000002017401179, 2.000000000000000000, -0.6874509908007693237 ) ) ;
#3940 =( NAMED_UNIT ( * ) SI_UNIT ( $, .STERADIAN. ) SOLID_ANGLE_UNIT ( ) );
#3941 = CARTESIAN_POINT ( 'NONE',  ( 5.819112848942157967, 1.462164714140036681, 3.199999999999987299 ) ) ;
#3942 = FILL_AREA_STYLE ('',( #1706 ) ) ;
#3943 = ORIENTED_EDGE ( 'NONE', *, *, #6750, .F. ) ;
#3944 = EDGE_LOOP ( 'NONE', ( #2275, #7160, #1054, #4784 ) ) ;
#3945 = DIRECTION ( 'NONE',  ( -0.000000000000000000, -0.000000000000000000, 1.000000000000000000 ) ) ;
#3946 = CARTESIAN_POINT ( 'NONE',  ( -2.751817581163404025, -5.500000000000000000, 3.499999999999997780 ) ) ;
#3947 = AXIS2_PLACEMENT_3D ( 'NONE', #9170, #9287, #4276 ) ;
#3948 = DIRECTION ( 'NONE',  ( -7.025839312222417489E-33, -6.672013369141566696E-17, 1.000000000000000000 ) ) ;
#3949 = DIRECTION ( 'NONE',  ( -0.000000000000000000, -0.000000000000000000, 1.000000000000000000 ) ) ;
#3950 = CARTESIAN_POINT ( 'NONE',  ( 4.750000000000000000, -4.750000000000000000, 3.200000000000000178 ) ) ;
#3951 = CARTESIAN_POINT ( 'NONE',  ( 4.400000000000000355, -3.500000000000000000, 0.4000000000000000222 ) ) ;
#3952 = SURFACE_STYLE_FILL_AREA ( #8540 ) ;
#3953 = ORIENTED_EDGE ( 'NONE', *, *, #6883, .F. ) ;
#3954 = AXIS2_PLACEMENT_3D ( 'NONE', #8899, #783, #8795 ) ;
#3955 = PRESENTATION_STYLE_ASSIGNMENT (( #2413 ) ) ;
#3956 = EDGE_LOOP ( 'NONE', ( #4645, #10294, #2852, #4487 ) ) ;
#3957 =( LENGTH_UNIT ( ) NAMED_UNIT ( * ) SI_UNIT ( .MILLI., .METRE. ) );
#3958 = CARTESIAN_POINT ( 'NONE',  ( -5.400000000000004796, -1.891518204694832672, 3.599999999999999645 ) ) ;
#3959 = TOROIDAL_SURFACE ( 'NONE', #482, 0.03542486889388917620, 0.4000000000002207345 ) ;
#3960 = DIRECTION ( 'NONE',  ( 0.000000000000000000, -1.000000000000000000, 0.000000000000000000 ) ) ;
#3961 = CARTESIAN_POINT ( 'NONE',  ( -4.150000000000000355, 0.000000000000000000, 3.500000000000000000 ) ) ;
#3962 = CARTESIAN_POINT ( 'NONE',  ( 6.000000000000023981, 2.000000000000000000, 7.064159265358981088 ) ) ;
#3963 =( NAMED_UNIT ( * ) SI_UNIT ( $, .STERADIAN. ) SOLID_ANGLE_UNIT ( ) );
#3964 = DIRECTION ( 'NONE',  ( -1.256337252201736110E-14, -5.292964219878090180E-15, -1.000000000000000000 ) ) ;
#3965 = AXIS2_PLACEMENT_3D ( 'NONE', #4082, #2430, #5625 ) ;
#3966 = ADVANCED_FACE ( 'NONE', ( #3140 ), #8320, .T. ) ;
#3967 =( NAMED_UNIT ( * ) SI_UNIT ( $, .STERADIAN. ) SOLID_ANGLE_UNIT ( ) );
#3968 = ORIENTED_EDGE ( 'NONE', *, *, #2077, .F. ) ;
#3969 =( NAMED_UNIT ( * ) SI_UNIT ( $, .STERADIAN. ) SOLID_ANGLE_UNIT ( ) );
#3970 = CARTESIAN_POINT ( 'NONE',  ( 5.800000000000000711, -5.000000000000000000, 3.299999999999999822 ) ) ;
#3971 = CIRCLE ( 'NONE', #3133, 6.149999999999997691 ) ;
#3972 = EDGE_CURVE ( 'NONE', #2553, #9633, #5579, .T. ) ;
#3973 = COLOUR_RGB ( '',0.1098039215686274495, 0.1098039215686274495, 0.1098039215686274495 ) ;
#3974 = EDGE_CURVE ( 'NONE', #6972, #927, #7254, .T. ) ;
#3975 = FACE_OUTER_BOUND ( 'NONE', #7174, .T. ) ;
#3976 = DIRECTION ( 'NONE',  ( 0.000000000000000000, -2.797941090285171111E-16, 1.000000000000000000 ) ) ;
#3977 = CARTESIAN_POINT ( 'NONE',  ( 4.400000000000000355, 4.999999999999999112, 0.4000000000000000222 ) ) ;
#3978 = FACE_OUTER_BOUND ( 'NONE', #7095, .T. ) ;
#3979 = FILL_AREA_STYLE_COLOUR ( '', #1121 ) ;
#3980 = STYLED_ITEM ( 'NONE', ( #7765 ), #9193 ) ;
#3981 = DIRECTION ( 'NONE',  ( 1.053031360026544826E-16, 1.000000000000000000, 0.000000000000000000 ) ) ;
#3982 = ORIENTED_EDGE ( 'NONE', *, *, #9026, .T. ) ;
#3983 = CIRCLE ( 'NONE', #1656, 0.1999999999999996503 ) ;
#3984 = ORIENTED_EDGE ( 'NONE', *, *, #4381, .T. ) ;
#3985 = VERTEX_POINT ( 'NONE', #1083 ) ;
#3986 = ORIENTED_EDGE ( 'NONE', *, *, #7903, .F. ) ;
#3987 = EDGE_CURVE ( 'NONE', #9932, #6014, #4944, .T. ) ;
#3988 = DIRECTION ( 'NONE',  ( 1.053031360026544826E-16, 1.000000000000000000, 0.000000000000000000 ) ) ;
#3989 = PLANE ( 'NONE',  #1231 ) ;
#3990 =( GEOMETRIC_REPRESENTATION_CONTEXT ( 3 ) GLOBAL_UNCERTAINTY_ASSIGNED_CONTEXT ( ( #192 ) ) GLOBAL_UNIT_ASSIGNED_CONTEXT ( ( #3284, #1114, #4967 ) ) REPRESENTATION_CONTEXT ( 'NONE', 'WORKASPACE' ) );
#3991 = DIRECTION ( 'NONE',  ( -0.4722150451494442902, 0.000000000000000000, -0.8814833810880998710 ) ) ;
#3992 = SURFACE_SIDE_STYLE ('',( #8000 ) ) ;
#3993 = AXIS2_PLACEMENT_3D ( 'NONE', #5692, #3250, #1034 ) ;
#3994 = VECTOR ( 'NONE', #3628, 1000.000000000000000 ) ;
#3995 = DIRECTION ( 'NONE',  ( -5.292964219876117239E-15, -1.256337252201401002E-14, -1.000000000000000000 ) ) ;
#3996 = SURFACE_STYLE_USAGE ( .BOTH. , #839 ) ;
#3997 = ADVANCED_FACE ( 'NONE', ( #934 ), #7299, .T. ) ;
#3998 = EDGE_LOOP ( 'NONE', ( #8516, #8281, #1129, #8231 ) ) ;
#3999 = ORIENTED_EDGE ( 'NONE', *, *, #423, .T. ) ;
#4000 = DIRECTION ( 'NONE',  ( 1.000000000000000000, 0.000000000000000000, -0.000000000000000000 ) ) ;
#4001 = SURFACE_STYLE_FILL_AREA ( #4786 ) ;
#4002 = MECHANICAL_DESIGN_GEOMETRIC_PRESENTATION_REPRESENTATION (  '', ( #14 ), #9217 ) ;
#4003 = DIRECTION ( 'NONE',  ( 0.000000000000000000, -1.000000000000000000, 0.000000000000000000 ) ) ;
#4004 = FACE_OUTER_BOUND ( 'NONE', #6349, .T. ) ;
#4005 = STYLED_ITEM ( 'NONE', ( #7941 ), #1894 ) ;
#4006 = LINE ( 'NONE', #7227, #5041 ) ;
#4007 = ORIENTED_EDGE ( 'NONE', *, *, #2777, .F. ) ;
#4008 = VERTEX_POINT ( 'NONE', #7452 ) ;
#4009 = STYLED_ITEM ( 'NONE', ( #6022 ), #814 ) ;
#4010 = ORIENTED_EDGE ( 'NONE', *, *, #7832, .T. ) ;
#4011 =( NAMED_UNIT ( * ) SI_UNIT ( $, .STERADIAN. ) SOLID_ANGLE_UNIT ( ) );
#4012 = LINE ( 'NONE', #1565, #415 ) ;
#4013 = SURFACE_SIDE_STYLE ('',( #8079 ) ) ;
#4014 = COLOUR_RGB ( '',0.1098039215686274495, 0.1098039215686274495, 0.1098039215686274495 ) ;
#4015 = CARTESIAN_POINT ( 'NONE',  ( 6.041480816619167804, 6.704630743366732482, -0.8527262566030727742 ) ) ;
#4016 = LINE ( 'NONE', #3173, #5735 ) ;
#4017 = AXIS2_PLACEMENT_3D ( 'NONE', #9970, #1339, #2019 ) ;
#4018 = DIRECTION ( 'NONE',  ( 0.000000000000000000, 0.000000000000000000, 1.000000000000000000 ) ) ;
#4019 = PRESENTATION_STYLE_ASSIGNMENT (( #7243 ) ) ;
#4020 = UNCERTAINTY_MEASURE_WITH_UNIT (LENGTH_MEASURE( 1.000000000000000082E-05 ), #10225, 'distance_accuracy_value', 'NONE');
#4022 = AXIS2_PLACEMENT_3D ( 'NONE', #8665, #10219, #7977 ) ;
#4021 =( NAMED_UNIT ( * ) SI_UNIT ( $, .STERADIAN. ) SOLID_ANGLE_UNIT ( ) );
#4023 = CARTESIAN_POINT ( 'NONE',  ( 0.000000000000000000, 0.000000000000000000, 0.000000000000000000 ) ) ;
#4024 = ADVANCED_FACE ( 'NONE', ( #4238 ), #5737, .F. ) ;
#4025 = CIRCLE ( 'NONE', #3513, 0.4000000000000174527 ) ;
#4026 = UNCERTAINTY_MEASURE_WITH_UNIT (LENGTH_MEASURE( 1.000000000000000082E-05 ), #9616, 'distance_accuracy_value', 'NONE');
#4027 = COLOUR_RGB ( '',1.000000000000000000, 1.000000000000000000, 1.000000000000000000 ) ;
#4028 = CARTESIAN_POINT ( 'NONE',  ( -6.041480816619162475, -6.704630743366730705, -0.8527262566030736624 ) ) ;
#4029 = CARTESIAN_POINT ( 'NONE',  ( 5.000000000000000000, -5.000000000000000000, 0.2000000000000000944 ) ) ;
#4030 = FILL_AREA_STYLE ('',( #6559 ) ) ;
#4031 = VECTOR ( 'NONE', #1353, 1000.000000000000000 ) ;
#4032 = AXIS2_PLACEMENT_3D ( 'NONE', #3806, #5390, #651 ) ;
#4033 = CARTESIAN_POINT ( 'NONE',  ( 6.000000000000000000, -5.000000000000000000, 3.300000000000000711 ) ) ;
#4034 =( NAMED_UNIT ( * ) PLANE_ANGLE_UNIT ( ) SI_UNIT ( $, .RADIAN. ) );
#4035 = ORIENTED_EDGE ( 'NONE', *, *, #8616, .T. ) ;
#4036 = ORIENTED_EDGE ( 'NONE', *, *, #796, .T. ) ;
#4037 = ORIENTED_EDGE ( 'NONE', *, *, #423, .F. ) ;
#4038 = ORIENTED_EDGE ( 'NONE', *, *, #9400, .F. ) ;
#4039 = AXIS2_PLACEMENT_3D ( 'NONE', #7211, #10349, #4048 ) ;
#4040 = CIRCLE ( 'NONE', #9089, 0.2999999999999999334 ) ;
#4041 = CARTESIAN_POINT ( 'NONE',  ( 5.424745029542286545, 1.866168552841706019, 3.199999999999962874 ) ) ;
#4042 = DIRECTION ( 'NONE',  ( -4.360010616433263753E-11, 0.6614378277661419059, 0.7500000000000049960 ) ) ;
#4043 = PRESENTATION_LAYER_ASSIGNMENT (  '', '', ( #9252 ) ) ;
#4044 =( LENGTH_UNIT ( ) NAMED_UNIT ( * ) SI_UNIT ( .MILLI., .METRE. ) );
#4045 =( GEOMETRIC_REPRESENTATION_CONTEXT ( 3 ) GLOBAL_UNCERTAINTY_ASSIGNED_CONTEXT ( ( #8312 ) ) GLOBAL_UNIT_ASSIGNED_CONTEXT ( ( #4524, #2808, #7629 ) ) REPRESENTATION_CONTEXT ( 'NONE', 'WORKASPACE' ) );
#4046 = DIRECTION ( 'NONE',  ( -1.000000000000000000, 2.710505431213761578E-16, 0.000000000000000000 ) ) ;
#4047 = FILL_AREA_STYLE_COLOUR ( '', #5144 ) ;
#4048 = DIRECTION ( 'NONE',  ( 0.4722150451494406265, 0.000000000000000000, 0.8814833810881017584 ) ) ;
#4049 = EDGE_CURVE ( 'NONE', #6867, #1332, #2436, .T. ) ;
#4050 = SURFACE_SIDE_STYLE ('',( #894 ) ) ;
#4051 = ORIENTED_EDGE ( 'NONE', *, *, #8551, .T. ) ;
#4052 = MECHANICAL_DESIGN_GEOMETRIC_PRESENTATION_REPRESENTATION (  '', ( #7565 ), #9759 ) ;
#4053 = VERTEX_POINT ( 'NONE', #6457 ) ;
#4054 =( LENGTH_UNIT ( ) NAMED_UNIT ( * ) SI_UNIT ( .MILLI., .METRE. ) );
#4055 = LINE ( 'NONE', #7426, #9372 ) ;
#4056 =( GEOMETRIC_REPRESENTATION_CONTEXT ( 3 ) GLOBAL_UNCERTAINTY_ASSIGNED_CONTEXT ( ( #9018 ) ) GLOBAL_UNIT_ASSIGNED_CONTEXT ( ( #5761, #9054, #316 ) ) REPRESENTATION_CONTEXT ( 'NONE', 'WORKASPACE' ) );
#4057 =( LENGTH_UNIT ( ) NAMED_UNIT ( * ) SI_UNIT ( .MILLI., .METRE. ) );
#4058 = DIRECTION ( 'NONE',  ( 0.000000000000000000, 0.000000000000000000, 1.000000000000000000 ) ) ;
#4059 = CIRCLE ( 'NONE', #6931, 0.7999999999999994893 ) ;
#4060 = EDGE_CURVE ( 'NONE', #9739, #1139, #1610, .T. ) ;
#4061 = DIRECTION ( 'NONE',  ( -0.2543991645254700118, -0.6105579948610871943, 0.7499999999999675815 ) ) ;
#4062 =( LENGTH_UNIT ( ) NAMED_UNIT ( * ) SI_UNIT ( .MILLI., .METRE. ) );
#4063 = CARTESIAN_POINT ( 'NONE',  ( -1.324581074942559056, -5.271558449006358948, 3.600000000000001421 ) ) ;
#4064 = VERTEX_POINT ( 'NONE', #197 ) ;
#4065 = ORIENTED_EDGE ( 'NONE', *, *, #7517, .F. ) ;
#4066 =( NAMED_UNIT ( * ) PLANE_ANGLE_UNIT ( ) SI_UNIT ( $, .RADIAN. ) );
#4067 = SURFACE_STYLE_USAGE ( .BOTH. , #1663 ) ;
#4068 = ORIENTED_EDGE ( 'NONE', *, *, #9343, .F. ) ;
#4069 = STYLED_ITEM ( 'NONE', ( #7192 ), #8166 ) ;
#4070 = DIRECTION ( 'NONE',  ( -1.000000000000000000, 0.000000000000000000, -3.491483361109382461E-15 ) ) ;
#4071 =( GEOMETRIC_REPRESENTATION_CONTEXT ( 3 ) GLOBAL_UNCERTAINTY_ASSIGNED_CONTEXT ( ( #5116 ) ) GLOBAL_UNIT_ASSIGNED_CONTEXT ( ( #8771, #6249, #2259 ) ) REPRESENTATION_CONTEXT ( 'NONE', 'WORKASPACE' ) );
#4072 = LINE ( 'NONE', #2418, #750 ) ;
#4073 = SURFACE_STYLE_FILL_AREA ( #8082 ) ;
#4074 = LINE ( 'NONE', #6343, #3840 ) ;
#4075 = CARTESIAN_POINT ( 'NONE',  ( 5.800000000000000711, 3.499999999999999556, 0.000000000000000000 ) ) ;
#4076 = FACE_OUTER_BOUND ( 'NONE', #3270, .T. ) ;
#4077 = SURFACE_SIDE_STYLE ('',( #4917 ) ) ;
#4078 = PLANE ( 'NONE',  #10026 ) ;
#4079 = CARTESIAN_POINT ( 'NONE',  ( -3.954822068327817686, -4.627117972768567178, 3.555859740947652448 ) ) ;
#4080 = EDGE_LOOP ( 'NONE', ( #3496, #4466, #1086, #5463, #10099 ) ) ;
#4081 = SURFACE_SIDE_STYLE ('',( #6660 ) ) ;
#4082 = CARTESIAN_POINT ( 'NONE',  ( 5.800000000000002487, -5.000000000000000000, 0.1999999999999985401 ) ) ;
#4083 = SURFACE_STYLE_USAGE ( .BOTH. , #6303 ) ;
#4084 = CARTESIAN_POINT ( 'NONE',  ( 0.7999999999999994893, -4.500000000000003553, -9.796850830579017080E-17 ) ) ;
#4085 = AXIS2_PLACEMENT_3D ( 'NONE', #4472, #8332, #371 ) ;
#4086 = CARTESIAN_POINT ( 'NONE',  ( 5.000000000000000000, -5.000000000000000000, 3.500000000000000000 ) ) ;
#4087 = ORIENTED_EDGE ( 'NONE', *, *, #8534, .F. ) ;
#4088 = ORIENTED_EDGE ( 'NONE', *, *, #185, .T. ) ;
#4089 = ORIENTED_EDGE ( 'NONE', *, *, #4291, .T. ) ;
#4090 = ORIENTED_EDGE ( 'NONE', *, *, #4985, .F. ) ;
#4091 = SURFACE_STYLE_FILL_AREA ( #9565 ) ;
#4092 = TOROIDAL_SURFACE ( 'NONE', #6624, 0.4999999999999987232, 0.3000000000000022093 ) ;
#4093 = CARTESIAN_POINT ( 'NONE',  ( -2.263624949574436052, 5.432699878978657360, 3.200000000000016165 ) ) ;
#4094 = CARTESIAN_POINT ( 'NONE',  ( -6.000000000000000000, 0.000000000000000000, 3.500000000000000000 ) ) ;
#4095 = DIRECTION ( 'NONE',  ( 0.000000000000000000, -0.000000000000000000, -1.000000000000000000 ) ) ;
#4096 = ADVANCED_FACE ( 'NONE', ( #3350 ), #8486, .T. ) ;
#4097 = ORIENTED_EDGE ( 'NONE', *, *, #4049, .T. ) ;
#4098 = VERTEX_POINT ( 'NONE', #6565 ) ;
#4099 = DIRECTION ( 'NONE',  ( 0.000000000000000000, -0.000000000000000000, -1.000000000000000000 ) ) ;
#4100 = EDGE_CURVE ( 'NONE', #2891, #1849, #3494, .T. ) ;
#4101 = EDGE_CURVE ( 'NONE', #3811, #4138, #3549, .T. ) ;
#4102 = CARTESIAN_POINT ( 'NONE',  ( -6.299999999999994493, -2.999999999999999112, 0.06415926535897724381 ) ) ;
#4103 = DIRECTION ( 'NONE',  ( -3.491483361109382461E-15, 0.000000000000000000, -1.000000000000000000 ) ) ;
#4104 = EDGE_CURVE ( 'NONE', #6312, #4112, #976, .T. ) ;
#4105 = DIRECTION ( 'NONE',  ( 0.000000000000000000, 0.000000000000000000, 1.000000000000000000 ) ) ;
#4106 = VECTOR ( 'NONE', #246, 1000.000000000000000 ) ;
#4107 = DIRECTION ( 'NONE',  ( -1.000000000000000000, -2.710505431213761578E-16, 0.000000000000000000 ) ) ;
#4108 = CARTESIAN_POINT ( 'NONE',  ( -3.600000000000001421, -5.500000000000000000, 3.644339654338649925 ) ) ;
#4109 = PRESENTATION_STYLE_ASSIGNMENT (( #5566 ) ) ;
#4110 = ORIENTED_EDGE ( 'NONE', *, *, #2706, .F. ) ;
#4111 = EDGE_CURVE ( 'NONE', #1307, #6552, #9182, .T. ) ;
#4112 = VERTEX_POINT ( 'NONE', #2778 ) ;
#4113 = FACE_BOUND ( 'NONE', #3703, .T. ) ;
#4114 = ORIENTED_EDGE ( 'NONE', *, *, #2642, .F. ) ;
#4115 = CARTESIAN_POINT ( 'NONE',  ( -5.800000000000000711, 3.499999999999999556, 0.000000000000000000 ) ) ;
#4116 = EDGE_CURVE ( 'NONE', #1144, #7778, #9084, .T. ) ;
#4117 = VECTOR ( 'NONE', #5067, 1000.000000000000000 ) ;
#4118 = CARTESIAN_POINT ( 'NONE',  ( 6.652220291788702458E-15, 1.014368994864080782E-15, 3.500000000000004441 ) ) ;
#4119 = SURFACE_STYLE_USAGE ( .BOTH. , #5616 ) ;
#4120 = LINE ( 'NONE', #4221, #5731 ) ;
#4121 = DIRECTION ( 'NONE',  ( -1.000000000000000000, 0.000000000000000000, 0.000000000000000000 ) ) ;
#4122 = UNCERTAINTY_MEASURE_WITH_UNIT (LENGTH_MEASURE( 1.000000000000000082E-05 ), #7309, 'distance_accuracy_value', 'NONE');
#4123 = SURFACE_STYLE_FILL_AREA ( #6607 ) ;
#4124 = PRESENTATION_STYLE_ASSIGNMENT (( #6393 ) ) ;
#4125 = CARTESIAN_POINT ( 'NONE',  ( -6.041480816619167804, 6.704630743366732482, -0.8527262566030727742 ) ) ;
#4126 = ORIENTED_EDGE ( 'NONE', *, *, #4874, .T. ) ;
#4127 =( GEOMETRIC_REPRESENTATION_CONTEXT ( 3 ) GLOBAL_UNCERTAINTY_ASSIGNED_CONTEXT ( ( #4505 ) ) GLOBAL_UNIT_ASSIGNED_CONTEXT ( ( #6275, #3867, #2210 ) ) REPRESENTATION_CONTEXT ( 'NONE', 'WORKASPACE' ) );
#4128 = FACE_OUTER_BOUND ( 'NONE', #1940, .T. ) ;
#4129 = DIRECTION ( 'NONE',  ( 0.000000000000000000, 1.000000000000000000, 0.000000000000000000 ) ) ;
#4130 = EDGE_CURVE ( 'NONE', #9512, #440, #799, .T. ) ;
#4131 = UNCERTAINTY_MEASURE_WITH_UNIT (LENGTH_MEASURE( 1.000000000000000082E-05 ), #5225, 'distance_accuracy_value', 'NONE');
#4132 = MECHANICAL_DESIGN_GEOMETRIC_PRESENTATION_REPRESENTATION (  '', ( #10166 ), #6990 ) ;
#4133 = DIRECTION ( 'NONE',  ( 0.000000000000000000, 0.000000000000000000, -1.000000000000000000 ) ) ;
#4134 = DIRECTION ( 'NONE',  ( -2.035455951755865763E-30, 1.000000000000000000, -1.256337252201266738E-14 ) ) ;
#4135 = SURFACE_SIDE_STYLE ('',( #1793 ) ) ;
#4136 = ORIENTED_EDGE ( 'NONE', *, *, #1177, .T. ) ;
#4137 = PRESENTATION_LAYER_ASSIGNMENT (  '', '', ( #2143 ) ) ;
#4138 = VERTEX_POINT ( 'NONE', #443 ) ;
#4139 = ORIENTED_EDGE ( 'NONE', *, *, #6641, .T. ) ;
#4140 = EDGE_CURVE ( 'NONE', #7933, #3699, #6810, .T. ) ;
#4141 =( LENGTH_UNIT ( ) NAMED_UNIT ( * ) SI_UNIT ( .MILLI., .METRE. ) );
#4142 = PRESENTATION_LAYER_ASSIGNMENT (  '', '', ( #9843 ) ) ;
#4143 = DIRECTION ( 'NONE',  ( -1.000000000000000000, 0.000000000000000000, 3.407492542097303087E-15 ) ) ;
#4144 = SURFACE_STYLE_USAGE ( .BOTH. , #3251 ) ;
#4145 =( GEOMETRIC_REPRESENTATION_CONTEXT ( 3 ) GLOBAL_UNCERTAINTY_ASSIGNED_CONTEXT ( ( #8871 ) ) GLOBAL_UNIT_ASSIGNED_CONTEXT ( ( #7322, #2549, #4883 ) ) REPRESENTATION_CONTEXT ( 'NONE', 'WORKASPACE' ) );
#4146 =( NAMED_UNIT ( * ) PLANE_ANGLE_UNIT ( ) SI_UNIT ( $, .RADIAN. ) );
#4147 = VECTOR ( 'NONE', #1164, 1000.000000000000000 ) ;
#4148 = SURFACE_SIDE_STYLE ('',( #4725 ) ) ;
#4149 = FILL_AREA_STYLE ('',( #991 ) ) ;
#4150 = AXIS2_PLACEMENT_3D ( 'NONE', #1910, #5852, #4356 ) ;
#4151 = ORIENTED_EDGE ( 'NONE', *, *, #828, .F. ) ;
#4152 = ORIENTED_EDGE ( 'NONE', *, *, #10000, .F. ) ;
#4153 = AXIS2_PLACEMENT_3D ( 'NONE', #3085, #2432, #20 ) ;
#4154 = CARTESIAN_POINT ( 'NONE',  ( -4.399999999999998579, -3.500000000000000000, 0.4000000000000000222 ) ) ;
#4155 = ADVANCED_FACE ( 'NONE', ( #3642 ), #4445, .T. ) ;
#4156 = CARTESIAN_POINT ( 'NONE',  ( -0.7999999999999994893, 4.500000000000003553, -9.796850830579017080E-17 ) ) ;
#4157 = SURFACE_STYLE_USAGE ( .BOTH. , #1098 ) ;
#4158 = PRESENTATION_LAYER_ASSIGNMENT (  '', '', ( #190 ) ) ;
#4159 = CARTESIAN_POINT ( 'NONE',  ( -6.953886316694598335, -1.999999999999999112, -2.268178905419202973 ) ) ;
#4160 = EDGE_CURVE ( 'NONE', #3114, #5466, #4621, .T. ) ;
#4161 =( NAMED_UNIT ( * ) SI_UNIT ( $, .STERADIAN. ) SOLID_ANGLE_UNIT ( ) );
#4162 = FILL_AREA_STYLE ('',( #8227 ) ) ;
#4163 = FILL_AREA_STYLE_COLOUR ( '', #6567 ) ;
#4164 = ORIENTED_EDGE ( 'NONE', *, *, #2403, .T. ) ;
#4165 = UNCERTAINTY_MEASURE_WITH_UNIT (LENGTH_MEASURE( 1.000000000000000082E-05 ), #1287, 'distance_accuracy_value', 'NONE');
#4166 = SURFACE_STYLE_USAGE ( .BOTH. , #958 ) ;
#4167 =( NAMED_UNIT ( * ) PLANE_ANGLE_UNIT ( ) SI_UNIT ( $, .RADIAN. ) );
#4168 = ORIENTED_EDGE ( 'NONE', *, *, #7150, .T. ) ;
#4169 = CARTESIAN_POINT ( 'NONE',  ( -6.300000000000027356, 0.000000000000000000, 7.064159265358980200 ) ) ;
#4170 = CIRCLE ( 'NONE', #8532, 0.04999999999999969746 ) ;
#4171 = SURFACE_SIDE_STYLE ('',( #2559 ) ) ;
#4172 = LINE ( 'NONE', #5061, #1678 ) ;
#4173 = FACE_OUTER_BOUND ( 'NONE', #596, .T. ) ;
#4174 = DIRECTION ( 'NONE',  ( -0.000000000000000000, 0.000000000000000000, -1.000000000000000000 ) ) ;
#4175 = ADVANCED_FACE ( 'NONE', ( #9497 ), #1370, .T. ) ;
#4176 = DIRECTION ( 'NONE',  ( 1.053031360026544826E-16, 1.000000000000000000, 0.000000000000000000 ) ) ;
#4177 =( NAMED_UNIT ( * ) PLANE_ANGLE_UNIT ( ) SI_UNIT ( $, .RADIAN. ) );
#4178 = FILL_AREA_STYLE_COLOUR ( '', #6314 ) ;
#4179 = EDGE_CURVE ( 'NONE', #7302, #9640, #1784, .T. ) ;
#4180 = DIRECTION ( 'NONE',  ( 0.2543991645254667366, -0.6105579948610551089, 0.7499999999999950040 ) ) ;
#4181 =( GEOMETRIC_REPRESENTATION_CONTEXT ( 3 ) GLOBAL_UNCERTAINTY_ASSIGNED_CONTEXT ( ( #10224 ) ) GLOBAL_UNIT_ASSIGNED_CONTEXT ( ( #6211, #1445, #8053 ) ) REPRESENTATION_CONTEXT ( 'NONE', 'WORKASPACE' ) );
#4182 = ORIENTED_EDGE ( 'NONE', *, *, #47, .T. ) ;
#4183 = ADVANCED_FACE ( 'NONE', ( #8552 ), #2793, .T. ) ;
#4184 = MECHANICAL_DESIGN_GEOMETRIC_PRESENTATION_REPRESENTATION (  '', ( #6042 ), #4347 ) ;
#4185 = CARTESIAN_POINT ( 'NONE',  ( 8.398468719939000747E-16, 7.771680869430060362E-16, 3.500000000000004885 ) ) ;
#4186 = DIRECTION ( 'NONE',  ( 1.000000000000000000, 0.000000000000000000, -0.000000000000000000 ) ) ;
#4187 = EDGE_CURVE ( 'NONE', #2299, #9673, #5474, .T. ) ;
#4188 = CIRCLE ( 'NONE', #208, 0.4000000000000001887 ) ;
#4189 =( NAMED_UNIT ( * ) SI_UNIT ( $, .STERADIAN. ) SOLID_ANGLE_UNIT ( ) );
#4190 = ORIENTED_EDGE ( 'NONE', *, *, #7456, .T. ) ;
#4191 = CIRCLE ( 'NONE', #4359, 0.2999999999999999334 ) ;
#4192 = ORIENTED_EDGE ( 'NONE', *, *, #10001, .T. ) ;
#4193 = DIRECTION ( 'NONE',  ( 1.355252715606882022E-16, 1.000000000000000000, -0.000000000000000000 ) ) ;
#4194 = PRESENTATION_STYLE_ASSIGNMENT (( #941 ) ) ;
#4195 = TOROIDAL_SURFACE ( 'NONE', #6216, 5.275000000000003020, 0.1000000000000022121 ) ;
#4196 =( LENGTH_UNIT ( ) NAMED_UNIT ( * ) SI_UNIT ( .MILLI., .METRE. ) );
#4197 = CARTESIAN_POINT ( 'NONE',  ( 1.891518204694836891, 5.699999999999996625, 3.499999999999999112 ) ) ;
#4198 = VERTEX_POINT ( 'NONE', #5505 ) ;
#4199 = AXIS2_PLACEMENT_3D ( 'NONE', #8123, #954, #4107 ) ;
#4200 = ORIENTED_EDGE ( 'NONE', *, *, #8621, .T. ) ;
#4201 = FACE_OUTER_BOUND ( 'NONE', #8942, .T. ) ;
#4202 = COLOUR_RGB ( '',0.1098039215686274495, 0.1098039215686274495, 0.1098039215686274495 ) ;
#4203 = VECTOR ( 'NONE', #2319, 1000.000000000000114 ) ;
#4204 = COLOUR_RGB ( '',0.5019607843137254832, 0.5019607843137254832, 0.5019607843137254832 ) ;
#4205 =( LENGTH_UNIT ( ) NAMED_UNIT ( * ) SI_UNIT ( .MILLI., .METRE. ) );
#4206 = FACE_OUTER_BOUND ( 'NONE', #598, .T. ) ;
#4207 = AXIS2_PLACEMENT_3D ( 'NONE', #313, #1095, #4254 ) ;
#4208 = EDGE_CURVE ( 'NONE', #5649, #7802, #1960, .T. ) ;
#4209 = DIRECTION ( 'NONE',  ( 0.4722150451494424583, 0.000000000000000000, -0.8814833810881007592 ) ) ;
#4210 = ORIENTED_EDGE ( 'NONE', *, *, #244, .T. ) ;
#4211 = FACE_OUTER_BOUND ( 'NONE', #8889, .T. ) ;
#4212 = DIRECTION ( 'NONE',  ( 1.000000000000000000, 2.710505431213761578E-16, 0.000000000000000000 ) ) ;
#4213 = EDGE_LOOP ( 'NONE', ( #9674, #1209, #3756, #7246 ) ) ;
#4214 = FILL_AREA_STYLE_COLOUR ( '', #3371 ) ;
#4215 = COLOUR_RGB ( '',0.1098039215686274495, 0.1098039215686274495, 0.1098039215686274495 ) ;
#4216 = CARTESIAN_POINT ( 'NONE',  ( 5.260900060028442127, 1.547087527587441835, 3.599999997689319109 ) ) ;
#4217 = PLANE ( 'NONE',  #3664 ) ;
#4218 = AXIS2_PLACEMENT_3D ( 'NONE', #7509, #2786, #6825 ) ;
#4219 =( NAMED_UNIT ( * ) PLANE_ANGLE_UNIT ( ) SI_UNIT ( $, .RADIAN. ) );
#4220 = CARTESIAN_POINT ( 'NONE',  ( 5.950000000000000178, -3.000000000000000000, 0.8000000000000000444 ) ) ;
#4221 = CARTESIAN_POINT ( 'NONE',  ( 5.000000000000000000, -3.500000000000000444, 0.000000000000000000 ) ) ;
#4222 = DIRECTION ( 'NONE',  ( 0.000000000000000000, 0.000000000000000000, -1.000000000000000000 ) ) ;
#4223 = LINE ( 'NONE', #624, #4117 ) ;
#4224 = UNCERTAINTY_MEASURE_WITH_UNIT (LENGTH_MEASURE( 1.000000000000000082E-05 ), #7698, 'distance_accuracy_value', 'NONE');
#4225 =( LENGTH_UNIT ( ) NAMED_UNIT ( * ) SI_UNIT ( .MILLI., .METRE. ) );
#4226 = CARTESIAN_POINT ( 'NONE',  ( 4.400000000000000355, 3.500000000000000000, 0.4000000000000000222 ) ) ;
#4227 =( GEOMETRIC_REPRESENTATION_CONTEXT ( 3 ) GLOBAL_UNCERTAINTY_ASSIGNED_CONTEXT ( ( #483 ) ) GLOBAL_UNIT_ASSIGNED_CONTEXT ( ( #6302, #8560, #1379 ) ) REPRESENTATION_CONTEXT ( 'NONE', 'WORKASPACE' ) );
#4228 = ORIENTED_EDGE ( 'NONE', *, *, #4948, .T. ) ;
#4229 =( GEOMETRIC_REPRESENTATION_CONTEXT ( 3 ) GLOBAL_UNCERTAINTY_ASSIGNED_CONTEXT ( ( #3534 ) ) GLOBAL_UNIT_ASSIGNED_CONTEXT ( ( #1223, #7553, #6935 ) ) REPRESENTATION_CONTEXT ( 'NONE', 'WORKASPACE' ) );
#4230 = FILL_AREA_STYLE ('',( #5885 ) ) ;
#4231 = PRESENTATION_LAYER_ASSIGNMENT (  '', '', ( #8779 ) ) ;
#4232 =( NAMED_UNIT ( * ) SI_UNIT ( $, .STERADIAN. ) SOLID_ANGLE_UNIT ( ) );
#4233 = ADVANCED_FACE ( 'NONE', ( #6138 ), #924, .F. ) ;
#4234 = AXIS2_PLACEMENT_3D ( 'NONE', #4589, #8439, #7793 ) ;
#4235 = ADVANCED_FACE ( 'NONE', ( #1671 ), #9752, .F. ) ;
#4236 = CARTESIAN_POINT ( 'NONE',  ( -6.650000000000001243, -2.999999999999999112, -2.094532406675943648 ) ) ;
#4237 = EDGE_CURVE ( 'NONE', #9415, #4053, #3109, .T. ) ;
#4238 = FACE_OUTER_BOUND ( 'NONE', #1686, .T. ) ;
#4239 = ORIENTED_EDGE ( 'NONE', *, *, #8882, .F. ) ;
#4240 = DIRECTION ( 'NONE',  ( -0.000000000000000000, 1.000000000000000000, -0.000000000000000000 ) ) ;
#4241 = ORIENTED_EDGE ( 'NONE', *, *, #8675, .T. ) ;
#4242 = CARTESIAN_POINT ( 'NONE',  ( -6.000000000000000000, -5.000000000000000000, 0.4000000000000000222 ) ) ;
#4243 =( LENGTH_UNIT ( ) NAMED_UNIT ( * ) SI_UNIT ( .MILLI., .METRE. ) );
#4244 = SURFACE_STYLE_USAGE ( .BOTH. , #10014 ) ;
#4245 = DIRECTION ( 'NONE',  ( 0.000000000000000000, -0.000000000000000000, -1.000000000000000000 ) ) ;
#4246 = DIRECTION ( 'NONE',  ( 1.224646799147350989E-16, 1.000000000000000000, 0.000000000000000000 ) ) ;
#4247 = CARTESIAN_POINT ( 'NONE',  ( 0.000000000000000000, 1.500000000000000000, 4.299999999999999822 ) ) ;
#4248 = SURFACE_STYLE_USAGE ( .BOTH. , #1090 ) ;
#4249 =( LENGTH_UNIT ( ) NAMED_UNIT ( * ) SI_UNIT ( .MILLI., .METRE. ) );
#4250 = VERTEX_POINT ( 'NONE', #7244 ) ;
#4251 = STYLED_ITEM ( 'NONE', ( #3564 ), #7201 ) ;
#4252 = ORIENTED_EDGE ( 'NONE', *, *, #8305, .T. ) ;
#4253 = CARTESIAN_POINT ( 'NONE',  ( 6.000000000000000000, 4.999999999999999112, 0.2000000000000000944 ) ) ;
#4254 = DIRECTION ( 'NONE',  ( -1.000000000000000000, 0.000000000000000000, 0.000000000000000000 ) ) ;
#4255 = CARTESIAN_POINT ( 'NONE',  ( -6.349999999999996092, -1.999999999999998224, -0.6874509908007693237 ) ) ;
#4256 = FACE_OUTER_BOUND ( 'NONE', #6076, .T. ) ;
#4257 = DIRECTION ( 'NONE',  ( -1.000000000000000000, -1.222978688985946960E-15, 0.000000000000000000 ) ) ;
#4258 = VECTOR ( 'NONE', #4885, 1000.000000000000000 ) ;
#4259 = FILL_AREA_STYLE ('',( #5210 ) ) ;
#4260 = ORIENTED_EDGE ( 'NONE', *, *, #4348, .T. ) ;
#4261 = UNCERTAINTY_MEASURE_WITH_UNIT (LENGTH_MEASURE( 1.000000000000000082E-05 ), #9122, 'distance_accuracy_value', 'NONE');
#4262 = VERTEX_POINT ( 'NONE', #1617 ) ;
#4263 = DIRECTION ( 'NONE',  ( -1.053031360026544826E-16, -1.000000000000000000, -0.000000000000000000 ) ) ;
#4264 =( NAMED_UNIT ( * ) SI_UNIT ( $, .STERADIAN. ) SOLID_ANGLE_UNIT ( ) );
#4265 = VERTEX_POINT ( 'NONE', #8192 ) ;
#4266 = CARTESIAN_POINT ( 'NONE',  ( -0.7999999999999994893, 4.500000000000003553, 0.000000000000000000 ) ) ;
#4267 = CARTESIAN_POINT ( 'NONE',  ( 5.309449475999093337, 1.707749888575543773, 3.599999494599994243 ) ) ;
#4268 = CARTESIAN_POINT ( 'NONE',  ( -3.600000000000001421, -6.000000000000000000, 3.644339654338649925 ) ) ;
#4269 = STYLED_ITEM ( 'NONE', ( #10022 ), #3852 ) ;
#4270 = STYLED_ITEM ( 'NONE', ( #5892 ), #3345 ) ;
#4271 = LINE ( 'NONE', #8291, #227 ) ;
#4272 = UNCERTAINTY_MEASURE_WITH_UNIT (LENGTH_MEASURE( 1.000000000000000082E-05 ), #3870, 'distance_accuracy_value', 'NONE');
#4273 = FILL_AREA_STYLE_COLOUR ( '', #10215 ) ;
#4274 = SURFACE_STYLE_FILL_AREA ( #7537 ) ;
#4275 =( NAMED_UNIT ( * ) PLANE_ANGLE_UNIT ( ) SI_UNIT ( $, .RADIAN. ) );
#4276 = DIRECTION ( 'NONE',  ( 0.000000000000000000, 1.000000000000000000, 2.448454334664212941E-14 ) ) ;
#4277 = SURFACE_SIDE_STYLE ('',( #487 ) ) ;
#4278 = ORIENTED_EDGE ( 'NONE', *, *, #187, .T. ) ;
#4279 = PRESENTATION_LAYER_ASSIGNMENT (  '', '', ( #4951 ) ) ;
#4280 = PRESENTATION_STYLE_ASSIGNMENT (( #1117 ) ) ;
#4281 = CIRCLE ( 'NONE', #3441, 0.3999999999999963030 ) ;
#4282 =( GEOMETRIC_REPRESENTATION_CONTEXT ( 3 ) GLOBAL_UNCERTAINTY_ASSIGNED_CONTEXT ( ( #10238 ) ) GLOBAL_UNIT_ASSIGNED_CONTEXT ( ( #7339, #184, #3963 ) ) REPRESENTATION_CONTEXT ( 'NONE', 'WORKASPACE' ) );
#4283 = EDGE_CURVE ( 'NONE', #5027, #3811, #8167, .T. ) ;
#4284 = CYLINDRICAL_SURFACE ( 'NONE', #8321, 0.4500000000000001221 ) ;
#4285 = FILL_AREA_STYLE_COLOUR ( '', #9152 ) ;
#4286 = UNCERTAINTY_MEASURE_WITH_UNIT (LENGTH_MEASURE( 1.000000000000000082E-05 ), #751, 'distance_accuracy_value', 'NONE');
#4287 = ORIENTED_EDGE ( 'NONE', *, *, #1173, .F. ) ;
#4288 = DIRECTION ( 'NONE',  ( 0.8814833810881018694, -0.000000000000000000, 0.4722150451494406820 ) ) ;
#4289 =( LENGTH_UNIT ( ) NAMED_UNIT ( * ) SI_UNIT ( .MILLI., .METRE. ) );
#4290 = VERTEX_POINT ( 'NONE', #236 ) ;
#4291 = EDGE_CURVE ( 'NONE', #3676, #7515, #7315, .T. ) ;
#4292 = EDGE_CURVE ( 'NONE', #3463, #3144, #78, .T. ) ;
#4293 = COLOUR_RGB ( '',0.1098039215686274495, 0.1098039215686274495, 0.1098039215686274495 ) ;
#4294 =( NAMED_UNIT ( * ) PLANE_ANGLE_UNIT ( ) SI_UNIT ( $, .RADIAN. ) );
#4295 = CARTESIAN_POINT ( 'NONE',  ( 5.432699878980573160, 2.263624949575243406, 3.599999999999996092 ) ) ;
#4296 = AXIS2_PLACEMENT_3D ( 'NONE', #6396, #8928, #17 ) ;
#4297 = CARTESIAN_POINT ( 'NONE',  ( 2.679334618754728569E-17, -4.500000000000002665, -1.200000000000000400 ) ) ;
#4298 = PRESENTATION_STYLE_ASSIGNMENT (( #6519 ) ) ;
#4299 = UNCERTAINTY_MEASURE_WITH_UNIT (LENGTH_MEASURE( 1.000000000000000082E-05 ), #6647, 'distance_accuracy_value', 'NONE');
#4300 = CIRCLE ( 'NONE', #7162, 0.04999999999999969746 ) ;
#4301 = AXIS2_PLACEMENT_3D ( 'NONE', #4914, #7338, #2566 ) ;
#4302 = PRESENTATION_STYLE_ASSIGNMENT (( #2839 ) ) ;
#4303 = VERTEX_POINT ( 'NONE', #8028 ) ;
#4304 = ADVANCED_FACE ( 'NONE', ( #6447 ), #465, .T. ) ;
#4305 = VERTEX_POINT ( 'NONE', #8873 ) ;
#4306 = DIRECTION ( 'NONE',  ( 0.000000000000000000, 1.000000000000000000, 0.000000000000000000 ) ) ;
#4307 = AXIS2_PLACEMENT_3D ( 'NONE', #8111, #39, #7942 ) ;
#4308 = MECHANICAL_DESIGN_GEOMETRIC_PRESENTATION_REPRESENTATION (  '', ( #2323 ), #4145 ) ;
#4309 =( LENGTH_UNIT ( ) NAMED_UNIT ( * ) SI_UNIT ( .MILLI., .METRE. ) );
#4310 = FILL_AREA_STYLE_COLOUR ( '', #3397 ) ;
#4311 = SURFACE_STYLE_USAGE ( .BOTH. , #8222 ) ;
#4312 = PLANE ( 'NONE',  #3379 ) ;
#4313 = DIRECTION ( 'NONE',  ( -0.000000000000000000, -0.000000000000000000, 1.000000000000000000 ) ) ;
#4314 = DIRECTION ( 'NONE',  ( -0.4961328535521692396, 0.000000000000000000, 0.8682466191274121892 ) ) ;
#4315 = EDGE_CURVE ( 'NONE', #7543, #1938, #1156, .T. ) ;
#4316 = TOROIDAL_SURFACE ( 'NONE', #4150, 0.7999999999999986011, 0.1999999999999996503 ) ;
#4317 = CARTESIAN_POINT ( 'NONE',  ( 5.204170427930421283E-15, -3.469446951953614189E-15, 3.200000000000018385 ) ) ;
#4318 = VERTEX_POINT ( 'NONE', #5070 ) ;
#4319 = VECTOR ( 'NONE', #3511, 1000.000000000000000 ) ;
#4320 = DIRECTION ( 'NONE',  ( 7.300294628069360221E-14, 1.000000000000000000, 2.457524924300576955E-14 ) ) ;
#4321 = ORIENTED_EDGE ( 'NONE', *, *, #6296, .T. ) ;
#4322 = ORIENTED_EDGE ( 'NONE', *, *, #3049, .F. ) ;
#4323 = LINE ( 'NONE', #6907, #3563 ) ;
#4324 =( NAMED_UNIT ( * ) PLANE_ANGLE_UNIT ( ) SI_UNIT ( $, .RADIAN. ) );
#4325 = ORIENTED_EDGE ( 'NONE', *, *, #6879, .F. ) ;
#4326 = SURFACE_STYLE_FILL_AREA ( #9062 ) ;
#4327 = CARTESIAN_POINT ( 'NONE',  ( 6.547679712131308172, -3.000000000000000000, -2.979052028523551776 ) ) ;
#4328 = DIRECTION ( 'NONE',  ( 0.000000000000000000, -1.000000000000000000, 0.000000000000000000 ) ) ;
#4329 = AXIS2_PLACEMENT_3D ( 'NONE', #4859, #7245, #7185 ) ;
#4330 = DIRECTION ( 'NONE',  ( -1.000000000000000000, 0.000000000000000000, -0.000000000000000000 ) ) ;
#4331 = LINE ( 'NONE', #6804, #1118 ) ;
#4332 = UNCERTAINTY_MEASURE_WITH_UNIT (LENGTH_MEASURE( 1.000000000000000082E-05 ), #572, 'distance_accuracy_value', 'NONE');
#4333 = DIRECTION ( 'NONE',  ( 0.000000000000000000, -0.000000000000000000, -1.000000000000000000 ) ) ;
#4334 = DIRECTION ( 'NONE',  ( -1.000000000000000000, 0.000000000000000000, 0.000000000000000000 ) ) ;
#4335 =( LENGTH_UNIT ( ) NAMED_UNIT ( * ) SI_UNIT ( .MILLI., .METRE. ) );
#4336 = COLOUR_RGB ( '',1.000000000000000000, 1.000000000000000000, 1.000000000000000000 ) ;
#4337 = ORIENTED_EDGE ( 'NONE', *, *, #9256, .F. ) ;
#4338 = PLANE ( 'NONE',  #416 ) ;
#4339 = ORIENTED_EDGE ( 'NONE', *, *, #299, .F. ) ;
#4340 = CIRCLE ( 'NONE', #6362, 0.1999999999999996503 ) ;
#4341 = DIRECTION ( 'NONE',  ( 0.000000000000000000, 0.000000000000000000, -1.000000000000000000 ) ) ;
#4342 = PRESENTATION_STYLE_ASSIGNMENT (( #5940 ) ) ;
#4343 = EDGE_LOOP ( 'NONE', ( #3907, #1290, #9538, #579, #2856 ) ) ;
#4344 = CARTESIAN_POINT ( 'NONE',  ( -5.000000000000000000, -5.000000000000000000, 0.2000000000000000944 ) ) ;
#4345 = FACE_OUTER_BOUND ( 'NONE', #8693, .T. ) ;
#4346 = ORIENTED_EDGE ( 'NONE', *, *, #1010, .T. ) ;
#4347 =( GEOMETRIC_REPRESENTATION_CONTEXT ( 3 ) GLOBAL_UNCERTAINTY_ASSIGNED_CONTEXT ( ( #10327 ) ) GLOBAL_UNIT_ASSIGNED_CONTEXT ( ( #6752, #4961, #8289 ) ) REPRESENTATION_CONTEXT ( 'NONE', 'WORKASPACE' ) );
#4348 = EDGE_CURVE ( 'NONE', #4978, #9471, #2469, .T. ) ;
#4349 = DIRECTION ( 'NONE',  ( 1.000000000000000000, 2.891205793297226643E-15, 0.000000000000000000 ) ) ;
#4350 = VECTOR ( 'NONE', #9605, 1000.000000000000000 ) ;
#4351 = FILL_AREA_STYLE ('',( #8364 ) ) ;
#4352 = LINE ( 'NONE', #6777, #2558 ) ;
#4353 = FILL_AREA_STYLE_COLOUR ( '', #7575 ) ;
#4354 = PLANE ( 'NONE',  #8402 ) ;
#4355 = COLOUR_RGB ( '',0.1098039215686274495, 0.1098039215686274495, 0.1098039215686274495 ) ;
#4356 = DIRECTION ( 'NONE',  ( -1.000000000000000000, 3.166821934561777074E-62, -3.082282563894075765E-31 ) ) ;
#4357 = SURFACE_SIDE_STYLE ('',( #5191 ) ) ;
#4358 = VERTEX_POINT ( 'NONE', #2092 ) ;
#4359 = AXIS2_PLACEMENT_3D ( 'NONE', #9678, #7319, #1503 ) ;
#4360 = COLOUR_RGB ( '',1.000000000000000000, 1.000000000000000000, 1.000000000000000000 ) ;
#4361 = VERTEX_POINT ( 'NONE', #9850 ) ;
#4362 = PRESENTATION_LAYER_ASSIGNMENT (  '', '', ( #4528 ) ) ;
#4363 =( GEOMETRIC_REPRESENTATION_CONTEXT ( 3 ) GLOBAL_UNCERTAINTY_ASSIGNED_CONTEXT ( ( #3488 ) ) GLOBAL_UNIT_ASSIGNED_CONTEXT ( ( #3334, #3485, #5013 ) ) REPRESENTATION_CONTEXT ( 'NONE', 'WORKASPACE' ) );
#4364 = LINE ( 'NONE', #362, #5666 ) ;
#4365 = CIRCLE ( 'NONE', #6723, 4.150000000000000355 ) ;
#4366 = VECTOR ( 'NONE', #4330, 1000.000000000000000 ) ;
#4367 = ADVANCED_FACE ( 'NONE', ( #7495 ), #4432, .F. ) ;
#4368 = DIRECTION ( 'NONE',  ( -1.027427521298019343E-31, 1.027427521298030948E-31, -1.000000000000000000 ) ) ;
#4369 = ADVANCED_FACE ( 'NONE', ( #6806 ), #10051, .T. ) ;
#4370 =( GEOMETRIC_REPRESENTATION_CONTEXT ( 3 ) GLOBAL_UNCERTAINTY_ASSIGNED_CONTEXT ( ( #2990 ) ) GLOBAL_UNIT_ASSIGNED_CONTEXT ( ( #3629, #9172, #6862 ) ) REPRESENTATION_CONTEXT ( 'NONE', 'WORKASPACE' ) );
#4371 = DIRECTION ( 'NONE',  ( 0.000000000000000000, 0.000000000000000000, -1.000000000000000000 ) ) ;
#4372 = ORIENTED_EDGE ( 'NONE', *, *, #2892, .T. ) ;
#4373 = CIRCLE ( 'NONE', #2212, 0.4000000000000062950 ) ;
#4374 = ORIENTED_EDGE ( 'NONE', *, *, #2890, .T. ) ;
#4375 = CARTESIAN_POINT ( 'NONE',  ( 5.000000000000000000, 5.000000000000000000, 3.500000000000000000 ) ) ;
#4376 = SURFACE_STYLE_USAGE ( .BOTH. , #6596 ) ;
#4377 = ORIENTED_EDGE ( 'NONE', *, *, #1186, .T. ) ;
#4378 = FACE_OUTER_BOUND ( 'NONE', #5096, .T. ) ;
#4379 =( LENGTH_UNIT ( ) NAMED_UNIT ( * ) SI_UNIT ( .MILLI., .METRE. ) );
#4380 = DIRECTION ( 'NONE',  ( 0.000000000000000000, 0.000000000000000000, 1.000000000000000000 ) ) ;
#4381 = EDGE_CURVE ( 'NONE', #9008, #708, #4365, .T. ) ;
#4382 = CARTESIAN_POINT ( 'NONE',  ( -1.599999999999999867, 5.435424868894478401, 3.600000000000000089 ) ) ;
#4383 = AXIS2_PLACEMENT_3D ( 'NONE', #6893, #9259, #9872 ) ;
#4384 = UNCERTAINTY_MEASURE_WITH_UNIT (LENGTH_MEASURE( 1.000000000000000082E-05 ), #8838, 'distance_accuracy_value', 'NONE');
#4385 =( NAMED_UNIT ( * ) SI_UNIT ( $, .STERADIAN. ) SOLID_ANGLE_UNIT ( ) );
#4386 = SURFACE_STYLE_FILL_AREA ( #9897 ) ;
#4387 = ORIENTED_EDGE ( 'NONE', *, *, #8799, .F. ) ;
#4388 = ORIENTED_EDGE ( 'NONE', *, *, #3531, .T. ) ;
#4389 = DIRECTION ( 'NONE',  ( 0.4722150451494406265, 0.000000000000000000, 0.8814833810881017584 ) ) ;
#4390 = ORIENTED_EDGE ( 'NONE', *, *, #7064, .F. ) ;
#4391 = AXIS2_PLACEMENT_3D ( 'NONE', #6571, #4193, #4981 ) ;
#4392 = AXIS2_PLACEMENT_3D ( 'NONE', #2627, #1695, #827 ) ;
#4393 = SURFACE_STYLE_FILL_AREA ( #1313 ) ;
#4394 = CARTESIAN_POINT ( 'NONE',  ( -1.599999999999998979, -6.000000000000000000, 3.644339654338649925 ) ) ;
#4395 = DIRECTION ( 'NONE',  ( -0.000000000000000000, 2.861215661182131111E-16, -1.000000000000000000 ) ) ;
#4396 = FACE_OUTER_BOUND ( 'NONE', #7524, .T. ) ;
#4397 = VECTOR ( 'NONE', #5180, 999.9999999999998863 ) ;
#4398 = CYLINDRICAL_SURFACE ( 'NONE', #6551, 0.8000000000000003775 ) ;
#4399 = ORIENTED_EDGE ( 'NONE', *, *, #8564, .T. ) ;
#4400 = CARTESIAN_POINT ( 'NONE',  ( -1.462164714140024468, -5.819112848942173954, 3.199999999999977085 ) ) ;
#4401 = PRESENTATION_LAYER_ASSIGNMENT (  '', '', ( #3562 ) ) ;
#4402 = SURFACE_STYLE_FILL_AREA ( #1905 ) ;
#4403 = SURFACE_STYLE_FILL_AREA ( #2060 ) ;
#4404 = STYLED_ITEM ( 'NONE', ( #3955 ), #6748 ) ;
#4405 = PRODUCT_DEFINITION_SHAPE ( 'NONE', 'NONE',  #1860 ) ;
#4406 =( NAMED_UNIT ( * ) PLANE_ANGLE_UNIT ( ) SI_UNIT ( $, .RADIAN. ) );
#4407 = DIRECTION ( 'NONE',  ( 0.000000000000000000, 0.000000000000000000, -1.000000000000000000 ) ) ;
#4408 = FILL_AREA_STYLE ('',( #6001 ) ) ;
#4409 = EDGE_LOOP ( 'NONE', ( #4182, #3166, #1606, #7282 ) ) ;
#4410 = AXIS2_PLACEMENT_3D ( 'NONE', #9531, #4685, #7954 ) ;
#4411 = ORIENTED_EDGE ( 'NONE', *, *, #1186, .F. ) ;
#4412 = FACE_OUTER_BOUND ( 'NONE', #4538, .T. ) ;
#4413 = CARTESIAN_POINT ( 'NONE',  ( 6.305925830945591670, -6.704630743366731593, -0.7110617430582412135 ) ) ;
#4414 = CARTESIAN_POINT ( 'NONE',  ( -1.462164714140030464, 5.819112848942165073, 3.599999999999995648 ) ) ;
#4415 = EDGE_CURVE ( 'NONE', #3212, #3301, #1411, .T. ) ;
#4416 = ORIENTED_EDGE ( 'NONE', *, *, #8372, .T. ) ;
#4417 = SURFACE_STYLE_FILL_AREA ( #4259 ) ;
#4418 = ORIENTED_EDGE ( 'NONE', *, *, #5267, .F. ) ;
#4419 = EDGE_CURVE ( 'NONE', #5636, #323, #4527, .T. ) ;
#4420 = ORIENTED_EDGE ( 'NONE', *, *, #3719, .F. ) ;
#4421 = AXIS2_PLACEMENT_3D ( 'NONE', #8517, #4771, #6514 ) ;
#4422 = CARTESIAN_POINT ( 'NONE',  ( -6.953886316694598335, -6.704630743366730705, -2.268178905419203861 ) ) ;
#4423 = ORIENTED_EDGE ( 'NONE', *, *, #4686, .T. ) ;
#4424 = EDGE_CURVE ( 'NONE', #4931, #9840, #3025, .T. ) ;
#4425 = SURFACE_STYLE_USAGE ( .BOTH. , #8438 ) ;
#4426 = CARTESIAN_POINT ( 'NONE',  ( 5.259452181143305260, 1.372012641118248055, 3.600000000000002753 ) ) ;
#4427 = DIRECTION ( 'NONE',  ( 0.000000000000000000, 1.000000000000000000, -0.000000000000000000 ) ) ;
#4428 =( GEOMETRIC_REPRESENTATION_CONTEXT ( 3 ) GLOBAL_UNCERTAINTY_ASSIGNED_CONTEXT ( ( #9108 ) ) GLOBAL_UNIT_ASSIGNED_CONTEXT ( ( #4249, #2934, #5248 ) ) REPRESENTATION_CONTEXT ( 'NONE', 'WORKASPACE' ) );
#4429 = CARTESIAN_POINT ( 'NONE',  ( 5.293171745301159525, -1.667491690536891280, 3.600000000150506807 ) ) ;
#4430 = UNCERTAINTY_MEASURE_WITH_UNIT (LENGTH_MEASURE( 1.000000000000000082E-05 ), #1123, 'distance_accuracy_value', 'NONE');
#4431 = CARTESIAN_POINT ( 'NONE',  ( -1.599999999999999423, 1.599999999999998979, 7.000000000000000000 ) ) ;
#4432 = PLANE ( 'NONE',  #1619 ) ;
#4433 = CARTESIAN_POINT ( 'NONE',  ( -6.300000004164958867, -1.999999999999999112, 1.414159265358978290 ) ) ;
#4434 = SURFACE_STYLE_FILL_AREA ( #10107 ) ;
#4435 = VERTEX_POINT ( 'NONE', #5489 ) ;
#4436 = VERTEX_POINT ( 'NONE', #4535 ) ;
#4437 = ORIENTED_EDGE ( 'NONE', *, *, #7456, .F. ) ;
#4438 =( GEOMETRIC_REPRESENTATION_CONTEXT ( 3 ) GLOBAL_UNCERTAINTY_ASSIGNED_CONTEXT ( ( #5962 ) ) GLOBAL_UNIT_ASSIGNED_CONTEXT ( ( #3927, #9555, #6201 ) ) REPRESENTATION_CONTEXT ( 'NONE', 'WORKASPACE' ) );
#4439 = CARTESIAN_POINT ( 'NONE',  ( 1.397888595051272190E-15, 4.924999999999995381, 3.349999999999988987 ) ) ;
#4440 = SURFACE_SIDE_STYLE ('',( #4393 ) ) ;
#4441 = DIRECTION ( 'NONE',  ( 0.000000000000000000, 0.000000000000000000, 1.000000000000000000 ) ) ;
#4442 = DIRECTION ( 'NONE',  ( 0.000000000000000000, -1.000000000000000000, 0.000000000000000000 ) ) ;
#4443 = DIRECTION ( 'NONE',  ( -1.000000000000000000, 0.000000000000000000, 0.000000000000000000 ) ) ;
#4444 = ORIENTED_EDGE ( 'NONE', *, *, #3512, .T. ) ;
#4445 = TOROIDAL_SURFACE ( 'NONE', #6140, 0.03542486889351447593, 0.4000000000000502043 ) ;
#4446 = AXIS2_PLACEMENT_3D ( 'NONE', #9762, #90, #2578 ) ;
#4447 = EDGE_CURVE ( 'NONE', #279, #3180, #6898, .T. ) ;
#4448 = DIRECTION ( 'NONE',  ( -0.000000000000000000, 0.000000000000000000, -1.000000000000000000 ) ) ;
#4449 = EDGE_LOOP ( 'NONE', ( #264, #4346, #3402, #6925 ) ) ;
#4450 = DIRECTION ( 'NONE',  ( 0.6414968937217457867, 0.1611885087261921146, 0.7499999999999850120 ) ) ;
#4451 = DIRECTION ( 'NONE',  ( 0.000000000000000000, 0.000000000000000000, -1.000000000000000000 ) ) ;
#4452 = FACE_OUTER_BOUND ( 'NONE', #2779, .T. ) ;
#4453 = VECTOR ( 'NONE', #5974, 1000.000000000000000 ) ;
#4454 = CARTESIAN_POINT ( 'NONE',  ( -6.700000000000001066, -2.999999999999999112, -2.094532406675943648 ) ) ;
#4455 = CARTESIAN_POINT ( 'NONE',  ( 1.389056478433030151, -5.528157206495057707, 3.500000000000042633 ) ) ;
#4456 = EDGE_CURVE ( 'NONE', #7626, #2223, #7117, .T. ) ;
#4457 = ORIENTED_EDGE ( 'NONE', *, *, #1889, .F. ) ;
#4458 = ORIENTED_EDGE ( 'NONE', *, *, #120, .T. ) ;
#4459 =( NAMED_UNIT ( * ) PLANE_ANGLE_UNIT ( ) SI_UNIT ( $, .RADIAN. ) );
#4460 =( GEOMETRIC_REPRESENTATION_CONTEXT ( 3 ) GLOBAL_UNCERTAINTY_ASSIGNED_CONTEXT ( ( #564 ) ) GLOBAL_UNIT_ASSIGNED_CONTEXT ( ( #1509, #3116, #7963 ) ) REPRESENTATION_CONTEXT ( 'NONE', 'WORKASPACE' ) );
#4461 = DIRECTION ( 'NONE',  ( -1.000000000000000000, 0.000000000000000000, 0.000000000000000000 ) ) ;
#4462 = CARTESIAN_POINT ( 'NONE',  ( -4.999999999999992895, 5.800000000000000711, 3.299999999999999822 ) ) ;
#4463 = MECHANICAL_DESIGN_GEOMETRIC_PRESENTATION_REPRESENTATION (  '', ( #9174 ), #2952 ) ;
#4464 = FILL_AREA_STYLE_COLOUR ( '', #5029 ) ;
#4465 = SURFACE_STYLE_USAGE ( .BOTH. , #5423 ) ;
#4466 = ORIENTED_EDGE ( 'NONE', *, *, #8747, .T. ) ;
#4467 = MECHANICAL_DESIGN_GEOMETRIC_PRESENTATION_REPRESENTATION (  '', ( #1641 ), #1150 ) ;
#4468 = FILL_AREA_STYLE_COLOUR ( '', #5678 ) ;
#4469 = CIRCLE ( 'NONE', #9845, 0.8000000000000003775 ) ;
#4470 = ORIENTED_EDGE ( 'NONE', *, *, #4111, .F. ) ;
#4471 = ORIENTED_EDGE ( 'NONE', *, *, #2401, .T. ) ;
#4472 = CARTESIAN_POINT ( 'NONE',  ( -5.399999999999982592, 1.891518204694836225, 3.500000000000017319 ) ) ;
#4473 = ORIENTED_EDGE ( 'NONE', *, *, #950, .T. ) ;
#4474 = CARTESIAN_POINT ( 'NONE',  ( -6.694074169054407442, 2.000000000000000000, -2.070921654418468094 ) ) ;
#4475 = EDGE_CURVE ( 'NONE', #9310, #3463, #1504, .T. ) ;
#4476 = CARTESIAN_POINT ( 'NONE',  ( 5.254443597977374480, 1.473898044354953640, 3.599999943878103625 ) ) ;
#4477 = DIRECTION ( 'NONE',  ( -0.4722150451494400158, 0.000000000000000000, -0.8814833810881020915 ) ) ;
#4478 = VECTOR ( 'NONE', #8389, 1000.000000000000000 ) ;
#4479 = DIRECTION ( 'NONE',  ( 0.8682466191274124112, 0.000000000000000000, -0.4961328535521690730 ) ) ;
#4480 = COLOUR_RGB ( '',0.1098039215686274495, 0.1098039215686274495, 0.1098039215686274495 ) ;
#4481 = VECTOR ( 'NONE', #5838, 1000.000000000000000 ) ;
#4482 = DIRECTION ( 'NONE',  ( 0.000000000000000000, 0.000000000000000000, -1.000000000000000000 ) ) ;
#4483 = DIRECTION ( 'NONE',  ( 0.000000000000000000, 0.000000000000000000, -1.000000000000000000 ) ) ;
#4484 = ORIENTED_EDGE ( 'NONE', *, *, #6034, .F. ) ;
#4485 = ORIENTED_EDGE ( 'NONE', *, *, #6437, .F. ) ;
#4486 = CARTESIAN_POINT ( 'NONE',  ( -1.848382755996762494, -5.499999999977941201, 3.593263033131655959 ) ) ;
#4487 = ORIENTED_EDGE ( 'NONE', *, *, #6948, .F. ) ;
#4488 = VECTOR ( 'NONE', #5590, 1000.000000000000000 ) ;
#4489 = EDGE_CURVE ( 'NONE', #8876, #2541, #8602, .T. ) ;
#4490 = SURFACE_STYLE_USAGE ( .BOTH. , #3858 ) ;
#4491 = EDGE_CURVE ( 'NONE', #5290, #1452, #1704, .T. ) ;
#4492 = PRESENTATION_STYLE_ASSIGNMENT (( #1315 ) ) ;
#4493 = ADVANCED_FACE ( 'NONE', ( #7692 ), #533, .F. ) ;
#4494 = SURFACE_STYLE_USAGE ( .BOTH. , #5344 ) ;
#4495 = ORIENTED_EDGE ( 'NONE', *, *, #4179, .T. ) ;
#4496 = DIRECTION ( 'NONE',  ( -1.000000000000000000, 0.000000000000000000, -0.000000000000000000 ) ) ;
#4497 = SURFACE_SIDE_STYLE ('',( #7234 ) ) ;
#4498 = PRESENTATION_STYLE_ASSIGNMENT (( #5346 ) ) ;
#4499 = CYLINDRICAL_SURFACE ( 'NONE', #7673, 0.1999999999999996503 ) ;
#4500 = LINE ( 'NONE', #2981, #8770 ) ;
#4501 = VECTOR ( 'NONE', #2599, 1000.000000000000000 ) ;
#4502 = DIRECTION ( 'NONE',  ( 0.000000000000000000, 0.000000000000000000, -1.000000000000000000 ) ) ;
#4503 = EDGE_CURVE ( 'NONE', #3495, #7669, #3188, .T. ) ;
#4504 = DIRECTION ( 'NONE',  ( 2.840858515597182442E-13, -3.514479582739302792E-14, 1.000000000000000000 ) ) ;
#4505 = UNCERTAINTY_MEASURE_WITH_UNIT (LENGTH_MEASURE( 1.000000000000000082E-05 ), #6275, 'distance_accuracy_value', 'NONE');
#4506 = EDGE_CURVE ( 'NONE', #3733, #1292, #7375, .T. ) ;
#4507 = ORIENTED_EDGE ( 'NONE', *, *, #4572, .F. ) ;
#4508 = EDGE_LOOP ( 'NONE', ( #2502, #9964, #3297, #7301 ) ) ;
#4509 = ORIENTED_EDGE ( 'NONE', *, *, #4684, .T. ) ;
#4510 = MECHANICAL_DESIGN_GEOMETRIC_PRESENTATION_REPRESENTATION (  '', ( #3843 ), #6206 ) ;
#4511 = DIRECTION ( 'NONE',  ( -1.000000000000000000, -8.881784197001249365E-16, -1.974482005176862342E-15 ) ) ;
#4512 = TOROIDAL_SURFACE ( 'NONE', #4853, 0.03542486889348845508, 0.3999999999999958589 ) ;
#4513 = CARTESIAN_POINT ( 'NONE',  ( -6.000000000000000000, -5.000000000000000000, 0.4000000000000001887 ) ) ;
#4514 = SURFACE_STYLE_USAGE ( .BOTH. , #1337 ) ;
#4515 = CARTESIAN_POINT ( 'NONE',  ( -5.819112848942164185, -1.462164714140039790, 3.499999999999999556 ) ) ;
#4516 = STYLED_ITEM ( 'NONE', ( #2782 ), #5005 ) ;
#4517 = VECTOR ( 'NONE', #3399, 1000.000000000000000 ) ;
#4518 = CARTESIAN_POINT ( 'NONE',  ( -1.899999999999999911, 1.599999999998921840, 6.999999999999999112 ) ) ;
#4519 = ORIENTED_EDGE ( 'NONE', *, *, #3586, .F. ) ;
#4520 = ORIENTED_EDGE ( 'NONE', *, *, #686, .T. ) ;
#4521 = STYLED_ITEM ( 'NONE', ( #6940 ), #1392 ) ;
#4522 = CARTESIAN_POINT ( 'NONE',  ( 6.000000000000000000, 1.999999999999999556, 1.146410165690350924 ) ) ;
#4523 = ORIENTED_EDGE ( 'NONE', *, *, #4888, .T. ) ;
#4524 =( LENGTH_UNIT ( ) NAMED_UNIT ( * ) SI_UNIT ( .MILLI., .METRE. ) );
#4525 = PRESENTATION_STYLE_ASSIGNMENT (( #6912 ) ) ;
#4526 = FILL_AREA_STYLE ('',( #1346 ) ) ;
#4527 = CIRCLE ( 'NONE', #6064, 0.03542486889353876206 ) ;
#4528 = STYLED_ITEM ( 'NONE', ( #7141 ), #2129 ) ;
#4529 = FACE_OUTER_BOUND ( 'NONE', #3598, .T. ) ;
#4530 =( NAMED_UNIT ( * ) SI_UNIT ( $, .STERADIAN. ) SOLID_ANGLE_UNIT ( ) );
#4531 = CARTESIAN_POINT ( 'NONE',  ( -1.462164714140032684, 5.254537717835699340, 3.200000000000016609 ) ) ;
#4532 = CARTESIAN_POINT ( 'NONE',  ( 5.278938358009638065, -1.626624383087249992, 3.599999996058159457 ) ) ;
#4533 =( NAMED_UNIT ( * ) SI_UNIT ( $, .STERADIAN. ) SOLID_ANGLE_UNIT ( ) );
#4534 = TOROIDAL_SURFACE ( 'NONE', #5560, 0.7999999999999977129, 0.1999999999999994282 ) ;
#4535 = CARTESIAN_POINT ( 'NONE',  ( -6.693412330956371115, -1.999999999999998668, -2.119339049353551996 ) ) ;
#4536 = DIRECTION ( 'NONE',  ( 0.000000000000000000, 0.000000000000000000, -1.000000000000000000 ) ) ;
#4537 = DIRECTION ( 'NONE',  ( 0.000000000000000000, 0.000000000000000000, 1.000000000000000000 ) ) ;
#4538 = EDGE_LOOP ( 'NONE', ( #1094, #2840, #9598, #936 ) ) ;
#4539 = MECHANICAL_DESIGN_GEOMETRIC_PRESENTATION_REPRESENTATION (  '', ( #2202 ), #55 ) ;
#4540 = AXIS2_PLACEMENT_3D ( 'NONE', #8660, #6032, #4441 ) ;
#4541 = SURFACE_SIDE_STYLE ('',( #7542 ) ) ;
#4542 = ORIENTED_EDGE ( 'NONE', *, *, #4940, .F. ) ;
#4543 = AXIS2_PLACEMENT_3D ( 'NONE', #5867, #1247, #4320 ) ;
#4544 = VECTOR ( 'NONE', #7381, 1000.000000000000000 ) ;
#4545 = DIRECTION ( 'NONE',  ( 0.4722150451494404044, 0.000000000000000000, -0.8814833810881019804 ) ) ;
#4546 =( NAMED_UNIT ( * ) PLANE_ANGLE_UNIT ( ) SI_UNIT ( $, .RADIAN. ) );
#4547 = VECTOR ( 'NONE', #8047, 1000.000000000000000 ) ;
#4548 = DIRECTION ( 'NONE',  ( 0.000000000000000000, -1.000000000000000000, 0.000000000000000000 ) ) ;
#4549 = AXIS2_PLACEMENT_3D ( 'NONE', #2141, #10047, #9282 ) ;
#4550 = CYLINDRICAL_SURFACE ( 'NONE', #5956, 1.000000000000000000 ) ;
#4551 = DIRECTION ( 'NONE',  ( -1.256337252201622514E-14, 5.292964219876873757E-15, -1.000000000000000000 ) ) ;
#4552 = FACE_OUTER_BOUND ( 'NONE', #141, .T. ) ;
#4553 = PLANE ( 'NONE',  #5851 ) ;
#4554 = FILL_AREA_STYLE ('',( #1374 ) ) ;
#4555 = ORIENTED_EDGE ( 'NONE', *, *, #8430, .T. ) ;
#4556 = AXIS2_PLACEMENT_3D ( 'NONE', #3817, #4564, #7819 ) ;
#4557 = CARTESIAN_POINT ( 'NONE',  ( -6.000000000000000000, -3.499999999999999556, 0.4000000000000000222 ) ) ;
#4558 = EDGE_CURVE ( 'NONE', #5935, #3732, #7404, .T. ) ;
#4559 = AXIS2_PLACEMENT_3D ( 'NONE', #3517, #1136, #9829 ) ;
#4560 = UNCERTAINTY_MEASURE_WITH_UNIT (LENGTH_MEASURE( 1.000000000000000082E-05 ), #8237, 'distance_accuracy_value', 'NONE');
#4561 = EDGE_CURVE ( 'NONE', #719, #9310, #6529, .T. ) ;
#4562 = CARTESIAN_POINT ( 'NONE',  ( 6.212785798360255463, -2.499999999999999556, -2.960449165327015741 ) ) ;
#4563 = FACE_OUTER_BOUND ( 'NONE', #9868, .T. ) ;
#4564 = DIRECTION ( 'NONE',  ( -1.000000000000000000, 0.000000000000000000, -3.491483361109382461E-15 ) ) ;
#4565 = EDGE_CURVE ( 'NONE', #3103, #9156, #5655, .T. ) ;
#4566 = DIRECTION ( 'NONE',  ( 0.000000000000000000, 0.000000000000000000, 1.000000000000000000 ) ) ;
#4567 = DIRECTION ( 'NONE',  ( 0.000000000000000000, 0.000000000000000000, -1.000000000000000000 ) ) ;
#4568 = CIRCLE ( 'NONE', #83, 0.03542486889738681588 ) ;
#4569 = DIRECTION ( 'NONE',  ( -0.4722150451494399603, 0.000000000000000000, 0.8814833810881020915 ) ) ;
#4570 = DIRECTION ( 'NONE',  ( -5.292964219876011532E-15, -1.256337252201300185E-14, -1.000000000000000000 ) ) ;
#4571 = VERTEX_POINT ( 'NONE', #6383 ) ;
#4572 = EDGE_CURVE ( 'NONE', #4112, #6312, #8254, .T. ) ;
#4573 = ORIENTED_EDGE ( 'NONE', *, *, #7329, .F. ) ;
#4574 = ORIENTED_EDGE ( 'NONE', *, *, #433, .F. ) ;
#4575 = STYLED_ITEM ( 'NONE', ( #4498 ), #8160 ) ;
#4576 =( NAMED_UNIT ( * ) PLANE_ANGLE_UNIT ( ) SI_UNIT ( $, .RADIAN. ) );
#4577 = UNCERTAINTY_MEASURE_WITH_UNIT (LENGTH_MEASURE( 1.000000000000000082E-05 ), #7873, 'distance_accuracy_value', 'NONE');
#4578 = DIRECTION ( 'NONE',  ( -0.000000000000000000, -1.000000000000000000, -0.000000000000000000 ) ) ;
#4579 = FACE_OUTER_BOUND ( 'NONE', #7960, .T. ) ;
#4580 = AXIS2_PLACEMENT_3D ( 'NONE', #2136, #7744, #10101 ) ;
#4581 = CARTESIAN_POINT ( 'NONE',  ( -5.999999999999997335, 3.000000000000000000, -0.6874509908007685466 ) ) ;
#4582 = COLOUR_RGB ( '',1.000000000000000000, 1.000000000000000000, 1.000000000000000000 ) ;
#4583 =( LENGTH_UNIT ( ) NAMED_UNIT ( * ) SI_UNIT ( .MILLI., .METRE. ) );
#4584 = DIRECTION ( 'NONE',  ( 0.000000000000000000, -1.000000000000000000, 1.229047034060748073E-14 ) ) ;
#4585 = ORIENTED_EDGE ( 'NONE', *, *, #6814, .T. ) ;
#4586 = ORIENTED_EDGE ( 'NONE', *, *, #5723, .F. ) ;
#4587 = SURFACE_STYLE_USAGE ( .BOTH. , #3836 ) ;
#4588 = LINE ( 'NONE', #10149, #8671 ) ;
#4589 = CARTESIAN_POINT ( 'NONE',  ( 4.750000000000000000, -4.750000000000000000, 3.200000000000000178 ) ) ;
#4590 = CYLINDRICAL_SURFACE ( 'NONE', #10359, 0.3500000041649586890 ) ;
#4591 = CARTESIAN_POINT ( 'NONE',  ( -4.399999999999998579, 5.000000000000000000, 0.000000000000000000 ) ) ;
#4592 = CARTESIAN_POINT ( 'NONE',  ( 5.284750124092056467, -1.644351019653345070, 3.599999997733140056 ) ) ;
#4593 = PRESENTATION_STYLE_ASSIGNMENT (( #7118 ) ) ;
#4594 = AXIS2_PLACEMENT_3D ( 'NONE', #2988, #6205, #5303 ) ;
#4595 = SURFACE_SIDE_STYLE ('',( #3952 ) ) ;
#4596 = ORIENTED_EDGE ( 'NONE', *, *, #7903, .T. ) ;
#4597 =( NAMED_UNIT ( * ) SI_UNIT ( $, .STERADIAN. ) SOLID_ANGLE_UNIT ( ) );
#4598 = ORIENTED_EDGE ( 'NONE', *, *, #743, .F. ) ;
#4599 = SURFACE_STYLE_FILL_AREA ( #7758 ) ;
#4600 = SURFACE_SIDE_STYLE ('',( #600 ) ) ;
#4601 = CIRCLE ( 'NONE', #6141, 0.03542486889637243286 ) ;
#4602 = FACE_OUTER_BOUND ( 'NONE', #6030, .T. ) ;
#4603 = DIRECTION ( 'NONE',  ( -7.923280924792983127E-14, 1.000000000000000000, 1.316680726146703124E-27 ) ) ;
#4604 = DIRECTION ( 'NONE',  ( -1.000000000000000000, 5.329070518200750605E-15, 0.000000000000000000 ) ) ;
#4605 = PRESENTATION_STYLE_ASSIGNMENT (( #2973 ) ) ;
#4606 = SURFACE_STYLE_USAGE ( .BOTH. , #1426 ) ;
#4607 = VERTEX_POINT ( 'NONE', #9681 ) ;
#4608 = MECHANICAL_DESIGN_GEOMETRIC_PRESENTATION_REPRESENTATION (  '', ( #6458 ), #4428 ) ;
#4609 = DIRECTION ( 'NONE',  ( -0.000000000000000000, -0.000000000000000000, -1.000000000000000000 ) ) ;
#4610 = CARTESIAN_POINT ( 'NONE',  ( -5.549999999999999822, -4.750000000000000000, 3.200000000000000178 ) ) ;
#4611 = EDGE_CURVE ( 'NONE', #5897, #820, #115, .T. ) ;
#4612 = CARTESIAN_POINT ( 'NONE',  ( 6.650000000000000355, -2.999999999999999556, -2.094532406675943648 ) ) ;
#4613 = FILL_AREA_STYLE ('',( #6200 ) ) ;
#4614 = MECHANICAL_DESIGN_GEOMETRIC_PRESENTATION_REPRESENTATION (  '', ( #1280 ), #6974 ) ;
#4615 = EDGE_CURVE ( 'NONE', #1251, #8678, #8908, .T. ) ;
#4616 =( LENGTH_UNIT ( ) NAMED_UNIT ( * ) SI_UNIT ( .MILLI., .METRE. ) );
#4617 = ORIENTED_EDGE ( 'NONE', *, *, #801, .F. ) ;
#4618 = EDGE_CURVE ( 'NONE', #368, #2614, #8068, .T. ) ;
#4619 = VERTEX_POINT ( 'NONE', #3376 ) ;
#4620 = VERTEX_POINT ( 'NONE', #4953 ) ;
#4621 = CIRCLE ( 'NONE', #7312, 0.03542486889692494229 ) ;
#4622 =( GEOMETRIC_REPRESENTATION_CONTEXT ( 3 ) GLOBAL_UNCERTAINTY_ASSIGNED_CONTEXT ( ( #2700 ) ) GLOBAL_UNIT_ASSIGNED_CONTEXT ( ( #8340, #9224, #9985 ) ) REPRESENTATION_CONTEXT ( 'NONE', 'WORKASPACE' ) );
#4623 = CARTESIAN_POINT ( 'NONE',  ( 6.694074169054405665, -3.000000000000000000, -2.070921654418471647 ) ) ;
#4624 = EDGE_CURVE ( 'NONE', #5367, #6617, #7170, .T. ) ;
#4625 = DIRECTION ( 'NONE',  ( -1.000000000000000000, 1.084202172485503842E-15, 0.000000000000000000 ) ) ;
#4626 = FILL_AREA_STYLE_COLOUR ( '', #3581 ) ;
#4627 = EDGE_CURVE ( 'NONE', #3301, #6617, #2, .T. ) ;
#4628 = CARTESIAN_POINT ( 'NONE',  ( -1.599999999999998979, -6.000000000000000000, 0.000000000000000000 ) ) ;
#4629 = ADVANCED_FACE ( 'NONE', ( #4004 ), #3162, .T. ) ;
#4630 = PRESENTATION_LAYER_ASSIGNMENT (  '', '', ( #8338 ) ) ;
#4631 = SURFACE_SIDE_STYLE ('',( #2287 ) ) ;
#4632 = ORIENTED_EDGE ( 'NONE', *, *, #3779, .T. ) ;
#4633 =( BOUNDED_SURFACE ( )  B_SPLINE_SURFACE ( 3, 3, ( 
 ( #6341, #10, #9494, #6390 ),
 ( #1667, #3277, #3233, #8714 ),
 ( #6444, #10317, #3121, #4852 ),
 ( #6489, #701, #9544, #9693 ),
 ( #9603, #3857, #4750, #8659 ),
 ( #8866, #9646, #1468, #2463 ),
 ( #7867, #7073, #7967, #10269 ) ),
 .UNSPECIFIED., .F., .F., .F. ) 
 B_SPLINE_SURFACE_WITH_KNOTS ( ( 4, 3, 4 ),
 ( 4, 4 ),
 ( 0.000000000000000000, 1.000000000000000000, 1.011479445286191492 ),
 ( 0.000000000000000000, 1.000000000000000000 ),
 .UNSPECIFIED. ) 
 GEOMETRIC_REPRESENTATION_ITEM ( )  RATIONAL_B_SPLINE_SURFACE ( (
 ( 1.000000000000000000, 0.9477022805563360963, 0.9477022805563360963, 1.000000000000000000),
 ( 0.9937379401274857305, 0.9417677121341739843, 0.9417677121341739843, 0.9937379401274857305),
 ( 0.9937379401274857305, 0.9417677121341739843, 0.9417677121341739843, 0.9937379401274857305),
 ( 1.000000000000000000, 0.9477022805563360963, 0.9477022805563360963, 1.000000000000000000),
 ( 1.000000000000000000, 0.9477022805563360963, 0.9477022805563360963, 1.000000000000000000),
 ( 1.000000000000000000, 0.9477022805563360963, 0.9477022805563360963, 1.000000000000000000),
 ( 1.000000000000000000, 0.9477022805563360963, 0.9477022805563360963, 1.000000000000000000) ) ) 
 REPRESENTATION_ITEM ( '' )  SURFACE ( )  );
#4634 = ORIENTED_EDGE ( 'NONE', *, *, #8699, .F. ) ;
#4635 = CARTESIAN_POINT ( 'NONE',  ( -6.300000000000014921, -1.999999999999999112, 5.364159265358977358 ) ) ;
#4636 = SURFACE_SIDE_STYLE ('',( #8647 ) ) ;
#4637 = DIRECTION ( 'NONE',  ( 0.000000000000000000, 0.000000000000000000, -1.000000000000000000 ) ) ;
#4638 = DIRECTION ( 'NONE',  ( -0.7155891509246474769, 0.6985214149036104159, -1.951563910473930385E-14 ) ) ;
#4639 = DIRECTION ( 'NONE',  ( 7.403395523308712764E-16, -5.481026527454756721E-30, -1.000000000000000000 ) ) ;
#4640 =( LENGTH_UNIT ( ) NAMED_UNIT ( * ) SI_UNIT ( .MILLI., .METRE. ) );
#4641 = EDGE_CURVE ( 'NONE', #1973, #4769, #7320, .T. ) ;
#4642 = CARTESIAN_POINT ( 'NONE',  ( 4.750000000000000000, 4.750000000000000000, 3.499999999999999556 ) ) ;
#4643 = STYLED_ITEM ( 'NONE', ( #5015 ), #8986 ) ;
#4644 = FILL_AREA_STYLE ('',( #9391 ) ) ;
#4645 = ORIENTED_EDGE ( 'NONE', *, *, #3920, .T. ) ;
#4646 = ORIENTED_EDGE ( 'NONE', *, *, #2020, .F. ) ;
#4647 = PRESENTATION_LAYER_ASSIGNMENT (  '', '', ( #1641 ) ) ;
#4648 = TOROIDAL_SURFACE ( 'NONE', #7505, 0.5645751311064606259, 0.3999999999999856448 ) ;
#4649 = DIRECTION ( 'NONE',  ( -1.000000000000000000, 0.000000000000000000, -0.000000000000000000 ) ) ;
#4650 = FILL_AREA_STYLE ('',( #3695 ) ) ;
#4651 = CIRCLE ( 'NONE', #166, 0.3499999999999996447 ) ;
#4652 = SURFACE_SIDE_STYLE ('',( #7761 ) ) ;
#4653 = DIRECTION ( 'NONE',  ( 1.000000000000000000, 0.000000000000000000, 0.000000000000000000 ) ) ;
#4654 = CARTESIAN_POINT ( 'NONE',  ( -5.435424868893540484, 1.599999999999999867, 3.199999999999999734 ) ) ;
#4655 = DIRECTION ( 'NONE',  ( 1.000000000000000000, 0.000000000000000000, -0.000000000000000000 ) ) ;
#4656 = COLOUR_RGB ( '',0.1098039215686274495, 0.1098039215686274495, 0.1098039215686274495 ) ;
#4657 = ORIENTED_EDGE ( 'NONE', *, *, #770, .F. ) ;
#4658 = MECHANICAL_DESIGN_GEOMETRIC_PRESENTATION_REPRESENTATION (  '', ( #3313 ), #9694 ) ;
#4659 = VECTOR ( 'NONE', #4099, 1000.000000000000000 ) ;
#4660 = UNCERTAINTY_MEASURE_WITH_UNIT (LENGTH_MEASURE( 1.000000000000000082E-05 ), #702, 'distance_accuracy_value', 'NONE');
#4661 = CYLINDRICAL_SURFACE ( 'NONE', #8275, 0.4500000000000001221 ) ;
#4662 = CARTESIAN_POINT ( 'NONE',  ( -6.000000000000000000, 5.000000000000000000, 3.299999999999999822 ) ) ;
#4663 = SURFACE_STYLE_FILL_AREA ( #1478 ) ;
#4664 =( GEOMETRIC_REPRESENTATION_CONTEXT ( 3 ) GLOBAL_UNCERTAINTY_ASSIGNED_CONTEXT ( ( #9502 ) ) GLOBAL_UNIT_ASSIGNED_CONTEXT ( ( #5621, #8718, #3028 ) ) REPRESENTATION_CONTEXT ( 'NONE', 'WORKASPACE' ) );
#4665 = CARTESIAN_POINT ( 'NONE',  ( 6.694074169054405665, -2.999999999999999556, -2.070921654418471647 ) ) ;
#4666 = EDGE_CURVE ( 'NONE', #407, #6220, #892, .T. ) ;
#4667 = ORIENTED_EDGE ( 'NONE', *, *, #3972, .T. ) ;
#4668 = ORIENTED_EDGE ( 'NONE', *, *, #1768, .T. ) ;
#4669 = ORIENTED_EDGE ( 'NONE', *, *, #3505, .F. ) ;
#4670 = PRESENTATION_LAYER_ASSIGNMENT (  '', '', ( #351 ) ) ;
#4671 = UNCERTAINTY_MEASURE_WITH_UNIT (LENGTH_MEASURE( 1.000000000000000082E-05 ), #6085, 'distance_accuracy_value', 'NONE');
#4672 = DIRECTION ( 'NONE',  ( 1.000000000000000000, 0.000000000000000000, -0.000000000000000000 ) ) ;
#4673 = DIRECTION ( 'NONE',  ( 0.000000000000000000, 0.000000000000000000, -1.000000000000000000 ) ) ;
#4674 = PRESENTATION_STYLE_ASSIGNMENT (( #8687 ) ) ;
#4675 =( LENGTH_UNIT ( ) NAMED_UNIT ( * ) SI_UNIT ( .MILLI., .METRE. ) );
#4676 = DIRECTION ( 'NONE',  ( -0.4819066211576361614, 0.2377525341402897952, -0.8433503074015571421 ) ) ;
#4677 = DIRECTION ( 'NONE',  ( -1.000000000000000000, 0.000000000000000000, 0.000000000000000000 ) ) ;
#4678 = VERTEX_POINT ( 'NONE', #1245 ) ;
#4679 = STYLED_ITEM ( 'NONE', ( #803 ), #1758 ) ;
#4680 = ORIENTED_EDGE ( 'NONE', *, *, #4140, .T. ) ;
#4681 = LINE ( 'NONE', #3785, #7287 ) ;
#4682 = DIRECTION ( 'NONE',  ( -1.053031360026544826E-16, -1.000000000000000000, -0.000000000000000000 ) ) ;
#4683 = PRESENTATION_LAYER_ASSIGNMENT (  '', '', ( #4009 ) ) ;
#4684 = EDGE_CURVE ( 'NONE', #6436, #8115, #8076, .T. ) ;
#4685 = DIRECTION ( 'NONE',  ( 0.9698521414903626958, -0.2436941190233310461, -1.510649497530734115E-15 ) ) ;
#4686 = EDGE_CURVE ( 'NONE', #8151, #5425, #2022, .T. ) ;
#4687 =( NAMED_UNIT ( * ) SI_UNIT ( $, .STERADIAN. ) SOLID_ANGLE_UNIT ( ) );
#4688 = EDGE_CURVE ( 'NONE', #9156, #4250, #5563, .T. ) ;
#4689 = AXIS2_PLACEMENT_3D ( 'NONE', #3211, #6423, #891 ) ;
#4690 = COLOUR_RGB ( '',1.000000000000000000, 1.000000000000000000, 1.000000000000000000 ) ;
#4691 =( NAMED_UNIT ( * ) PLANE_ANGLE_UNIT ( ) SI_UNIT ( $, .RADIAN. ) );
#4692 = FILL_AREA_STYLE ('',( #10203 ) ) ;
#4693 = AXIS2_PLACEMENT_3D ( 'NONE', #7735, #6956, #8427 ) ;
#4694 = DIRECTION ( 'NONE',  ( 1.000000000000000000, -1.222978688985946960E-15, 0.000000000000000000 ) ) ;
#4695 = ORIENTED_EDGE ( 'NONE', *, *, #5058, .F. ) ;
#4696 = VERTEX_POINT ( 'NONE', #1138 ) ;
#4697 = MECHANICAL_DESIGN_GEOMETRIC_PRESENTATION_REPRESENTATION (  '', ( #1361 ), #9733 ) ;
#4698 = SURFACE_STYLE_FILL_AREA ( #10314 ) ;
#4699 = DIRECTION ( 'NONE',  ( 3.552713678800500929E-15, 1.000000000000000000, 2.990115465170370240E-14 ) ) ;
#4700 = SURFACE_STYLE_USAGE ( .BOTH. , #5716 ) ;
#4701 = COLOUR_RGB ( '',0.1098039215686274495, 0.1098039215686274495, 0.1098039215686274495 ) ;
#4702 = VECTOR ( 'NONE', #365, 1000.000000000000000 ) ;
#4703 = VECTOR ( 'NONE', #5064, 1000.000000000000000 ) ;
#4704 = DIRECTION ( 'NONE',  ( 0.000000000000000000, 0.000000000000000000, -1.000000000000000000 ) ) ;
#4705 = DIRECTION ( 'NONE',  ( 1.053031360026544826E-16, 1.000000000000000000, 0.000000000000000000 ) ) ;
#4706 = PRESENTATION_STYLE_ASSIGNMENT (( #8619 ) ) ;
#4707 = COLOUR_RGB ( '',0.1098039215686274495, 0.1098039215686274495, 0.1098039215686274495 ) ;
#4708 = PRESENTATION_LAYER_ASSIGNMENT (  '', '', ( #6398 ) ) ;
#4709 = CARTESIAN_POINT ( 'NONE',  ( 1.467478356556918991E-15, 5.125000000000001776, 3.500000000000007994 ) ) ;
#4710 = CARTESIAN_POINT ( 'NONE',  ( 1.600000000000000089, -1.599999999999470734, 6.999999999999999112 ) ) ;
#4711 = AXIS2_PLACEMENT_3D ( 'NONE', #2811, #8441, #6021 ) ;
#4712 = DIRECTION ( 'NONE',  ( 1.000000000000000000, -1.053031360026544826E-16, 0.000000000000000000 ) ) ;
#4713 = AXIS2_PLACEMENT_3D ( 'NONE', #7038, #10236, #1539 ) ;
#4714 = SURFACE_STYLE_FILL_AREA ( #10229 ) ;
#4715 = VERTEX_POINT ( 'NONE', #3472 ) ;
#4716 =( GEOMETRIC_REPRESENTATION_CONTEXT ( 3 ) GLOBAL_UNCERTAINTY_ASSIGNED_CONTEXT ( ( #5893 ) ) GLOBAL_UNIT_ASSIGNED_CONTEXT ( ( #6722, #4294, #1225 ) ) REPRESENTATION_CONTEXT ( 'NONE', 'WORKASPACE' ) );
#4717 = ORIENTED_EDGE ( 'NONE', *, *, #1367, .T. ) ;
#4718 = AXIS2_PLACEMENT_3D ( 'NONE', #1659, #6477, #7166 ) ;
#4719 = EDGE_LOOP ( 'NONE', ( #250, #720, #5493, #4825 ) ) ;
#4720 = ORIENTED_EDGE ( 'NONE', *, *, #1253, .T. ) ;
#4721 = PRESENTATION_LAYER_ASSIGNMENT (  '', '', ( #1895 ) ) ;
#4722 = DIRECTION ( 'NONE',  ( -1.960096758342356159E-15, 1.960096758342354581E-15, 1.000000000000000000 ) ) ;
#4723 = DIRECTION ( 'NONE',  ( 0.4961328535521709049, 0.000000000000000000, -0.8682466191274113010 ) ) ;
#4724 = CYLINDRICAL_SURFACE ( 'NONE', #6540, 4.150000000000000355 ) ;
#4725 = SURFACE_STYLE_FILL_AREA ( #5591 ) ;
#4726 = CARTESIAN_POINT ( 'NONE',  ( 5.000000000000000000, 5.800000000000000711, 3.499999999999999556 ) ) ;
#4727 = CARTESIAN_POINT ( 'NONE',  ( 1.899999999999999911, 1.500000000000000000, 5.500000000000000000 ) ) ;
#4728 = CIRCLE ( 'NONE', #8777, 0.2999999999997355893 ) ;
#4729 = CARTESIAN_POINT ( 'NONE',  ( 4.999999999999992895, -6.000000000000000000, 3.299999999999999822 ) ) ;
#4730 = ORIENTED_EDGE ( 'NONE', *, *, #4049, .F. ) ;
#4731 = STYLED_ITEM ( 'NONE', ( #360 ), #6006 ) ;
#4732 = VERTEX_POINT ( 'NONE', #5866 ) ;
#4733 =( NAMED_UNIT ( * ) SI_UNIT ( $, .STERADIAN. ) SOLID_ANGLE_UNIT ( ) );
#4734 =( GEOMETRIC_REPRESENTATION_CONTEXT ( 3 ) GLOBAL_UNCERTAINTY_ASSIGNED_CONTEXT ( ( #8027 ) ) GLOBAL_UNIT_ASSIGNED_CONTEXT ( ( #9064, #6601, #8336 ) ) REPRESENTATION_CONTEXT ( 'NONE', 'WORKASPACE' ) );
#4735 = DIRECTION ( 'NONE',  ( -1.053031360026544826E-16, -1.000000000000000000, -0.000000000000000000 ) ) ;
#4736 = ADVANCED_FACE ( 'NONE', ( #9929 ), #7706, .T. ) ;
#4737 = DIRECTION ( 'NONE',  ( 0.000000000000000000, 1.000000000000000000, 0.000000000000000000 ) ) ;
#4738 =( NAMED_UNIT ( * ) PLANE_ANGLE_UNIT ( ) SI_UNIT ( $, .RADIAN. ) );
#4739 = ADVANCED_FACE ( 'NONE', ( #2799 ), #5048, .T. ) ;
#4740 = EDGE_CURVE ( 'NONE', #8447, #5963, #3170, .T. ) ;
#4741 = VECTOR ( 'NONE', #6278, 1000.000000000000000 ) ;
#4742 = ORIENTED_EDGE ( 'NONE', *, *, #251, .T. ) ;
#4743 = ORIENTED_EDGE ( 'NONE', *, *, #299, .T. ) ;
#4744 = STYLED_ITEM ( 'NONE', ( #2653 ), #6782 ) ;
#4745 = FACE_OUTER_BOUND ( 'NONE', #520, .T. ) ;
#4746 = PRESENTATION_STYLE_ASSIGNMENT (( #4067 ) ) ;
#4747 = EDGE_LOOP ( 'NONE', ( #5084, #7378, #567, #5624 ) ) ;
#4748 = CARTESIAN_POINT ( 'NONE',  ( 4.750000000000000000, 4.750000000000000000, 3.200000000000000178 ) ) ;
#4749 = FACE_OUTER_BOUND ( 'NONE', #3129, .T. ) ;
#4750 = CARTESIAN_POINT ( 'NONE',  ( -1.881957365217224343, -5.435006281036325326, 3.600000000000003642 ) ) ;
#4751 = SURFACE_STYLE_USAGE ( .BOTH. , #1568 ) ;
#4752 = SURFACE_SIDE_STYLE ('',( #7242 ) ) ;
#4753 = FILL_AREA_STYLE ('',( #860 ) ) ;
#4754 = EDGE_CURVE ( 'NONE', #3507, #4770, #2522, .T. ) ;
#4755 = CARTESIAN_POINT ( 'NONE',  ( 5.399999999999991473, -1.891518204694838001, 3.600000000000000089 ) ) ;
#4756 = EDGE_CURVE ( 'NONE', #3699, #5609, #27, .T. ) ;
#4757 = FILL_AREA_STYLE_COLOUR ( '', #4582 ) ;
#4758 = DIRECTION ( 'NONE',  ( -0.1179568432022813779, -0.9713257602420880543, 0.2064278339562816145 ) ) ;
#4759 = UNCERTAINTY_MEASURE_WITH_UNIT (LENGTH_MEASURE( 1.000000000000000082E-05 ), #10320, 'distance_accuracy_value', 'NONE');
#4760 = CARTESIAN_POINT ( 'NONE',  ( 5.400000000000158451, 2.250000000000040856, 3.199999999999980194 ) ) ;
#4761 =( NAMED_UNIT ( * ) PLANE_ANGLE_UNIT ( ) SI_UNIT ( $, .RADIAN. ) );
#4762 = CARTESIAN_POINT ( 'NONE',  ( -5.399999999999986144, 2.250000000000020428, 3.500000000000002220 ) ) ;
#4763 = DIRECTION ( 'NONE',  ( 0.8682466191274192946, 0.000000000000000000, -0.4961328535521569716 ) ) ;
#4764 = PRESENTATION_STYLE_ASSIGNMENT (( #9507 ) ) ;
#4765 = EDGE_CURVE ( 'NONE', #1736, #121, #9407, .T. ) ;
#4766 = ORIENTED_EDGE ( 'NONE', *, *, #7702, .T. ) ;
#4767 = CIRCLE ( 'NONE', #7300, 0.2999999999999973244 ) ;
#4768 = ORIENTED_EDGE ( 'NONE', *, *, #2711, .F. ) ;
#4769 = VERTEX_POINT ( 'NONE', #7679 ) ;
#4770 = VERTEX_POINT ( 'NONE', #3729 ) ;
#4771 = DIRECTION ( 'NONE',  ( -3.006455034846200772E-16, 6.012910069692402531E-16, -1.000000000000000000 ) ) ;
#4772 = CARTESIAN_POINT ( 'NONE',  ( -4.999999999999999112, 5.000000000000002665, 3.300000000000000266 ) ) ;
#4773 = UNCERTAINTY_MEASURE_WITH_UNIT (LENGTH_MEASURE( 1.000000000000000082E-05 ), #9523, 'distance_accuracy_value', 'NONE');
#4774 = VECTOR ( 'NONE', #8884, 1000.000000000000000 ) ;
#4775 = SURFACE_SIDE_STYLE ('',( #3792 ) ) ;
#4776 = DIRECTION ( 'NONE',  ( -0.8682466191274124112, -0.000000000000000000, 0.4961328535521690730 ) ) ;
#4777 = CARTESIAN_POINT ( 'NONE',  ( 4.526465001667451027, -3.975217565217817661, 3.577896733784646788 ) ) ;
#4778 =( NAMED_UNIT ( * ) SI_UNIT ( $, .STERADIAN. ) SOLID_ANGLE_UNIT ( ) );
#4779 = AXIS2_PLACEMENT_3D ( 'NONE', #1218, #4395, #7603 ) ;
#4780 = COLOUR_RGB ( '',1.000000000000000000, 1.000000000000000000, 1.000000000000000000 ) ;
#4781 = DIRECTION ( 'NONE',  ( 0.000000000000000000, 0.000000000000000000, 1.000000000000000000 ) ) ;
#4782 = FILL_AREA_STYLE ('',( #8058 ) ) ;
#4783 = ORIENTED_EDGE ( 'NONE', *, *, #8360, .F. ) ;
#4784 = ORIENTED_EDGE ( 'NONE', *, *, #9446, .F. ) ;
#4785 = FILL_AREA_STYLE_COLOUR ( '', #945 ) ;
#4786 = FILL_AREA_STYLE ('',( #2399 ) ) ;
#4787 =( LENGTH_UNIT ( ) NAMED_UNIT ( * ) SI_UNIT ( .MILLI., .METRE. ) );
#4788 = DIRECTION ( 'NONE',  ( -0.4961328535521692396, 0.000000000000000000, -0.8682466191274121892 ) ) ;
#4789 =( GEOMETRIC_REPRESENTATION_CONTEXT ( 3 ) GLOBAL_UNCERTAINTY_ASSIGNED_CONTEXT ( ( #4299 ) ) GLOBAL_UNIT_ASSIGNED_CONTEXT ( ( #6647, #4167, #5771 ) ) REPRESENTATION_CONTEXT ( 'NONE', 'WORKASPACE' ) );
#4790 = DIRECTION ( 'NONE',  ( -1.000000000000000000, 0.000000000000000000, 0.000000000000000000 ) ) ;
#4791 = DIRECTION ( 'NONE',  ( -0.000000000000000000, -1.000000000000000000, -0.000000000000000000 ) ) ;
#4792 = EDGE_CURVE ( 'NONE', #2342, #9106, #8474, .T. ) ;
#4793 = LINE ( 'NONE', #2550, #6902 ) ;
#4794 = COLOUR_RGB ( '',1.000000000000000000, 1.000000000000000000, 1.000000000000000000 ) ;
#4795 = ORIENTED_EDGE ( 'NONE', *, *, #6432, .T. ) ;
#4796 = ORIENTED_EDGE ( 'NONE', *, *, #6670, .F. ) ;
#4797 = CARTESIAN_POINT ( 'NONE',  ( 5.174999999999999822, 0.000000000000000000, 3.600000000000001421 ) ) ;
#4798 = FACE_OUTER_BOUND ( 'NONE', #6832, .T. ) ;
#4799 = ORIENTED_EDGE ( 'NONE', *, *, #294, .F. ) ;
#4800 = CARTESIAN_POINT ( 'NONE',  ( -5.435424868893527162, 1.756407519426517183E-14, 3.199999999999955769 ) ) ;
#4801 = SURFACE_STYLE_FILL_AREA ( #7913 ) ;
#4802 = CIRCLE ( 'NONE', #6156, 0.5645751311064446387 ) ;
#4803 = SURFACE_STYLE_FILL_AREA ( #5011 ) ;
#4804 = DIRECTION ( 'NONE',  ( 0.000000000000000000, 0.000000000000000000, -1.000000000000000000 ) ) ;
#4805 = COLOUR_RGB ( '',0.5019607843137254832, 0.5019607843137254832, 0.5019607843137254832 ) ;
#4806 = CARTESIAN_POINT ( 'NONE',  ( -3.949999999999999734, 4.750000000000000000, 3.500000000000000000 ) ) ;
#4807 = SURFACE_STYLE_USAGE ( .BOTH. , #1616 ) ;
#4808 = DIRECTION ( 'NONE',  ( 0.000000000000000000, 1.000000000000000000, 0.000000000000000000 ) ) ;
#4809 = PRESENTATION_STYLE_ASSIGNMENT (( #926 ) ) ;
#4810 = ORIENTED_EDGE ( 'NONE', *, *, #889, .F. ) ;
#4811 = SURFACE_SIDE_STYLE ('',( #3242 ) ) ;
#4812 = VECTOR ( 'NONE', #7704, 1000.000000000000000 ) ;
#4813 = EDGE_CURVE ( 'NONE', #2331, #6867, #6957, .T. ) ;
#4814 = AXIS2_PLACEMENT_3D ( 'NONE', #6276, #7053, #2241 ) ;
#4815 = DIRECTION ( 'NONE',  ( -1.000000000000000000, -1.222978688985946960E-15, 0.000000000000000000 ) ) ;
#4816 = SURFACE_STYLE_FILL_AREA ( #1627 ) ;
#4817 = DIRECTION ( 'NONE',  ( 0.4961328535521690730, 0.000000000000000000, 0.8682466191274124112 ) ) ;
#4818 =( NAMED_UNIT ( * ) PLANE_ANGLE_UNIT ( ) SI_UNIT ( $, .RADIAN. ) );
#4819 = DIRECTION ( 'NONE',  ( 1.000000000000000000, 0.000000000000000000, -0.000000000000000000 ) ) ;
#4820 = COLOUR_RGB ( '',0.1098039215686274495, 0.1098039215686274495, 0.1098039215686274495 ) ;
#4821 = AXIS2_PLACEMENT_3D ( 'NONE', #8252, #4133, #8992 ) ;
#4822 = AXIS2_PLACEMENT_3D ( 'NONE', #4255, #269, #4893 ) ;
#4823 = ORIENTED_EDGE ( 'NONE', *, *, #7642, .F. ) ;
#4824 = ORIENTED_EDGE ( 'NONE', *, *, #8956, .T. ) ;
#4825 = ORIENTED_EDGE ( 'NONE', *, *, #1201, .T. ) ;
#4826 =( GEOMETRIC_REPRESENTATION_CONTEXT ( 3 ) GLOBAL_UNCERTAINTY_ASSIGNED_CONTEXT ( ( #6546 ) ) GLOBAL_UNIT_ASSIGNED_CONTEXT ( ( #2017, #1921, #5045 ) ) REPRESENTATION_CONTEXT ( 'NONE', 'WORKASPACE' ) );
#4827 = CARTESIAN_POINT ( 'NONE',  ( 1.599999999996263078, 1.599999999999999867, 7.299999999999998934 ) ) ;
#4828 = STYLED_ITEM ( 'NONE', ( #9457 ), #104 ) ;
#4829 = FACE_OUTER_BOUND ( 'NONE', #3247, .T. ) ;
#4830 = FILL_AREA_STYLE_COLOUR ( '', #3132 ) ;
#4831 = CARTESIAN_POINT ( 'NONE',  ( 4.713095711004418931, -3.950851657416640350, 3.499999999999996891 ) ) ;
#4832 =( NAMED_UNIT ( * ) PLANE_ANGLE_UNIT ( ) SI_UNIT ( $, .RADIAN. ) );
#4833 = DIRECTION ( 'NONE',  ( -1.222978688985946960E-15, 1.000000000000000000, -0.000000000000000000 ) ) ;
#4834 = PRESENTATION_LAYER_ASSIGNMENT (  '', '', ( #7522 ) ) ;
#4835 = CARTESIAN_POINT ( 'NONE',  ( -5.254402139687988971, 1.415820310270501370, 3.599999982767405626 ) ) ;
#4836 = ORIENTED_EDGE ( 'NONE', *, *, #5261, .F. ) ;
#4837 = EDGE_LOOP ( 'NONE', ( #7529, #3595, #4200, #1295, #3311, #3146, #7583, #8346, #3904, #5249, #5551, #5229, #2314 ) ) ;
#4838 = DIRECTION ( 'NONE',  ( -1.000000000000000000, 2.710505431213761578E-16, -0.000000000000000000 ) ) ;
#4839 = CARTESIAN_POINT ( 'NONE',  ( -6.300000002082479789, 3.000000000000000000, -0.6874509908007694348 ) ) ;
#4840 = MECHANICAL_DESIGN_GEOMETRIC_PRESENTATION_REPRESENTATION (  '', ( #6033 ), #4181 ) ;
#4841 = CARTESIAN_POINT ( 'NONE',  ( 6.473259784098476466, 2.499999999999999556, -3.109289021392665830 ) ) ;
#4842 =( LENGTH_UNIT ( ) NAMED_UNIT ( * ) SI_UNIT ( .MILLI., .METRE. ) );
#4843 = DIRECTION ( 'NONE',  ( -1.000000000000000000, 0.000000000000000000, 0.000000000000000000 ) ) ;
#4844 = VECTOR ( 'NONE', #1566, 1000.000000000000000 ) ;
#4845 = SURFACE_STYLE_FILL_AREA ( #5918 ) ;
#4846 = VERTEX_POINT ( 'NONE', #627 ) ;
#4847 = VERTEX_POINT ( 'NONE', #8582 ) ;
#4848 = CIRCLE ( 'NONE', #6535, 0.3499999999999996447 ) ;
#4849 = FILL_AREA_STYLE_COLOUR ( '', #7776 ) ;
#4850 = ORIENTED_EDGE ( 'NONE', *, *, #2965, .F. ) ;
#4851 = PLANE ( 'NONE',  #60 ) ;
#4852 = CARTESIAN_POINT ( 'NONE',  ( -1.891518204694833560, -5.472118767125913052, 3.600000000000004086 ) ) ;
#4853 = AXIS2_PLACEMENT_3D ( 'NONE', #6418, #7207, #1698 ) ;
#4854 = DIRECTION ( 'NONE',  ( -1.000000000000000000, 0.000000000000000000, 0.000000000000000000 ) ) ;
#4855 = CIRCLE ( 'NONE', #6209, 0.8000000000000003775 ) ;
#4856 = DIRECTION ( 'NONE',  ( 1.019578823124782827E-47, -1.000000000000000000, -4.701977403289191086E-32 ) ) ;
#4857 = UNCERTAINTY_MEASURE_WITH_UNIT (LENGTH_MEASURE( 1.000000000000000082E-05 ), #8485, 'distance_accuracy_value', 'NONE');
#4858 = PRESENTATION_STYLE_ASSIGNMENT (( #7292 ) ) ;
#4859 = CARTESIAN_POINT ( 'NONE',  ( 5.800000000000000711, 3.499999999999999556, 0.2000000000000000944 ) ) ;
#4861 = MECHANICAL_DESIGN_GEOMETRIC_PRESENTATION_REPRESENTATION (  '', ( #9233 ), #5195 ) ;
#4860 = CARTESIAN_POINT ( 'NONE',  ( -4.256400429113919692, -4.112287655965717548, 3.598706940622503403 ) ) ;
#4862 = ORIENTED_EDGE ( 'NONE', *, *, #2324, .T. ) ;
#4863 =( GEOMETRIC_REPRESENTATION_CONTEXT ( 3 ) GLOBAL_UNCERTAINTY_ASSIGNED_CONTEXT ( ( #1430 ) ) GLOBAL_UNIT_ASSIGNED_CONTEXT ( ( #6145, #6048, #6105 ) ) REPRESENTATION_CONTEXT ( 'NONE', 'WORKASPACE' ) );
#4864 = UNCERTAINTY_MEASURE_WITH_UNIT (LENGTH_MEASURE( 1.000000000000000082E-05 ), #9638, 'distance_accuracy_value', 'NONE');
#4865 = AXIS2_PLACEMENT_3D ( 'NONE', #4462, #464, #3612 ) ;
#4866 = CARTESIAN_POINT ( 'NONE',  ( -1.891518204694831118, 5.435424868893540484, 3.199999999999999734 ) ) ;
#4867 = CARTESIAN_POINT ( 'NONE',  ( -5.432699878978648478, -2.263624949574429834, 3.199999999999989075 ) ) ;
#4868 = CARTESIAN_POINT ( 'NONE',  ( -1.600000000000001865, -5.500000000000000000, 3.536043781389899721 ) ) ;
#4869 = EDGE_CURVE ( 'NONE', #2044, #7497, #1492, .T. ) ;
#4870 = DIRECTION ( 'NONE',  ( 0.000000000000000000, 0.000000000000000000, -1.000000000000000000 ) ) ;
#4871 = COLOUR_RGB ( '',1.000000000000000000, 1.000000000000000000, 1.000000000000000000 ) ;
#4872 = MECHANICAL_DESIGN_GEOMETRIC_PRESENTATION_REPRESENTATION (  '', ( #10240 ), #232 ) ;
#4873 = EDGE_LOOP ( 'NONE', ( #8645, #1322, #4278, #3248 ) ) ;
#4874 = EDGE_CURVE ( 'NONE', #1344, #3733, #8691, .T. ) ;
#4875 = ORIENTED_EDGE ( 'NONE', *, *, #8352, .F. ) ;
#4876 = EDGE_CURVE ( 'NONE', #1652, #8860, #5188, .T. ) ;
#4877 = EDGE_LOOP ( 'NONE', ( #4010, #6040, #8330, #8102 ) ) ;
#4878 = AXIS2_PLACEMENT_3D ( 'NONE', #112, #9637, #739 ) ;
#4879 = ADVANCED_FACE ( 'NONE', ( #2078 ), #517, .T. ) ;
#4880 = CARTESIAN_POINT ( 'NONE',  ( -1.734723475995296416E-15, -1.734723475995296416E-15, 3.300000000024282620 ) ) ;
#4881 = CARTESIAN_POINT ( 'NONE',  ( 1.599999999998375610, -1.899999999999999689, 5.500000000000000000 ) ) ;
#4882 = COLOUR_RGB ( '',0.1098039215686274495, 0.1098039215686274495, 0.1098039215686274495 ) ;
#4883 =( NAMED_UNIT ( * ) SI_UNIT ( $, .STERADIAN. ) SOLID_ANGLE_UNIT ( ) );
#4884 = CIRCLE ( 'NONE', #6409, 0.4000000000000444311 ) ;
#4886 = AXIS2_PLACEMENT_3D ( 'NONE', #5360, #5149, #4461 ) ;
#4885 = DIRECTION ( 'NONE',  ( -0.000000000000000000, -0.000000000000000000, 1.000000000000000000 ) ) ;
#4887 = ADVANCED_FACE ( 'NONE', ( #2994 ), #6162, .F. ) ;
#4888 = EDGE_CURVE ( 'NONE', #4436, #8634, #9878, .T. ) ;
#4889 = ORIENTED_EDGE ( 'NONE', *, *, #2266, .F. ) ;
#4890 = EDGE_LOOP ( 'NONE', ( #7694, #4730, #200, #5767 ) ) ;
#4891 =( GEOMETRIC_REPRESENTATION_CONTEXT ( 3 ) GLOBAL_UNCERTAINTY_ASSIGNED_CONTEXT ( ( #1881 ) ) GLOBAL_UNIT_ASSIGNED_CONTEXT ( ( #1227, #2833, #5089 ) ) REPRESENTATION_CONTEXT ( 'NONE', 'WORKASPACE' ) );
#4892 = CARTESIAN_POINT ( 'NONE',  ( 1.600000000000000089, 1.599999999999999867, 7.299999999999998934 ) ) ;
#4893 = DIRECTION ( 'NONE',  ( -1.000000000000000000, 0.000000000000000000, 0.000000000000000000 ) ) ;
#4894 = STYLED_ITEM ( 'NONE', ( #2509 ), #1697 ) ;
#4895 = CARTESIAN_POINT ( 'NONE',  ( 0.000000000000000000, -4.500000000000003553, 0.000000000000000000 ) ) ;
#4896 = DIRECTION ( 'NONE',  ( 0.000000000000000000, -0.000000000000000000, -1.000000000000000000 ) ) ;
#4897 = MECHANICAL_DESIGN_GEOMETRIC_PRESENTATION_REPRESENTATION (  '', ( #4575 ), #4227 ) ;
#4898 = CARTESIAN_POINT ( 'NONE',  ( 1.899999999999999911, -1.500000000000000000, 5.500000000000000000 ) ) ;
#4899 = AXIS2_PLACEMENT_3D ( 'NONE', #300, #3452, #6671 ) ;
#4900 =( LENGTH_UNIT ( ) NAMED_UNIT ( * ) SI_UNIT ( .MILLI., .METRE. ) );
#4901 = CARTESIAN_POINT ( 'NONE',  ( 6.953886316694598335, 3.000000000000000000, -2.268178905419202529 ) ) ;
#4902 =( NAMED_UNIT ( * ) PLANE_ANGLE_UNIT ( ) SI_UNIT ( $, .RADIAN. ) );
#4903 = VERTEX_POINT ( 'NONE', #5086 ) ;
#4904 = EDGE_LOOP ( 'NONE', ( #6055, #4164, #8175, #6484 ) ) ;
#4905 = PRESENTATION_STYLE_ASSIGNMENT (( #6441 ) ) ;
#4906 = ORIENTED_EDGE ( 'NONE', *, *, #7416, .F. ) ;
#4907 = VECTOR ( 'NONE', #3481, 1000.000000000000114 ) ;
#4908 = CARTESIAN_POINT ( 'NONE',  ( -6.159705218919227399, 2.062903407891059970, -3.053341690607341619 ) ) ;
#4909 = DIRECTION ( 'NONE',  ( 0.8682466191274124112, 1.445602896647335958E-15, 0.4961328535521691840 ) ) ;
#4910 = SURFACE_SIDE_STYLE ('',( #9794 ) ) ;
#4911 = CARTESIAN_POINT ( 'NONE',  ( -6.000000000000000000, -3.500000000000000000, 0.2000000000000000944 ) ) ;
#4912 = CARTESIAN_POINT ( 'NONE',  ( 1.462164714140040234, -5.819112848942165961, 3.200000000000015277 ) ) ;
#4913 =( LENGTH_UNIT ( ) NAMED_UNIT ( * ) SI_UNIT ( .MILLI., .METRE. ) );
#4914 = CARTESIAN_POINT ( 'NONE',  ( 1.600000000000000089, 1.599999999999999867, 6.999999999999999112 ) ) ;
#4915 = STYLED_ITEM ( 'NONE', ( #5111 ), #8484 ) ;
#4916 = ADVANCED_FACE ( 'NONE', ( #1649 ), #528, .T. ) ;
#4917 = SURFACE_STYLE_FILL_AREA ( #6609 ) ;
#4918 = STYLED_ITEM ( 'NONE', ( #8914 ), #6795 ) ;
#4919 = FILL_AREA_STYLE ('',( #1734 ) ) ;
#4920 = ORIENTED_EDGE ( 'NONE', *, *, #2593, .F. ) ;
#4921 = SURFACE_STYLE_FILL_AREA ( #2670 ) ;
#4922 = DIRECTION ( 'NONE',  ( -1.000000000000000000, 0.000000000000000000, -0.000000000000000000 ) ) ;
#4923 = PRESENTATION_LAYER_ASSIGNMENT (  '', '', ( #9302 ) ) ;
#4924 = SURFACE_STYLE_FILL_AREA ( #931 ) ;
#4925 = FILL_AREA_STYLE ('',( #3979 ) ) ;
#4926 = DIRECTION ( 'NONE',  ( 0.000000000000000000, -0.000000000000000000, 1.000000000000000000 ) ) ;
#4927 = ORIENTED_EDGE ( 'NONE', *, *, #2701, .T. ) ;
#4928 = ORIENTED_EDGE ( 'NONE', *, *, #7150, .F. ) ;
#4929 =( GEOMETRIC_REPRESENTATION_CONTEXT ( 3 ) GLOBAL_UNCERTAINTY_ASSIGNED_CONTEXT ( ( #9134 ) ) GLOBAL_UNIT_ASSIGNED_CONTEXT ( ( #1335, #9419, #2225 ) ) REPRESENTATION_CONTEXT ( 'NONE', 'WORKASPACE' ) );
#4930 = ORIENTED_EDGE ( 'NONE', *, *, #3789, .T. ) ;
#4931 = VERTEX_POINT ( 'NONE', #8739 ) ;
#4932 = EDGE_CURVE ( 'NONE', #7, #5897, #5887, .T. ) ;
#4933 =( LENGTH_UNIT ( ) NAMED_UNIT ( * ) SI_UNIT ( .MILLI., .METRE. ) );
#4934 = SURFACE_SIDE_STYLE ('',( #2532 ) ) ;
#4935 = FILL_AREA_STYLE_COLOUR ( '', #424 ) ;
#4936 = PRESENTATION_STYLE_ASSIGNMENT (( #3201 ) ) ;
#4937 = EDGE_CURVE ( 'NONE', #3092, #106, #7157, .T. ) ;
#4938 = DIRECTION ( 'NONE',  ( -0.4961328535521692396, 0.000000000000000000, -0.8682466191274121892 ) ) ;
#4939 = MECHANICAL_DESIGN_GEOMETRIC_PRESENTATION_REPRESENTATION (  '', ( #6127 ), #5443 ) ;
#4940 = EDGE_CURVE ( 'NONE', #1494, #9620, #3153, .T. ) ;
#4941 = CARTESIAN_POINT ( 'NONE',  ( 5.000000000000000000, -5.700000000000001066, 3.500000000000000000 ) ) ;
#4942 = ORIENTED_EDGE ( 'NONE', *, *, #2179, .F. ) ;
#4943 = ORIENTED_EDGE ( 'NONE', *, *, #4754, .T. ) ;
#4944 = CIRCLE ( 'NONE', #454, 6.149999999999975486 ) ;
#4945 = CARTESIAN_POINT ( 'NONE',  ( -6.000000000000000000, 0.000000000000000000, 0.2000000000000001221 ) ) ;
#4946 = LINE ( 'NONE', #2448, #5152 ) ;
#4947 = EDGE_CURVE ( 'NONE', #8498, #4903, #3854, .T. ) ;
#4948 = EDGE_CURVE ( 'NONE', #106, #5897, #6667, .T. ) ;
#4949 = DIRECTION ( 'NONE',  ( 0.000000000000000000, 0.000000000000000000, 1.000000000000000000 ) ) ;
#4950 = EDGE_CURVE ( 'NONE', #7199, #5492, #8732, .T. ) ;
#4951 = STYLED_ITEM ( 'NONE', ( #4974 ), #4024 ) ;
#4952 = AXIS2_PLACEMENT_3D ( 'NONE', #3245, #6616, #5631 ) ;
#4953 = CARTESIAN_POINT ( 'NONE',  ( -4.399999999999998579, 4.999999999999999112, 0.000000000000000000 ) ) ;
#4954 = CARTESIAN_POINT ( 'NONE',  ( -5.399999999999968381, 1.891518204694842442, 3.199999999999988187 ) ) ;
#4955 = ORIENTED_EDGE ( 'NONE', *, *, #640, .T. ) ;
#4956 = ORIENTED_EDGE ( 'NONE', *, *, #9400, .T. ) ;
#4957 =( NAMED_UNIT ( * ) PLANE_ANGLE_UNIT ( ) SI_UNIT ( $, .RADIAN. ) );
#4958 = PRESENTATION_LAYER_ASSIGNMENT (  '', '', ( #9822 ) ) ;
#4959 = EDGE_CURVE ( 'NONE', #9858, #5650, #4188, .T. ) ;
#4960 = CARTESIAN_POINT ( 'NONE',  ( 5.295048634330625781, 1.673936527433671051, 3.599999654498287072 ) ) ;
#4961 =( NAMED_UNIT ( * ) PLANE_ANGLE_UNIT ( ) SI_UNIT ( $, .RADIAN. ) );
#4962 = DIRECTION ( 'NONE',  ( -0.8814833810881022025, 0.000000000000000000, -0.4722150451494400158 ) ) ;
#4963 = DIRECTION ( 'NONE',  ( 3.491483361109382461E-15, -0.000000000000000000, 1.000000000000000000 ) ) ;
#4964 = PLANE ( 'NONE',  #5708 ) ;
#4965 = CARTESIAN_POINT ( 'NONE',  ( 6.953886316694596559, -2.000000000000000000, -2.268178905419202973 ) ) ;
#4966 = UNCERTAINTY_MEASURE_WITH_UNIT (LENGTH_MEASURE( 1.000000000000000082E-05 ), #9648, 'distance_accuracy_value', 'NONE');
#4967 =( NAMED_UNIT ( * ) SI_UNIT ( $, .STERADIAN. ) SOLID_ANGLE_UNIT ( ) );
#4968 = AXIS2_PLACEMENT_3D ( 'NONE', #1651, #2396, #1597 ) ;
#4969 = DIRECTION ( 'NONE',  ( 0.000000000000000000, 0.000000000000000000, 1.000000000000000000 ) ) ;
#4970 = EDGE_LOOP ( 'NONE', ( #9229, #4507 ) ) ;
#4971 =( GEOMETRIC_REPRESENTATION_CONTEXT ( 3 ) GLOBAL_UNCERTAINTY_ASSIGNED_CONTEXT ( ( #9362 ) ) GLOBAL_UNIT_ASSIGNED_CONTEXT ( ( #10312, #9839, #3526 ) ) REPRESENTATION_CONTEXT ( 'NONE', 'WORKASPACE' ) );
#4972 = UNCERTAINTY_MEASURE_WITH_UNIT (LENGTH_MEASURE( 1.000000000000000082E-05 ), #4044, 'distance_accuracy_value', 'NONE');
#4973 = LINE ( 'NONE', #2617, #4481 ) ;
#4974 = PRESENTATION_STYLE_ASSIGNMENT (( #8099 ) ) ;
#4975 = ORIENTED_EDGE ( 'NONE', *, *, #2777, .T. ) ;
#4976 = COLOUR_RGB ( '',0.1098039215686274495, 0.1098039215686274495, 0.1098039215686274495 ) ;
#4977 = STYLED_ITEM ( 'NONE', ( #1732 ), #8966 ) ;
#4978 = VERTEX_POINT ( 'NONE', #10006 ) ;
#4979 = ORIENTED_EDGE ( 'NONE', *, *, #8933, .T. ) ;
#4980 = FILL_AREA_STYLE ('',( #879 ) ) ;
#4981 = DIRECTION ( 'NONE',  ( -1.000000000000000000, 1.355252715606882022E-16, 0.000000000000000000 ) ) ;
#4982 = PRESENTATION_LAYER_ASSIGNMENT (  '', '', ( #9524 ) ) ;
#4983 = SURFACE_SIDE_STYLE ('',( #5800 ) ) ;
#4984 = PRESENTATION_LAYER_ASSIGNMENT (  '', '', ( #3803 ) ) ;
#4985 = EDGE_CURVE ( 'NONE', #9802, #4571, #10120, .T. ) ;
#4986 = SURFACE_STYLE_FILL_AREA ( #8315 ) ;
#4987 =( GEOMETRIC_REPRESENTATION_CONTEXT ( 3 ) GLOBAL_UNCERTAINTY_ASSIGNED_CONTEXT ( ( #6252 ) ) GLOBAL_UNIT_ASSIGNED_CONTEXT ( ( #7017, #8546, #9293 ) ) REPRESENTATION_CONTEXT ( 'NONE', 'WORKASPACE' ) );
#4988 =( GEOMETRIC_REPRESENTATION_CONTEXT ( 3 ) GLOBAL_UNCERTAINTY_ASSIGNED_CONTEXT ( ( #5971 ) ) GLOBAL_UNIT_ASSIGNED_CONTEXT ( ( #1600, #7952, #7219 ) ) REPRESENTATION_CONTEXT ( 'NONE', 'WORKASPACE' ) );
#4989 = LINE ( 'NONE', #5234, #861 ) ;
#4990 = CARTESIAN_POINT ( 'NONE',  ( -6.349999999999996980, -2.999999999999999112, -0.6874509908007693237 ) ) ;
#4991 = ORIENTED_EDGE ( 'NONE', *, *, #8029, .F. ) ;
#4992 = ORIENTED_EDGE ( 'NONE', *, *, #5622, .F. ) ;
#4993 = EDGE_LOOP ( 'NONE', ( #7094, #6442, #7175, #2948, #6336, #4920, #5410, #1858, #3932 ) ) ;
#4994 = CIRCLE ( 'NONE', #1493, 6.150000000000002132 ) ;
#4995 = PLANE ( 'NONE',  #1757 ) ;
#4996 =( NAMED_UNIT ( * ) PLANE_ANGLE_UNIT ( ) SI_UNIT ( $, .RADIAN. ) );
#4997 = CIRCLE ( 'NONE', #3644, 1.000000000000000000 ) ;
#4998 = CARTESIAN_POINT ( 'NONE',  ( -6.694074169054410994, -2.999999999999999112, -2.070921654418468982 ) ) ;
#4999 = SURFACE_SIDE_STYLE ('',( #7429 ) ) ;
#5000 = SURFACE_STYLE_USAGE ( .BOTH. , #8910 ) ;
#5001 = EDGE_LOOP ( 'NONE', ( #9792, #3986, #3866, #5279 ) ) ;
#5002 = UNCERTAINTY_MEASURE_WITH_UNIT (LENGTH_MEASURE( 1.000000000000000082E-05 ), #8737, 'distance_accuracy_value', 'NONE');
#5003 = DIRECTION ( 'NONE',  ( -0.8682466191274089695, -1.445602896647344636E-15, 0.4961328535521750682 ) ) ;
#5004 = ORIENTED_EDGE ( 'NONE', *, *, #4627, .T. ) ;
#5005 = ADVANCED_FACE ( 'NONE', ( #6719 ), #4398, .F. ) ;
#5006 = ADVANCED_FACE ( 'NONE', ( #2105 ), #9185, .F. ) ;
#5007 = PRESENTATION_STYLE_ASSIGNMENT (( #2557 ) ) ;
#5008 = CIRCLE ( 'NONE', #8387, 0.4000000000000001887 ) ;
#5009 = CARTESIAN_POINT ( 'NONE',  ( 5.264382675705371994, 1.567192961986925592, 3.600000000050854077 ) ) ;
#5010 = DIRECTION ( 'NONE',  ( 1.000000000000000000, 0.000000000000000000, -0.000000000000000000 ) ) ;
#5011 = FILL_AREA_STYLE ('',( #7285 ) ) ;
#5012 = SURFACE_SIDE_STYLE ('',( #8979 ) ) ;
#5013 =( NAMED_UNIT ( * ) SI_UNIT ( $, .STERADIAN. ) SOLID_ANGLE_UNIT ( ) );
#5014 = DIRECTION ( 'NONE',  ( -0.000000000000000000, -1.000000000000000000, -0.000000000000000000 ) ) ;
#5015 = PRESENTATION_STYLE_ASSIGNMENT (( #2719 ) ) ;
#5016 = DIRECTION ( 'NONE',  ( -0.000000000000000000, -1.000000000000000000, -0.000000000000000000 ) ) ;
#5017 = CARTESIAN_POINT ( 'NONE',  ( -4.713095711004410049, -3.950851657416640350, 3.499999999999997780 ) ) ;
#5018 = ORIENTED_EDGE ( 'NONE', *, *, #1450, .F. ) ;
#5019 = CARTESIAN_POINT ( 'NONE',  ( 4.713095711004419819, 3.950851657416638574, 3.499999999999998668 ) ) ;
#5020 =( GEOMETRIC_REPRESENTATION_CONTEXT ( 3 ) GLOBAL_UNCERTAINTY_ASSIGNED_CONTEXT ( ( #3290 ) ) GLOBAL_UNIT_ASSIGNED_CONTEXT ( ( #963, #3385, #8183 ) ) REPRESENTATION_CONTEXT ( 'NONE', 'WORKASPACE' ) );
#5021 = FACE_OUTER_BOUND ( 'NONE', #8215, .T. ) ;
#5022 = PRESENTATION_LAYER_ASSIGNMENT (  '', '', ( #1856 ) ) ;
#5023 =( NAMED_UNIT ( * ) PLANE_ANGLE_UNIT ( ) SI_UNIT ( $, .RADIAN. ) );
#5024 =( NAMED_UNIT ( * ) SI_UNIT ( $, .STERADIAN. ) SOLID_ANGLE_UNIT ( ) );
#5025 = COLOUR_RGB ( '',0.1098039215686274495, 0.1098039215686274495, 0.1098039215686274495 ) ;
#5026 = AXIS2_PLACEMENT_3D ( 'NONE', #1753, #1126, #7461 ) ;
#5027 = VERTEX_POINT ( 'NONE', #2877 ) ;
#5028 = ORIENTED_EDGE ( 'NONE', *, *, #3147, .F. ) ;
#5029 = COLOUR_RGB ( '',0.1098039215686274495, 0.1098039215686274495, 0.1098039215686274495 ) ;
#5030 =( NAMED_UNIT ( * ) PLANE_ANGLE_UNIT ( ) SI_UNIT ( $, .RADIAN. ) );
#5031 = CARTESIAN_POINT ( 'NONE',  ( 0.7999999999988425259, -1.734723475995296416E-15, 3.300000000024282176 ) ) ;
#5032 = CARTESIAN_POINT ( 'NONE',  ( -6.300000000000021139, 3.000000000000000000, 6.564159265358979312 ) ) ;
#5033 = CIRCLE ( 'NONE', #716, 5.175000000000000711 ) ;
#5034 = DIRECTION ( 'NONE',  ( 0.000000000000000000, 1.000000000000000000, 0.000000000000000000 ) ) ;
#5035 = LINE ( 'NONE', #1853, #3501 ) ;
#5036 = MECHANICAL_DESIGN_GEOMETRIC_PRESENTATION_REPRESENTATION (  '', ( #5200 ), #8912 ) ;
#5037 = DIRECTION ( 'NONE',  ( 0.000000000000000000, -0.000000000000000000, -1.000000000000000000 ) ) ;
#5038 = ORIENTED_EDGE ( 'NONE', *, *, #7070, .F. ) ;
#5039 = PRESENTATION_LAYER_ASSIGNMENT (  '', '', ( #9247 ) ) ;
#5040 = ORIENTED_EDGE ( 'NONE', *, *, #4140, .F. ) ;
#5041 = VECTOR ( 'NONE', #7377, 1000.000000000000114 ) ;
#5042 = AXIS2_PLACEMENT_3D ( 'NONE', #9793, #6488, #2656 ) ;
#5043 = CARTESIAN_POINT ( 'NONE',  ( -2.291666666666654972, -5.500000000000000000, 3.593299320890632309 ) ) ;
#5044 =( GEOMETRIC_REPRESENTATION_CONTEXT ( 3 ) GLOBAL_UNCERTAINTY_ASSIGNED_CONTEXT ( ( #3424 ) ) GLOBAL_UNIT_ASSIGNED_CONTEXT ( ( #4640, #7852, #5702 ) ) REPRESENTATION_CONTEXT ( 'NONE', 'WORKASPACE' ) );
#5045 =( NAMED_UNIT ( * ) SI_UNIT ( $, .STERADIAN. ) SOLID_ANGLE_UNIT ( ) );
#5046 = FILL_AREA_STYLE_COLOUR ( '', #5224 ) ;
#5047 = VECTOR ( 'NONE', #2982, 1000.000000000000114 ) ;
#5048 = CYLINDRICAL_SURFACE ( 'NONE', #2708, 0.4000000000000001887 ) ;
#5049 =( GEOMETRIC_REPRESENTATION_CONTEXT ( 3 ) GLOBAL_UNCERTAINTY_ASSIGNED_CONTEXT ( ( #1897 ) ) GLOBAL_UNIT_ASSIGNED_CONTEXT ( ( #10013, #3409, #1903 ) ) REPRESENTATION_CONTEXT ( 'NONE', 'WORKASPACE' ) );
#5050 = CARTESIAN_POINT ( 'NONE',  ( 6.000000000000000000, 4.999999999999997335, 3.500000000000000000 ) ) ;
#5051 = ORIENTED_EDGE ( 'NONE', *, *, #10080, .F. ) ;
#5052 = COLOUR_RGB ( '',1.000000000000000000, 1.000000000000000000, 1.000000000000000000 ) ;
#5053 = VERTEX_POINT ( 'NONE', #6872 ) ;
#5054 = DIRECTION ( 'NONE',  ( 0.000000000000000000, 0.000000000000000000, 1.000000000000000000 ) ) ;
#5055 = SURFACE_STYLE_FILL_AREA ( #3427 ) ;
#5056 = ORIENTED_EDGE ( 'NONE', *, *, #1497, .F. ) ;
#5057 = DIRECTION ( 'NONE',  ( -1.000000000000000000, 0.000000000000000000, 0.000000000000000000 ) ) ;
#5058 = EDGE_CURVE ( 'NONE', #6438, #4678, #446, .T. ) ;
#5059 = COLOUR_RGB ( '',1.000000000000000000, 1.000000000000000000, 1.000000000000000000 ) ;
#5060 = LINE ( 'NONE', #4327, #4907 ) ;
#5061 = CARTESIAN_POINT ( 'NONE',  ( -3.949999999999999734, -4.750000000000000000, 3.600000000000001421 ) ) ;
#5062 = VECTOR ( 'NONE', #3651, 1000.000000000000000 ) ;
#5063 = FACE_BOUND ( 'NONE', #2917, .T. ) ;
#5064 = DIRECTION ( 'NONE',  ( 1.000000000000000000, 1.222978688985946960E-15, -0.000000000000000000 ) ) ;
#5065 = ADVANCED_FACE ( 'NONE', ( #4345 ), #5177, .F. ) ;
#5066 = PRESENTATION_STYLE_ASSIGNMENT (( #6605 ) ) ;
#5067 = DIRECTION ( 'NONE',  ( 0.000000000000000000, 1.000000000000000000, -0.000000000000000000 ) ) ;
#5068 = UNCERTAINTY_MEASURE_WITH_UNIT (LENGTH_MEASURE( 1.000000000000000082E-05 ), #1018, 'distance_accuracy_value', 'NONE');
#5069 = ADVANCED_FACE ( 'NONE', ( #3918 ), #2207, .F. ) ;
#5070 = CARTESIAN_POINT ( 'NONE',  ( -6.305925830945592558, -1.999999999999999112, -0.7110617430582414356 ) ) ;
#5071 = FACE_OUTER_BOUND ( 'NONE', #275, .T. ) ;
#5072 = VECTOR ( 'NONE', #8020, 1000.000000000000000 ) ;
#5073 = ORIENTED_EDGE ( 'NONE', *, *, #6700, .F. ) ;
#5074 = STYLED_ITEM ( 'NONE', ( #21 ), #6378 ) ;
#5075 = CARTESIAN_POINT ( 'NONE',  ( 4.526324040001474813, 3.975348698380241075, 3.577874614043629720 ) ) ;
#5076 =( GEOMETRIC_REPRESENTATION_CONTEXT ( 3 ) GLOBAL_UNCERTAINTY_ASSIGNED_CONTEXT ( ( #1979 ) ) GLOBAL_UNIT_ASSIGNED_CONTEXT ( ( #8637, #7100, #10136 ) ) REPRESENTATION_CONTEXT ( 'NONE', 'WORKASPACE' ) );
#5077 = FACE_OUTER_BOUND ( 'NONE', #2459, .T. ) ;
#5078 = PRESENTATION_STYLE_ASSIGNMENT (( #9080 ) ) ;
#5079 = CIRCLE ( 'NONE', #2248, 0.3000000000000020983 ) ;
#5080 = EDGE_CURVE ( 'NONE', #4678, #852, #2686, .T. ) ;
#5081 =( GEOMETRIC_REPRESENTATION_CONTEXT ( 3 ) GLOBAL_UNCERTAINTY_ASSIGNED_CONTEXT ( ( #9942 ) ) GLOBAL_UNIT_ASSIGNED_CONTEXT ( ( #8990, #6499, #2571 ) ) REPRESENTATION_CONTEXT ( 'NONE', 'WORKASPACE' ) );
#5082 =( LENGTH_UNIT ( ) NAMED_UNIT ( * ) SI_UNIT ( .MILLI., .METRE. ) );
#5083 = DIRECTION ( 'NONE',  ( -1.053031360026544826E-16, -1.000000000000000000, -0.000000000000000000 ) ) ;
#5084 = ORIENTED_EDGE ( 'NONE', *, *, #8946, .T. ) ;
#5085 = CARTESIAN_POINT ( 'NONE',  ( -5.700000000000001066, -2.250000000005534684, 3.500000000000000000 ) ) ;
#5086 = CARTESIAN_POINT ( 'NONE',  ( 8.699114223423614415E-16, -4.924999999999996270, 3.599999999999999645 ) ) ;
#5087 = ORIENTED_EDGE ( 'NONE', *, *, #1364, .T. ) ;
#5088 = PRESENTATION_LAYER_ASSIGNMENT (  '', '', ( #4918 ) ) ;
#5089 =( NAMED_UNIT ( * ) SI_UNIT ( $, .STERADIAN. ) SOLID_ANGLE_UNIT ( ) );
#5090 = CARTESIAN_POINT ( 'NONE',  ( -5.950000000000000178, -2.999999999999999556, 0.7999999958350421103 ) ) ;
#5091 = PRESENTATION_STYLE_ASSIGNMENT (( #2681 ) ) ;
#5092 = EDGE_CURVE ( 'NONE', #2745, #9802, #3017, .T. ) ;
#5093 = CARTESIAN_POINT ( 'NONE',  ( 6.159705218919226510, 2.062903407891059970, -3.053341690607341175 ) ) ;
#5094 = ORIENTED_EDGE ( 'NONE', *, *, #3772, .F. ) ;
#5095 = PRESENTATION_LAYER_ASSIGNMENT (  '', '', ( #6277 ) ) ;
#5096 = EDGE_LOOP ( 'NONE', ( #5154, #8373, #5688, #8204 ) ) ;
#5097 = LINE ( 'NONE', #3660, #2754 ) ;
#5098 = CARTESIAN_POINT ( 'NONE',  ( 5.676923076923075406, -2.365384615384625189, 3.499999999999996891 ) ) ;
#5099 = SURFACE_STYLE_FILL_AREA ( #7473 ) ;
#5100 = DIRECTION ( 'NONE',  ( -4.900241895855846023E-16, -4.900241895855865745E-16, -1.000000000000000000 ) ) ;
#5101 = ORIENTED_EDGE ( 'NONE', *, *, #2890, .F. ) ;
#5102 = AXIS2_PLACEMENT_3D ( 'NONE', #308, #2590, #9004 ) ;
#5103 = LINE ( 'NONE', #6117, #3308 ) ;
#5104 = VERTEX_POINT ( 'NONE', #7186 ) ;
#5105 = UNCERTAINTY_MEASURE_WITH_UNIT (LENGTH_MEASURE( 1.000000000000000082E-05 ), #3560, 'distance_accuracy_value', 'NONE');
#5106 = EDGE_LOOP ( 'NONE', ( #2080, #8783, #6233, #1744 ) ) ;
#5107 = DIRECTION ( 'NONE',  ( -0.4961328535521692396, 0.000000000000000000, -0.8682466191274121892 ) ) ;
#5108 = DIRECTION ( 'NONE',  ( 2.710505431213761578E-16, -1.000000000000000000, 0.000000000000000000 ) ) ;
#5109 = ORIENTED_EDGE ( 'NONE', *, *, #8632, .F. ) ;
#5110 = SURFACE_SIDE_STYLE ('',( #4326 ) ) ;
#5111 = PRESENTATION_STYLE_ASSIGNMENT (( #3578 ) ) ;
#5112 = LINE ( 'NONE', #6602, #6202 ) ;
#5113 = MECHANICAL_DESIGN_GEOMETRIC_PRESENTATION_REPRESENTATION (  '', ( #2933 ), #3937 ) ;
#5114 = DIRECTION ( 'NONE',  ( -1.000000000000000000, -1.084202172485503842E-15, -2.168404344971007685E-15 ) ) ;
#5115 = COLOUR_RGB ( '',0.1098039215686274495, 0.1098039215686274495, 0.1098039215686274495 ) ;
#5116 = UNCERTAINTY_MEASURE_WITH_UNIT (LENGTH_MEASURE( 1.000000000000000082E-05 ), #8771, 'distance_accuracy_value', 'NONE');
#5117 = SURFACE_SIDE_STYLE ('',( #2664 ) ) ;
#5118 = LINE ( 'NONE', #2763, #10155 ) ;
#5119 = SURFACE_SIDE_STYLE ('',( #288 ) ) ;
#5120 = DIRECTION ( 'NONE',  ( -0.000000000000000000, 0.000000000000000000, 1.000000000000000000 ) ) ;
#5121 = PRESENTATION_STYLE_ASSIGNMENT (( #8345 ) ) ;
#5122 = ORIENTED_EDGE ( 'NONE', *, *, #9198, .T. ) ;
#5123 = AXIS2_PLACEMENT_3D ( 'NONE', #9953, #9857, #4443 ) ;
#5124 = CIRCLE ( 'NONE', #5469, 0.4500000000000001221 ) ;
#5125 = ORIENTED_EDGE ( 'NONE', *, *, #2644, .T. ) ;
#5126 = CARTESIAN_POINT ( 'NONE',  ( -0.8000000000000000444, -4.500000000000002665, -1.199999999999998845 ) ) ;
#5127 = CARTESIAN_POINT ( 'NONE',  ( -6.953886316694598335, 6.704630743366732482, -2.268178905419200309 ) ) ;
#5128 = DIRECTION ( 'NONE',  ( 0.2436941190233454790, 0.9698521414903591431, 2.475786676508562129E-15 ) ) ;
#5129 = DIRECTION ( 'NONE',  ( -1.000000000000000000, 6.962119691642298751E-46, -7.403395523308712764E-16 ) ) ;
#5130 = DIRECTION ( 'NONE',  ( -0.000000000000000000, -0.000000000000000000, 1.000000000000000000 ) ) ;
#5131 = EDGE_LOOP ( 'NONE', ( #9514, #3527, #172, #8887 ) ) ;
#5132 = SURFACE_STYLE_USAGE ( .BOTH. , #4050 ) ;
#5133 = STYLED_ITEM ( 'NONE', ( #4746 ), #10140 ) ;
#5134 = EDGE_CURVE ( 'NONE', #5157, #7409, #5396, .T. ) ;
#5135 = FACE_OUTER_BOUND ( 'NONE', #6849, .T. ) ;
#5136 =( NAMED_UNIT ( * ) PLANE_ANGLE_UNIT ( ) SI_UNIT ( $, .RADIAN. ) );
#5137 = EDGE_CURVE ( 'NONE', #6139, #9882, #5363, .T. ) ;
#5138 = FACE_OUTER_BOUND ( 'NONE', #6959, .T. ) ;
#5139 = CARTESIAN_POINT ( 'NONE',  ( 5.528157206495054155, 1.389056478433037034, 3.499999999999997780 ) ) ;
#5140 = COLOUR_RGB ( '',1.000000000000000000, 1.000000000000000000, 1.000000000000000000 ) ;
#5141 = ORIENTED_EDGE ( 'NONE', *, *, #3831, .F. ) ;
#5142 = VERTEX_POINT ( 'NONE', #1473 ) ;
#5143 = FILL_AREA_STYLE ('',( #1963 ) ) ;
#5144 = COLOUR_RGB ( '',1.000000000000000000, 1.000000000000000000, 1.000000000000000000 ) ;
#5145 = ADVANCED_FACE ( 'NONE', ( #5623 ), #8617, .T. ) ;
#5146 = CIRCLE ( 'NONE', #9525, 0.2999999999999999334 ) ;
#5147 = FILL_AREA_STYLE ('',( #2013 ) ) ;
#5148 =( NAMED_UNIT ( * ) PLANE_ANGLE_UNIT ( ) SI_UNIT ( $, .RADIAN. ) );
#5149 = DIRECTION ( 'NONE',  ( -0.000000000000000000, -0.000000000000000000, 1.000000000000000000 ) ) ;
#5150 = AXIS2_PLACEMENT_3D ( 'NONE', #10020, #5999, #2837 ) ;
#5151 = DIRECTION ( 'NONE',  ( 0.000000000000000000, 1.000000000000000000, -5.158108633760871650E-16 ) ) ;
#5152 = VECTOR ( 'NONE', #3372, 1000.000000000000000 ) ;
#5153 = ORIENTED_EDGE ( 'NONE', *, *, #9061, .T. ) ;
#5154 = ORIENTED_EDGE ( 'NONE', *, *, #5613, .T. ) ;
#5155 = DIRECTION ( 'NONE',  ( 0.4819066211576344405, 0.2377525341402921821, -0.8433503074015573642 ) ) ;
#5156 = SURFACE_SIDE_STYLE ('',( #1196 ) ) ;
#5157 = VERTEX_POINT ( 'NONE', #8875 ) ;
#5158 = SURFACE_STYLE_USAGE ( .BOTH. , #6125 ) ;
#5159 = VECTOR ( 'NONE', #8086, 1000.000000000000000 ) ;
#5160 = SURFACE_STYLE_USAGE ( .BOTH. , #479 ) ;
#5161 = DIRECTION ( 'NONE',  ( -2.840858515597182442E-13, 3.514479582739302792E-14, -1.000000000000000000 ) ) ;
#5162 = DIRECTION ( 'NONE',  ( -1.000000000000000000, -0.000000000000000000, -0.000000000000000000 ) ) ;
#5163 = UNCERTAINTY_MEASURE_WITH_UNIT (LENGTH_MEASURE( 1.000000000000000082E-05 ), #1257, 'distance_accuracy_value', 'NONE');
#5164 = FACE_OUTER_BOUND ( 'NONE', #2829, .T. ) ;
#5165 = CARTESIAN_POINT ( 'NONE',  ( 5.000000000000000000, 3.499999999999999556, 0.000000000000000000 ) ) ;
#5166 = STYLED_ITEM ( 'NONE', ( #6416 ), #6113 ) ;
#5167 = VERTEX_POINT ( 'NONE', #5833 ) ;
#5168 = ORIENTED_EDGE ( 'NONE', *, *, #1990, .T. ) ;
#5169 = CIRCLE ( 'NONE', #3154, 5.435424868893674599 ) ;
#5170 = ORIENTED_EDGE ( 'NONE', *, *, #9711, .F. ) ;
#5171 = CARTESIAN_POINT ( 'NONE',  ( -2.249999999999901412, -5.500000000000000000, 3.594753153809547186 ) ) ;
#5172 = CARTESIAN_POINT ( 'NONE',  ( -5.999999999999999112, -5.000000000000000000, 0.4000000000000000222 ) ) ;
#5173 =( GEOMETRIC_REPRESENTATION_CONTEXT ( 3 ) GLOBAL_UNCERTAINTY_ASSIGNED_CONTEXT ( ( #84 ) ) GLOBAL_UNIT_ASSIGNED_CONTEXT ( ( #4062, #7478, #8278 ) ) REPRESENTATION_CONTEXT ( 'NONE', 'WORKASPACE' ) );
#5174 = CARTESIAN_POINT ( 'NONE',  ( 5.271558449006350067, -1.324581074942558168, 3.199999999999971312 ) ) ;
#5175 = FILL_AREA_STYLE_COLOUR ( '', #7986 ) ;
#5176 = PRESENTATION_STYLE_ASSIGNMENT (( #2204 ) ) ;
#5177 = PLANE ( 'NONE',  #539 ) ;
#5178 = ORIENTED_EDGE ( 'NONE', *, *, #5092, .F. ) ;
#5179 = MECHANICAL_DESIGN_GEOMETRIC_PRESENTATION_REPRESENTATION (  '', ( #4005 ), #29 ) ;
#5180 = DIRECTION ( 'NONE',  ( 0.8682466191274260670, 0.000000000000000000, -0.4961328535521452032 ) ) ;
#5181 = MECHANICAL_DESIGN_GEOMETRIC_PRESENTATION_REPRESENTATION (  '', ( #3657 ), #8549 ) ;
#5182 = SURFACE_STYLE_FILL_AREA ( #1998 ) ;
#5183 = DIRECTION ( 'NONE',  ( 0.8814833810881018694, -0.000000000000000000, 0.4722150451494406820 ) ) ;
#5184 = CARTESIAN_POINT ( 'NONE',  ( 5.000000000000000000, -5.800000000000000711, 0.000000000000000000 ) ) ;
#5185 = EDGE_CURVE ( 'NONE', #2614, #1708, #1049, .T. ) ;
#5186 = FACE_OUTER_BOUND ( 'NONE', #9653, .T. ) ;
#5187 = DIRECTION ( 'NONE',  ( 0.000000000000000000, -0.2078790956190631756, 0.9781545284895430958 ) ) ;
#5188 = CIRCLE ( 'NONE', #2188, 0.3499999999999996447 ) ;
#5189 = CIRCLE ( 'NONE', #2524, 0.8000000000000003775 ) ;
#5190 = ADVANCED_FACE ( 'NONE', ( #9756 ), #2667, .T. ) ;
#5191 = SURFACE_STYLE_FILL_AREA ( #4408 ) ;
#5192 = ORIENTED_EDGE ( 'NONE', *, *, #961, .T. ) ;
#5193 = VECTOR ( 'NONE', #8523, 1000.000000000000000 ) ;
#5194 = EDGE_CURVE ( 'NONE', #2299, #9946, #5571, .T. ) ;
#5195 =( GEOMETRIC_REPRESENTATION_CONTEXT ( 3 ) GLOBAL_UNCERTAINTY_ASSIGNED_CONTEXT ( ( #1540 ) ) GLOBAL_UNIT_ASSIGNED_CONTEXT ( ( #7024, #1575, #3967 ) ) REPRESENTATION_CONTEXT ( 'NONE', 'WORKASPACE' ) );
#5196 = VERTEX_POINT ( 'NONE', #8246 ) ;
#5197 = AXIS2_PLACEMENT_3D ( 'NONE', #6614, #2618, #5839 ) ;
#5198 = CARTESIAN_POINT ( 'NONE',  ( -6.000000000000000000, 3.499999999999999556, 3.500000000000000000 ) ) ;
#5199 =( NAMED_UNIT ( * ) PLANE_ANGLE_UNIT ( ) SI_UNIT ( $, .RADIAN. ) );
#5200 = STYLED_ITEM ( 'NONE', ( #975 ), #8830 ) ;
#5201 = ADVANCED_FACE ( 'NONE', ( #188 ), #7238, .T. ) ;
#5202 = FILL_AREA_STYLE ('',( #6009 ) ) ;
#5203 = AXIS2_PLACEMENT_3D ( 'NONE', #3010, #7010, #6130 ) ;
#5204 = CIRCLE ( 'NONE', #9418, 1.000000000000000000 ) ;
#5205 = EDGE_CURVE ( 'NONE', #7669, #2397, #6497, .T. ) ;
#5206 = DIRECTION ( 'NONE',  ( -0.000000000000000000, -1.000000000000000000, 0.000000000000000000 ) ) ;
#5207 = SURFACE_STYLE_FILL_AREA ( #1189 ) ;
#5208 = ORIENTED_EDGE ( 'NONE', *, *, #9190, .T. ) ;
#5209 = VECTOR ( 'NONE', #3686, 1000.000000000000000 ) ;
#5210 = FILL_AREA_STYLE_COLOUR ( '', #3693 ) ;
#5211 = VERTEX_POINT ( 'NONE', #9899 ) ;
#5212 = EDGE_LOOP ( 'NONE', ( #9621, #9790 ) ) ;
#5213 = DIRECTION ( 'NONE',  ( -0.000000000000000000, -0.000000000000000000, 1.000000000000000000 ) ) ;
#5214 = FILL_AREA_STYLE_COLOUR ( '', #3781 ) ;
#5215 = ORIENTED_EDGE ( 'NONE', *, *, #2348, .T. ) ;
#5216 = SURFACE_STYLE_FILL_AREA ( #6794 ) ;
#5217 = LINE ( 'NONE', #10201, #6428 ) ;
#5218 = PLANE ( 'NONE',  #3209 ) ;
#5219 = ADVANCED_FACE ( 'NONE', ( #5071 ), #8918, .T. ) ;
#5220 = UNCERTAINTY_MEASURE_WITH_UNIT (LENGTH_MEASURE( 1.000000000000000082E-05 ), #6778, 'distance_accuracy_value', 'NONE');
#5221 =( NAMED_UNIT ( * ) SI_UNIT ( $, .STERADIAN. ) SOLID_ANGLE_UNIT ( ) );
#5222 = FILL_AREA_STYLE_COLOUR ( '', #4805 ) ;
#5223 = SURFACE_STYLE_USAGE ( .BOTH. , #9226 ) ;
#5224 = COLOUR_RGB ( '',0.1098039215686274495, 0.1098039215686274495, 0.1098039215686274495 ) ;
#5225 =( LENGTH_UNIT ( ) NAMED_UNIT ( * ) SI_UNIT ( .MILLI., .METRE. ) );
#5226 = ORIENTED_EDGE ( 'NONE', *, *, #2008, .F. ) ;
#5227 = ORIENTED_EDGE ( 'NONE', *, *, #7138, .T. ) ;
#5228 = DIRECTION ( 'NONE',  ( -1.000000000000000000, 0.000000000000000000, -4.896908669312479531E-14 ) ) ;
#5229 = ORIENTED_EDGE ( 'NONE', *, *, #8221, .F. ) ;
#5230 = TOROIDAL_SURFACE ( 'NONE', #8608, 0.8000000000000003775, 0.1999999999999998723 ) ;
#5231 = DIRECTION ( 'NONE',  ( 1.053031360026544826E-16, 1.000000000000000000, 0.000000000000000000 ) ) ;
#5232 = SURFACE_STYLE_USAGE ( .BOTH. , #4600 ) ;
#5233 = EDGE_CURVE ( 'NONE', #6170, #5335, #1158, .T. ) ;
#5234 = CARTESIAN_POINT ( 'NONE',  ( -7.000000000000000888, -6.704630743366730705, -2.094532406675943648 ) ) ;
#5235 = DIRECTION ( 'NONE',  ( 0.8682466191274124112, 0.000000000000000000, -0.4961328535521690730 ) ) ;
#5236 = MECHANICAL_DESIGN_GEOMETRIC_PRESENTATION_REPRESENTATION (  '', ( #4069 ), #9103 ) ;
#5237 = FILL_AREA_STYLE ('',( #4285 ) ) ;
#5238 = SURFACE_STYLE_USAGE ( .BOTH. , #10118 ) ;
#5239 = COLOUR_RGB ( '',1.000000000000000000, 1.000000000000000000, 1.000000000000000000 ) ;
#5240 = DIRECTION ( 'NONE',  ( -0.000000000000000000, -0.000000000000000000, 1.000000000000000000 ) ) ;
#5241 = ORIENTED_EDGE ( 'NONE', *, *, #1995, .T. ) ;
#5242 = SURFACE_SIDE_STYLE ('',( #5182 ) ) ;
#5243 = MECHANICAL_DESIGN_GEOMETRIC_PRESENTATION_REPRESENTATION (  '', ( #3562 ), #9462 ) ;
#5244 = FILL_AREA_STYLE ('',( #1999 ) ) ;
#5245 =( NAMED_UNIT ( * ) SI_UNIT ( $, .STERADIAN. ) SOLID_ANGLE_UNIT ( ) );
#5246 = CARTESIAN_POINT ( 'NONE',  ( -4.400000000000000355, -3.500000000000000000, 0.4000000000000000222 ) ) ;
#5247 = UNCERTAINTY_MEASURE_WITH_UNIT (LENGTH_MEASURE( 1.000000000000000082E-05 ), #8620, 'distance_accuracy_value', 'NONE');
#5248 =( NAMED_UNIT ( * ) SI_UNIT ( $, .STERADIAN. ) SOLID_ANGLE_UNIT ( ) );
#5249 = ORIENTED_EDGE ( 'NONE', *, *, #3207, .F. ) ;
#5250 = CIRCLE ( 'NONE', #3406, 0.1999999999999996503 ) ;
#5251 = MECHANICAL_DESIGN_GEOMETRIC_PRESENTATION_REPRESENTATION (  '', ( #9938 ), #6949 ) ;
#5252 = ADVANCED_FACE ( 'NONE', ( #2768 ), #2723, .F. ) ;
#5253 = ORIENTED_EDGE ( 'NONE', *, *, #8177, .T. ) ;
#5254 = EDGE_LOOP ( 'NONE', ( #10068, #9900, #10081, #6003, #9432, #9641, #1562, #6460, #2725, #4509, #1005, #9742, #5449, #4090, #8740, #1234, #9144, #5843, #6511, #9088, #326, #775, #1536, #3672 ) ) ;
#5255 = CARTESIAN_POINT ( 'NONE',  ( 1.891518204694822680, 5.400000000000007461, 3.500000000000003109 ) ) ;
#5256 = COLOUR_RGB ( '',1.000000000000000000, 1.000000000000000000, 1.000000000000000000 ) ;
#5257 = DIRECTION ( 'NONE',  ( 0.000000000000000000, 0.000000000000000000, -1.000000000000000000 ) ) ;
#5258 = DIRECTION ( 'NONE',  ( -5.181040781584184917E-11, 1.000000000000000000, 1.633531273211531549E-13 ) ) ;
#5259 = CARTESIAN_POINT ( 'NONE',  ( 5.000000000000000000, 5.000000000000000000, 3.500000000000000000 ) ) ;
#5260 = ORIENTED_EDGE ( 'NONE', *, *, #2760, .F. ) ;
#5261 = EDGE_CURVE ( 'NONE', #355, #1317, #2542, .T. ) ;
#5262 = CIRCLE ( 'NONE', #10295, 0.3500000041649588001 ) ;
#5263 = DIRECTION ( 'NONE',  ( 0.4722150451494399603, 0.000000000000000000, 0.8814833810881022025 ) ) ;
#5264 = SURFACE_SIDE_STYLE ('',( #6121 ) ) ;
#5265 = VERTEX_POINT ( 'NONE', #8756 ) ;
#5266 = FACE_OUTER_BOUND ( 'NONE', #2330, .T. ) ;
#5267 = EDGE_CURVE ( 'NONE', #1293, #6170, #7755, .T. ) ;
#5268 = CARTESIAN_POINT ( 'NONE',  ( -1.599999999999999423, 1.599999999998328981, 7.299999999999998934 ) ) ;
#5269 = LINE ( 'NONE', #7587, #9556 ) ;
#5270 = DIRECTION ( 'NONE',  ( 0.000000000000000000, 1.000000000000000000, 1.591495317436620009E-13 ) ) ;
#5271 =( LENGTH_UNIT ( ) NAMED_UNIT ( * ) SI_UNIT ( .MILLI., .METRE. ) );
#5272 = STYLED_ITEM ( 'NONE', ( #6469 ), #3775 ) ;
#5273 = CARTESIAN_POINT ( 'NONE',  ( -5.800000000000000711, 5.000000000000000888, 3.500000000000000888 ) ) ;
#5274 = SURFACE_STYLE_FILL_AREA ( #7637 ) ;
#5275 = PRESENTATION_STYLE_ASSIGNMENT (( #485 ) ) ;
#5276 =( NAMED_UNIT ( * ) SI_UNIT ( $, .STERADIAN. ) SOLID_ANGLE_UNIT ( ) );
#5277 = ORIENTED_EDGE ( 'NONE', *, *, #6310, .T. ) ;
#5278 = ORIENTED_EDGE ( 'NONE', *, *, #5058, .T. ) ;
#5279 = ORIENTED_EDGE ( 'NONE', *, *, #4381, .F. ) ;
#5280 = ADVANCED_FACE ( 'NONE', ( #6183 ), #6132, .T. ) ;
#5281 = AXIS2_PLACEMENT_3D ( 'NONE', #5350, #8778, #819 ) ;
#5282 = CIRCLE ( 'NONE', #8155, 0.2000000000000013989 ) ;
#5283 = EDGE_CURVE ( 'NONE', #5977, #8384, #6231, .T. ) ;
#5284 = CARTESIAN_POINT ( 'NONE',  ( -6.650000000000001243, -6.704630743366730705, -2.094532406675943648 ) ) ;
#5285 = DIRECTION ( 'NONE',  ( -0.4961328535521695171, 0.000000000000000000, -0.8682466191274121892 ) ) ;
#5286 = LINE ( 'NONE', #9347, #8248 ) ;
#5287 = FILL_AREA_STYLE_COLOUR ( '', #1438 ) ;
#5288 = VECTOR ( 'NONE', #8404, 1000.000000000000000 ) ;
#5289 = CARTESIAN_POINT ( 'NONE',  ( -1.600000000000000089, 1.599999999997843814, 6.999999999999999112 ) ) ;
#5290 = VERTEX_POINT ( 'NONE', #794 ) ;
#5291 = CARTESIAN_POINT ( 'NONE',  ( -5.999999999999993783, -1.999999999999999556, -0.6874509908007687686 ) ) ;
#5292 = SURFACE_STYLE_FILL_AREA ( #2109 ) ;
#5293 = CARTESIAN_POINT ( 'NONE',  ( -6.300000002082478012, 2.000000000000000000, 0.7999999999999999334 ) ) ;
#5294 = CARTESIAN_POINT ( 'NONE',  ( 6.694074169054410106, 2.000000000000000000, -2.070921654418466318 ) ) ;
#5295 = DIRECTION ( 'NONE',  ( 0.000000000000000000, 0.000000000000000000, -1.000000000000000000 ) ) ;
#5296 = MECHANICAL_DESIGN_GEOMETRIC_PRESENTATION_REPRESENTATION (  '', ( #9822 ), #8497 ) ;
#5297 = SURFACE_STYLE_FILL_AREA ( #1330 ) ;
#5298 =( GEOMETRIC_REPRESENTATION_CONTEXT ( 3 ) GLOBAL_UNCERTAINTY_ASSIGNED_CONTEXT ( ( #9141 ) ) GLOBAL_UNIT_ASSIGNED_CONTEXT ( ( #6222, #9325, #5316 ) ) REPRESENTATION_CONTEXT ( 'NONE', 'WORKASPACE' ) );
#5299 = AXIS2_PLACEMENT_3D ( 'NONE', #3272, #7908, #7231 ) ;
#5300 = MECHANICAL_DESIGN_GEOMETRIC_PRESENTATION_REPRESENTATION (  '', ( #9827 ), #3606 ) ;
#5301 = ORIENTED_EDGE ( 'NONE', *, *, #6743, .T. ) ;
#5302 = AXIS2_PLACEMENT_3D ( 'NONE', #9655, #4758, #7190 ) ;
#5303 = DIRECTION ( 'NONE',  ( -0.4961328535521695171, 0.000000000000000000, 0.8682466191274121892 ) ) ;
#5304 = CARTESIAN_POINT ( 'NONE',  ( 0.000000000000000000, -6.000000000000000000, 3.299999999999999822 ) ) ;
#5305 = FACE_OUTER_BOUND ( 'NONE', #5520, .T. ) ;
#5306 = PRESENTATION_LAYER_ASSIGNMENT (  '', '', ( #9015 ) ) ;
#5307 = AXIS2_PLACEMENT_3D ( 'NONE', #6279, #5486, #8016 ) ;
#5308 = CARTESIAN_POINT ( 'NONE',  ( 6.000000000000015099, -3.000000000000000000, 5.364159265358978246 ) ) ;
#5309 =( NAMED_UNIT ( * ) PLANE_ANGLE_UNIT ( ) SI_UNIT ( $, .RADIAN. ) );
#5310 = DIRECTION ( 'NONE',  ( 0.4819066211576372161, 0.2377525341402870751, 0.8433503074015572532 ) ) ;
#5311 = DIRECTION ( 'NONE',  ( 0.000000000000000000, 1.000000000000000000, -2.891205793294679017E-15 ) ) ;
#5312 = AXIS2_PLACEMENT_3D ( 'NONE', #7691, #2766, #532 ) ;
#5313 = ORIENTED_EDGE ( 'NONE', *, *, #1762, .T. ) ;
#5314 = VERTEX_POINT ( 'NONE', #6285 ) ;
#5315 = DIRECTION ( 'NONE',  ( 3.491483361109382461E-15, -0.000000000000000000, 1.000000000000000000 ) ) ;
#5316 =( NAMED_UNIT ( * ) SI_UNIT ( $, .STERADIAN. ) SOLID_ANGLE_UNIT ( ) );
#5317 = AXIS2_PLACEMENT_3D ( 'NONE', #7889, #729, #3891 ) ;
#5318 = CARTESIAN_POINT ( 'NONE',  ( 6.649999999999999467, 3.000000000000000000, -2.094532406675940983 ) ) ;
#5319 = PRESENTATION_STYLE_ASSIGNMENT (( #636 ) ) ;
#5320 = CIRCLE ( 'NONE', #837, 0.03542486889628656405 ) ;
#5321 = DIRECTION ( 'NONE',  ( -0.000000000000000000, -1.000000000000000000, -0.000000000000000000 ) ) ;
#5322 = DIRECTION ( 'NONE',  ( 5.421010862427713863E-15, 0.000000000000000000, 1.000000000000000000 ) ) ;
#5323 = CIRCLE ( 'NONE', #8198, 3.950000000000000178 ) ;
#5324 = UNCERTAINTY_MEASURE_WITH_UNIT (LENGTH_MEASURE( 1.000000000000000082E-05 ), #2503, 'distance_accuracy_value', 'NONE');
#5325 =( GEOMETRIC_REPRESENTATION_CONTEXT ( 3 ) GLOBAL_UNCERTAINTY_ASSIGNED_CONTEXT ( ( #5729 ) ) GLOBAL_UNIT_ASSIGNED_CONTEXT ( ( #5889, #9079, #8298 ) ) REPRESENTATION_CONTEXT ( 'NONE', 'WORKASPACE' ) );
#5326 = VECTOR ( 'NONE', #8852, 1000.000000000000000 ) ;
#5327 = CARTESIAN_POINT ( 'NONE',  ( -4.999999999999992895, 6.000000000000000000, 3.500000000000000000 ) ) ;
#5328 =( NAMED_UNIT ( * ) SI_UNIT ( $, .STERADIAN. ) SOLID_ANGLE_UNIT ( ) );
#5329 = EDGE_CURVE ( 'NONE', #323, #8382, #2961, .T. ) ;
#5330 = LINE ( 'NONE', #10261, #3370 ) ;
#5331 = EDGE_LOOP ( 'NONE', ( #6811, #7369, #9936, #538 ) ) ;
#5332 = EDGE_CURVE ( 'NONE', #1652, #5367, #5330, .T. ) ;
#5333 = ORIENTED_EDGE ( 'NONE', *, *, #5670, .T. ) ;
#5334 = CARTESIAN_POINT ( 'NONE',  ( -1.805822456941786891, -5.500000000000000000, 3.588570143277481694 ) ) ;
#5335 = VERTEX_POINT ( 'NONE', #10309 ) ;
#5336 = ADVANCED_FACE ( 'NONE', ( #694 ), #1413, .T. ) ;
#5337 = VECTOR ( 'NONE', #7462, 1000.000000000000000 ) ;
#5338 = DIRECTION ( 'NONE',  ( -0.4722150451494426249, 0.000000000000000000, 0.8814833810881007592 ) ) ;
#5339 = PRESENTATION_STYLE_ASSIGNMENT (( #4490 ) ) ;
#5340 = EDGE_CURVE ( 'NONE', #9946, #8741, #1213, .T. ) ;
#5341 = SURFACE_STYLE_FILL_AREA ( #9403 ) ;
#5342 = COLOUR_RGB ( '',1.000000000000000000, 1.000000000000000000, 1.000000000000000000 ) ;
#5343 = CARTESIAN_POINT ( 'NONE',  ( 5.800000000000000711, 4.999999999999997335, 3.500000000000001332 ) ) ;
#5344 = SURFACE_SIDE_STYLE ('',( #2736 ) ) ;
#5345 = ORIENTED_EDGE ( 'NONE', *, *, #159, .F. ) ;
#5346 = SURFACE_STYLE_USAGE ( .BOTH. , #2164 ) ;
#5347 = DIRECTION ( 'NONE',  ( 1.000000000000000000, 4.119968255444584897E-14, -2.847837706395028429E-13 ) ) ;
#5348 = SURFACE_SIDE_STYLE ('',( #3036 ) ) ;
#5349 = UNCERTAINTY_MEASURE_WITH_UNIT (LENGTH_MEASURE( 1.000000000000000082E-05 ), #8436, 'distance_accuracy_value', 'NONE');
#5350 = CARTESIAN_POINT ( 'NONE',  ( -4.750000000000000000, 4.750000000000000000, 3.600000000000001421 ) ) ;
#5351 = TOROIDAL_SURFACE ( 'NONE', #1185, 0.5000000000000004441, 0.3000000000000001554 ) ;
#5352 = ORIENTED_EDGE ( 'NONE', *, *, #110, .F. ) ;
#5353 = EDGE_LOOP ( 'NONE', ( #5028, #5808, #5756, #4955 ) ) ;
#5354 = FILL_AREA_STYLE ('',( #2119 ) ) ;
#5355 = COLOUR_RGB ( '',0.1098039215686274495, 0.1098039215686274495, 0.1098039215686274495 ) ;
#5356 =( LENGTH_UNIT ( ) NAMED_UNIT ( * ) SI_UNIT ( .MILLI., .METRE. ) );
#5357 = STYLED_ITEM ( 'NONE', ( #9195 ), #1948 ) ;
#5358 = AXIS2_PLACEMENT_3D ( 'NONE', #2453, #161, #4058 ) ;
#5359 = DIRECTION ( 'NONE',  ( 1.000000000000000000, 0.000000000000000000, 0.000000000000000000 ) ) ;
#5360 = CARTESIAN_POINT ( 'NONE',  ( -4.750000000000000000, 4.750000000000000000, 3.200000000000000178 ) ) ;
#5361 = CARTESIAN_POINT ( 'NONE',  ( -5.799999999999999822, -5.000000000000000888, -5.285485590866834116E-16 ) ) ;
#5362 = CARTESIAN_POINT ( 'NONE',  ( 1.599999999999999867, -5.435424868894465966, 3.600000000000000089 ) ) ;
#5363 = CIRCLE ( 'NONE', #8066, 0.3500000000000004774 ) ;
#5364 = DIRECTION ( 'NONE',  ( 0.000000000000000000, 0.000000000000000000, -1.000000000000000000 ) ) ;
#5365 =( GEOMETRIC_REPRESENTATION_CONTEXT ( 3 ) GLOBAL_UNCERTAINTY_ASSIGNED_CONTEXT ( ( #4026 ) ) GLOBAL_UNIT_ASSIGNED_CONTEXT ( ( #9616, #4818, #2574 ) ) REPRESENTATION_CONTEXT ( 'NONE', 'WORKASPACE' ) );
#5366 = CYLINDRICAL_SURFACE ( 'NONE', #9682, 0.8000000000000003775 ) ;
#5367 = VERTEX_POINT ( 'NONE', #2500 ) ;
#5368 = ORIENTED_EDGE ( 'NONE', *, *, #4876, .T. ) ;
#5369 = PRESENTATION_LAYER_ASSIGNMENT (  '', '', ( #3182 ) ) ;
#5370 = DIRECTION ( 'NONE',  ( -1.000000000000000000, 1.053031360026544826E-16, -3.491483361109382461E-15 ) ) ;
#5371 = B_SPLINE_CURVE_WITH_KNOTS ( 'NONE', 3,
 ( #1160, #5334, #8399, #3633, #4486, #2148, #7645, #1359, #7596, #1986 ),
 .UNSPECIFIED., .F., .F.,
 ( 4, 3, 3, 4 ),
 ( 4.142730684223317413E-18, 5.123927244496897138E-05, 7.707691724590183719E-05, 0.0001029675016274737224 ),
 .UNSPECIFIED. ) ;
#5372 = VERTEX_POINT ( 'NONE', #3321 ) ;
#5373 = PRESENTATION_LAYER_ASSIGNMENT (  '', '', ( #3363 ) ) ;
#5374 = CARTESIAN_POINT ( 'NONE',  ( -1.873689204426072674, -5.430510600647739494, 3.600000000000001421 ) ) ;
#5375 =( GEOMETRIC_REPRESENTATION_CONTEXT ( 3 ) GLOBAL_UNCERTAINTY_ASSIGNED_CONTEXT ( ( #9422 ) ) GLOBAL_UNIT_ASSIGNED_CONTEXT ( ( #4900, #4738, #8855 ) ) REPRESENTATION_CONTEXT ( 'NONE', 'WORKASPACE' ) );
#5376 =( GEOMETRIC_REPRESENTATION_CONTEXT ( 3 ) GLOBAL_UNCERTAINTY_ASSIGNED_CONTEXT ( ( #5626 ) ) GLOBAL_UNIT_ASSIGNED_CONTEXT ( ( #7810, #542, #6976 ) ) REPRESENTATION_CONTEXT ( 'NONE', 'WORKASPACE' ) );
#5377 = SURFACE_STYLE_USAGE ( .BOTH. , #6229 ) ;
#5378 = CARTESIAN_POINT ( 'NONE',  ( 0.000000000000000000, 0.000000000000000000, 3.500000000000000000 ) ) ;
#5379 = CARTESIAN_POINT ( 'NONE',  ( 5.549999999999999822, -4.750000000000000000, 3.499999999999997780 ) ) ;
#5380 = ORIENTED_EDGE ( 'NONE', *, *, #4947, .T. ) ;
#5381 =( GEOMETRIC_REPRESENTATION_CONTEXT ( 3 ) GLOBAL_UNCERTAINTY_ASSIGNED_CONTEXT ( ( #1525 ) ) GLOBAL_UNIT_ASSIGNED_CONTEXT ( ( #430, #2347, #4687 ) ) REPRESENTATION_CONTEXT ( 'NONE', 'WORKASPACE' ) );
#5382 = VERTEX_POINT ( 'NONE', #4063 ) ;
#5383 = ADVANCED_FACE ( 'NONE', ( #64 ), #8070, .F. ) ;
#5384 = DIRECTION ( 'NONE',  ( -0.000000000000000000, 1.000000000000000000, -0.000000000000000000 ) ) ;
#5385 = ORIENTED_EDGE ( 'NONE', *, *, #6816, .T. ) ;
#5386 = STYLED_ITEM ( 'NONE', ( #5954 ), #7837 ) ;
#5387 = DIRECTION ( 'NONE',  ( 1.000000000000000000, -1.224646799147351482E-16, -3.006455034846201265E-16 ) ) ;
#5388 = EDGE_CURVE ( 'NONE', #9640, #5398, #7408, .T. ) ;
#5389 = CIRCLE ( 'NONE', #10251, 0.8000000000000003775 ) ;
#5390 = DIRECTION ( 'NONE',  ( 0.000000000000000000, 0.000000000000000000, 1.000000000000000000 ) ) ;
#5391 = EDGE_CURVE ( 'NONE', #7766, #3784, #4006, .T. ) ;
#5392 =( NAMED_UNIT ( * ) SI_UNIT ( $, .STERADIAN. ) SOLID_ANGLE_UNIT ( ) );
#5393 = EDGE_CURVE ( 'NONE', #7, #1360, #4793, .T. ) ;
#5394 = FILL_AREA_STYLE_COLOUR ( '', #9000 ) ;
#5395 = EDGE_LOOP ( 'NONE', ( #1887, #8572, #4372, #10038, #10265, #9977, #9394, #10263, #9365, #9417, #6108, #8677, #9643, #6789, #470, #4617 ) ) ;
#5396 = LINE ( 'NONE', #808, #8403 ) ;
#5397 = PRESENTATION_LAYER_ASSIGNMENT (  '', '', ( #5386 ) ) ;
#5398 = VERTEX_POINT ( 'NONE', #3165 ) ;
#5399 = VECTOR ( 'NONE', #8107, 1000.000000000000000 ) ;
#5400 = SURFACE_STYLE_USAGE ( .BOTH. , #709 ) ;
#5401 = UNCERTAINTY_MEASURE_WITH_UNIT (LENGTH_MEASURE( 1.000000000000000082E-05 ), #9165, 'distance_accuracy_value', 'NONE');
#5402 = CARTESIAN_POINT ( 'NONE',  ( -1.676841459417441227, 5.609556424471087155, 3.499999999999996891 ) ) ;
#5403 = CARTESIAN_POINT ( 'NONE',  ( -6.159705218919228287, -2.062903407891059082, -3.053341690607342507 ) ) ;
#5404 = ADVANCED_FACE ( 'NONE', ( #9738 ), #956, .T. ) ;
#5405 = CARTESIAN_POINT ( 'NONE',  ( -5.549999999999999822, 4.750000000000000000, 3.600000000000001421 ) ) ;
#5406 = MECHANICAL_DESIGN_GEOMETRIC_PRESENTATION_REPRESENTATION (  '', ( #248 ), #6751 ) ;
#5407 = FILL_AREA_STYLE ('',( #2216 ) ) ;
#5408 = DIRECTION ( 'NONE',  ( 0.8682466191274126333, 0.000000000000000000, -0.4961328535521689065 ) ) ;
#5409 = ORIENTED_EDGE ( 'NONE', *, *, #6619, .T. ) ;
#5410 = ORIENTED_EDGE ( 'NONE', *, *, #6067, .T. ) ;
#5411 = EDGE_LOOP ( 'NONE', ( #1030, #10230, #3367, #8848 ) ) ;
#5412 = VECTOR ( 'NONE', #2431, 1000.000000000000000 ) ;
#5413 =( GEOMETRIC_REPRESENTATION_CONTEXT ( 3 ) GLOBAL_UNCERTAINTY_ASSIGNED_CONTEXT ( ( #6083 ) ) GLOBAL_UNIT_ASSIGNED_CONTEXT ( ( #3342, #1022, #9902 ) ) REPRESENTATION_CONTEXT ( 'NONE', 'WORKASPACE' ) );
#5414 = EDGE_CURVE ( 'NONE', #121, #7, #7280, .T. ) ;
#5415 = FILL_AREA_STYLE_COLOUR ( '', #3702 ) ;
#5416 = CARTESIAN_POINT ( 'NONE',  ( -3.949999999999999734, -4.750000000000000000, 3.200000000000000178 ) ) ;
#5417 = UNCERTAINTY_MEASURE_WITH_UNIT (LENGTH_MEASURE( 1.000000000000000082E-05 ), #4583, 'distance_accuracy_value', 'NONE');
#5418 = CARTESIAN_POINT ( 'NONE',  ( 6.300000004034803425, -3.000000000000000000, 0.06415926535897724381 ) ) ;
#5419 = AXIS2_PLACEMENT_3D ( 'NONE', #328, #2659, #9842 ) ;
#5420 = CARTESIAN_POINT ( 'NONE',  ( 6.000000000000000000, 4.999999999999992895, 3.500000000000000000 ) ) ;
#5421 = SURFACE_SIDE_STYLE ('',( #2233 ) ) ;
#5422 = CIRCLE ( 'NONE', #2747, 0.4000000000000182299 ) ;
#5423 = SURFACE_SIDE_STYLE ('',( #1399 ) ) ;
#5424 = CARTESIAN_POINT ( 'NONE',  ( -1.462164714140030464, 5.819112848942165073, 3.599999999999995648 ) ) ;
#5425 = VERTEX_POINT ( 'NONE', #8126 ) ;
#5426 = ORIENTED_EDGE ( 'NONE', *, *, #7152, .F. ) ;
#5427 = DIRECTION ( 'NONE',  ( 1.023955701009783700E-31, 1.000000000000000000, 2.990377384838787564E-14 ) ) ;
#5428 = CARTESIAN_POINT ( 'NONE',  ( 5.424745029542468622, 1.866168552841506401, 3.600000000000001421 ) ) ;
#5429 = VECTOR ( 'NONE', #4838, 1000.000000000000000 ) ;
#5430 = FILL_AREA_STYLE_COLOUR ( '', #8623 ) ;
#5431 = CARTESIAN_POINT ( 'NONE',  ( 5.000000000000000888, 5.000000000000000888, 3.500000000000003109 ) ) ;
#5432 = DIRECTION ( 'NONE',  ( -0.000000000000000000, -0.000000000000000000, 1.000000000000000000 ) ) ;
#5433 = PLANE ( 'NONE',  #7379 ) ;
#5434 = DIRECTION ( 'NONE',  ( -0.000000000000000000, 1.000000000000000000, 0.000000000000000000 ) ) ;
#5435 = DIRECTION ( 'NONE',  ( -1.000000000000000000, 0.000000000000000000, 0.000000000000000000 ) ) ;
#5436 = DIRECTION ( 'NONE',  ( 0.000000000000000000, 1.000000000000000000, 0.000000000000000000 ) ) ;
#5437 = DIRECTION ( 'NONE',  ( -0.000000000000000000, -0.000000000000000000, -1.000000000000000000 ) ) ;
#5438 = ORIENTED_EDGE ( 'NONE', *, *, #9760, .F. ) ;
#5439 = SURFACE_STYLE_FILL_AREA ( #7804 ) ;
#5440 = ORIENTED_EDGE ( 'NONE', *, *, #2591, .T. ) ;
#5441 = LINE ( 'NONE', #6189, #8103 ) ;
#5442 = EDGE_CURVE ( 'NONE', #1401, #7861, #1877, .T. ) ;
#5443 =( GEOMETRIC_REPRESENTATION_CONTEXT ( 3 ) GLOBAL_UNCERTAINTY_ASSIGNED_CONTEXT ( ( #1771 ) ) GLOBAL_UNIT_ASSIGNED_CONTEXT ( ( #7106, #7944, #6368 ) ) REPRESENTATION_CONTEXT ( 'NONE', 'WORKASPACE' ) );
#5444 = LINE ( 'NONE', #3021, #8748 ) ;
#5445 = SURFACE_STYLE_FILL_AREA ( #2155 ) ;
#5446 = CARTESIAN_POINT ( 'NONE',  ( -5.800000000000000711, 5.000000000000000000, 3.299999999999999822 ) ) ;
#5447 = CARTESIAN_POINT ( 'NONE',  ( 3.950851657416640350, -4.713095711004415378, 3.499999999999998224 ) ) ;
#5448 =( LENGTH_UNIT ( ) NAMED_UNIT ( * ) SI_UNIT ( .MILLI., .METRE. ) );
#5449 = ORIENTED_EDGE ( 'NONE', *, *, #2593, .T. ) ;
#5450 = VECTOR ( 'NONE', #871, 1000.000000000000000 ) ;
#5451 = FILL_AREA_STYLE_COLOUR ( '', #9350 ) ;
#5452 = FACE_OUTER_BOUND ( 'NONE', #1959, .T. ) ;
#5453 =( NAMED_UNIT ( * ) PLANE_ANGLE_UNIT ( ) SI_UNIT ( $, .RADIAN. ) );
#5454 = CARTESIAN_POINT ( 'NONE',  ( -1.600000000000000311, -1.899999999999999467, 6.999999999999999112 ) ) ;
#5455 = SURFACE_STYLE_FILL_AREA ( #9466 ) ;
#5456 = FACE_OUTER_BOUND ( 'NONE', #4080, .T. ) ;
#5457 = FILL_AREA_STYLE_COLOUR ( '', #4701 ) ;
#5458 = VECTOR ( 'NONE', #5408, 999.9999999999998863 ) ;
#5459 = FACE_OUTER_BOUND ( 'NONE', #3286, .T. ) ;
#5460 = APPLICATION_CONTEXT ( 'automotive_design' ) ;
#5461 = SURFACE_STYLE_USAGE ( .BOTH. , #6308 ) ;
#5462 = VERTEX_POINT ( 'NONE', #1867 ) ;
#5463 = ORIENTED_EDGE ( 'NONE', *, *, #6429, .T. ) ;
#5464 = ORIENTED_EDGE ( 'NONE', *, *, #1707, .F. ) ;
#5465 = EDGE_CURVE ( 'NONE', #1144, #7199, #5960, .T. ) ;
#5466 = VERTEX_POINT ( 'NONE', #6847 ) ;
#5467 = ADVANCED_FACE ( 'NONE', ( #9154 ), #7624, .T. ) ;
#5468 = PRESENTATION_LAYER_ASSIGNMENT (  '', '', ( #7143 ) ) ;
#5469 = AXIS2_PLACEMENT_3D ( 'NONE', #8293, #6756, #7783 ) ;
#5470 = CYLINDRICAL_SURFACE ( 'NONE', #6406, 0.1999999999999996503 ) ;
#5471 = CARTESIAN_POINT ( 'NONE',  ( -1.600000000000000089, -1.899999999999999689, 5.500000000000000000 ) ) ;
#5472 = DIRECTION ( 'NONE',  ( 0.000000000000000000, 1.000000000000000000, 0.000000000000000000 ) ) ;
#5473 = FILL_AREA_STYLE ('',( #1491 ) ) ;
#5474 = CIRCLE ( 'NONE', #3285, 0.8000000000000003775 ) ;
#5475 = DIRECTION ( 'NONE',  ( 0.000000000000000000, 0.000000000000000000, -1.000000000000000000 ) ) ;
#5476 = FILL_AREA_STYLE ('',( #6998 ) ) ;
#5477 = PRESENTATION_LAYER_ASSIGNMENT (  '', '', ( #7823 ) ) ;
#5478 = ADVANCED_FACE ( 'NONE', ( #468 ), #3617, .F. ) ;
#5479 = PRESENTATION_STYLE_ASSIGNMENT (( #6271 ) ) ;
#5480 = ORIENTED_EDGE ( 'NONE', *, *, #9119, .T. ) ;
#5481 = ORIENTED_EDGE ( 'NONE', *, *, #3566, .F. ) ;
#5482 = FACE_OUTER_BOUND ( 'NONE', #695, .T. ) ;
#5483 = CIRCLE ( 'NONE', #5307, 5.700000000000130740 ) ;
#5484 =( LENGTH_UNIT ( ) NAMED_UNIT ( * ) SI_UNIT ( .MILLI., .METRE. ) );
#5485 = PRESENTATION_LAYER_ASSIGNMENT (  '', '', ( #2636 ) ) ;
#5486 = DIRECTION ( 'NONE',  ( -0.000000000000000000, -0.000000000000000000, 1.000000000000000000 ) ) ;
#5487 = DIRECTION ( 'NONE',  ( -0.000000000000000000, -0.000000000000000000, 1.000000000000000000 ) ) ;
#5488 = CARTESIAN_POINT ( 'NONE',  ( -3.600000000000001421, -5.800000000000000711, 3.299999999999999822 ) ) ;
#5489 = CARTESIAN_POINT ( 'NONE',  ( 6.693412330956371115, -2.999999999999999556, -2.119339049353551996 ) ) ;
#5490 = DIRECTION ( 'NONE',  ( 1.084202172485503842E-15, 1.000000000000000000, 0.000000000000000000 ) ) ;
#5491 = SURFACE_STYLE_FILL_AREA ( #4644 ) ;
#5492 = VERTEX_POINT ( 'NONE', #8329 ) ;
#5493 = ORIENTED_EDGE ( 'NONE', *, *, #9446, .T. ) ;
#5494 = SURFACE_STYLE_FILL_AREA ( #2302 ) ;
#5495 = CYLINDRICAL_SURFACE ( 'NONE', #2795, 0.1999999999999996503 ) ;
#5496 = EDGE_LOOP ( 'NONE', ( #8759, #6017, #4979, #267 ) ) ;
#5497 = CARTESIAN_POINT ( 'NONE',  ( -6.041480816619163363, 3.000000000000000000, -0.8527262566030737734 ) ) ;
#5498 = VECTOR ( 'NONE', #8522, 1000.000000000000000 ) ;
#5499 = AXIS2_PLACEMENT_3D ( 'NONE', #9136, #5130, #494 ) ;
#5500 = DIRECTION ( 'NONE',  ( -0.6614378277661271399, -2.426661302456842120E-11, 0.7500000000000182077 ) ) ;
#5501 = FACE_OUTER_BOUND ( 'NONE', #6618, .T. ) ;
#5502 = STYLED_ITEM ( 'NONE', ( #7713 ), #1441 ) ;
#5503 = COLOUR_RGB ( '',1.000000000000000000, 1.000000000000000000, 1.000000000000000000 ) ;
#5504 = DIRECTION ( 'NONE',  ( -0.000000000000000000, -0.000000000000000000, 1.000000000000000000 ) ) ;
#5505 = CARTESIAN_POINT ( 'NONE',  ( -6.000000000000000888, -3.499999999999999556, 0.4000000000000000222 ) ) ;
#5506 = SURFACE_SIDE_STYLE ('',( #3755 ) ) ;
#5507 = FILL_AREA_STYLE ('',( #9458 ) ) ;
#5508 = COLOUR_RGB ( '',0.1098039215686274495, 0.1098039215686274495, 0.1098039215686274495 ) ;
#5509 = VERTEX_POINT ( 'NONE', #3423 ) ;
#5510 = PRESENTATION_LAYER_ASSIGNMENT (  '', '', ( #2334 ) ) ;
#5511 = FILL_AREA_STYLE_COLOUR ( '', #2235 ) ;
#5512 = UNCERTAINTY_MEASURE_WITH_UNIT (LENGTH_MEASURE( 1.000000000000000082E-05 ), #2198, 'distance_accuracy_value', 'NONE');
#5513 = CARTESIAN_POINT ( 'NONE',  ( 6.159705218919230063, -2.062903407891059970, -3.053341690607343395 ) ) ;
#5514 =( NAMED_UNIT ( * ) SI_UNIT ( $, .STERADIAN. ) SOLID_ANGLE_UNIT ( ) );
#5515 = DIRECTION ( 'NONE',  ( -1.053031360026544826E-16, -1.000000000000000000, -4.379057701015053347E-47 ) ) ;
#5516 = CARTESIAN_POINT ( 'NONE',  ( -1.600000000000001865, -5.500000000000000000, 3.536043781389899721 ) ) ;
#5517 = MECHANICAL_DESIGN_GEOMETRIC_PRESENTATION_REPRESENTATION (  '', ( #1167 ), #3483 ) ;
#5518 = DIRECTION ( 'NONE',  ( -1.000000000000000000, 0.000000000000000000, 0.000000000000000000 ) ) ;
#5519 = VERTEX_POINT ( 'NONE', #2802 ) ;
#5520 = EDGE_LOOP ( 'NONE', ( #4956, #4667, #9913, #4097 ) ) ;
#5521 = ORIENTED_EDGE ( 'NONE', *, *, #7308, .T. ) ;
#5522 = EDGE_LOOP ( 'NONE', ( #10338, #8131, #7625, #3554 ) ) ;
#5523 = VECTOR ( 'NONE', #5975, 1000.000000000000000 ) ;
#5524 = EDGE_CURVE ( 'NONE', #7302, #9057, #3475, .T. ) ;
#5525 = DIRECTION ( 'NONE',  ( 0.000000000000000000, -0.000000000000000000, 1.000000000000000000 ) ) ;
#5526 = UNCERTAINTY_MEASURE_WITH_UNIT (LENGTH_MEASURE( 1.000000000000000082E-05 ), #3862, 'distance_accuracy_value', 'NONE');
#5527 = EDGE_CURVE ( 'NONE', #1917, #5462, #6501, .T. ) ;
#5528 = CARTESIAN_POINT ( 'NONE',  ( 0.000000000000000000, 4.500000000000003553, -9.796850830579017080E-17 ) ) ;
#5529 = EDGE_CURVE ( 'NONE', #914, #7479, #5103, .T. ) ;
#5530 = SURFACE_STYLE_FILL_AREA ( #5473 ) ;
#5531 = VECTOR ( 'NONE', #1613, 1000.000000000000000 ) ;
#5532 =( LENGTH_UNIT ( ) NAMED_UNIT ( * ) SI_UNIT ( .MILLI., .METRE. ) );
#5533 = DIRECTION ( 'NONE',  ( 1.000000000000000000, 6.066535637273185384E-33, -1.655013885906414568E-14 ) ) ;
#5534 = AXIS2_PLACEMENT_3D ( 'NONE', #1922, #7523, #5258 ) ;
#5535 = ORIENTED_EDGE ( 'NONE', *, *, #7127, .F. ) ;
#5536 = PRESENTATION_LAYER_ASSIGNMENT (  '', '', ( #529 ) ) ;
#5537 = ORIENTED_EDGE ( 'NONE', *, *, #7127, .T. ) ;
#5538 = DIRECTION ( 'NONE',  ( -1.000000000000000000, 0.000000000000000000, -0.000000000000000000 ) ) ;
#5539 = EDGE_CURVE ( 'NONE', #4769, #4290, #2995, .T. ) ;
#5540 = AXIS2_PLACEMENT_3D ( 'NONE', #5488, #9534, #4105 ) ;
#5541 = DIRECTION ( 'NONE',  ( 0.000000000000000000, 0.000000000000000000, -1.000000000000000000 ) ) ;
#5542 = EDGE_CURVE ( 'NONE', #9471, #6747, #7845, .T. ) ;
#5543 = DIRECTION ( 'NONE',  ( 0.000000000000000000, 0.000000000000000000, -1.000000000000000000 ) ) ;
#5544 = AXIS2_PLACEMENT_3D ( 'NONE', #3701, #2053, #6933 ) ;
#5545 = CARTESIAN_POINT ( 'NONE',  ( -5.254537717835707333, -1.462164714140039790, 3.199999999999997513 ) ) ;
#5546 = CARTESIAN_POINT ( 'NONE',  ( 6.000000000000000000, -5.000000000000000000, 0.4000000000000000222 ) ) ;
#5547 = CARTESIAN_POINT ( 'NONE',  ( 4.399999999999999467, 5.000000000000000000, 0.000000000000000000 ) ) ;
#5548 = AXIS2_PLACEMENT_3D ( 'NONE', #8581, #1397, #626 ) ;
#5549 = CARTESIAN_POINT ( 'NONE',  ( 1.599999999999999867, 5.435424868893537820, 3.600000000000000089 ) ) ;
#5550 = ORIENTED_EDGE ( 'NONE', *, *, #3638, .T. ) ;
#5551 = ORIENTED_EDGE ( 'NONE', *, *, #8752, .F. ) ;
#5552 = LINE ( 'NONE', #1464, #8793 ) ;
#5553 = ORIENTED_EDGE ( 'NONE', *, *, #5539, .T. ) ;
#5554 = DIRECTION ( 'NONE',  ( -2.401704991764843666E-30, 1.000000000000000000, 2.512674504403129539E-14 ) ) ;
#5555 = TOROIDAL_SURFACE ( 'NONE', #2533, 0.03542486889352503693, 0.4000000000000114020 ) ;
#5556 = ADVANCED_FACE ( 'NONE', ( #6217 ), #3053, .F. ) ;
#5557 = DIRECTION ( 'NONE',  ( 4.078315292499108944E-47, -1.000000000000000000, -9.403954806578348233E-32 ) ) ;
#5558 = VECTOR ( 'NONE', #4694, 1000.000000000000000 ) ;
#5559 = FILL_AREA_STYLE_COLOUR ( '', #5908 ) ;
#5560 = AXIS2_PLACEMENT_3D ( 'NONE', #2511, #5717, #8920 ) ;
#5561 = DIRECTION ( 'NONE',  ( 0.000000000000000000, 0.000000000000000000, -1.000000000000000000 ) ) ;
#5562 = CARTESIAN_POINT ( 'NONE',  ( 5.399999999999927525, -2.249999999999976907, 3.600000000000002309 ) ) ;
#5563 = CIRCLE ( 'NONE', #3688, 0.2999999999999313771 ) ;
#5564 = DIRECTION ( 'NONE',  ( -1.000000000000000000, 1.084202172485503842E-15, 0.000000000000000000 ) ) ;
#5565 = DIRECTION ( 'NONE',  ( 1.000000000000000000, -1.084202172485503842E-15, 0.000000000000000000 ) ) ;
#5566 = SURFACE_STYLE_USAGE ( .BOTH. , #8768 ) ;
#5567 = SURFACE_STYLE_USAGE ( .BOTH. , #3128 ) ;
#5568 = ORIENTED_EDGE ( 'NONE', *, *, #942, .F. ) ;
#5569 = FACE_OUTER_BOUND ( 'NONE', #10353, .T. ) ;
#5570 =( LENGTH_UNIT ( ) NAMED_UNIT ( * ) SI_UNIT ( .MILLI., .METRE. ) );
#5571 = B_SPLINE_CURVE_WITH_KNOTS ( 'NONE', 3,
 ( #5017, #8194, #2515, #5724, #4860, #1782, #290, #1621, #4079, #3437 ),
 .UNSPECIFIED., .F., .F.,
 ( 4, 2, 2, 2, 4 ),
 ( 3.805534180917389138E-18, 0.0003028344262384906642, 0.0006056688524769775336, 0.0009085032787154644031, 0.001211337704953951381 ),
 .UNSPECIFIED. ) ;
#5572 = VECTOR ( 'NONE', #4566, 1000.000000000000000 ) ;
#5573 =( LENGTH_UNIT ( ) NAMED_UNIT ( * ) SI_UNIT ( .MILLI., .METRE. ) );
#5574 = MECHANICAL_DESIGN_GEOMETRIC_PRESENTATION_REPRESENTATION (  '', ( #6911 ), #5044 ) ;
#5575 = CARTESIAN_POINT ( 'NONE',  ( -2.166916829160916310E-16, -5.174999999999998934, 3.499999999999998668 ) ) ;
#5576 = SURFACE_SIDE_STYLE ('',( #4924 ) ) ;
#5577 =( NAMED_UNIT ( * ) PLANE_ANGLE_UNIT ( ) SI_UNIT ( $, .RADIAN. ) );
#5578 = STYLED_ITEM ( 'NONE', ( #7088 ), #7728 ) ;
#5579 = LINE ( 'NONE', #7775, #5458 ) ;
#5580 = ORIENTED_EDGE ( 'NONE', *, *, #10272, .T. ) ;
#5581 = AXIS2_PLACEMENT_3D ( 'NONE', #6697, #173, #8077 ) ;
#5582 = ORIENTED_EDGE ( 'NONE', *, *, #110, .T. ) ;
#5583 = VERTEX_POINT ( 'NONE', #4518 ) ;
#5584 = ORIENTED_EDGE ( 'NONE', *, *, #939, .F. ) ;
#5585 = PRESENTATION_LAYER_ASSIGNMENT (  '', '', ( #740 ) ) ;
#5586 = DIRECTION ( 'NONE',  ( -0.4722150451494401269, 0.000000000000000000, 0.8814833810881020915 ) ) ;
#5587 = COLOUR_RGB ( '',1.000000000000000000, 1.000000000000000000, 1.000000000000000000 ) ;
#5588 =( LENGTH_UNIT ( ) NAMED_UNIT ( * ) SI_UNIT ( .MILLI., .METRE. ) );
#5589 = EDGE_CURVE ( 'NONE', #9840, #2800, #3467, .T. ) ;
#5590 = DIRECTION ( 'NONE',  ( 0.000000000000000000, 0.000000000000000000, -1.000000000000000000 ) ) ;
#5591 = FILL_AREA_STYLE ('',( #2489 ) ) ;
#5592 = DIRECTION ( 'NONE',  ( -1.000000000000000000, 3.035766082959439552E-14, 1.301042606982616996E-14 ) ) ;
#5593 = DIRECTION ( 'NONE',  ( -0.2436941190233414267, -0.9698521414903602533, 4.070361146124164586E-15 ) ) ;
#5594 = AXIS2_PLACEMENT_3D ( 'NONE', #2151, #1266, #10316 ) ;
#5595 = DIRECTION ( 'NONE',  ( -1.000000000000000000, 0.000000000000000000, 0.000000000000000000 ) ) ;
#5596 = PRESENTATION_STYLE_ASSIGNMENT (( #7213 ) ) ;
#5597 = VERTEX_POINT ( 'NONE', #630 ) ;
#5598 = PRESENTATION_LAYER_ASSIGNMENT (  '', '', ( #4731 ) ) ;
#5599 = ORIENTED_EDGE ( 'NONE', *, *, #9265, .T. ) ;
#5600 = DIRECTION ( 'NONE',  ( 0.000000000000000000, 0.000000000000000000, 1.000000000000000000 ) ) ;
#5601 = CARTESIAN_POINT ( 'NONE',  ( 1.891518204694831118, -5.435424868893540484, 3.199999999999999734 ) ) ;
#5602 = CIRCLE ( 'NONE', #1092, 0.3999999999999954148 ) ;
#5603 = CARTESIAN_POINT ( 'NONE',  ( -6.000000000000000000, 5.000000000000000000, 0.4000000000000000222 ) ) ;
#5604 = CIRCLE ( 'NONE', #10276, 0.2999999999999903855 ) ;
#5605 = CYLINDRICAL_SURFACE ( 'NONE', #541, 0.4500000000000001221 ) ;
#5606 = FACE_OUTER_BOUND ( 'NONE', #6449, .T. ) ;
#5607 = DIRECTION ( 'NONE',  ( -0.000000000000000000, -1.000000000000000000, -0.000000000000000000 ) ) ;
#5608 = CARTESIAN_POINT ( 'NONE',  ( -1.899999999999999911, 0.000000000000000000, 5.500000000000000000 ) ) ;
#5609 = VERTEX_POINT ( 'NONE', #8584 ) ;
#5610 = ADVANCED_FACE ( 'NONE', ( #1400 ), #5366, .F. ) ;
#5611 =( GEOMETRIC_REPRESENTATION_CONTEXT ( 3 ) GLOBAL_UNCERTAINTY_ASSIGNED_CONTEXT ( ( #641 ) ) GLOBAL_UNIT_ASSIGNED_CONTEXT ( ( #471, #9110, #3674 ) ) REPRESENTATION_CONTEXT ( 'NONE', 'WORKASPACE' ) );
#5612 = ORIENTED_EDGE ( 'NONE', *, *, #2274, .F. ) ;
#5613 = EDGE_CURVE ( 'NONE', #9823, #4770, #10182, .T. ) ;
#5614 = EDGE_CURVE ( 'NONE', #9963, #9823, #7181, .T. ) ;
#5615 = CARTESIAN_POINT ( 'NONE',  ( -0.4999999999999987232, 4.500000000000002665, -1.199999999999997069 ) ) ;
#5616 = SURFACE_SIDE_STYLE ('',( #4803 ) ) ;
#5617 = DIRECTION ( 'NONE',  ( 1.053031360026544826E-16, 1.000000000000000000, 0.000000000000000000 ) ) ;
#5618 = VECTOR ( 'NONE', #1763, 1000.000000000000000 ) ;
#5619 = DIRECTION ( 'NONE',  ( 1.000000000000000000, -0.000000000000000000, 0.000000000000000000 ) ) ;
#5620 = PLANE ( 'NONE',  #2803 ) ;
#5621 =( LENGTH_UNIT ( ) NAMED_UNIT ( * ) SI_UNIT ( .MILLI., .METRE. ) );
#5622 = EDGE_CURVE ( 'NONE', #2118, #2805, #253, .T. ) ;
#5623 = FACE_OUTER_BOUND ( 'NONE', #5522, .T. ) ;
#5624 = ORIENTED_EDGE ( 'NONE', *, *, #9585, .F. ) ;
#5625 = DIRECTION ( 'NONE',  ( -1.000000000000000000, 8.673617379884087537E-15, 0.000000000000000000 ) ) ;
#5626 = UNCERTAINTY_MEASURE_WITH_UNIT (LENGTH_MEASURE( 1.000000000000000082E-05 ), #7810, 'distance_accuracy_value', 'NONE');
#5627 = DIRECTION ( 'NONE',  ( 0.000000000000000000, 1.000000000000000000, 0.000000000000000000 ) ) ;
#5628 = CARTESIAN_POINT ( 'NONE',  ( -5.549999999999999822, 4.750000000000000000, 3.200000000000000178 ) ) ;
#5629 =( NAMED_UNIT ( * ) PLANE_ANGLE_UNIT ( ) SI_UNIT ( $, .RADIAN. ) );
#5630 = LINE ( 'NONE', #9553, #10227 ) ;
#5631 = DIRECTION ( 'NONE',  ( -1.000000000000000000, -5.059610138265688673E-15, 8.673617379884037050E-15 ) ) ;
#5632 = CARTESIAN_POINT ( 'NONE',  ( 6.420179204657453731, -2.937096592108939586, -3.202181546672993484 ) ) ;
#5633 = ORIENTED_EDGE ( 'NONE', *, *, #610, .F. ) ;
#5634 = VECTOR ( 'NONE', #4095, 1000.000000000000000 ) ;
#5635 = EDGE_LOOP ( 'NONE', ( #7682, #2031, #8590, #6286 ) ) ;
#5636 = VERTEX_POINT ( 'NONE', #9483 ) ;
#5637 = VERTEX_POINT ( 'NONE', #6224 ) ;
#5638 = CARTESIAN_POINT ( 'NONE',  ( -4.999999999999998224, -6.000000000000000000, 3.500000000000000000 ) ) ;
#5639 = FACE_OUTER_BOUND ( 'NONE', #8975, .T. ) ;
#5640 = DIRECTION ( 'NONE',  ( 0.8682466191274136325, 1.445602896647342664E-15, -0.4961328535521671301 ) ) ;
#5641 = CIRCLE ( 'NONE', #7981, 0.03542486889417800766 ) ;
#5642 = FILL_AREA_STYLE_COLOUR ( '', #999 ) ;
#5643 = DIRECTION ( 'NONE',  ( -0.2543991645254525813, 0.6105579948610756480, 0.7499999999999829026 ) ) ;
#5644 =( NAMED_UNIT ( * ) SI_UNIT ( $, .STERADIAN. ) SOLID_ANGLE_UNIT ( ) );
#5645 = DIRECTION ( 'NONE',  ( 0.000000000000000000, 1.000000000000000000, 0.000000000000000000 ) ) ;
#5646 = SURFACE_SIDE_STYLE ('',( #6422 ) ) ;
#5647 = DIRECTION ( 'NONE',  ( 0.4961328535521698502, -5.296893862580012650E-16, 0.8682466191274119671 ) ) ;
#5648 =( NAMED_UNIT ( * ) PLANE_ANGLE_UNIT ( ) SI_UNIT ( $, .RADIAN. ) );
#5649 = VERTEX_POINT ( 'NONE', #8591 ) ;
#5650 = VERTEX_POINT ( 'NONE', #2345 ) ;
#5651 = CARTESIAN_POINT ( 'NONE',  ( 5.549999999999999822, 4.750000000000000000, 3.200000000000000178 ) ) ;
#5652 =( NAMED_UNIT ( * ) PLANE_ANGLE_UNIT ( ) SI_UNIT ( $, .RADIAN. ) );
#5653 = CARTESIAN_POINT ( 'NONE',  ( 6.212785798360253686, 2.499999999999999556, -2.960449165327015297 ) ) ;
#5654 = DIRECTION ( 'NONE',  ( 0.000000000000000000, 0.000000000000000000, -1.000000000000000000 ) ) ;
#5655 = LINE ( 'NONE', #1603, #1210 ) ;
#5656 = DIRECTION ( 'NONE',  ( 1.000000000000000000, -0.000000000000000000, 0.000000000000000000 ) ) ;
#5657 = COLOUR_RGB ( '',0.1098039215686274495, 0.1098039215686274495, 0.1098039215686274495 ) ;
#5658 = ORIENTED_EDGE ( 'NONE', *, *, #5589, .T. ) ;
#5659 = EDGE_LOOP ( 'NONE', ( #6151, #9213, #9040, #1855 ) ) ;
#5660 = DIRECTION ( 'NONE',  ( -1.000000000000000000, -1.019578823124758518E-47, -4.336808689942028583E-16 ) ) ;
#5661 = DIRECTION ( 'NONE',  ( -0.4961328535521695726, 0.000000000000000000, 0.8682466191274121892 ) ) ;
#5662 = ORIENTED_EDGE ( 'NONE', *, *, #7344, .T. ) ;
#5663 = DIRECTION ( 'NONE',  ( 0.000000000000000000, 0.000000000000000000, 1.000000000000000000 ) ) ;
#5664 = CIRCLE ( 'NONE', #4296, 0.2999999999999192757 ) ;
#5665 = SURFACE_STYLE_USAGE ( .BOTH. , #8813 ) ;
#5666 = VECTOR ( 'NONE', #5916, 1000.000000000000000 ) ;
#5667 = SURFACE_STYLE_FILL_AREA ( #8134 ) ;
#5668 = EDGE_CURVE ( 'NONE', #369, #1251, #4651, .T. ) ;
#5669 = DIRECTION ( 'NONE',  ( -0.4819066211576364944, 0.2377525341402932091, 0.8433503074015559209 ) ) ;
#5670 = EDGE_CURVE ( 'NONE', #7541, #6288, #683, .T. ) ;
#5671 = EDGE_CURVE ( 'NONE', #9511, #2196, #3839, .T. ) ;
#5672 = CARTESIAN_POINT ( 'NONE',  ( 6.349999999999997868, 2.000000000000000000, -0.6874509908007693237 ) ) ;
#5673 = DIRECTION ( 'NONE',  ( -0.9230769230769534373, 0.3846153846153118616, 5.564535518618229178E-14 ) ) ;
#5674 = EDGE_CURVE ( 'NONE', #469, #9765, #1481, .T. ) ;
#5675 = SURFACE_STYLE_FILL_AREA ( #4919 ) ;
#5676 = VERTEX_POINT ( 'NONE', #5428 ) ;
#5677 = MECHANICAL_DESIGN_GEOMETRIC_PRESENTATION_REPRESENTATION (  '', ( #3980 ), #8358 ) ;
#5678 = COLOUR_RGB ( '',0.1098039215686274495, 0.1098039215686274495, 0.1098039215686274495 ) ;
#5679 = PLANE ( 'NONE',  #2417 ) ;
#5680 = EDGE_CURVE ( 'NONE', #1809, #8310, #833, .T. ) ;
#5681 = CARTESIAN_POINT ( 'NONE',  ( -1.725115800834499558, -5.500000000000000000, 3.572418321856495549 ) ) ;
#5682 =( NAMED_UNIT ( * ) SI_UNIT ( $, .STERADIAN. ) SOLID_ANGLE_UNIT ( ) );
#5683 = MECHANICAL_DESIGN_GEOMETRIC_PRESENTATION_REPRESENTATION (  '', ( #6836 ), #669 ) ;
#5684 = DIRECTION ( 'NONE',  ( 1.355252715606882022E-16, -1.000000000000000000, 0.000000000000000000 ) ) ;
#5685 = ORIENTED_EDGE ( 'NONE', *, *, #1843, .T. ) ;
#5686 = VECTOR ( 'NONE', #1096, 1000.000000000000000 ) ;
#5687 = VERTEX_POINT ( 'NONE', #10253 ) ;
#5688 = ORIENTED_EDGE ( 'NONE', *, *, #8622, .F. ) ;
#5689 = ORIENTED_EDGE ( 'NONE', *, *, #10196, .T. ) ;
#5690 = SURFACE_SIDE_STYLE ('',( #7261 ) ) ;
#5691 = SURFACE_SIDE_STYLE ('',( #4091 ) ) ;
#5692 = CARTESIAN_POINT ( 'NONE',  ( -4.400000000000000355, 3.500000000000000000, 0.4000000000000000222 ) ) ;
#5693 = CIRCLE ( 'NONE', #5860, 0.05000000000000056483 ) ;
#5694 = PLANE ( 'NONE',  #10301 ) ;
#5695 = DIRECTION ( 'NONE',  ( 3.469446951953575061E-14, 0.000000000000000000, -1.000000000000000000 ) ) ;
#5696 =( GEOMETRIC_REPRESENTATION_CONTEXT ( 3 ) GLOBAL_UNCERTAINTY_ASSIGNED_CONTEXT ( ( #2979 ) ) GLOBAL_UNIT_ASSIGNED_CONTEXT ( ( #7858, #7011, #7171 ) ) REPRESENTATION_CONTEXT ( 'NONE', 'WORKASPACE' ) );
#5697 = ORIENTED_EDGE ( 'NONE', *, *, #10249, .F. ) ;
#5698 = VERTEX_POINT ( 'NONE', #1548 ) ;
#5699 = DIRECTION ( 'NONE',  ( 5.292964219876011532E-15, 1.256337252201300185E-14, 1.000000000000000000 ) ) ;
#5700 = CARTESIAN_POINT ( 'NONE',  ( -6.693412330956371115, 6.704630743366732482, -2.119339049353549331 ) ) ;
#5701 = MECHANICAL_DESIGN_GEOMETRIC_PRESENTATION_REPRESENTATION (  '', ( #7530 ), #7372 ) ;
#5702 =( NAMED_UNIT ( * ) SI_UNIT ( $, .STERADIAN. ) SOLID_ANGLE_UNIT ( ) );
#5703 = DIRECTION ( 'NONE',  ( -0.000000000000000000, -0.000000000000000000, 1.000000000000000000 ) ) ;
#5704 = CARTESIAN_POINT ( 'NONE',  ( -6.000000000000000000, -1.999999999999999112, 3.500000000000000000 ) ) ;
#5705 = CARTESIAN_POINT ( 'NONE',  ( 5.399999999999989697, -1.891518204694838667, 3.500000000000006661 ) ) ;
#5706 = ORIENTED_EDGE ( 'NONE', *, *, #5340, .F. ) ;
#5707 = ORIENTED_EDGE ( 'NONE', *, *, #8746, .T. ) ;
#5708 = AXIS2_PLACEMENT_3D ( 'NONE', #7536, #6755, #4222 ) ;
#5709 =( NAMED_UNIT ( * ) SI_UNIT ( $, .STERADIAN. ) SOLID_ANGLE_UNIT ( ) );
#5710 = ORIENTED_EDGE ( 'NONE', *, *, #1942, .F. ) ;
#5711 = CARTESIAN_POINT ( 'NONE',  ( 6.958519183380841078, 6.704630743366732482, -1.929257140873634757 ) ) ;
#5712 = CARTESIAN_POINT ( 'NONE',  ( 5.950000000000000178, -2.000000000000000000, 0.8000000000000000444 ) ) ;
#5713 = CARTESIAN_POINT ( 'NONE',  ( -1.600000000000000089, 1.599999999999999867, 5.500000000000000000 ) ) ;
#5714 =( GEOMETRIC_REPRESENTATION_CONTEXT ( 3 ) GLOBAL_UNCERTAINTY_ASSIGNED_CONTEXT ( ( #9611 ) ) GLOBAL_UNIT_ASSIGNED_CONTEXT ( ( #2003, #9918, #8412 ) ) REPRESENTATION_CONTEXT ( 'NONE', 'WORKASPACE' ) );
#5715 =( NAMED_UNIT ( * ) SI_UNIT ( $, .STERADIAN. ) SOLID_ANGLE_UNIT ( ) );
#5716 = SURFACE_SIDE_STYLE ('',( #4073 ) ) ;
#5717 = DIRECTION ( 'NONE',  ( 2.961358209323463018E-15, -2.961358209323485106E-15, -1.000000000000000000 ) ) ;
#5718 = MECHANICAL_DESIGN_GEOMETRIC_PRESENTATION_REPRESENTATION (  '', ( #2368 ), #370 ) ;
#5719 = CARTESIAN_POINT ( 'NONE',  ( -0.5000000000000004441, -4.500000000000002665, -1.200000000000000622 ) ) ;
#5720 =( NAMED_UNIT ( * ) SI_UNIT ( $, .STERADIAN. ) SOLID_ANGLE_UNIT ( ) );
#5721 = UNCERTAINTY_MEASURE_WITH_UNIT (LENGTH_MEASURE( 1.000000000000000082E-05 ), #9700, 'distance_accuracy_value', 'NONE');
#5722 = SURFACE_STYLE_FILL_AREA ( #1157 ) ;
#5723 = EDGE_CURVE ( 'NONE', #6052, #6260, #10011, .T. ) ;
#5725 = VECTOR ( 'NONE', #6098, 1000.000000000000000 ) ;
#5724 = CARTESIAN_POINT ( 'NONE',  ( -4.341536639986061097, -4.054821420274921984, 3.598611123188929728 ) ) ;
#5726 = STYLED_ITEM ( 'NONE', ( #6404 ), #2205 ) ;
#5727 = CARTESIAN_POINT ( 'NONE',  ( -5.999999999999998224, -1.999999999999999112, 0.1999999999999999556 ) ) ;
#5728 = ADVANCED_FACE ( 'NONE', ( #3788 ), #10303, .F. ) ;
#5729 = UNCERTAINTY_MEASURE_WITH_UNIT (LENGTH_MEASURE( 1.000000000000000082E-05 ), #5889, 'distance_accuracy_value', 'NONE');
#5730 = EDGE_CURVE ( 'NONE', #5519, #2925, #500, .T. ) ;
#5731 = VECTOR ( 'NONE', #7337, 1000.000000000000000 ) ;
#5732 = SURFACE_SIDE_STYLE ('',( #2370 ) ) ;
#5733 = CYLINDRICAL_SURFACE ( 'NONE', #1864, 1.000000000000000000 ) ;
#5734 = VECTOR ( 'NONE', #9736, 1000.000000000000000 ) ;
#5735 = VECTOR ( 'NONE', #6391, 1000.000000000000000 ) ;
#5736 = DIRECTION ( 'NONE',  ( 0.000000000000000000, 1.000000000000000000, 0.000000000000000000 ) ) ;
#5737 = PLANE ( 'NONE',  #9493 ) ;
#5738 = ORIENTED_EDGE ( 'NONE', *, *, #8690, .F. ) ;
#5739 = PRESENTATION_LAYER_ASSIGNMENT (  '', '', ( #3694 ) ) ;
#5740 = ORIENTED_EDGE ( 'NONE', *, *, #3289, .F. ) ;
#5741 = ADVANCED_FACE ( 'NONE', ( #3157 ), #7855, .F. ) ;
#5742 = ORIENTED_EDGE ( 'NONE', *, *, #1180, .T. ) ;
#5743 = EDGE_LOOP ( 'NONE', ( #5710, #7050, #9074, #3355 ) ) ;
#5744 = CIRCLE ( 'NONE', #8417, 0.3999999999999858669 ) ;
#5745 =( LENGTH_UNIT ( ) NAMED_UNIT ( * ) SI_UNIT ( .MILLI., .METRE. ) );
#5746 =( NAMED_UNIT ( * ) PLANE_ANGLE_UNIT ( ) SI_UNIT ( $, .RADIAN. ) );
#5747 =( NAMED_UNIT ( * ) PLANE_ANGLE_UNIT ( ) SI_UNIT ( $, .RADIAN. ) );
#5748 = PRESENTATION_LAYER_ASSIGNMENT (  '', '', ( #3213 ) ) ;
#5749 =( NAMED_UNIT ( * ) SI_UNIT ( $, .STERADIAN. ) SOLID_ANGLE_UNIT ( ) );
#5750 = COLOUR_RGB ( '',0.1098039215686274495, 0.1098039215686274495, 0.1098039215686274495 ) ;
#5751 =( NAMED_UNIT ( * ) SI_UNIT ( $, .STERADIAN. ) SOLID_ANGLE_UNIT ( ) );
#5753 = AXIS2_PLACEMENT_3D ( 'NONE', #789, #5487, #8698 ) ;
#5752 = SURFACE_STYLE_USAGE ( .BOTH. , #9818 ) ;
#5754 = EDGE_CURVE ( 'NONE', #4290, #6972, #4946, .T. ) ;
#5755 = ORIENTED_EDGE ( 'NONE', *, *, #7070, .T. ) ;
#5756 = ORIENTED_EDGE ( 'NONE', *, *, #8943, .T. ) ;
#5757 = MECHANICAL_DESIGN_GEOMETRIC_PRESENTATION_REPRESENTATION (  '', ( #6091 ), #2727 ) ;
#5758 = LINE ( 'NONE', #7371, #4319 ) ;
#5759 = AXIS2_PLACEMENT_3D ( 'NONE', #2252, #3592, #1419 ) ;
#5760 = SPHERICAL_SURFACE ( 'NONE', #2801, 0.2999999999999981015 ) ;
#5761 =( LENGTH_UNIT ( ) NAMED_UNIT ( * ) SI_UNIT ( .MILLI., .METRE. ) );
#5762 = COLOUR_RGB ( '',0.1098039215686274495, 0.1098039215686274495, 0.1098039215686274495 ) ;
#5763 = AXIS2_PLACEMENT_3D ( 'NONE', #4029, #8095, #2372 ) ;
#5764 = CARTESIAN_POINT ( 'NONE',  ( 6.300000004164958867, 1.409726619599058317, 0.7999999999999999334 ) ) ;
#5765 = DIRECTION ( 'NONE',  ( 0.000000000000000000, -1.000000000000000000, 0.000000000000000000 ) ) ;
#5766 = DIRECTION ( 'NONE',  ( -1.000000000000000000, 8.881784197001252323E-16, 4.936205012942143035E-16 ) ) ;
#5767 = ORIENTED_EDGE ( 'NONE', *, *, #8493, .T. ) ;
#5768 = UNCERTAINTY_MEASURE_WITH_UNIT (LENGTH_MEASURE( 1.000000000000000082E-05 ), #7374, 'distance_accuracy_value', 'NONE');
#5769 = VERTEX_POINT ( 'NONE', #6586 ) ;
#5770 = DIRECTION ( 'NONE',  ( 4.336808689942028583E-16, 9.403954806578348233E-32, -1.000000000000000000 ) ) ;
#5771 =( NAMED_UNIT ( * ) SI_UNIT ( $, .STERADIAN. ) SOLID_ANGLE_UNIT ( ) );
#5772 = EDGE_LOOP ( 'NONE', ( #7777, #1842, #6980, #10291 ) ) ;
#5773 = AXIS2_PLACEMENT_3D ( 'NONE', #9161, #5966, #1775 ) ;
#5774 = CYLINDRICAL_SURFACE ( 'NONE', #7274, 0.7999999999999994893 ) ;
#5775 = CARTESIAN_POINT ( 'NONE',  ( -5.519112848942166138, 1.462164714140028909, 3.499999999999999112 ) ) ;
#5776 = DIRECTION ( 'NONE',  ( -1.000000000000000000, 0.000000000000000000, 0.000000000000000000 ) ) ;
#5777 = DIRECTION ( 'NONE',  ( -0.000000000000000000, 0.000000000000000000, 1.000000000000000000 ) ) ;
#5778 =( NAMED_UNIT ( * ) SI_UNIT ( $, .STERADIAN. ) SOLID_ANGLE_UNIT ( ) );
#5779 = CARTESIAN_POINT ( 'NONE',  ( 5.676923076923078071, 2.365384615384616751, 3.499999999999956479 ) ) ;
#5780 = CIRCLE ( 'NONE', #3065, 0.2999999999999999334 ) ;
#5781 =( LENGTH_UNIT ( ) NAMED_UNIT ( * ) SI_UNIT ( .MILLI., .METRE. ) );
#5782 = PRESENTATION_STYLE_ASSIGNMENT (( #3436 ) ) ;
#5783 =( GEOMETRIC_REPRESENTATION_CONTEXT ( 3 ) GLOBAL_UNCERTAINTY_ASSIGNED_CONTEXT ( ( #9334 ) ) GLOBAL_UNIT_ASSIGNED_CONTEXT ( ( #3426, #9157, #7581 ) ) REPRESENTATION_CONTEXT ( 'NONE', 'WORKASPACE' ) );
#5784 =( LENGTH_UNIT ( ) NAMED_UNIT ( * ) SI_UNIT ( .MILLI., .METRE. ) );
#5785 = VERTEX_POINT ( 'NONE', #5651 ) ;
#5786 = DIRECTION ( 'NONE',  ( 2.840858515597182442E-13, -3.514479582739302792E-14, 1.000000000000000000 ) ) ;
#5787 = SURFACE_SIDE_STYLE ('',( #7980 ) ) ;
#5788 = EDGE_CURVE ( 'NONE', #6413, #8151, #8063, .T. ) ;
#5789 = LINE ( 'NONE', #7400, #6509 ) ;
#5790 = DIRECTION ( 'NONE',  ( 0.000000000000000000, -1.000000000000000000, -5.923446015530559415E-16 ) ) ;
#5791 = CARTESIAN_POINT ( 'NONE',  ( -5.254546389628786507, -1.415838065489410269, 3.599999999929503147 ) ) ;
#5792 = CARTESIAN_POINT ( 'NONE',  ( -6.000000000000000000, -2.999999999999999112, 1.146410165690351146 ) ) ;
#5793 = ORIENTED_EDGE ( 'NONE', *, *, #2125, .F. ) ;
#5794 = ORIENTED_EDGE ( 'NONE', *, *, #4101, .F. ) ;
#5795 = CIRCLE ( 'NONE', #7119, 0.3000000000000022093 ) ;
#5796 = ORIENTED_EDGE ( 'NONE', *, *, #8496, .F. ) ;
#5797 = DIRECTION ( 'NONE',  ( -1.000000000000000000, 0.000000000000000000, 0.000000000000000000 ) ) ;
#5798 = PRESENTATION_STYLE_ASSIGNMENT (( #3410 ) ) ;
#5799 = FILL_AREA_STYLE ('',( #6464 ) ) ;
#5800 = SURFACE_STYLE_FILL_AREA ( #1498 ) ;
#5801 = SURFACE_STYLE_FILL_AREA ( #10344 ) ;
#5802 = PRESENTATION_LAYER_ASSIGNMENT (  '', '', ( #2600 ) ) ;
#5803 = DIRECTION ( 'NONE',  ( 0.4819066211576367165, -0.2377525341402883519, 0.8433503074015572532 ) ) ;
#5804 = VERTEX_POINT ( 'NONE', #4839 ) ;
#5805 = EDGE_CURVE ( 'NONE', #4358, #4265, #8164, .T. ) ;
#5806 = EDGE_CURVE ( 'NONE', #8741, #5935, #5981, .T. ) ;
#5807 = ORIENTED_EDGE ( 'NONE', *, *, #5942, .F. ) ;
#5808 = ORIENTED_EDGE ( 'NONE', *, *, #818, .T. ) ;
#5809 = CIRCLE ( 'NONE', #10144, 0.3499999999999996447 ) ;
#5810 = EDGE_CURVE ( 'NONE', #2699, #9767, #8273, .T. ) ;
#5811 =( GEOMETRIC_REPRESENTATION_CONTEXT ( 3 ) GLOBAL_UNCERTAINTY_ASSIGNED_CONTEXT ( ( #8282 ) ) GLOBAL_UNIT_ASSIGNED_CONTEXT ( ( #2620, #5841, #5682 ) ) REPRESENTATION_CONTEXT ( 'NONE', 'WORKASPACE' ) );
#5812 = CARTESIAN_POINT ( 'NONE',  ( -1.899999999999999911, 1.500000000000000000, 5.500000000000000000 ) ) ;
#5813 = SURFACE_SIDE_STYLE ('',( #57 ) ) ;
#5814 = CARTESIAN_POINT ( 'NONE',  ( -6.649999999999999467, 3.000000000000000000, -2.094532406675940983 ) ) ;
#5815 =( GEOMETRIC_REPRESENTATION_CONTEXT ( 3 ) GLOBAL_UNCERTAINTY_ASSIGNED_CONTEXT ( ( #8176 ) ) GLOBAL_UNIT_ASSIGNED_CONTEXT ( ( #5082, #2731, #3547 ) ) REPRESENTATION_CONTEXT ( 'NONE', 'WORKASPACE' ) );
#5816 =( NAMED_UNIT ( * ) PLANE_ANGLE_UNIT ( ) SI_UNIT ( $, .RADIAN. ) );
#5817 = CARTESIAN_POINT ( 'NONE',  ( 6.000000000000000000, 3.000000000000000000, 3.500000000000000000 ) ) ;
#5818 = SURFACE_SIDE_STYLE ('',( #7431 ) ) ;
#5819 = PRESENTATION_STYLE_ASSIGNMENT (( #4 ) ) ;
#5820 = ORIENTED_EDGE ( 'NONE', *, *, #7441, .F. ) ;
#5821 = ORIENTED_EDGE ( 'NONE', *, *, #3404, .T. ) ;
#5822 = FILL_AREA_STYLE_COLOUR ( '', #2623 ) ;
#5823 = ORIENTED_EDGE ( 'NONE', *, *, #5730, .F. ) ;
#5824 = FACE_OUTER_BOUND ( 'NONE', #6533, .T. ) ;
#5825 = PRESENTATION_LAYER_ASSIGNMENT (  '', '', ( #6475 ) ) ;
#5826 = CARTESIAN_POINT ( 'NONE',  ( -6.420179204657451955, 2.062903407891060414, -3.202181546672992596 ) ) ;
#5827 = CARTESIAN_POINT ( 'NONE',  ( 6.300000002082478012, 3.000000000000000000, 0.8000000000000000444 ) ) ;
#5828 =( NAMED_UNIT ( * ) SI_UNIT ( $, .STERADIAN. ) SOLID_ANGLE_UNIT ( ) );
#5829 = UNCERTAINTY_MEASURE_WITH_UNIT (LENGTH_MEASURE( 1.000000000000000082E-05 ), #1611, 'distance_accuracy_value', 'NONE');
#5830 = SURFACE_STYLE_USAGE ( .BOTH. , #6704 ) ;
#5831 = DIRECTION ( 'NONE',  ( -1.000000000000000000, 0.000000000000000000, -4.336808689942028583E-16 ) ) ;
#5832 =( NAMED_UNIT ( * ) SI_UNIT ( $, .STERADIAN. ) SOLID_ANGLE_UNIT ( ) );
#5833 = CARTESIAN_POINT ( 'NONE',  ( 6.299999999999994493, -2.000000000000000000, -0.6874509908007694348 ) ) ;
#5834 = ORIENTED_EDGE ( 'NONE', *, *, #2721, .F. ) ;
#5835 = AXIS2_PLACEMENT_3D ( 'NONE', #2654, #278, #9885 ) ;
#5836 = CIRCLE ( 'NONE', #3298, 0.7999999999999994893 ) ;
#5837 = CIRCLE ( 'NONE', #3124, 0.8000000000000003775 ) ;
#5838 = DIRECTION ( 'NONE',  ( 8.182190046914136800E-17, 1.000000000000000000, -4.383240030748453429E-17 ) ) ;
#5839 = DIRECTION ( 'NONE',  ( 0.000000000000000000, 0.000000000000000000, 1.000000000000000000 ) ) ;
#5840 = PRODUCT_DEFINITION_FORMATION_WITH_SPECIFIED_SOURCE ( 'ANY', '', #1244, .NOT_KNOWN. ) ;
#5841 =( NAMED_UNIT ( * ) PLANE_ANGLE_UNIT ( ) SI_UNIT ( $, .RADIAN. ) );
#5842 = FILL_AREA_STYLE ('',( #9662 ) ) ;
#5843 = ORIENTED_EDGE ( 'NONE', *, *, #7152, .T. ) ;
#5844 = VECTOR ( 'NONE', #1488, 1000.000000000000114 ) ;
#5845 =( GEOMETRIC_REPRESENTATION_CONTEXT ( 3 ) GLOBAL_UNCERTAINTY_ASSIGNED_CONTEXT ( ( #5068 ) ) GLOBAL_UNIT_ASSIGNED_CONTEXT ( ( #1018, #4177, #7392 ) ) REPRESENTATION_CONTEXT ( 'NONE', 'WORKASPACE' ) );
#5846 = ORIENTED_EDGE ( 'NONE', *, *, #8504, .F. ) ;
#5847 = DIRECTION ( 'NONE',  ( 1.000000000000000000, -3.268547191124189125E-31, -3.061110680682674975E-14 ) ) ;
#5848 = CYLINDRICAL_SURFACE ( 'NONE', #4392, 0.05000000000000056483 ) ;
#5849 =( GEOMETRIC_REPRESENTATION_CONTEXT ( 3 ) GLOBAL_UNCERTAINTY_ASSIGNED_CONTEXT ( ( #4966 ) ) GLOBAL_UNIT_ASSIGNED_CONTEXT ( ( #9648, #4219, #1669 ) ) REPRESENTATION_CONTEXT ( 'NONE', 'WORKASPACE' ) );
#5850 = DIRECTION ( 'NONE',  ( -0.1179568432022814334, 0.9713257602420880543, 0.2064278339562815312 ) ) ;
#5851 = AXIS2_PLACEMENT_3D ( 'NONE', #762, #3917, #7132 ) ;
#5852 = DIRECTION ( 'NONE',  ( 3.082282563894075765E-31, 1.027427521298013869E-31, -1.000000000000000000 ) ) ;
#5853 = CIRCLE ( 'NONE', #4821, 0.2999999999999999334 ) ;
#5854 = STYLED_ITEM ( 'NONE', ( #5479 ), #5610 ) ;
#5855 = FILL_AREA_STYLE ('',( #7420 ) ) ;
#5856 = ORIENTED_EDGE ( 'NONE', *, *, #7516, .F. ) ;
#5857 = EDGE_CURVE ( 'NONE', #9767, #2273, #901, .T. ) ;
#5858 = MECHANICAL_DESIGN_GEOMETRIC_PRESENTATION_REPRESENTATION (  '', ( #7853 ), #3810 ) ;
#5859 = ORIENTED_EDGE ( 'NONE', *, *, #108, .T. ) ;
#5860 = AXIS2_PLACEMENT_3D ( 'NONE', #7654, #1372, #10167 ) ;
#5861 = EDGE_CURVE ( 'NONE', #5157, #7626, #4055, .T. ) ;
#5862 = EDGE_CURVE ( 'NONE', #5104, #521, #7513, .T. ) ;
#5863 = CARTESIAN_POINT ( 'NONE',  ( 6.305925830945598776, 2.000000000000000444, -0.7110617430582395482 ) ) ;
#5864 = SURFACE_SIDE_STYLE ('',( #1817 ) ) ;
#5865 = AXIS2_PLACEMENT_3D ( 'NONE', #2144, #9990, #6026 ) ;
#5866 = CARTESIAN_POINT ( 'NONE',  ( 1.324581074942552616, -5.271558449006329639, 3.600000000000080469 ) ) ;
#5867 = CARTESIAN_POINT ( 'NONE',  ( -1.891518204694825789, 5.400000000000011902, 3.499999999999992895 ) ) ;
#5868 = ORIENTED_EDGE ( 'NONE', *, *, #7205, .T. ) ;
#5869 = UNCERTAINTY_MEASURE_WITH_UNIT (LENGTH_MEASURE( 1.000000000000000082E-05 ), #10129, 'distance_accuracy_value', 'NONE');
#5870 = ORIENTED_EDGE ( 'NONE', *, *, #5987, .F. ) ;
#5871 =( LENGTH_UNIT ( ) NAMED_UNIT ( * ) SI_UNIT ( .MILLI., .METRE. ) );
#5872 = ORIENTED_EDGE ( 'NONE', *, *, #9249, .F. ) ;
#5873 = CARTESIAN_POINT ( 'NONE',  ( 2.365384615384637179, -5.676923076923070077, 3.499999999999999556 ) ) ;
#5874 = EDGE_CURVE ( 'NONE', #6014, #7380, #2494, .T. ) ;
#5875 = AXIS2_PLACEMENT_3D ( 'NONE', #4108, #5765, #8172 ) ;
#5876 = FACE_OUTER_BOUND ( 'NONE', #5743, .T. ) ;
#5877 =( NAMED_UNIT ( * ) SI_UNIT ( $, .STERADIAN. ) SOLID_ANGLE_UNIT ( ) );
#5878 = DIRECTION ( 'NONE',  ( 0.000000000000000000, 0.000000000000000000, -1.000000000000000000 ) ) ;
#5879 = UNCERTAINTY_MEASURE_WITH_UNIT (LENGTH_MEASURE( 1.000000000000000082E-05 ), #2395, 'distance_accuracy_value', 'NONE');
#5880 = MECHANICAL_DESIGN_GEOMETRIC_PRESENTATION_REPRESENTATION (  '', ( #10213 ), #7032 ) ;
#5881 = FILL_AREA_STYLE ('',( #4273 ) ) ;
#5882 = DIRECTION ( 'NONE',  ( 0.000000000000000000, 0.000000000000000000, 1.000000000000000000 ) ) ;
#5883 = VECTOR ( 'NONE', #6493, 1000.000000000000000 ) ;
#5884 = ORIENTED_EDGE ( 'NONE', *, *, #4950, .T. ) ;
#5885 = FILL_AREA_STYLE_COLOUR ( '', #5939 ) ;
#5886 = EDGE_CURVE ( 'NONE', #648, #5509, #7314, .T. ) ;
#5887 = CIRCLE ( 'NONE', #1349, 0.05000000000000056483 ) ;
#5888 = MECHANICAL_DESIGN_GEOMETRIC_PRESENTATION_REPRESENTATION (  '', ( #2023 ), #9234 ) ;
#5889 =( LENGTH_UNIT ( ) NAMED_UNIT ( * ) SI_UNIT ( .MILLI., .METRE. ) );
#5890 = COLOUR_RGB ( '',1.000000000000000000, 1.000000000000000000, 1.000000000000000000 ) ;
#5891 = FILL_AREA_STYLE ('',( #339 ) ) ;
#5892 = PRESENTATION_STYLE_ASSIGNMENT (( #9239 ) ) ;
#5894 = PRESENTATION_LAYER_ASSIGNMENT (  '', '', ( #7223 ) ) ;
#5893 = UNCERTAINTY_MEASURE_WITH_UNIT (LENGTH_MEASURE( 1.000000000000000082E-05 ), #6722, 'distance_accuracy_value', 'NONE');
#5895 = EDGE_LOOP ( 'NONE', ( #1387, #1309, #9973, #10146 ) ) ;
#5896 = FILL_AREA_STYLE_COLOUR ( '', #5355 ) ;
#5897 = VERTEX_POINT ( 'NONE', #995 ) ;
#5898 = AXIS2_PLACEMENT_3D ( 'NONE', #3816, #7771, #7028 ) ;
#5899 = SURFACE_STYLE_FILL_AREA ( #5244 ) ;
#5900 = CARTESIAN_POINT ( 'NONE',  ( -5.800000000000000711, 4.999999999999999112, 3.299999999999999822 ) ) ;
#5901 = COLOUR_RGB ( '',1.000000000000000000, 1.000000000000000000, 1.000000000000000000 ) ;
#5902 = AXIS2_PLACEMENT_3D ( 'NONE', #2663, #2715, #5114 ) ;
#5903 = CARTESIAN_POINT ( 'NONE',  ( 6.159705218919226510, 2.062903407891059970, -3.053341690607340730 ) ) ;
#5904 = CARTESIAN_POINT ( 'NONE',  ( -4.999999999999995559, 6.000000000000000000, 0.2000000000000000944 ) ) ;
#5905 = AXIS2_PLACEMENT_3D ( 'NONE', #8654, #3014, #2145 ) ;
#5906 = STYLED_ITEM ( 'NONE', ( #7054 ), #8751 ) ;
#5907 = ORIENTED_EDGE ( 'NONE', *, *, #3856, .F. ) ;
#5908 = COLOUR_RGB ( '',0.1098039215686274495, 0.1098039215686274495, 0.1098039215686274495 ) ;
#5909 = EDGE_LOOP ( 'NONE', ( #9353, #7066, #6534, #1495, #2356, #992 ) ) ;
#5910 =( LENGTH_UNIT ( ) NAMED_UNIT ( * ) SI_UNIT ( .MILLI., .METRE. ) );
#5911 =( GEOMETRIC_REPRESENTATION_CONTEXT ( 3 ) GLOBAL_UNCERTAINTY_ASSIGNED_CONTEXT ( ( #2717 ) ) GLOBAL_UNIT_ASSIGNED_CONTEXT ( ( #9211, #8280, #367 ) ) REPRESENTATION_CONTEXT ( 'NONE', 'WORKASPACE' ) );
#5912 = AXIS2_PLACEMENT_3D ( 'NONE', #6538, #9744, #5057 ) ;
#5913 = CARTESIAN_POINT ( 'NONE',  ( -6.547679712131304619, -2.999999999999999112, -2.979052028523558882 ) ) ;
#5914 = PRESENTATION_LAYER_ASSIGNMENT (  '', '', ( #9261 ) ) ;
#5915 = AXIS2_PLACEMENT_3D ( 'NONE', #8535, #9385, #7006 ) ;
#5916 = DIRECTION ( 'NONE',  ( 0.000000000000000000, -1.000000000000000000, 0.000000000000000000 ) ) ;
#5917 = DIRECTION ( 'NONE',  ( 0.000000000000000000, -1.000000000000000000, -2.514091994169285222E-16 ) ) ;
#5918 = FILL_AREA_STYLE ('',( #1101 ) ) ;
#5919 = ORIENTED_EDGE ( 'NONE', *, *, #6369, .T. ) ;
#5920 = STYLED_ITEM ( 'NONE', ( #2646 ), #2935 ) ;
#5921 = ORIENTED_EDGE ( 'NONE', *, *, #5754, .F. ) ;
#5922 = CARTESIAN_POINT ( 'NONE',  ( -2.249999999999989342, 5.399999999999928413, 3.499999999999999556 ) ) ;
#5923 = ORIENTED_EDGE ( 'NONE', *, *, #8548, .F. ) ;
#5924 = CARTESIAN_POINT ( 'NONE',  ( -0.4999999999999986122, 4.500000000000002665, -1.499999999999999334 ) ) ;
#5925 = CARTESIAN_POINT ( 'NONE',  ( 5.279165462126608865, 1.627607477529056546, 3.599999976347726172 ) ) ;
#5926 = PRESENTATION_STYLE_ASSIGNMENT (( #1064 ) ) ;
#5927 = FACE_OUTER_BOUND ( 'NONE', #1390, .T. ) ;
#5928 = FACE_OUTER_BOUND ( 'NONE', #8104, .T. ) ;
#5929 =( NAMED_UNIT ( * ) PLANE_ANGLE_UNIT ( ) SI_UNIT ( $, .RADIAN. ) );
#5930 = UNCERTAINTY_MEASURE_WITH_UNIT (LENGTH_MEASURE( 1.000000000000000082E-05 ), #4787, 'distance_accuracy_value', 'NONE');
#5931 = CARTESIAN_POINT ( 'NONE',  ( -6.305925830945594335, 3.000000000000000000, -0.7110617430582411025 ) ) ;
#5932 = SURFACE_STYLE_USAGE ( .BOTH. , #3540 ) ;
#5933 = ORIENTED_EDGE ( 'NONE', *, *, #828, .T. ) ;
#5934 = CIRCLE ( 'NONE', #5763, 1.000000000000000000 ) ;
#5935 = VERTEX_POINT ( 'NONE', #1713 ) ;
#5936 = EDGE_CURVE ( 'NONE', #1307, #4318, #3314, .T. ) ;
#5937 = DIRECTION ( 'NONE',  ( 0.000000000000000000, -2.861215661182131111E-16, 1.000000000000000000 ) ) ;
#5938 = CIRCLE ( 'NONE', #8957, 0.3500000041649586890 ) ;
#5939 = COLOUR_RGB ( '',1.000000000000000000, 1.000000000000000000, 1.000000000000000000 ) ;
#5940 = SURFACE_STYLE_USAGE ( .BOTH. , #8353 ) ;
#5941 = EDGE_LOOP ( 'NONE', ( #798, #6487, #1375, #8458 ) ) ;
#5942 = EDGE_CURVE ( 'NONE', #3041, #9021, #3983, .T. ) ;
#5943 =( NAMED_UNIT ( * ) PLANE_ANGLE_UNIT ( ) SI_UNIT ( $, .RADIAN. ) );
#5944 = EDGE_LOOP ( 'NONE', ( #9230, #7646, #130, #3619, #4388, #9558, #6694, #3573, #6685, #7188, #6261, #9911, #1462 ) ) ;
#5945 = VECTOR ( 'NONE', #5003, 1000.000000000000000 ) ;
#5946 = CYLINDRICAL_SURFACE ( 'NONE', #9608, 0.04999999999999969746 ) ;
#5947 = SURFACE_SIDE_STYLE ('',( #3557 ) ) ;
#5948 = FILL_AREA_STYLE_COLOUR ( '', #4014 ) ;
#5949 = SURFACE_STYLE_FILL_AREA ( #3605 ) ;
#5950 = VERTEX_POINT ( 'NONE', #2597 ) ;
#5951 = COLOUR_RGB ( '',0.1098039215686274495, 0.1098039215686274495, 0.1098039215686274495 ) ;
#5952 = ORIENTED_EDGE ( 'NONE', *, *, #2335, .F. ) ;
#5953 =( NAMED_UNIT ( * ) SI_UNIT ( $, .STERADIAN. ) SOLID_ANGLE_UNIT ( ) );
#5954 = PRESENTATION_STYLE_ASSIGNMENT (( #8322 ) ) ;
#5955 = PRESENTATION_STYLE_ASSIGNMENT (( #8468 ) ) ;
#5956 = AXIS2_PLACEMENT_3D ( 'NONE', #6242, #3860, #1518 ) ;
#5957 = FILL_AREA_STYLE ('',( #5046 ) ) ;
#5958 = PRESENTATION_STYLE_ASSIGNMENT (( #2750 ) ) ;
#5959 = ORIENTED_EDGE ( 'NONE', *, *, #3714, .T. ) ;
#5960 = LINE ( 'NONE', #5050, #8256 ) ;
#5961 = VERTEX_POINT ( 'NONE', #3419 ) ;
#5962 = UNCERTAINTY_MEASURE_WITH_UNIT (LENGTH_MEASURE( 1.000000000000000082E-05 ), #3927, 'distance_accuracy_value', 'NONE');
#5963 = VERTEX_POINT ( 'NONE', #6635 ) ;
#5964 = LINE ( 'NONE', #1971, #8119 ) ;
#5965 = VERTEX_POINT ( 'NONE', #4154 ) ;
#5966 = DIRECTION ( 'NONE',  ( -0.8682466191274125222, 9.142909181781886702E-17, -0.4961328535521688510 ) ) ;
#5967 = CIRCLE ( 'NONE', #2932, 0.3500000041649588001 ) ;
#5968 = VECTOR ( 'NONE', #6344, 1000.000000000000000 ) ;
#5969 =( LENGTH_UNIT ( ) NAMED_UNIT ( * ) SI_UNIT ( .MILLI., .METRE. ) );
#5970 = FILL_AREA_STYLE_COLOUR ( '', #6065 ) ;
#5971 = UNCERTAINTY_MEASURE_WITH_UNIT (LENGTH_MEASURE( 1.000000000000000082E-05 ), #1600, 'distance_accuracy_value', 'NONE');
#5972 = CARTESIAN_POINT ( 'NONE',  ( 5.253692585977944418, -1.421938931371649284, 3.600000083461044831 ) ) ;
#5973 = CARTESIAN_POINT ( 'NONE',  ( -1.899999999999999911, 0.000000000000000000, 4.299999999999999822 ) ) ;
#5974 = DIRECTION ( 'NONE',  ( 1.000000000000000000, -0.000000000000000000, 0.000000000000000000 ) ) ;
#5975 = DIRECTION ( 'NONE',  ( 0.000000000000000000, 0.000000000000000000, -1.000000000000000000 ) ) ;
#5976 = ORIENTED_EDGE ( 'NONE', *, *, #10060, .T. ) ;
#5977 = VERTEX_POINT ( 'NONE', #3217 ) ;
#5978 = EDGE_CURVE ( 'NONE', #4112, #9492, #5758, .T. ) ;
#5979 = MECHANICAL_DESIGN_GEOMETRIC_PRESENTATION_REPRESENTATION (  '', ( #304 ), #4622 ) ;
#5980 = EDGE_LOOP ( 'NONE', ( #4190, #9526 ) ) ;
#5981 = B_SPLINE_CURVE_WITH_KNOTS ( 'NONE', 3,
 ( #8218, #2495, #9785, #5043 ),
 .UNSPECIFIED., .F., .F.,
 ( 4, 4 ),
 ( 2.211347213673310821E-18, 0.0004695582552225993677 ),
 .UNSPECIFIED. ) ;
#5982 = CARTESIAN_POINT ( 'NONE',  ( -3.949999999999999734, 4.750000000000000000, 3.600000000000001421 ) ) ;
#5983 = EDGE_CURVE ( 'NONE', #9714, #5597, #9101, .T. ) ;
#5984 =( LENGTH_UNIT ( ) NAMED_UNIT ( * ) SI_UNIT ( .MILLI., .METRE. ) );
#5985 = EDGE_CURVE ( 'NONE', #8206, #6848, #8376, .T. ) ;
#5986 = SURFACE_STYLE_USAGE ( .BOTH. , #2776 ) ;
#5987 = EDGE_CURVE ( 'NONE', #3823, #5961, #6510, .T. ) ;
#5988 = CARTESIAN_POINT ( 'NONE',  ( 5.435424868894971340, 2.250000000001297629, 3.600000000000000977 ) ) ;
#5989 = MECHANICAL_DESIGN_GEOMETRIC_PRESENTATION_REPRESENTATION (  '', ( #10164 ), #1131 ) ;
#5990 = ORIENTED_EDGE ( 'NONE', *, *, #1249, .F. ) ;
#5991 = PLANE ( 'NONE',  #1088 ) ;
#5992 = MECHANICAL_DESIGN_GEOMETRIC_PRESENTATION_REPRESENTATION (  '', ( #1804 ), #4971 ) ;
#5993 = EDGE_CURVE ( 'NONE', #3364, #1796, #1163, .T. ) ;
#5994 =( NAMED_UNIT ( * ) SI_UNIT ( $, .STERADIAN. ) SOLID_ANGLE_UNIT ( ) );
#5995 = DIRECTION ( 'NONE',  ( 0.000000000000000000, 0.000000000000000000, -1.000000000000000000 ) ) ;
#5996 = ADVANCED_FACE ( 'NONE', ( #9314 ), #7567, .T. ) ;
#5997 =( NAMED_UNIT ( * ) SI_UNIT ( $, .STERADIAN. ) SOLID_ANGLE_UNIT ( ) );
#5998 = FILL_AREA_STYLE ('',( #5948 ) ) ;
#5999 = DIRECTION ( 'NONE',  ( 0.000000000000000000, 1.000000000000000000, 0.000000000000000000 ) ) ;
#6000 = AXIS2_PLACEMENT_3D ( 'NONE', #8413, #4504, #7720 ) ;
#6001 = FILL_AREA_STYLE_COLOUR ( '', #8996 ) ;
#6002 = ORIENTED_EDGE ( 'NONE', *, *, #4615, .F. ) ;
#6003 = ORIENTED_EDGE ( 'NONE', *, *, #4561, .T. ) ;
#6005 = B_SPLINE_CURVE_WITH_KNOTS ( 'NONE', 3,
 ( #88, #5791, #7985, #135 ),
 .UNSPECIFIED., .F., .F.,
 ( 4, 4 ),
 ( 0.000000000000000000, 1.000000000000000000 ),
 .UNSPECIFIED. ) ;
#6004 = DIRECTION ( 'NONE',  ( -0.000000000000000000, -1.000000000000000000, -0.000000000000000000 ) ) ;
#6006 = ADVANCED_FACE ( 'NONE', ( #5305 ), #6061, .T. ) ;
#6007 = PRESENTATION_STYLE_ASSIGNMENT (( #7672 ) ) ;
#6008 =( LENGTH_UNIT ( ) NAMED_UNIT ( * ) SI_UNIT ( .MILLI., .METRE. ) );
#6009 = FILL_AREA_STYLE_COLOUR ( '', #8269 ) ;
#6010 = DIRECTION ( 'NONE',  ( -0.000000000000000000, -0.000000000000000000, -1.000000000000000000 ) ) ;
#6011 = MECHANICAL_DESIGN_GEOMETRIC_PRESENTATION_REPRESENTATION (  '', ( #7187 ), #505 ) ;
#6012 = ORIENTED_EDGE ( 'NONE', *, *, #10084, .T. ) ;
#6013 = DIRECTION ( 'NONE',  ( 0.000000000000000000, 0.000000000000000000, -1.000000000000000000 ) ) ;
#6014 = VERTEX_POINT ( 'NONE', #5098 ) ;
#6015 = ORIENTED_EDGE ( 'NONE', *, *, #6034, .T. ) ;
#6016 = LINE ( 'NONE', #9214, #9506 ) ;
#6017 = ORIENTED_EDGE ( 'NONE', *, *, #1688, .F. ) ;
#6018 = ADVANCED_FACE ( 'NONE', ( #9260 ), #8323, .F. ) ;
#6019 = DIRECTION ( 'NONE',  ( 0.000000000000000000, -1.000000000000000000, 0.000000000000000000 ) ) ;
#6020 = FILL_AREA_STYLE ('',( #1300 ) ) ;
#6021 = DIRECTION ( 'NONE',  ( 1.000000000000000000, 4.336808689942006692E-15, -3.035766082959404842E-14 ) ) ;
#6022 = PRESENTATION_STYLE_ASSIGNMENT (( #234 ) ) ;
#6023 = UNCERTAINTY_MEASURE_WITH_UNIT (LENGTH_MEASURE( 1.000000000000000082E-05 ), #10127, 'distance_accuracy_value', 'NONE');
#6024 = SURFACE_SIDE_STYLE ('',( #5274 ) ) ;
#6025 = SURFACE_STYLE_FILL_AREA ( #2818 ) ;
#6026 = DIRECTION ( 'NONE',  ( 0.000000000000000000, 0.000000000000000000, 1.000000000000000000 ) ) ;
#6027 = DIRECTION ( 'NONE',  ( 0.000000000000000000, 0.000000000000000000, -1.000000000000000000 ) ) ;
#6028 = ORIENTED_EDGE ( 'NONE', *, *, #4291, .F. ) ;
#6029 =( NAMED_UNIT ( * ) PLANE_ANGLE_UNIT ( ) SI_UNIT ( $, .RADIAN. ) );
#6030 = EDGE_LOOP ( 'NONE', ( #8042, #10290, #730, #8886 ) ) ;
#6031 = CARTESIAN_POINT ( 'NONE',  ( -6.547679712131308172, -1.999999999999999112, -2.979052028523549112 ) ) ;
#6032 = DIRECTION ( 'NONE',  ( -1.000000000000000000, -0.000000000000000000, 0.000000000000000000 ) ) ;
#6033 = STYLED_ITEM ( 'NONE', ( #165 ), #530 ) ;
#6034 = EDGE_CURVE ( 'NONE', #1317, #9963, #9516, .T. ) ;
#6035 = DIRECTION ( 'NONE',  ( 1.053031360026544826E-16, 1.000000000000000000, 0.000000000000000000 ) ) ;
#6036 = CARTESIAN_POINT ( 'NONE',  ( -4.999999999999997335, -5.799999999999998046, 3.299999999999998490 ) ) ;
#6037 = CARTESIAN_POINT ( 'NONE',  ( -6.299999999999997158, -6.704630743366730705, -0.6874509908007694348 ) ) ;
#6038 = DIRECTION ( 'NONE',  ( 0.000000000000000000, -0.2078790956190659789, 0.9781545284895425407 ) ) ;
#6039 = FILL_AREA_STYLE ('',( #3646 ) ) ;
#6040 = ORIENTED_EDGE ( 'NONE', *, *, #6564, .T. ) ;
#6041 = EDGE_CURVE ( 'NONE', #3877, #840, #6993, .T. ) ;
#6042 = STYLED_ITEM ( 'NONE', ( #5926 ), #1815 ) ;
#6043 = SURFACE_SIDE_STYLE ('',( #7767 ) ) ;
#6044 = EDGE_CURVE ( 'NONE', #1810, #2891, #8787, .T. ) ;
#6045 = MECHANICAL_DESIGN_GEOMETRIC_PRESENTATION_REPRESENTATION (  '', ( #8397 ), #1517 ) ;
#6046 = CARTESIAN_POINT ( 'NONE',  ( 6.349999999999997868, 6.704630743366732482, -0.6874509908007693237 ) ) ;
#6047 = CARTESIAN_POINT ( 'NONE',  ( 6.041480816619161587, -6.704630743366731593, -0.8527262566030734403 ) ) ;
#6048 =( NAMED_UNIT ( * ) PLANE_ANGLE_UNIT ( ) SI_UNIT ( $, .RADIAN. ) );
#6049 = PLANE ( 'NONE',  #252 ) ;
#6050 = VECTOR ( 'NONE', #2924, 1000.000000000000000 ) ;
#6051 = PRESENTATION_LAYER_ASSIGNMENT (  '', '', ( #209 ) ) ;
#6052 = VERTEX_POINT ( 'NONE', #5416 ) ;
#6053 = PRESENTATION_LAYER_ASSIGNMENT (  '', '', ( #2368 ) ) ;
#6054 = EDGE_CURVE ( 'NONE', #2771, #2637, #2228, .T. ) ;
#6055 = ORIENTED_EDGE ( 'NONE', *, *, #6481, .F. ) ;
#6056 = VERTEX_POINT ( 'NONE', #1589 ) ;
#6057 =( GEOMETRIC_REPRESENTATION_CONTEXT ( 3 ) GLOBAL_UNCERTAINTY_ASSIGNED_CONTEXT ( ( #4660 ) ) GLOBAL_UNIT_ASSIGNED_CONTEXT ( ( #702, #1420, #8501 ) ) REPRESENTATION_CONTEXT ( 'NONE', 'WORKASPACE' ) );
#6058 = ADVANCED_FACE ( 'NONE', ( #7730 ), #2277, .T. ) ;
#6059 = CARTESIAN_POINT ( 'NONE',  ( -0.7999999999988460786, -7.571435260873167347E-16, 3.300000000024283064 ) ) ;
#6060 = DIRECTION ( 'NONE',  ( -0.000000000000000000, 0.000000000000000000, 1.000000000000000000 ) ) ;
#6061 = CYLINDRICAL_SURFACE ( 'NONE', #2896, 0.4500000000000001221 ) ;
#6062 = MECHANICAL_DESIGN_GEOMETRIC_PRESENTATION_REPRESENTATION (  '', ( #1533 ), #219 ) ;
#6063 = COLOUR_RGB ( '',0.1098039215686274495, 0.1098039215686274495, 0.1098039215686274495 ) ;
#6064 = AXIS2_PLACEMENT_3D ( 'NONE', #6282, #2350, #3846 ) ;
#6065 = COLOUR_RGB ( '',0.1098039215686274495, 0.1098039215686274495, 0.1098039215686274495 ) ;
#6066 = CARTESIAN_POINT ( 'NONE',  ( -6.953886316694598335, -1.999999999999999112, -2.268178905419204305 ) ) ;
#6067 = EDGE_CURVE ( 'NONE', #3670, #2095, #7263, .T. ) ;
#6068 = DIRECTION ( 'NONE',  ( 0.000000000000000000, 1.000000000000000000, 0.000000000000000000 ) ) ;
#6069 = ORIENTED_EDGE ( 'NONE', *, *, #628, .T. ) ;
#6070 = FILL_AREA_STYLE ('',( #10037 ) ) ;
#6071 = ORIENTED_EDGE ( 'NONE', *, *, #113, .F. ) ;
#6072 = TOROIDAL_SURFACE ( 'NONE', #387, 0.03542486889355003776, 0.4000000000000080158 ) ;
#6073 = ORIENTED_EDGE ( 'NONE', *, *, #5391, .T. ) ;
#6074 = DIRECTION ( 'NONE',  ( -1.000000000000000000, 0.000000000000000000, 0.000000000000000000 ) ) ;
#6075 = DIRECTION ( 'NONE',  ( -1.000000000000000000, 1.222978688985946960E-15, 0.000000000000000000 ) ) ;
#6076 = EDGE_LOOP ( 'NONE', ( #7703, #7577, #4192, #4906 ) ) ;
#6077 = PRESENTATION_STYLE_ASSIGNMENT (( #473 ) ) ;
#6078 = STYLED_ITEM ( 'NONE', ( #2089 ), #2707 ) ;
#6079 = CARTESIAN_POINT ( 'NONE',  ( 5.254772037029638909, 1.485104313323919900, 3.599999952015912275 ) ) ;
#6080 = CARTESIAN_POINT ( 'NONE',  ( 2.679334618754728569E-17, -4.500000000000002665, -1.200000000000000400 ) ) ;
#6081 = SURFACE_STYLE_FILL_AREA ( #2859 ) ;
#6082 = CARTESIAN_POINT ( 'NONE',  ( -3.950851657416640350, 4.713095711004409161, 3.500000000000000000 ) ) ;
#6083 = UNCERTAINTY_MEASURE_WITH_UNIT (LENGTH_MEASURE( 1.000000000000000082E-05 ), #3342, 'distance_accuracy_value', 'NONE');
#6084 = CARTESIAN_POINT ( 'NONE',  ( 5.276799523345251153, -1.619028028392738516, 3.600000000000004086 ) ) ;
#6085 =( LENGTH_UNIT ( ) NAMED_UNIT ( * ) SI_UNIT ( .MILLI., .METRE. ) );
#6086 = ORIENTED_EDGE ( 'NONE', *, *, #7849, .F. ) ;
#6087 = ORIENTED_EDGE ( 'NONE', *, *, #5194, .F. ) ;
#6088 = PRESENTATION_STYLE_ASSIGNMENT (( #1310 ) ) ;
#6089 = VERTEX_POINT ( 'NONE', #9626 ) ;
#6090 = MECHANICAL_DESIGN_GEOMETRIC_PRESENTATION_REPRESENTATION (  '', ( #740 ), #9763 ) ;
#6091 = STYLED_ITEM ( 'NONE', ( #8562 ), #6301 ) ;
#6092 = CARTESIAN_POINT ( 'NONE',  ( -0.9999999999941167061, 1.224646799140150168E-16, 7.300000000043382897 ) ) ;
#6093 = AXIS2_PLACEMENT_3D ( 'NONE', #4866, #4815, #3292 ) ;
#6094 = DIRECTION ( 'NONE',  ( -0.4961328535521687955, 0.000000000000000000, -0.8682466191274125222 ) ) ;
#6095 = EDGE_LOOP ( 'NONE', ( #5004, #4668, #911, #4339, #7656, #6732, #4928, #1102, #6002, #8995, #10313, #9431, #3928, #823, #5521 ) ) ;
#6096 = STYLED_ITEM ( 'NONE', ( #8506 ), #6492 ) ;
#6097 = DIRECTION ( 'NONE',  ( -0.000000000000000000, -0.000000000000000000, 1.000000000000000000 ) ) ;
#6098 = DIRECTION ( 'NONE',  ( 0.000000000000000000, 1.000000000000000000, 0.000000000000000000 ) ) ;
#6099 = ORIENTED_EDGE ( 'NONE', *, *, #3974, .T. ) ;
#6100 = CARTESIAN_POINT ( 'NONE',  ( 5.271558449006360725, 1.324581074942564163, 3.200000000000008171 ) ) ;
#6101 = FACE_OUTER_BOUND ( 'NONE', #4343, .T. ) ;
#6102 = CARTESIAN_POINT ( 'NONE',  ( 6.000000000000000000, -5.000000000000000888, 0.1999999999999993450 ) ) ;
#6103 = CIRCLE ( 'NONE', #4580, 0.3999999999999608868 ) ;
#6104 = DIRECTION ( 'NONE',  ( 0.6105579948610704299, -0.2543991645254627953, 0.7499999999999836797 ) ) ;
#6105 =( NAMED_UNIT ( * ) SI_UNIT ( $, .STERADIAN. ) SOLID_ANGLE_UNIT ( ) );
#6106 = COLOUR_RGB ( '',0.1098039215686274495, 0.1098039215686274495, 0.1098039215686274495 ) ;
#6107 = SURFACE_STYLE_FILL_AREA ( #6943 ) ;
#6108 = ORIENTED_EDGE ( 'NONE', *, *, #4415, .F. ) ;
#6109 = ORIENTED_EDGE ( 'NONE', *, *, #2835, .F. ) ;
#6110 = CARTESIAN_POINT ( 'NONE',  ( -5.000000000000000000, -5.800000000000000711, 0.1999999999999971245 ) ) ;
#6111 = VECTOR ( 'NONE', #8116, 1000.000000000000000 ) ;
#6112 = LINE ( 'NONE', #5418, #3623 ) ;
#6113 = ADVANCED_FACE ( 'NONE', ( #1751 ), #5848, .F. ) ;
#6114 = EDGE_CURVE ( 'NONE', #7215, #7989, #577, .T. ) ;
#6115 = CARTESIAN_POINT ( 'NONE',  ( 6.000000000000000000, 4.999999999999996447, 0.4000000000000001887 ) ) ;
#6116 = EDGE_CURVE ( 'NONE', #4008, #7738, #2561, .T. ) ;
#6117 = CARTESIAN_POINT ( 'NONE',  ( 6.547679712131304619, 1.999999999999998668, -2.979052028523552220 ) ) ;
#6118 = ORIENTED_EDGE ( 'NONE', *, *, #8622, .T. ) ;
#6119 = ORIENTED_EDGE ( 'NONE', *, *, #8688, .F. ) ;
#6120 = CARTESIAN_POINT ( 'NONE',  ( -3.600000000000000977, -5.800000000000000711, 3.500000000000000000 ) ) ;
#6121 = SURFACE_STYLE_FILL_AREA ( #3576 ) ;
#6122 = VERTEX_POINT ( 'NONE', #985 ) ;
#6123 =( NAMED_UNIT ( * ) PLANE_ANGLE_UNIT ( ) SI_UNIT ( $, .RADIAN. ) );
#6124 = CARTESIAN_POINT ( 'NONE',  ( 5.271558449006381153, 1.324581074942572823, 3.600000000000001421 ) ) ;
#6125 = SURFACE_SIDE_STYLE ('',( #2034 ) ) ;
#6126 = DIRECTION ( 'NONE',  ( 1.000000000000000000, 0.000000000000000000, 0.000000000000000000 ) ) ;
#6127 = STYLED_ITEM ( 'NONE', ( #4674 ), #3730 ) ;
#6128 = DIRECTION ( 'NONE',  ( 1.000000000000000000, 0.000000000000000000, 0.000000000000000000 ) ) ;
#6129 = FILL_AREA_STYLE ('',( #5222 ) ) ;
#6130 = DIRECTION ( 'NONE',  ( 0.000000000000000000, 0.000000000000000000, -1.000000000000000000 ) ) ;
#6131 = FILL_AREA_STYLE ('',( #6182 ) ) ;
#6132 = CYLINDRICAL_SURFACE ( 'NONE', #5905, 0.3499999999999996447 ) ;
#6133 = ORIENTED_EDGE ( 'NONE', *, *, #5861, .F. ) ;
#6134 = AXIS2_PLACEMENT_3D ( 'NONE', #10130, #9364, #9920 ) ;
#6135 = DIRECTION ( 'NONE',  ( 0.000000000000000000, 0.000000000000000000, -1.000000000000000000 ) ) ;
#6136 = FILL_AREA_STYLE_COLOUR ( '', #9528 ) ;
#6137 = CARTESIAN_POINT ( 'NONE',  ( -4.713095711004410049, -3.950851657416640350, 3.499999999999997780 ) ) ;
#6138 = FACE_OUTER_BOUND ( 'NONE', #536, .T. ) ;
#6139 = VERTEX_POINT ( 'NONE', #202 ) ;
#6140 = AXIS2_PLACEMENT_3D ( 'NONE', #1571, #4551, #7916 ) ;
#6141 = AXIS2_PLACEMENT_3D ( 'NONE', #5562, #3281, #7971 ) ;
#6142 = DIRECTION ( 'NONE',  ( -1.000000000000000000, 0.000000000000000000, 0.000000000000000000 ) ) ;
#6143 = ORIENTED_EDGE ( 'NONE', *, *, #2657, .F. ) ;
#6144 = DIRECTION ( 'NONE',  ( 0.000000000000000000, 0.000000000000000000, -1.000000000000000000 ) ) ;
#6145 =( LENGTH_UNIT ( ) NAMED_UNIT ( * ) SI_UNIT ( .MILLI., .METRE. ) );
#6146 = SURFACE_SIDE_STYLE ('',( #8563 ) ) ;
#6147 = DIRECTION ( 'NONE',  ( 0.000000000000000000, 0.000000000000000000, 1.000000000000000000 ) ) ;
#6148 = SURFACE_STYLE_USAGE ( .BOTH. , #2888 ) ;
#6149 = AXIS2_PLACEMENT_3D ( 'NONE', #1455, #10098, #8589 ) ;
#6150 = SURFACE_SIDE_STYLE ('',( #1479 ) ) ;
#6151 = ORIENTED_EDGE ( 'NONE', *, *, #1577, .F. ) ;
#6152 = ORIENTED_EDGE ( 'NONE', *, *, #8426, .T. ) ;
#6153 = ORIENTED_EDGE ( 'NONE', *, *, #2256, .F. ) ;
#6154 = FACE_OUTER_BOUND ( 'NONE', #809, .T. ) ;
#6155 = SURFACE_STYLE_USAGE ( .BOTH. , #10186 ) ;
#6156 = AXIS2_PLACEMENT_3D ( 'NONE', #9373, #2231, #6995 ) ;
#6157 = VECTOR ( 'NONE', #6382, 1000.000000000000000 ) ;
#6158 = DIRECTION ( 'NONE',  ( 0.000000000000000000, 0.000000000000000000, -1.000000000000000000 ) ) ;
#6159 = DIRECTION ( 'NONE',  ( 0.000000000000000000, 0.000000000000000000, -1.000000000000000000 ) ) ;
#6160 = DIRECTION ( 'NONE',  ( -1.000000000000000000, -0.000000000000000000, -0.000000000000000000 ) ) ;
#6161 = EDGE_CURVE ( 'NONE', #8061, #1622, #147, .T. ) ;
#6162 = PLANE ( 'NONE',  #4039 ) ;
#6163 = AXIS2_PLACEMENT_3D ( 'NONE', #7781, #3887, #674 ) ;
#6164 =( NAMED_UNIT ( * ) SI_UNIT ( $, .STERADIAN. ) SOLID_ANGLE_UNIT ( ) );
#6165 = STYLED_ITEM ( 'NONE', ( #2364 ), #9283 ) ;
#6166 = ORIENTED_EDGE ( 'NONE', *, *, #1089, .F. ) ;
#6167 = EDGE_CURVE ( 'NONE', #9840, #5104, #6516, .T. ) ;
#6168 = ORIENTED_EDGE ( 'NONE', *, *, #7579, .T. ) ;
#6169 = LINE ( 'NONE', #3106, #7114 ) ;
#6170 = VERTEX_POINT ( 'NONE', #8049 ) ;
#6171 = STYLED_ITEM ( 'NONE', ( #10095 ), #5556 ) ;
#6172 = EDGE_CURVE ( 'NONE', #5211, #1537, #6417, .T. ) ;
#6173 = SURFACE_SIDE_STYLE ('',( #4001 ) ) ;
#6174 = MECHANICAL_DESIGN_GEOMETRIC_PRESENTATION_REPRESENTATION (  '', ( #3470 ), #7494 ) ;
#6175 = CARTESIAN_POINT ( 'NONE',  ( 8.398468719939000747E-16, -5.125000000000000000, 3.500000000000001776 ) ) ;
#6176 = PRESENTATION_LAYER_ASSIGNMENT (  '', '', ( #6836 ) ) ;
#6177 = UNCERTAINTY_MEASURE_WITH_UNIT (LENGTH_MEASURE( 1.000000000000000082E-05 ), #7013, 'distance_accuracy_value', 'NONE');
#6178 = CIRCLE ( 'NONE', #10187, 0.8000000000000003775 ) ;
#6179 = DIRECTION ( 'NONE',  ( 1.000000000000000000, 0.000000000000000000, -0.000000000000000000 ) ) ;
#6180 = VECTOR ( 'NONE', #1657, 1000.000000000000000 ) ;
#6181 =( LENGTH_UNIT ( ) NAMED_UNIT ( * ) SI_UNIT ( .MILLI., .METRE. ) );
#6182 = FILL_AREA_STYLE_COLOUR ( '', #8039 ) ;
#6183 = FACE_OUTER_BOUND ( 'NONE', #10310, .T. ) ;
#6184 = VERTEX_POINT ( 'NONE', #9717 ) ;
#6185 = ADVANCED_FACE ( 'NONE', ( #7995 ), #3989, .F. ) ;
#6186 = CARTESIAN_POINT ( 'NONE',  ( 6.420179204657448402, 2.062903407891060414, -3.202181546672993484 ) ) ;
#6187 = ORIENTED_EDGE ( 'NONE', *, *, #1954, .F. ) ;
#6188 = FACE_OUTER_BOUND ( 'NONE', #7111, .T. ) ;
#6189 = CARTESIAN_POINT ( 'NONE',  ( 6.694074169054410106, 2.000000000000000444, -2.070921654418466762 ) ) ;
#6190 = SURFACE_STYLE_FILL_AREA ( #9183 ) ;
#6191 = AXIS2_PLACEMENT_3D ( 'NONE', #7754, #2193, #2767 ) ;
#6192 = EDGE_CURVE ( 'NONE', #7922, #5597, #7661, .T. ) ;
#6193 = ORIENTED_EDGE ( 'NONE', *, *, #4792, .T. ) ;
#6194 = CARTESIAN_POINT ( 'NONE',  ( 6.250000000000000000, 2.499999999999999556, -3.500000000000001332 ) ) ;
#6195 = CARTESIAN_POINT ( 'NONE',  ( -6.159705218919227399, -2.937096592108938697, -3.053341690607342951 ) ) ;
#6196 = FILL_AREA_STYLE ('',( #7029 ) ) ;
#6197 = COLOUR_RGB ( '',0.5019607843137254832, 0.5019607843137254832, 0.5019607843137254832 ) ;
#6198 =( NAMED_UNIT ( * ) PLANE_ANGLE_UNIT ( ) SI_UNIT ( $, .RADIAN. ) );
#6199 = LINE ( 'NONE', #715, #3669 ) ;
#6200 = FILL_AREA_STYLE_COLOUR ( '', #2625 ) ;
#6201 =( NAMED_UNIT ( * ) SI_UNIT ( $, .STERADIAN. ) SOLID_ANGLE_UNIT ( ) );
#6202 = VECTOR ( 'NONE', #1776, 1000.000000000000000 ) ;
#6203 = AXIS2_PLACEMENT_3D ( 'NONE', #1933, #3486, #3390 ) ;
#6204 = ORIENTED_EDGE ( 'NONE', *, *, #7907, .F. ) ;
#6205 = DIRECTION ( 'NONE',  ( -0.8682466191274121892, 9.142909181781881772E-17, -0.4961328535521695171 ) ) ;
#6206 =( GEOMETRIC_REPRESENTATION_CONTEXT ( 3 ) GLOBAL_UNCERTAINTY_ASSIGNED_CONTEXT ( ( #6994 ) ) GLOBAL_UNIT_ASSIGNED_CONTEXT ( ( #8429, #5816, #2649 ) ) REPRESENTATION_CONTEXT ( 'NONE', 'WORKASPACE' ) );
#6207 = CARTESIAN_POINT ( 'NONE',  ( -5.435424868893543149, 1.599999999999999867, 3.600000000000000089 ) ) ;
#6208 = AXIS2_PLACEMENT_3D ( 'NONE', #353, #5850, #5187 ) ;
#6209 = AXIS2_PLACEMENT_3D ( 'NONE', #3950, #5703, #7167 ) ;
#6210 = CARTESIAN_POINT ( 'NONE',  ( -6.693412330956371115, 3.000000000000000000, -2.119339049353549331 ) ) ;
#6211 =( LENGTH_UNIT ( ) NAMED_UNIT ( * ) SI_UNIT ( .MILLI., .METRE. ) );
#6212 = CARTESIAN_POINT ( 'NONE',  ( 0.4999999999999988343, 4.500000000000002665, -1.499999999999998890 ) ) ;
#6213 = FACE_OUTER_BOUND ( 'NONE', #5254, .T. ) ;
#6214 = MECHANICAL_DESIGN_GEOMETRIC_PRESENTATION_REPRESENTATION (  '', ( #6714 ), #7395 ) ;
#6215 = CARTESIAN_POINT ( 'NONE',  ( 6.547679712131308172, -3.000000000000000000, -2.979052028523551332 ) ) ;
#6216 = AXIS2_PLACEMENT_3D ( 'NONE', #8253, #5937, #1845 ) ;
#6217 = FACE_OUTER_BOUND ( 'NONE', #5411, .T. ) ;
#6218 = ORIENTED_EDGE ( 'NONE', *, *, #9585, .T. ) ;
#6219 = EDGE_CURVE ( 'NONE', #896, #6288, #7082, .T. ) ;
#6220 = VERTEX_POINT ( 'NONE', #4295 ) ;
#6221 = COLOUR_RGB ( '',0.1098039215686274495, 0.1098039215686274495, 0.1098039215686274495 ) ;
#6222 =( LENGTH_UNIT ( ) NAMED_UNIT ( * ) SI_UNIT ( .MILLI., .METRE. ) );
#6223 = CIRCLE ( 'NONE', #1701, 0.8000000000000003775 ) ;
#6224 = CARTESIAN_POINT ( 'NONE',  ( -6.300000002082476236, -2.999999999999999112, 0.7999999999999999334 ) ) ;
#6225 = DIRECTION ( 'NONE',  ( 3.006455034846200772E-16, -6.012910069692402531E-16, 1.000000000000000000 ) ) ;
#6226 = PRESENTATION_LAYER_ASSIGNMENT (  '', '', ( #557 ) ) ;
#6227 = CIRCLE ( 'NONE', #1705, 0.8000000000000003775 ) ;
#6228 = CARTESIAN_POINT ( 'NONE',  ( -6.693412330956371115, 2.000000000000000444, -2.119339049353549331 ) ) ;
#6229 = SURFACE_SIDE_STYLE ('',( #9437 ) ) ;
#6230 = CARTESIAN_POINT ( 'NONE',  ( 5.358951845520391721, -1.793347961143219260, 3.599999921031964423 ) ) ;
#6231 = CIRCLE ( 'NONE', #8080, 0.04999999999999969746 ) ;
#6232 = CIRCLE ( 'NONE', #1067, 5.885424868893536221 ) ;
#6233 = ORIENTED_EDGE ( 'NONE', *, *, #6560, .F. ) ;
#6234 = PRESENTATION_LAYER_ASSIGNMENT (  '', '', ( #6911 ) ) ;
#6235 = EDGE_LOOP ( 'NONE', ( #6118, #5868, #6187, #6015 ) ) ;
#6236 =( GEOMETRIC_REPRESENTATION_CONTEXT ( 3 ) GLOBAL_UNCERTAINTY_ASSIGNED_CONTEXT ( ( #6023 ) ) GLOBAL_UNIT_ASSIGNED_CONTEXT ( ( #10127, #6198, #1383 ) ) REPRESENTATION_CONTEXT ( 'NONE', 'WORKASPACE' ) );
#6237 = FILL_AREA_STYLE_COLOUR ( '', #3888 ) ;
#6238 = PRESENTATION_STYLE_ASSIGNMENT (( #5232 ) ) ;
#6239 = STYLED_ITEM ( 'NONE', ( #3908 ), #7514 ) ;
#6240 = DIRECTION ( 'NONE',  ( 0.000000000000000000, 0.000000000000000000, 1.000000000000000000 ) ) ;
#6241 = VECTOR ( 'NONE', #2174, 1000.000000000000114 ) ;
#6242 = CARTESIAN_POINT ( 'NONE',  ( -5.000000000000000000, 5.000000000000000000, 3.500000000000000000 ) ) ;
#6243 = EDGE_CURVE ( 'NONE', #9802, #3364, #1124, .T. ) ;
#6244 = SURFACE_STYLE_FILL_AREA ( #3863 ) ;
#6245 = ADVANCED_FACE ( 'NONE', ( #1956 ), #9192, .T. ) ;
#6246 =( NAMED_UNIT ( * ) SI_UNIT ( $, .STERADIAN. ) SOLID_ANGLE_UNIT ( ) );
#6247 = CIRCLE ( 'NONE', #7921, 0.3999999999999929723 ) ;
#6248 = EDGE_LOOP ( 'NONE', ( #3403, #2027, #8437, #8706 ) ) ;
#6249 =( NAMED_UNIT ( * ) PLANE_ANGLE_UNIT ( ) SI_UNIT ( $, .RADIAN. ) );
#6250 = FACE_OUTER_BOUND ( 'NONE', #10311, .T. ) ;
#6251 = CIRCLE ( 'NONE', #5759, 0.04999999999999969746 ) ;
#6252 = UNCERTAINTY_MEASURE_WITH_UNIT (LENGTH_MEASURE( 1.000000000000000082E-05 ), #7017, 'distance_accuracy_value', 'NONE');
#6253 = DIRECTION ( 'NONE',  ( 0.000000000000000000, 0.000000000000000000, -1.000000000000000000 ) ) ;
#6254 = DIRECTION ( 'NONE',  ( -0.000000000000000000, -1.000000000000000000, -0.000000000000000000 ) ) ;
#6255 = PRESENTATION_LAYER_ASSIGNMENT (  '', '', ( #9277 ) ) ;
#6256 = CARTESIAN_POINT ( 'NONE',  ( -4.999999999999995559, 5.800000000000000711, 3.500000000000000888 ) ) ;
#6257 = COLOUR_RGB ( '',1.000000000000000000, 1.000000000000000000, 1.000000000000000000 ) ;
#6258 = ADVANCED_FACE ( 'NONE', ( #350 ), #6049, .T. ) ;
#6259 = ORIENTED_EDGE ( 'NONE', *, *, #5391, .F. ) ;
#6260 = VERTEX_POINT ( 'NONE', #4610 ) ;
#6261 = ORIENTED_EDGE ( 'NONE', *, *, #10272, .F. ) ;
#6262 = DIRECTION ( 'NONE',  ( -0.000000000000000000, -0.000000000000000000, 1.000000000000000000 ) ) ;
#6263 = FILL_AREA_STYLE_COLOUR ( '', #5115 ) ;
#6264 = UNCERTAINTY_MEASURE_WITH_UNIT (LENGTH_MEASURE( 1.000000000000000082E-05 ), #7653, 'distance_accuracy_value', 'NONE');
#6265 = DIRECTION ( 'NONE',  ( -0.4819066211576255032, -0.2377525341402909609, -0.8433503074015629153 ) ) ;
#6266 = CARTESIAN_POINT ( 'NONE',  ( 1.891518204694818239, 5.435424868893528938, 3.199999999999999734 ) ) ;
#6267 =( NAMED_UNIT ( * ) PLANE_ANGLE_UNIT ( ) SI_UNIT ( $, .RADIAN. ) );
#6268 = SURFACE_SIDE_STYLE ('',( #9630 ) ) ;
#6269 = VECTOR ( 'NONE', #1195, 1000.000000000000000 ) ;
#6270 = PRESENTATION_STYLE_ASSIGNMENT (( #10245 ) ) ;
#6271 = SURFACE_STYLE_USAGE ( .BOTH. , #1451 ) ;
#6272 = ORIENTED_EDGE ( 'NONE', *, *, #4060, .F. ) ;
#6273 = VERTEX_POINT ( 'NONE', #5454 ) ;
#6274 = CARTESIAN_POINT ( 'NONE',  ( -5.950000000000000178, 2.000000000000000000, 0.8000000000000000444 ) ) ;
#6275 =( LENGTH_UNIT ( ) NAMED_UNIT ( * ) SI_UNIT ( .MILLI., .METRE. ) );
#6276 = CARTESIAN_POINT ( 'NONE',  ( -1.600000000000000089, -1.599999999999999867, 5.500000000000000000 ) ) ;
#6277 = STYLED_ITEM ( 'NONE', ( #9727 ), #7122 ) ;
#6278 = DIRECTION ( 'NONE',  ( -0.000000000000000000, -0.000000000000000000, 1.000000000000000000 ) ) ;
#6279 = CARTESIAN_POINT ( 'NONE',  ( 1.283695372222837250E-13, 1.756407519426517183E-14, 3.500000000000001332 ) ) ;
#6280 = DIRECTION ( 'NONE',  ( 0.000000000000000000, 0.000000000000000000, -1.000000000000000000 ) ) ;
#6281 =( LENGTH_UNIT ( ) NAMED_UNIT ( * ) SI_UNIT ( .MILLI., .METRE. ) );
#6282 = CARTESIAN_POINT ( 'NONE',  ( 1.891518204694822014, 5.400000000000009237, 3.600000000000003642 ) ) ;
#6283 = CARTESIAN_POINT ( 'NONE',  ( 0.000000000000000000, -1.500000000000000000, 5.500000000000000000 ) ) ;
#6284 = AXIS2_PLACEMENT_3D ( 'NONE', #4041, #1638, #145 ) ;
#6285 = CARTESIAN_POINT ( 'NONE',  ( -1.599999999999998979, -5.800000000000000711, 3.499999999999999556 ) ) ;
#6286 = ORIENTED_EDGE ( 'NONE', *, *, #6322, .F. ) ;
#6287 = PLANE ( 'NONE',  #6439 ) ;
#6288 = VERTEX_POINT ( 'NONE', #4662 ) ;
#6289 = PLANE ( 'NONE',  #8930 ) ;
#6290 =( NAMED_UNIT ( * ) PLANE_ANGLE_UNIT ( ) SI_UNIT ( $, .RADIAN. ) );
#6291 = VECTOR ( 'NONE', #8158, 1000.000000000000000 ) ;
#6292 = FACE_OUTER_BOUND ( 'NONE', #2783, .T. ) ;
#6293 =( NAMED_UNIT ( * ) SI_UNIT ( $, .STERADIAN. ) SOLID_ANGLE_UNIT ( ) );
#6294 = DIRECTION ( 'NONE',  ( 0.000000000000000000, 0.000000000000000000, 1.000000000000000000 ) ) ;
#6295 = LINE ( 'NONE', #8662, #5159 ) ;
#6296 = EDGE_CURVE ( 'NONE', #5104, #7964, #9919, .T. ) ;
#6297 = DIRECTION ( 'NONE',  ( -1.000000000000000000, 0.000000000000000000, 0.000000000000000000 ) ) ;
#6298 = ORIENTED_EDGE ( 'NONE', *, *, #1241, .F. ) ;
#6299 = COLOUR_RGB ( '',1.000000000000000000, 1.000000000000000000, 1.000000000000000000 ) ;
#6300 = FILL_AREA_STYLE ('',( #6936 ) ) ;
#6301 = ADVANCED_FACE ( 'NONE', ( #10330 ), #556, .F. ) ;
#6302 =( LENGTH_UNIT ( ) NAMED_UNIT ( * ) SI_UNIT ( .MILLI., .METRE. ) );
#6303 = SURFACE_SIDE_STYLE ('',( #4816 ) ) ;
#6304 =( NAMED_UNIT ( * ) PLANE_ANGLE_UNIT ( ) SI_UNIT ( $, .RADIAN. ) );
#6305 = DIRECTION ( 'NONE',  ( 3.491483361109382461E-15, -0.000000000000000000, -1.000000000000000000 ) ) ;
#6306 = CARTESIAN_POINT ( 'NONE',  ( -5.400000000000103384, -2.250000000000026201, 3.199999999999982858 ) ) ;
#6307 = AXIS2_PLACEMENT_3D ( 'NONE', #8828, #4819, #5736 ) ;
#6308 = SURFACE_SIDE_STYLE ('',( #7988 ) ) ;
#6309 = ORIENTED_EDGE ( 'NONE', *, *, #4348, .F. ) ;
#6310 = EDGE_CURVE ( 'NONE', #1144, #7990, #2113, .T. ) ;
#6311 = ORIENTED_EDGE ( 'NONE', *, *, #7568, .T. ) ;
#6312 = VERTEX_POINT ( 'NONE', #2265 ) ;
#6313 = EDGE_CURVE ( 'NONE', #2904, #143, #4500, .T. ) ;
#6314 = COLOUR_RGB ( '',1.000000000000000000, 1.000000000000000000, 1.000000000000000000 ) ;
#6315 = SURFACE_SIDE_STYLE ('',( #3934 ) ) ;
#6316 =( NAMED_UNIT ( * ) SI_UNIT ( $, .STERADIAN. ) SOLID_ANGLE_UNIT ( ) );
#6317 = CARTESIAN_POINT ( 'NONE',  ( 1.599999999996750910, -1.899999999999999689, 7.299999999999998934 ) ) ;
#6318 = CARTESIAN_POINT ( 'NONE',  ( -1.599999999999998979, -5.552651906265968940, 3.499999999999987566 ) ) ;
#6319 = MECHANICAL_DESIGN_GEOMETRIC_PRESENTATION_REPRESENTATION (  '', ( #474 ), #7650 ) ;
#6320 = PRESENTATION_LAYER_ASSIGNMENT (  '', '', ( #8839 ) ) ;
#6321 = FILL_AREA_STYLE ('',( #7681 ) ) ;
#6322 = EDGE_CURVE ( 'NONE', #9633, #1622, #8272, .T. ) ;
#6323 = ORIENTED_EDGE ( 'NONE', *, *, #1865, .T. ) ;
#6324 = ORIENTED_EDGE ( 'NONE', *, *, #4179, .F. ) ;
#6325 = SURFACE_STYLE_FILL_AREA ( #2181 ) ;
#6326 = COLOUR_RGB ( '',0.1098039215686274495, 0.1098039215686274495, 0.1098039215686274495 ) ;
#6327 = MECHANICAL_DESIGN_GEOMETRIC_PRESENTATION_REPRESENTATION (  '', ( #5133 ), #3291 ) ;
#6328 = CARTESIAN_POINT ( 'NONE',  ( 4.750000000000000000, -4.750000000000000000, 3.200000000000000178 ) ) ;
#6329 = CARTESIAN_POINT ( 'NONE',  ( 5.999999999999997335, 0.000000000000000000, -0.6874509908007687686 ) ) ;
#6330 = FILL_AREA_STYLE_COLOUR ( '', #9595 ) ;
#6331 = CIRCLE ( 'NONE', #8196, 0.1999999999999996503 ) ;
#6332 = SURFACE_STYLE_FILL_AREA ( #10306 ) ;
#6333 =( GEOMETRIC_REPRESENTATION_CONTEXT ( 3 ) GLOBAL_UNCERTAINTY_ASSIGNED_CONTEXT ( ( #1017 ) ) GLOBAL_UNIT_ASSIGNED_CONTEXT ( ( #9336, #3743, #4533 ) ) REPRESENTATION_CONTEXT ( 'NONE', 'WORKASPACE' ) );
#6334 =( NAMED_UNIT ( * ) PLANE_ANGLE_UNIT ( ) SI_UNIT ( $, .RADIAN. ) );
#6335 = CARTESIAN_POINT ( 'NONE',  ( 6.000000000000000000, -3.000000000000000000, 1.146410165690350924 ) ) ;
#6336 = ORIENTED_EDGE ( 'NONE', *, *, #3831, .T. ) ;
#6337 = EDGE_CURVE ( 'NONE', #4303, #3715, #4568, .T. ) ;
#6338 = VERTEX_POINT ( 'NONE', #5403 ) ;
#6339 =( GEOMETRIC_REPRESENTATION_CONTEXT ( 3 ) GLOBAL_UNCERTAINTY_ASSIGNED_CONTEXT ( ( #8341 ) ) GLOBAL_UNIT_ASSIGNED_CONTEXT ( ( #2336, #2390, #6419 ) ) REPRESENTATION_CONTEXT ( 'NONE', 'WORKASPACE' ) );
#6340 = DIRECTION ( 'NONE',  ( -0.000000000000000000, -1.000000000000000000, -0.000000000000000000 ) ) ;
#6341 = CARTESIAN_POINT ( 'NONE',  ( -1.788623860227315676, -5.500440179941445962, 3.585041640414893482 ) ) ;
#6342 =( GEOMETRIC_REPRESENTATION_CONTEXT ( 3 ) GLOBAL_UNCERTAINTY_ASSIGNED_CONTEXT ( ( #6803 ) ) GLOBAL_UNIT_ASSIGNED_CONTEXT ( ( #9974, #7576, #9931 ) ) REPRESENTATION_CONTEXT ( 'NONE', 'WORKASPACE' ) );
#6343 = CARTESIAN_POINT ( 'NONE',  ( -6.420179204657451955, 2.937096592108938253, -3.202181546672994372 ) ) ;
#6344 = DIRECTION ( 'NONE',  ( 0.000000000000000000, 0.000000000000000000, 1.000000000000000000 ) ) ;
#6345 = SURFACE_SIDE_STYLE ('',( #5341 ) ) ;
#6346 =( NAMED_UNIT ( * ) SI_UNIT ( $, .STERADIAN. ) SOLID_ANGLE_UNIT ( ) );
#6347 = PRESENTATION_STYLE_ASSIGNMENT (( #5567 ) ) ;
#6348 = VECTOR ( 'NONE', #6986, 1000.000000000000000 ) ;
#6349 = EDGE_LOOP ( 'NONE', ( #7303, #2117, #6962, #9713, #1923 ) ) ;
#6350 = COLOUR_RGB ( '',0.5019607843137254832, 0.5019607843137254832, 0.5019607843137254832 ) ;
#6351 = FILL_AREA_STYLE ('',( #4757 ) ) ;
#6352 = ADVANCED_FACE ( 'NONE', ( #9412 ), #3135, .F. ) ;
#6353 = EDGE_CURVE ( 'NONE', #1582, #7465, #5934, .T. ) ;
#6354 = PLANE ( 'NONE',  #7253 ) ;
#6355 = DIRECTION ( 'NONE',  ( 0.000000000000000000, 0.000000000000000000, -1.000000000000000000 ) ) ;
#6356 = AXIS2_PLACEMENT_3D ( 'NONE', #8539, #2042, #1354 ) ;
#6357 = FILL_AREA_STYLE_COLOUR ( '', #131 ) ;
#6358 = ORIENTED_EDGE ( 'NONE', *, *, #5993, .F. ) ;
#6359 = ORIENTED_EDGE ( 'NONE', *, *, #4419, .T. ) ;
#6360 = ORIENTED_EDGE ( 'NONE', *, *, #8302, .T. ) ;
#6361 = VERTEX_POINT ( 'NONE', #4084 ) ;
#6362 = AXIS2_PLACEMENT_3D ( 'NONE', #2391, #10242, #4673 ) ;
#6363 = DIRECTION ( 'NONE',  ( -4.900241895855788831E-16, -4.900241895855782914E-16, -1.000000000000000000 ) ) ;
#6364 = DIRECTION ( 'NONE',  ( 0.000000000000000000, 0.000000000000000000, 1.000000000000000000 ) ) ;
#6365 = EDGE_CURVE ( 'NONE', #4770, #8541, #10268, .T. ) ;
#6366 = CYLINDRICAL_SURFACE ( 'NONE', #2322, 0.04999999999999969746 ) ;
#6367 = SURFACE_STYLE_USAGE ( .BOTH. , #7154 ) ;
#6368 =( NAMED_UNIT ( * ) SI_UNIT ( $, .STERADIAN. ) SOLID_ANGLE_UNIT ( ) );
#6369 = EDGE_CURVE ( 'NONE', #8142, #2742, #6590, .T. ) ;
#6370 = VECTOR ( 'NONE', #7490, 1000.000000000000000 ) ;
#6371 = DIRECTION ( 'NONE',  ( 0.000000000000000000, 0.000000000000000000, -1.000000000000000000 ) ) ;
#6372 = CARTESIAN_POINT ( 'NONE',  ( -3.600000000000001421, -6.000000000000000000, 3.299999999999999822 ) ) ;
#6373 = AXIS2_PLACEMENT_3D ( 'NONE', #3941, #1085, #5533 ) ;
#6374 = ORIENTED_EDGE ( 'NONE', *, *, #8747, .F. ) ;
#6375 = ORIENTED_EDGE ( 'NONE', *, *, #2157, .T. ) ;
#6376 = PRESENTATION_LAYER_ASSIGNMENT (  '', '', ( #2685 ) ) ;
#6377 = SURFACE_STYLE_FILL_AREA ( #3159 ) ;
#6378 = ADVANCED_FACE ( 'NONE', ( #6504 ), #5679, .F. ) ;
#6379 = VECTOR ( 'NONE', #836, 1000.000000000000000 ) ;
#6380 = FACE_OUTER_BOUND ( 'NONE', #8913, .T. ) ;
#6381 = EDGE_CURVE ( 'NONE', #1494, #9560, #4059, .T. ) ;
#6382 = DIRECTION ( 'NONE',  ( 0.000000000000000000, 0.000000000000000000, 1.000000000000000000 ) ) ;
#6383 = CARTESIAN_POINT ( 'NONE',  ( -3.600000000000000977, -5.500000000000000000, 0.000000000000000000 ) ) ;
#6384 = ORIENTED_EDGE ( 'NONE', *, *, #4959, .F. ) ;
#6385 = ORIENTED_EDGE ( 'NONE', *, *, #9804, .F. ) ;
#6386 = CARTESIAN_POINT ( 'NONE',  ( 6.000000000000000000, 5.000000000000000000, 0.4000000000000000222 ) ) ;
#6387 = EDGE_LOOP ( 'NONE', ( #2329, #6508, #5038, #3835 ) ) ;
#6388 = PRESENTATION_LAYER_ASSIGNMENT (  '', '', ( #2202 ) ) ;
#6389 = SURFACE_STYLE_FILL_AREA ( #7966 ) ;
#6390 = CARTESIAN_POINT ( 'NONE',  ( -1.891518204694829564, -5.543789693198333701, 3.585041640414893482 ) ) ;
#6391 = DIRECTION ( 'NONE',  ( -1.053031360026544826E-16, -1.000000000000000000, -0.000000000000000000 ) ) ;
#6392 = STYLED_ITEM ( 'NONE', ( #6654 ), #8856 ) ;
#6393 = SURFACE_STYLE_USAGE ( .BOTH. , #6495 ) ;
#6394 = AXIS2_PLACEMENT_3D ( 'NONE', #804, #3960, #4804 ) ;
#6395 = DIRECTION ( 'NONE',  ( 0.000000000000000000, -1.000000000000000000, 0.000000000000000000 ) ) ;
#6396 = CARTESIAN_POINT ( 'NONE',  ( 5.400000000000076739, 2.250000000000024425, 3.499999999999916511 ) ) ;
#6397 = AXIS2_PLACEMENT_3D ( 'NONE', #5705, #118, #2410 ) ;
#6398 = STYLED_ITEM ( 'NONE', ( #1974 ), #7640 ) ;
#6399 = CARTESIAN_POINT ( 'NONE',  ( 6.000000000000000000, -2.000000000000000000, 3.500000000000000000 ) ) ;
#6400 = DIRECTION ( 'NONE',  ( -1.222978688985946960E-15, 1.000000000000000000, 0.000000000000000000 ) ) ;
#6401 = CARTESIAN_POINT ( 'NONE',  ( -6.000000000000000888, 3.499999999999999556, 0.4000000000000000222 ) ) ;
#6402 = CIRCLE ( 'NONE', #1073, 0.8000000000000003775 ) ;
#6403 = CARTESIAN_POINT ( 'NONE',  ( -2.263624949575236744, 5.432699878980547403, 3.600000000000000533 ) ) ;
#6404 = PRESENTATION_STYLE_ASSIGNMENT (( #7929 ) ) ;
#6405 = SURFACE_STYLE_USAGE ( .BOTH. , #9806 ) ;
#6406 = AXIS2_PLACEMENT_3D ( 'NONE', #7779, #3043, #7099 ) ;
#6407 = DIRECTION ( 'NONE',  ( 1.055607311520603873E-62, 1.000000000000000000, 1.027427521298030948E-31 ) ) ;
#6408 = ORIENTED_EDGE ( 'NONE', *, *, #1679, .T. ) ;
#6409 = AXIS2_PLACEMENT_3D ( 'NONE', #4800, #8812, #4451 ) ;
#6410 = ORIENTED_EDGE ( 'NONE', *, *, #4618, .F. ) ;
#6411 =( GEOMETRIC_REPRESENTATION_CONTEXT ( 3 ) GLOBAL_UNCERTAINTY_ASSIGNED_CONTEXT ( ( #1143 ) ) GLOBAL_UNIT_ASSIGNED_CONTEXT ( ( #8378, #9969, #10032 ) ) REPRESENTATION_CONTEXT ( 'NONE', 'WORKASPACE' ) );
#6412 = ORIENTED_EDGE ( 'NONE', *, *, #475, .F. ) ;
#6413 = VERTEX_POINT ( 'NONE', #6401 ) ;
#6414 = LINE ( 'NONE', #5638, #4547 ) ;
#6415 = DIRECTION ( 'NONE',  ( 1.168573686247926849E-31, 1.000000000000000000, 2.221018656992604067E-15 ) ) ;
#6416 = PRESENTATION_STYLE_ASSIGNMENT (( #258 ) ) ;
#6417 = CIRCLE ( 'NONE', #8101, 1.000000000000000000 ) ;
#6418 = CARTESIAN_POINT ( 'NONE',  ( 2.250000000000018208, 5.400000000000054534, 3.199999999999997513 ) ) ;
#6419 =( NAMED_UNIT ( * ) SI_UNIT ( $, .STERADIAN. ) SOLID_ANGLE_UNIT ( ) );
#6420 = FILL_AREA_STYLE ('',( #9520 ) ) ;
#6421 = DIRECTION ( 'NONE',  ( -1.883124184714193481E-15, -9.387336522804436264E-31, -1.000000000000000000 ) ) ;
#6422 = SURFACE_STYLE_FILL_AREA ( #3210 ) ;
#6423 = DIRECTION ( 'NONE',  ( 2.542070579185640549E-15, 1.000000000000000000, 1.027427521298021752E-31 ) ) ;
#6424 = LINE ( 'NONE', #6945, #7155 ) ;
#6425 = EDGE_LOOP ( 'NONE', ( #3070, #6143, #10067 ) ) ;
#6426 = ADVANCED_FACE ( 'NONE', ( #9614 ), #2433, .F. ) ;
#6427 = EDGE_CURVE ( 'NONE', #3853, #9269, #1238, .T. ) ;
#6428 = VECTOR ( 'NONE', #2809, 1000.000000000000000 ) ;
#6429 = EDGE_CURVE ( 'NONE', #3193, #3041, #3230, .T. ) ;
#6430 = TOROIDAL_SURFACE ( 'NONE', #1916, 0.5645751311065700939, 0.3999999999999963030 ) ;
#6431 = CYLINDRICAL_SURFACE ( 'NONE', #398, 0.4500000000000001221 ) ;
#6432 = EDGE_CURVE ( 'NONE', #4715, #1652, #1273, .T. ) ;
#6433 = DIRECTION ( 'NONE',  ( 1.000000000000000000, 0.000000000000000000, -0.000000000000000000 ) ) ;
#6434 = DIRECTION ( 'NONE',  ( -1.000000000000000000, -0.000000000000000000, 0.000000000000000000 ) ) ;
#6435 = DIRECTION ( 'NONE',  ( -1.000000000000000000, 3.701697761654398882E-15, 6.169496269423930820E-15 ) ) ;
#6436 = VERTEX_POINT ( 'NONE', #2880 ) ;
#6437 = EDGE_CURVE ( 'NONE', #4138, #8679, #6981, .T. ) ;
#6438 = VERTEX_POINT ( 'NONE', #6775 ) ;
#6439 = AXIS2_PLACEMENT_3D ( 'NONE', #6386, #854, #10163 ) ;
#6440 = SURFACE_STYLE_FILL_AREA ( #1828 ) ;
#6441 = SURFACE_STYLE_USAGE ( .BOTH. , #3168 ) ;
#6442 = ORIENTED_EDGE ( 'NONE', *, *, #1615, .T. ) ;
#6443 = DIRECTION ( 'NONE',  ( 3.082282563894075765E-31, 1.027427521298013869E-31, -1.000000000000000000 ) ) ;
#6444 = CARTESIAN_POINT ( 'NONE',  ( -1.839910797361467232, -5.450376503253894889, 3.600000000000004086 ) ) ;
#6445 = CARTESIAN_POINT ( 'NONE',  ( -6.650000000000001243, -6.704630743366730705, -2.094532406675943648 ) ) ;
#6446 = UNCERTAINTY_MEASURE_WITH_UNIT (LENGTH_MEASURE( 1.000000000000000082E-05 ), #3079, 'distance_accuracy_value', 'NONE');
#6447 = FACE_OUTER_BOUND ( 'NONE', #4213, .T. ) ;
#6448 = DIRECTION ( 'NONE',  ( 0.8814833810881022025, 0.000000000000000000, -0.4722150451494400158 ) ) ;
#6449 = EDGE_LOOP ( 'NONE', ( #8088, #1687, #3892, #6523 ) ) ;
#6450 = DIRECTION ( 'NONE',  ( -0.000000000000000000, -1.000000000000000000, -0.000000000000000000 ) ) ;
#6451 = FILL_AREA_STYLE ('',( #5451 ) ) ;
#6452 = PRESENTATION_LAYER_ASSIGNMENT (  '', '', ( #2616 ) ) ;
#6453 = UNCERTAINTY_MEASURE_WITH_UNIT (LENGTH_MEASURE( 1.000000000000000082E-05 ), #2052, 'distance_accuracy_value', 'NONE');
#6454 = SURFACE_STYLE_USAGE ( .BOTH. , #5732 ) ;
#6455 = DIRECTION ( 'NONE',  ( -1.000000000000000000, 0.000000000000000000, -0.000000000000000000 ) ) ;
#6456 = CARTESIAN_POINT ( 'NONE',  ( -5.800000000000000711, -3.500000000000000444, 0.000000000000000000 ) ) ;
#6457 = CARTESIAN_POINT ( 'NONE',  ( 5.999999999999997335, 2.000000000000000000, -0.6874509908007685466 ) ) ;
#6458 = STYLED_ITEM ( 'NONE', ( #9095 ), #3833 ) ;
#6459 = EDGE_LOOP ( 'NONE', ( #4796, #3982, #3800, #5834 ) ) ;
#6460 = ORIENTED_EDGE ( 'NONE', *, *, #3591, .T. ) ;
#6461 = VERTEX_POINT ( 'NONE', #397 ) ;
#6462 = SURFACE_STYLE_USAGE ( .BOTH. , #3249 ) ;
#6463 = PRESENTATION_STYLE_ASSIGNMENT (( #8837 ) ) ;
#6464 = FILL_AREA_STYLE_COLOUR ( '', #4336 ) ;
#6465 =( GEOMETRIC_REPRESENTATION_CONTEXT ( 3 ) GLOBAL_UNCERTAINTY_ASSIGNED_CONTEXT ( ( #5105 ) ) GLOBAL_UNIT_ASSIGNED_CONTEXT ( ( #3560, #6780, #2167 ) ) REPRESENTATION_CONTEXT ( 'NONE', 'WORKASPACE' ) );
#6466 = CIRCLE ( 'NONE', #4446, 0.8000000000000020428 ) ;
#6467 = FILL_AREA_STYLE ('',( #9627 ) ) ;
#6468 = DIRECTION ( 'NONE',  ( 1.000000000000000000, 0.000000000000000000, -0.000000000000000000 ) ) ;
#6469 = PRESENTATION_STYLE_ASSIGNMENT (( #7464 ) ) ;
#6470 = CARTESIAN_POINT ( 'NONE',  ( 5.435424868893540484, 1.891518204694831340, 3.199999999999999734 ) ) ;
#6471 =( GEOMETRIC_REPRESENTATION_CONTEXT ( 3 ) GLOBAL_UNCERTAINTY_ASSIGNED_CONTEXT ( ( #1970 ) ) GLOBAL_UNIT_ASSIGNED_CONTEXT ( ( #2621, #91, #4189 ) ) REPRESENTATION_CONTEXT ( 'NONE', 'WORKASPACE' ) );
#6472 = PLANE ( 'NONE',  #3954 ) ;
#6473 = ORIENTED_EDGE ( 'NONE', *, *, #5622, .T. ) ;
#6474 =( LENGTH_UNIT ( ) NAMED_UNIT ( * ) SI_UNIT ( .MILLI., .METRE. ) );
#6475 = STYLED_ITEM ( 'NONE', ( #5275 ), #4367 ) ;
#6476 = EDGE_CURVE ( 'NONE', #6438, #10121, #8407, .T. ) ;
#6477 = DIRECTION ( 'NONE',  ( -0.000000000000000000, -0.000000000000000000, -1.000000000000000000 ) ) ;
#6478 = CARTESIAN_POINT ( 'NONE',  ( 6.693412330956371115, 3.000000000000000000, -2.119339049353548443 ) ) ;
#6479 = EDGE_CURVE ( 'NONE', #5961, #1402, #4728, .T. ) ;
#6480 =( NAMED_UNIT ( * ) PLANE_ANGLE_UNIT ( ) SI_UNIT ( $, .RADIAN. ) );
#6481 = EDGE_CURVE ( 'NONE', #6971, #9445, #259, .T. ) ;
#6482 = AXIS2_PLACEMENT_3D ( 'NONE', #429, #9220, #1878 ) ;
#6483 = ORIENTED_EDGE ( 'NONE', *, *, #2902, .T. ) ;
#6484 = ORIENTED_EDGE ( 'NONE', *, *, #2711, .T. ) ;
#6485 = SURFACE_STYLE_USAGE ( .BOTH. , #9686 ) ;
#6486 = FILL_AREA_STYLE_COLOUR ( '', #4293 ) ;
#6487 = ORIENTED_EDGE ( 'NONE', *, *, #8534, .T. ) ;
#6488 = DIRECTION ( 'NONE',  ( -0.000000000000000000, -0.000000000000000000, 1.000000000000000000 ) ) ;
#6489 = CARTESIAN_POINT ( 'NONE',  ( -1.866168552841708239, -5.424745029542269670, 3.600000000000003197 ) ) ;
#6490 = COLOUR_RGB ( '',0.1098039215686274495, 0.1098039215686274495, 0.1098039215686274495 ) ;
#6491 =( NAMED_UNIT ( * ) PLANE_ANGLE_UNIT ( ) SI_UNIT ( $, .RADIAN. ) );
#6492 = ADVANCED_FACE ( 'NONE', ( #10122 ), #5991, .T. ) ;
#6493 = DIRECTION ( 'NONE',  ( -0.000000000000000000, -1.000000000000000000, -0.000000000000000000 ) ) ;
#6494 = DIRECTION ( 'NONE',  ( -9.984139250517380521E-27, -1.000000000000000000, -3.514479582739302792E-14 ) ) ;
#6495 = SURFACE_SIDE_STYLE ('',( #9030 ) ) ;
#6496 = EDGE_CURVE ( 'NONE', #5492, #719, #449, .T. ) ;
#6497 = LINE ( 'NONE', #1115, #2697 ) ;
#6498 = ORIENTED_EDGE ( 'NONE', *, *, #1364, .F. ) ;
#6499 =( NAMED_UNIT ( * ) PLANE_ANGLE_UNIT ( ) SI_UNIT ( $, .RADIAN. ) );
#6500 = PRESENTATION_LAYER_ASSIGNMENT (  '', '', ( #6165 ) ) ;
#6501 = CIRCLE ( 'NONE', #9849, 0.2999999999999999334 ) ;
#6502 = CYLINDRICAL_SURFACE ( 'NONE', #7090, 0.04999999999999969746 ) ;
#6503 =( NAMED_UNIT ( * ) SI_UNIT ( $, .STERADIAN. ) SOLID_ANGLE_UNIT ( ) );
#6504 = FACE_OUTER_BOUND ( 'NONE', #5944, .T. ) ;
#6505 = CARTESIAN_POINT ( 'NONE',  ( 1.324581074942587700, 5.271558449006354508, 3.600000000000005862 ) ) ;
#6506 = EDGE_CURVE ( 'NONE', #4619, #2868, #3757, .T. ) ;
#6507 = STYLED_ITEM ( 'NONE', ( #4298 ), #9451 ) ;
#6508 = ORIENTED_EDGE ( 'NONE', *, *, #2902, .F. ) ;
#6509 = VECTOR ( 'NONE', #6712, 1000.000000000000000 ) ;
#6510 = CIRCLE ( 'NONE', #10188, 0.2999999999999894973 ) ;
#6511 = ORIENTED_EDGE ( 'NONE', *, *, #5671, .T. ) ;
#6512 = ORIENTED_EDGE ( 'NONE', *, *, #4116, .T. ) ;
#6513 = ORIENTED_EDGE ( 'NONE', *, *, #4100, .T. ) ;
#6514 = DIRECTION ( 'NONE',  ( 0.000000000000000000, -1.000000000000000000, -6.163992046618099683E-16 ) ) ;
#6515 = PLANE ( 'NONE',  #4391 ) ;
#6516 = LINE ( 'NONE', #4827, #5399 ) ;
#6517 = COLOUR_RGB ( '',1.000000000000000000, 1.000000000000000000, 1.000000000000000000 ) ;
#6518 =( NAMED_UNIT ( * ) SI_UNIT ( $, .STERADIAN. ) SOLID_ANGLE_UNIT ( ) );
#6519 = SURFACE_STYLE_USAGE ( .BOTH. , #2740 ) ;
#6520 =( NAMED_UNIT ( * ) PLANE_ANGLE_UNIT ( ) SI_UNIT ( $, .RADIAN. ) );
#6521 = CARTESIAN_POINT ( 'NONE',  ( -3.600000000000000533, -5.500000000000000000, 3.644339654338649925 ) ) ;
#6522 = VERTEX_POINT ( 'NONE', #6194 ) ;
#6523 = ORIENTED_EDGE ( 'NONE', *, *, #7865, .T. ) ;
#6524 = CARTESIAN_POINT ( 'NONE',  ( -6.700000000000001066, -6.704630743366730705, -2.094532406675943648 ) ) ;
#6525 = CARTESIAN_POINT ( 'NONE',  ( 5.399999999999927525, -2.249999999999976907, 3.499999999999996447 ) ) ;
#6526 = PRESENTATION_LAYER_ASSIGNMENT (  '', '', ( #6033 ) ) ;
#6527 = CARTESIAN_POINT ( 'NONE',  ( -5.699999999999997513, 1.891518204694833116, 3.500000000000002220 ) ) ;
#6528 = PRESENTATION_STYLE_ASSIGNMENT (( #6637 ) ) ;
#6529 = LINE ( 'NONE', #5547, #5734 ) ;
#6530 = ADVANCED_FACE ( 'NONE', ( #1996 ), #3599, .T. ) ;
#6531 = FILL_AREA_STYLE_COLOUR ( '', #1321 ) ;
#6532 =( LENGTH_UNIT ( ) NAMED_UNIT ( * ) SI_UNIT ( .MILLI., .METRE. ) );
#6533 = EDGE_LOOP ( 'NONE', ( #7527, #2106, #2903, #1482 ) ) ;
#6534 = ORIENTED_EDGE ( 'NONE', *, *, #9955, .T. ) ;
#6535 = AXIS2_PLACEMENT_3D ( 'NONE', #9070, #1111, #1016 ) ;
#6536 = CYLINDRICAL_SURFACE ( 'NONE', #5835, 4.150000000000000355 ) ;
#6537 = EDGE_LOOP ( 'NONE', ( #9470, #6851, #3405, #5990 ) ) ;
#6538 = CARTESIAN_POINT ( 'NONE',  ( -4.750000000000000000, -4.750000000000000000, 3.200000000000000178 ) ) ;
#6539 = DIRECTION ( 'NONE',  ( 3.676520815446689885E-11, -1.000000000000000000, 6.451974704059920040E-14 ) ) ;
#6540 = AXIS2_PLACEMENT_3D ( 'NONE', #8840, #1036, #8050 ) ;
#6541 = PRESENTATION_STYLE_ASSIGNMENT (( #4119 ) ) ;
#6542 = DIRECTION ( 'NONE',  ( 2.478176364762575186E-15, 0.000000000000000000, 1.000000000000000000 ) ) ;
#6543 = CARTESIAN_POINT ( 'NONE',  ( 5.999999999999993783, -3.000000000000000000, -0.6874509908007685466 ) ) ;
#6544 = CIRCLE ( 'NONE', #534, 0.4000000000000023537 ) ;
#6545 = CARTESIAN_POINT ( 'NONE',  ( -4.713095711004408273, 3.950851657416640350, 3.500000000000000000 ) ) ;
#6546 = UNCERTAINTY_MEASURE_WITH_UNIT (LENGTH_MEASURE( 1.000000000000000082E-05 ), #2017, 'distance_accuracy_value', 'NONE');
#6547 = DIRECTION ( 'NONE',  ( 0.000000000000000000, -0.2078790956190659789, 0.9781545284895425407 ) ) ;
#6548 = FILL_AREA_STYLE ('',( #4178 ) ) ;
#6549 = DIRECTION ( 'NONE',  ( -0.000000000000000000, -1.000000000000000000, -0.000000000000000000 ) ) ;
#6551 = AXIS2_PLACEMENT_3D ( 'NONE', #7551, #1270, #2159 ) ;
#6550 = PRESENTATION_STYLE_ASSIGNMENT (( #3340 ) ) ;
#6552 = VERTEX_POINT ( 'NONE', #8721 ) ;
#6553 = MECHANICAL_DESIGN_GEOMETRIC_PRESENTATION_REPRESENTATION (  '', ( #2858 ), #6057 ) ;
#6554 =( NAMED_UNIT ( * ) SI_UNIT ( $, .STERADIAN. ) SOLID_ANGLE_UNIT ( ) );
#6555 = MANIFOLD_SOLID_BREP ( 'NONE', #9376 ) ;
#6556 = UNCERTAINTY_MEASURE_WITH_UNIT (LENGTH_MEASURE( 1.000000000000000082E-05 ), #7182, 'distance_accuracy_value', 'NONE');
#6557 = MECHANICAL_DESIGN_GEOMETRIC_PRESENTATION_REPRESENTATION (  '', ( #3363 ), #7554 ) ;
#6558 = DIRECTION ( 'NONE',  ( -0.000000000000000000, -0.000000000000000000, 1.000000000000000000 ) ) ;
#6559 = FILL_AREA_STYLE_COLOUR ( '', #6717 ) ;
#6560 = EDGE_CURVE ( 'NONE', #368, #7012, #3240, .T. ) ;
#6561 = AXIS2_PLACEMENT_3D ( 'NONE', #7957, #8803, #4061 ) ;
#6562 = CIRCLE ( 'NONE', #4540, 0.1000000000000020040 ) ;
#6563 = DIRECTION ( 'NONE',  ( -0.000000000000000000, 1.000000000000000000, -0.000000000000000000 ) ) ;
#6564 = EDGE_CURVE ( 'NONE', #2800, #4931, #6941, .T. ) ;
#6565 = CARTESIAN_POINT ( 'NONE',  ( 5.609556424471086267, 1.676841459417437008, 3.499999999999993783 ) ) ;
#6566 = VERTEX_POINT ( 'NONE', #7083 ) ;
#6567 = COLOUR_RGB ( '',0.5019607843137254832, 0.5019607843137254832, 0.5019607843137254832 ) ;
#6568 = STYLED_ITEM ( 'NONE', ( #2373 ), #7696 ) ;
#6569 = VERTEX_POINT ( 'NONE', #7979 ) ;
#6570 = ORIENTED_EDGE ( 'NONE', *, *, #2520, .T. ) ;
#6571 = CARTESIAN_POINT ( 'NONE',  ( 1.599999999999997868, -1.899999999999999911, 7.299999999999998934 ) ) ;
#6572 = DIRECTION ( 'NONE',  ( -0.000000000000000000, 0.000000000000000000, 1.000000000000000000 ) ) ;
#6573 = FILL_AREA_STYLE ('',( #3841 ) ) ;
#6574 = CARTESIAN_POINT ( 'NONE',  ( -3.035766082959412415E-15, -9.540979117872439019E-15, 3.199999999999996181 ) ) ;
#6575 = CIRCLE ( 'NONE', #7417, 0.7999999999999994893 ) ;
#6576 = TOROIDAL_SURFACE ( 'NONE', #1388, 0.5645751311064680644, 0.3999999999999955258 ) ;
#6577 = CYLINDRICAL_SURFACE ( 'NONE', #4307, 0.3499999999999996447 ) ;
#6578 = DIRECTION ( 'NONE',  ( 1.000000000000000000, -0.000000000000000000, 0.000000000000000000 ) ) ;
#6580 = PRESENTATION_LAYER_ASSIGNMENT (  '', '', ( #2552 ) ) ;
#6579 = CARTESIAN_POINT ( 'NONE',  ( 0.000000000000000000, 6.000000000000000000, 3.500000000000000000 ) ) ;
#6581 = ORIENTED_EDGE ( 'NONE', *, *, #26, .F. ) ;
#6582 = VERTEX_POINT ( 'NONE', #3181 ) ;
#6583 = PRESENTATION_LAYER_ASSIGNMENT (  '', '', ( #575 ) ) ;
#6584 = PRESENTATION_LAYER_ASSIGNMENT (  '', '', ( #1899 ) ) ;
#6585 = DIRECTION ( 'NONE',  ( -0.4961328535521697392, 0.000000000000000000, 0.8682466191274120781 ) ) ;
#6586 = CARTESIAN_POINT ( 'NONE',  ( 5.271558449006362501, -1.324581074942563053, 3.600000000000001421 ) ) ;
#6587 = SURFACE_STYLE_USAGE ( .BOTH. , #5813 ) ;
#6588 = SURFACE_STYLE_FILL_AREA ( #2694 ) ;
#6589 = STYLED_ITEM ( 'NONE', ( #9399 ), #8219 ) ;
#6590 = CIRCLE ( 'NONE', #9450, 5.125000000000000888 ) ;
#6591 = PRESENTATION_STYLE_ASSIGNMENT (( #1716 ) ) ;
#6592 = CARTESIAN_POINT ( 'NONE',  ( -1.899999999999999911, -1.599999999999999423, 5.500000000000000000 ) ) ;
#6593 = DIRECTION ( 'NONE',  ( 0.000000000000000000, -0.000000000000000000, -1.000000000000000000 ) ) ;
#6594 = ORIENTED_EDGE ( 'NONE', *, *, #961, .F. ) ;
#6595 = UNCERTAINTY_MEASURE_WITH_UNIT (LENGTH_MEASURE( 1.000000000000000082E-05 ), #9672, 'distance_accuracy_value', 'NONE');
#6596 = SURFACE_SIDE_STYLE ('',( #5055 ) ) ;
#6597 = ORIENTED_EDGE ( 'NONE', *, *, #2706, .T. ) ;
#6598 = MECHANICAL_DESIGN_GEOMETRIC_PRESENTATION_REPRESENTATION (  '', ( #2575 ), #9289 ) ;
#6599 = DIRECTION ( 'NONE',  ( -3.491483361109382461E-15, 0.000000000000000000, 1.000000000000000000 ) ) ;
#6600 = AXIS2_PLACEMENT_3D ( 'NONE', #3030, #6450, #7026 ) ;
#6601 =( NAMED_UNIT ( * ) PLANE_ANGLE_UNIT ( ) SI_UNIT ( $, .RADIAN. ) );
#6602 = CARTESIAN_POINT ( 'NONE',  ( -6.000000000000015099, -1.999999999999999112, 5.364159265358978246 ) ) ;
#6603 = DIRECTION ( 'NONE',  ( -0.000000000000000000, -0.000000000000000000, -1.000000000000000000 ) ) ;
#6604 = CARTESIAN_POINT ( 'NONE',  ( -2.166916829160916310E-16, 1.734723475976807094E-15, 3.500000000000000000 ) ) ;
#6605 = SURFACE_STYLE_USAGE ( .BOTH. , #6703 ) ;
#6606 = SURFACE_STYLE_USAGE ( .BOTH. , #3435 ) ;
#6607 = FILL_AREA_STYLE ('',( #9072 ) ) ;
#6608 = AXIS2_PLACEMENT_3D ( 'NONE', #203, #5541, #8156 ) ;
#6609 = FILL_AREA_STYLE ('',( #9701 ) ) ;
#6610 = SURFACE_STYLE_USAGE ( .BOTH. , #8294 ) ;
#6611 = CIRCLE ( 'NONE', #2909, 0.4500000000000001221 ) ;
#6612 = ORIENTED_EDGE ( 'NONE', *, *, #628, .F. ) ;
#6613 = MECHANICAL_DESIGN_GEOMETRIC_PRESENTATION_REPRESENTATION (  '', ( #1262 ), #9129 ) ;
#6614 = CARTESIAN_POINT ( 'NONE',  ( 6.349999999999996092, -3.000000000000000000, -0.6874509908007693237 ) ) ;
#6615 = ADVANCED_FACE ( 'NONE', ( #5569 ), #10281, .F. ) ;
#6616 = DIRECTION ( 'NONE',  ( 5.059610138265688673E-15, -1.000000000000000000, -7.134913342347176432E-30 ) ) ;
#6617 = VERTEX_POINT ( 'NONE', #5727 ) ;
#6618 = EDGE_LOOP ( 'NONE', ( #9579, #5141, #8731, #6594, #1193, #2220 ) ) ;
#6619 = EDGE_CURVE ( 'NONE', #3193, #1537, #3288, .T. ) ;
#6620 = ADVANCED_FACE ( 'NONE', ( #9077 ), #6430, .T. ) ;
#6621 = DIRECTION ( 'NONE',  ( -1.000000000000000000, -6.589481020120744713E-11, -1.961777041401343556E-14 ) ) ;
#6622 = DIRECTION ( 'NONE',  ( 1.000000000000000000, 0.000000000000000000, -0.000000000000000000 ) ) ;
#6623 = FILL_AREA_STYLE_COLOUR ( '', #10222 ) ;
#6624 = AXIS2_PLACEMENT_3D ( 'NONE', #8394, #1203, #432 ) ;
#6625 = PLANE ( 'NONE',  #2841 ) ;
#6626 = LINE ( 'NONE', #5093, #6784 ) ;
#6627 = EDGE_CURVE ( 'NONE', #8115, #1582, #9292, .T. ) ;
#6628 = ORIENTED_EDGE ( 'NONE', *, *, #8197, .T. ) ;
#6629 = ADVANCED_FACE ( 'NONE', ( #4128 ), #191, .T. ) ;
#6630 = EDGE_LOOP ( 'NONE', ( #10161, #2580, #959, #5793, #422, #5226 ) ) ;
#6631 = STYLED_ITEM ( 'NONE', ( #4302 ), #3838 ) ;
#6633 = B_SPLINE_CURVE_WITH_KNOTS ( 'NONE', 3,
 ( #7664, #10178, #611, #10076, #10226, #9308, #8629, #2115, #3819, #10128 ),
 .UNSPECIFIED., .F., .F.,
 ( 4, 2, 2, 2, 4 ),
 ( 1.939479807224432123E-18, 0.0003028344262384890921, 0.0006056688524769762326, 0.0009085032787154634273, 0.001211337704953950514 ),
 .UNSPECIFIED. ) ;
#6632 = FILL_AREA_STYLE ('',( #4785 ) ) ;
#6634 = MECHANICAL_DESIGN_GEOMETRIC_PRESENTATION_REPRESENTATION (  '', ( #1786 ), #5811 ) ;
#6635 = CARTESIAN_POINT ( 'NONE',  ( 2.250000000001050271, 5.699999999999998401, 3.500000000000000444 ) ) ;
#6636 = CARTESIAN_POINT ( 'NONE',  ( 4.399999999999999467, -5.000000000000000000, 0.4000000000000000222 ) ) ;
#6637 = SURFACE_STYLE_USAGE ( .BOTH. , #5864 ) ;
#6638 = VECTOR ( 'NONE', #342, 1000.000000000000000 ) ;
#6639 = CARTESIAN_POINT ( 'NONE',  ( -6.212785798360253686, 2.499999999999999556, -2.960449165327015297 ) ) ;
#6640 = AXIS2_PLACEMENT_3D ( 'NONE', #2423, #1730, #8983 ) ;
#6641 = EDGE_CURVE ( 'NONE', #140, #1106, #8144, .T. ) ;
#6642 = CARTESIAN_POINT ( 'NONE',  ( 6.701222710747262654E-15, 1.063371413822639794E-15, 3.600000000000004974 ) ) ;
#6643 = CARTESIAN_POINT ( 'NONE',  ( -5.424745029542530794, -1.866168552841443562, 3.600000000000000533 ) ) ;
#6644 = PRESENTATION_STYLE_ASSIGNMENT (( #1968 ) ) ;
#6645 = ORIENTED_EDGE ( 'NONE', *, *, #4869, .F. ) ;
#6646 = ORIENTED_EDGE ( 'NONE', *, *, #108, .F. ) ;
#6647 =( LENGTH_UNIT ( ) NAMED_UNIT ( * ) SI_UNIT ( .MILLI., .METRE. ) );
#6648 = ORIENTED_EDGE ( 'NONE', *, *, #1201, .F. ) ;
#6649 = COLOUR_RGB ( '',0.1098039215686274495, 0.1098039215686274495, 0.1098039215686274495 ) ;
#6650 = FILL_AREA_STYLE ('',( #9939 ) ) ;
#6651 = CARTESIAN_POINT ( 'NONE',  ( -4.750000000000000000, 4.750000000000000000, 3.200000000000000178 ) ) ;
#6652 =( NAMED_UNIT ( * ) PLANE_ANGLE_UNIT ( ) SI_UNIT ( $, .RADIAN. ) );
#6653 = DIRECTION ( 'NONE',  ( -0.000000000000000000, -1.000000000000000000, -0.000000000000000000 ) ) ;
#6654 = PRESENTATION_STYLE_ASSIGNMENT (( #7489 ) ) ;
#6655 = FILL_AREA_STYLE ('',( #380 ) ) ;
#6656 = CARTESIAN_POINT ( 'NONE',  ( 5.950000000000000178, 1.409726619599058317, 0.8000000000000000444 ) ) ;
#6657 = UNCERTAINTY_MEASURE_WITH_UNIT (LENGTH_MEASURE( 1.000000000000000082E-05 ), #8375, 'distance_accuracy_value', 'NONE');
#6658 = SURFACE_STYLE_USAGE ( .BOTH. , #5119 ) ;
#6659 = ORIENTED_EDGE ( 'NONE', *, *, #9804, .T. ) ;
#6660 = SURFACE_STYLE_FILL_AREA ( #4230 ) ;
#6661 = PRESENTATION_LAYER_ASSIGNMENT (  '', '', ( #491 ) ) ;
#6662 = STYLED_ITEM ( 'NONE', ( #9944 ), #9010 ) ;
#6663 = CYLINDRICAL_SURFACE ( 'NONE', #8695, 0.4500000000000001221 ) ;
#6664 = SURFACE_STYLE_FILL_AREA ( #3443 ) ;
#6665 = PRESENTATION_STYLE_ASSIGNMENT (( #2579 ) ) ;
#6666 = ORIENTED_EDGE ( 'NONE', *, *, #4424, .T. ) ;
#6667 = LINE ( 'NONE', #8002, #6379 ) ;
#6668 = MECHANICAL_DESIGN_GEOMETRIC_PRESENTATION_REPRESENTATION (  '', ( #2316 ), #5845 ) ;
#6669 = ORIENTED_EDGE ( 'NONE', *, *, #2074, .T. ) ;
#6670 = EDGE_CURVE ( 'NONE', #6569, #5785, #1264, .T. ) ;
#6671 = DIRECTION ( 'NONE',  ( -1.000000000000000000, 0.000000000000000000, 0.000000000000000000 ) ) ;
#6672 = VECTOR ( 'NONE', #7737, 1000.000000000000000 ) ;
#6673 = SURFACE_STYLE_USAGE ( .BOTH. , #5242 ) ;
#6674 = FILL_AREA_STYLE_COLOUR ( '', #5059 ) ;
#6675 = CARTESIAN_POINT ( 'NONE',  ( 1.600000000000000089, 1.899999999999999689, 5.500000000000000000 ) ) ;
#6676 = EDGE_CURVE ( 'NONE', #2026, #1898, #5371, .T. ) ;
#6677 = SURFACE_SIDE_STYLE ('',( #7610 ) ) ;
#6678 = DIRECTION ( 'NONE',  ( 0.000000000000000000, 0.000000000000000000, 1.000000000000000000 ) ) ;
#6679 = SURFACE_SIDE_STYLE ('',( #4986 ) ) ;
#6680 = PRESENTATION_LAYER_ASSIGNMENT (  '', '', ( #1323 ) ) ;
#6681 = AXIS2_PLACEMENT_3D ( 'NONE', #3315, #8903, #212 ) ;
#6682 =( LENGTH_UNIT ( ) NAMED_UNIT ( * ) SI_UNIT ( .MILLI., .METRE. ) );
#6683 = ORIENTED_EDGE ( 'NONE', *, *, #9776, .T. ) ;
#6684 = PRESENTATION_LAYER_ASSIGNMENT (  '', '', ( #8367 ) ) ;
#6685 = ORIENTED_EDGE ( 'NONE', *, *, #4937, .F. ) ;
#6686 = DIRECTION ( 'NONE',  ( -0.000000000000000000, -0.000000000000000000, 1.000000000000000000 ) ) ;
#6687 = PRESENTATION_STYLE_ASSIGNMENT (( #3469 ) ) ;
#6688 = DIRECTION ( 'NONE',  ( 0.000000000000000000, -1.000000000000000000, 0.000000000000000000 ) ) ;
#6689 = VECTOR ( 'NONE', #6549, 1000.000000000000000 ) ;
#6690 = ADVANCED_FACE ( 'NONE', ( #9995 ), #4338, .T. ) ;
#6691 = SURFACE_SIDE_STYLE ('',( #5207 ) ) ;
#6692 = LINE ( 'NONE', #7430, #4501 ) ;
#6693 = SURFACE_SIDE_STYLE ('',( #9270 ) ) ;
#6694 = ORIENTED_EDGE ( 'NONE', *, *, #1692, .F. ) ;
#6695 = DIRECTION ( 'NONE',  ( 1.000000000000000000, -1.355252715606882022E-16, -0.000000000000000000 ) ) ;
#6696 = ORIENTED_EDGE ( 'NONE', *, *, #2591, .F. ) ;
#6697 = CARTESIAN_POINT ( 'NONE',  ( 6.300000000000014921, -2.000000000000000000, 5.364159265358977358 ) ) ;
#6698 = AXIS2_PLACEMENT_3D ( 'NONE', #9424, #7834, #2337 ) ;
#6699 = DIRECTION ( 'NONE',  ( 0.000000000000000000, 0.000000000000000000, -1.000000000000000000 ) ) ;
#6700 = EDGE_CURVE ( 'NONE', #9858, #5676, #1573, .T. ) ;
#6701 = DIRECTION ( 'NONE',  ( 1.734723475976817507E-14, 0.000000000000000000, -1.000000000000000000 ) ) ;
#6702 = UNCERTAINTY_MEASURE_WITH_UNIT (LENGTH_MEASURE( 1.000000000000000082E-05 ), #7065, 'distance_accuracy_value', 'NONE');
#6703 = SURFACE_SIDE_STYLE ('',( #1070 ) ) ;
#6704 = SURFACE_SIDE_STYLE ('',( #4123 ) ) ;
#6705 = FILL_AREA_STYLE_COLOUR ( '', #1791 ) ;
#6706 = CARTESIAN_POINT ( 'NONE',  ( -2.166916829160916310E-16, 1.734723475976807094E-15, 3.500000000000000000 ) ) ;
#6707 = MECHANICAL_DESIGN_GEOMETRIC_PRESENTATION_REPRESENTATION (  '', ( #4009 ), #9559 ) ;
#6708 =( NAMED_UNIT ( * ) SI_UNIT ( $, .STERADIAN. ) SOLID_ANGLE_UNIT ( ) );
#6709 = ORIENTED_EDGE ( 'NONE', *, *, #2449, .T. ) ;
#6710 = VECTOR ( 'NONE', #2126, 1000.000000000000000 ) ;
#6711 = PRESENTATION_LAYER_ASSIGNMENT (  '', '', ( #872 ) ) ;
#6712 = DIRECTION ( 'NONE',  ( -0.000000000000000000, -1.000000000000000000, -0.000000000000000000 ) ) ;
#6713 = FILL_AREA_STYLE_COLOUR ( '', #297 ) ;
#6714 = STYLED_ITEM ( 'NONE', ( #7816 ), #5145 ) ;
#6715 = SURFACE_STYLE_FILL_AREA ( #5237 ) ;
#6717 = COLOUR_RGB ( '',0.1098039215686274495, 0.1098039215686274495, 0.1098039215686274495 ) ;
#6716 = UNCERTAINTY_MEASURE_WITH_UNIT (LENGTH_MEASURE( 1.000000000000000082E-05 ), #5745, 'distance_accuracy_value', 'NONE');
#6718 = EDGE_LOOP ( 'NONE', ( #9272, #2149, #4930, #4470 ) ) ;
#6719 = FACE_OUTER_BOUND ( 'NONE', #9397, .T. ) ;
#6720 = ORIENTED_EDGE ( 'NONE', *, *, #310, .F. ) ;
#6721 = CIRCLE ( 'NONE', #9078, 0.1000000000000020040 ) ;
#6722 =( LENGTH_UNIT ( ) NAMED_UNIT ( * ) SI_UNIT ( .MILLI., .METRE. ) );
#6723 = AXIS2_PLACEMENT_3D ( 'NONE', #5378, #8538, #1304 ) ;
#6724 = STYLED_ITEM ( 'NONE', ( #5339 ), #2339 ) ;
#6725 =( LENGTH_UNIT ( ) NAMED_UNIT ( * ) SI_UNIT ( .MILLI., .METRE. ) );
#6726 = DIRECTION ( 'NONE',  ( -0.000000000000000000, 0.000000000000000000, 1.000000000000000000 ) ) ;
#6727 = PRESENTATION_LAYER_ASSIGNMENT (  '', '', ( #899 ) ) ;
#6728 = AXIS2_PLACEMENT_3D ( 'NONE', #8335, #9114, #2908 ) ;
#6729 = FACE_OUTER_BOUND ( 'NONE', #10023, .T. ) ;
#6730 = VERTEX_POINT ( 'NONE', #2097 ) ;
#6731 = MECHANICAL_DESIGN_GEOMETRIC_PRESENTATION_REPRESENTATION (  '', ( #6078 ), #7067 ) ;
#6732 = ORIENTED_EDGE ( 'NONE', *, *, #4888, .F. ) ;
#6733 = FACE_OUTER_BOUND ( 'NONE', #8285, .T. ) ;
#6734 = CARTESIAN_POINT ( 'NONE',  ( -1.891518204694828675, 5.700000000000000178, 3.500000000000000000 ) ) ;
#6735 = VECTOR ( 'NONE', #2460, 1000.000000000000000 ) ;
#6736 = FILL_AREA_STYLE_COLOUR ( '', #5052 ) ;
#6737 = DIRECTION ( 'NONE',  ( -1.000000000000000000, 0.000000000000000000, 0.000000000000000000 ) ) ;
#6738 = DIRECTION ( 'NONE',  ( 1.000000000000000000, 0.000000000000000000, 0.000000000000000000 ) ) ;
#6739 = EDGE_CURVE ( 'NONE', #437, #8557, #7697, .T. ) ;
#6740 = MECHANICAL_DESIGN_GEOMETRIC_PRESENTATION_REPRESENTATION (  '', ( #575 ), #3711 ) ;
#6741 = ORIENTED_EDGE ( 'NONE', *, *, #3661, .T. ) ;
#6742 = ORIENTED_EDGE ( 'NONE', *, *, #3013, .F. ) ;
#6743 = EDGE_CURVE ( 'NONE', #4098, #5650, #5604, .T. ) ;
#6744 = AXIS2_PLACEMENT_3D ( 'NONE', #2100, #3804, #5285 ) ;
#6745 = EDGE_LOOP ( 'NONE', ( #7641, #9663, #1770, #4991 ) ) ;
#6746 = CARTESIAN_POINT ( 'NONE',  ( -4.750000000000000000, -4.750000000000000000, 3.500000000000000444 ) ) ;
#6747 = VERTEX_POINT ( 'NONE', #9596 ) ;
#6748 = ADVANCED_FACE ( 'NONE', ( #1561, #9490 ), #8656, .T. ) ;
#6749 = DIRECTION ( 'NONE',  ( -1.222978688985946960E-15, 1.000000000000000000, 0.000000000000000000 ) ) ;
#6750 = EDGE_CURVE ( 'NONE', #8888, #2011, #5552, .T. ) ;
#6751 =( GEOMETRIC_REPRESENTATION_CONTEXT ( 3 ) GLOBAL_UNCERTAINTY_ASSIGNED_CONTEXT ( ( #6858 ) ) GLOBAL_UNIT_ASSIGNED_CONTEXT ( ( #9625, #984, #3199 ) ) REPRESENTATION_CONTEXT ( 'NONE', 'WORKASPACE' ) );
#6752 =( LENGTH_UNIT ( ) NAMED_UNIT ( * ) SI_UNIT ( .MILLI., .METRE. ) );
#6753 = FACE_OUTER_BOUND ( 'NONE', #8416, .T. ) ;
#6754 = CYLINDRICAL_SURFACE ( 'NONE', #7743, 0.4000000000000001887 ) ;
#6755 = DIRECTION ( 'NONE',  ( 1.000000000000000000, -0.000000000000000000, 0.000000000000000000 ) ) ;
#6756 = DIRECTION ( 'NONE',  ( -0.8682466191274124112, -0.000000000000000000, 0.4961328535521690730 ) ) ;
#6757 = UNCERTAINTY_MEASURE_WITH_UNIT (LENGTH_MEASURE( 1.000000000000000082E-05 ), #8530, 'distance_accuracy_value', 'NONE');
#6758 = PRESENTATION_STYLE_ASSIGNMENT (( #6968 ) ) ;
#6759 = CARTESIAN_POINT ( 'NONE',  ( 1.283695372222837250E-13, 1.756407519426517183E-14, 3.199999999999955769 ) ) ;
#6760 = ADVANCED_FACE ( 'NONE', ( #4745 ), #6287, .F. ) ;
#6761 = PRESENTATION_LAYER_ASSIGNMENT (  '', '', ( #6589 ) ) ;
#6762 = ORIENTED_EDGE ( 'NONE', *, *, #2955, .T. ) ;
#6763 = EDGE_CURVE ( 'NONE', #7479, #8757, #9396, .T. ) ;
#6764 = STYLED_ITEM ( 'NONE', ( #658 ), #6615 ) ;
#6765 = CARTESIAN_POINT ( 'NONE',  ( -6.305925830945592558, -6.704630743366730705, -0.7110617430582412135 ) ) ;
#6766 = EDGE_LOOP ( 'NONE', ( #5170, #10262, #7686, #8863 ) ) ;
#6767 = LINE ( 'NONE', #241, #4147 ) ;
#6768 = CIRCLE ( 'NONE', #10108, 0.4000000000000352718 ) ;
#6769 = COLOUR_RGB ( '',0.5019607843137254832, 0.5019607843137254832, 0.5019607843137254832 ) ;
#6770 = CARTESIAN_POINT ( 'NONE',  ( 6.693412330956371115, -2.000000000000000000, -2.119339049353551108 ) ) ;
#6771 = VERTEX_POINT ( 'NONE', #8974 ) ;
#6772 = FILL_AREA_STYLE ('',( #3552 ) ) ;
#6773 = FILL_AREA_STYLE ('',( #3553 ) ) ;
#6774 = VERTEX_POINT ( 'NONE', #3324 ) ;
#6775 = CARTESIAN_POINT ( 'NONE',  ( -6.958519183380840190, 2.000000000000000000, -1.929257140873634979 ) ) ;
#6776 = AXIS2_PLACEMENT_3D ( 'NONE', #2493, #5699, #1655 ) ;
#6777 = CARTESIAN_POINT ( 'NONE',  ( 3.949999999999999734, 4.750000000000000000, 3.600000000000001421 ) ) ;
#6778 =( LENGTH_UNIT ( ) NAMED_UNIT ( * ) SI_UNIT ( .MILLI., .METRE. ) );
#6779 = LINE ( 'NONE', #9962, #7040 ) ;
#6780 =( NAMED_UNIT ( * ) PLANE_ANGLE_UNIT ( ) SI_UNIT ( $, .RADIAN. ) );
#6781 = ORIENTED_EDGE ( 'NONE', *, *, #5527, .F. ) ;
#6782 = ADVANCED_FACE ( 'NONE', ( #2554 ), #1421, .T. ) ;
#6783 = ORIENTED_EDGE ( 'NONE', *, *, #3013, .T. ) ;
#6784 = VECTOR ( 'NONE', #5803, 1000.000000000000227 ) ;
#6785 = CARTESIAN_POINT ( 'NONE',  ( -5.549999999999999822, -4.750000000000000000, 3.500000000000000444 ) ) ;
#6786 = DIRECTION ( 'NONE',  ( 0.000000000000000000, 0.000000000000000000, 1.000000000000000000 ) ) ;
#6787 = CARTESIAN_POINT ( 'NONE',  ( -1.899999999999999911, 0.000000000000000000, 5.500000000000000000 ) ) ;
#6788 =( NAMED_UNIT ( * ) SI_UNIT ( $, .STERADIAN. ) SOLID_ANGLE_UNIT ( ) );
#6789 = ORIENTED_EDGE ( 'NONE', *, *, #10322, .F. ) ;
#6790 = AXIS2_PLACEMENT_3D ( 'NONE', #2064, #566, #8415 ) ;
#6791 = SURFACE_SIDE_STYLE ('',( #4417 ) ) ;
#6792 = ORIENTED_EDGE ( 'NONE', *, *, #9761, .F. ) ;
#6793 = ORIENTED_EDGE ( 'NONE', *, *, #9718, .T. ) ;
#6794 = FILL_AREA_STYLE ('',( #9216 ) ) ;
#6795 = ADVANCED_FACE ( 'NONE', ( #1058 ), #1872, .F. ) ;
#6796 = CARTESIAN_POINT ( 'NONE',  ( -5.435424868893539596, 2.250000000002151612, 3.199999999999999734 ) ) ;
#6797 = DIRECTION ( 'NONE',  ( 0.000000000000000000, 1.000000000000000000, 0.000000000000000000 ) ) ;
#6798 =( GEOMETRIC_REPRESENTATION_CONTEXT ( 3 ) GLOBAL_UNCERTAINTY_ASSIGNED_CONTEXT ( ( #5526 ) ) GLOBAL_UNIT_ASSIGNED_CONTEXT ( ( #3862, #7020, #2971 ) ) REPRESENTATION_CONTEXT ( 'NONE', 'WORKASPACE' ) );
#6799 = CIRCLE ( 'NONE', #972, 0.1999999999999996503 ) ;
#6800 = CARTESIAN_POINT ( 'NONE',  ( -5.000000000000000000, 5.000000000000000000, 0.2000000000000000944 ) ) ;
#6801 = VECTOR ( 'NONE', #4723, 1000.000000000000341 ) ;
#6802 = ADVANCED_FACE ( 'NONE', ( #4211, #1722 ), #7326, .F. ) ;
#6803 = UNCERTAINTY_MEASURE_WITH_UNIT (LENGTH_MEASURE( 1.000000000000000082E-05 ), #9974, 'distance_accuracy_value', 'NONE');
#6804 = CARTESIAN_POINT ( 'NONE',  ( 5.435424868894548567, 1.599999999999999867, 3.600000000000000089 ) ) ;
#6805 = EDGE_CURVE ( 'NONE', #32, #8150, #5422, .T. ) ;
#6806 = FACE_OUTER_BOUND ( 'NONE', #8780, .T. ) ;
#6807 = PRESENTATION_STYLE_ASSIGNMENT (( #2819 ) ) ;
#6808 = DIRECTION ( 'NONE',  ( -0.4961328535521695726, 0.000000000000000000, -0.8682466191274121892 ) ) ;
#6809 = ORIENTED_EDGE ( 'NONE', *, *, #493, .F. ) ;
#6810 = CIRCLE ( 'NONE', #458, 0.3000000000000001554 ) ;
#6811 = ORIENTED_EDGE ( 'NONE', *, *, #2757, .F. ) ;
#6812 = MECHANICAL_DESIGN_GEOMETRIC_PRESENTATION_REPRESENTATION (  '', ( #7814 ), #3253 ) ;
#6813 = FILL_AREA_STYLE ('',( #6136 ) ) ;
#6814 = EDGE_CURVE ( 'NONE', #9135, #9946, #8633, .T. ) ;
#6815 = CARTESIAN_POINT ( 'NONE',  ( -6.693412330956371115, 2.000000000000000000, -2.119339049353549331 ) ) ;
#6816 = EDGE_CURVE ( 'NONE', #1736, #4769, #5964, .T. ) ;
#6817 = FACE_OUTER_BOUND ( 'NONE', #1045, .T. ) ;
#6818 = DIRECTION ( 'NONE',  ( -1.000000000000000000, 0.000000000000000000, 0.000000000000000000 ) ) ;
#6819 = PRESENTATION_STYLE_ASSIGNMENT (( #3597 ) ) ;
#6820 = ORIENTED_EDGE ( 'NONE', *, *, #1497, .T. ) ;
#6821 = FILL_AREA_STYLE ('',( #9354 ) ) ;
#6822 = COLOUR_RGB ( '',0.1098039215686274495, 0.1098039215686274495, 0.1098039215686274495 ) ;
#6823 = FACE_OUTER_BOUND ( 'NONE', #5980, .T. ) ;
#6824 = SURFACE_STYLE_USAGE ( .BOTH. , #8261 ) ;
#6825 = DIRECTION ( 'NONE',  ( -1.084202172485503842E-15, -1.000000000000000000, 0.000000000000000000 ) ) ;
#6826 = DIRECTION ( 'NONE',  ( -1.000000000000000000, -2.548947057811891130E-48, -2.168404344971018482E-16 ) ) ;
#6827 = DIRECTION ( 'NONE',  ( -1.000000000000000000, -1.301042606982604690E-14, 0.000000000000000000 ) ) ;
#6828 = EDGE_CURVE ( 'NONE', #9561, #3736, #7446, .T. ) ;
#6829 = VECTOR ( 'NONE', #2404, 1000.000000000000000 ) ;
#6830 = PRESENTATION_LAYER_ASSIGNMENT (  '', '', ( #4643 ) ) ;
#6831 = SURFACE_STYLE_USAGE ( .BOTH. , #9142 ) ;
#6832 = EDGE_LOOP ( 'NONE', ( #8205, #9349, #4168, #1465, #6864, #6498 ) ) ;
#6833 = ORIENTED_EDGE ( 'NONE', *, *, #7891, .T. ) ;
#6834 = SURFACE_STYLE_USAGE ( .BOTH. , #9203 ) ;
#6835 = VECTOR ( 'NONE', #5257, 1000.000000000000000 ) ;
#6836 = STYLED_ITEM ( 'NONE', ( #7997 ), #9322 ) ;
#6837 = DIRECTION ( 'NONE',  ( 1.000000000000000000, -8.673617379884049672E-15, 3.066123743789011709E-11 ) ) ;
#6838 = AXIS2_PLACEMENT_3D ( 'NONE', #4867, #8094, #813 ) ;
#6839 = PRESENTATION_LAYER_ASSIGNMENT (  '', '', ( #6171 ) ) ;
#6840 = CARTESIAN_POINT ( 'NONE',  ( 0.000000000000000000, -4.500000000000003553, -1.199999999999998845 ) ) ;
#6841 = DIRECTION ( 'NONE',  ( 0.4819066211576397141, 0.2377525341402866310, -0.8433503074015558099 ) ) ;
#6842 = LINE ( 'NONE', #10033, #8851 ) ;
#6843 = DIRECTION ( 'NONE',  ( 1.053031360026544826E-16, 1.000000000000000000, 0.000000000000000000 ) ) ;
#6844 = PRESENTATION_LAYER_ASSIGNMENT (  '', '', ( #7853 ) ) ;
#6845 = DIRECTION ( 'NONE',  ( -1.000000000000000000, 0.000000000000000000, 1.084202172485752452E-13 ) ) ;
#6846 = CIRCLE ( 'NONE', #4329, 0.1999999999999996503 ) ;
#6847 = CARTESIAN_POINT ( 'NONE',  ( -5.435424868894858541, -2.250000000000666578, 3.599999999999999201 ) ) ;
#6848 = VERTEX_POINT ( 'NONE', #6120 ) ;
#6849 = EDGE_LOOP ( 'NONE', ( #2652, #7324, #7328, #10233 ) ) ;
#6850 = CARTESIAN_POINT ( 'NONE',  ( -6.693412330956372003, -6.704630743366730705, -2.119339049353551996 ) ) ;
#6851 = ORIENTED_EDGE ( 'NONE', *, *, #5788, .F. ) ;
#6852 = PRESENTATION_STYLE_ASSIGNMENT (( #4425 ) ) ;
#6853 = DIRECTION ( 'NONE',  ( -4.336808689942028583E-16, -9.403954806578348233E-32, 1.000000000000000000 ) ) ;
#6854 = FILL_AREA_STYLE ('',( #428 ) ) ;
#6855 = PRESENTATION_STYLE_ASSIGNMENT (( #5160 ) ) ;
#6856 = DIRECTION ( 'NONE',  ( -1.000000000000000000, 0.000000000000000000, 0.000000000000000000 ) ) ;
#6857 = DIRECTION ( 'NONE',  ( 0.000000000000000000, 0.000000000000000000, -1.000000000000000000 ) ) ;
#6858 = UNCERTAINTY_MEASURE_WITH_UNIT (LENGTH_MEASURE( 1.000000000000000082E-05 ), #9625, 'distance_accuracy_value', 'NONE');
#6859 = DIRECTION ( 'NONE',  ( -4.410331739183748418E-33, -1.000000000000000000, -6.012910069692402531E-16 ) ) ;
#6860 =( NAMED_UNIT ( * ) SI_UNIT ( $, .STERADIAN. ) SOLID_ANGLE_UNIT ( ) );
#6861 = DIRECTION ( 'NONE',  ( 0.4722150451494444012, 0.000000000000000000, 0.8814833810880996490 ) ) ;
#6862 =( NAMED_UNIT ( * ) SI_UNIT ( $, .STERADIAN. ) SOLID_ANGLE_UNIT ( ) );
#6863 = ORIENTED_EDGE ( 'NONE', *, *, #3719, .T. ) ;
#6864 = ORIENTED_EDGE ( 'NONE', *, *, #6054, .T. ) ;
#6865 = AXIS2_PLACEMENT_3D ( 'NONE', #3064, #2247, #5490 ) ;
#6866 =( NAMED_UNIT ( * ) SI_UNIT ( $, .STERADIAN. ) SOLID_ANGLE_UNIT ( ) );
#6867 = VERTEX_POINT ( 'NONE', #9935 ) ;
#6868 = LINE ( 'NONE', #10211, #2568 ) ;
#6869 = CARTESIAN_POINT ( 'NONE',  ( 5.800000000000000711, -3.499999999999999556, 0.2000000000000000944 ) ) ;
#6870 = CIRCLE ( 'NONE', #9227, 0.1999999999999996503 ) ;
#6871 =( NAMED_UNIT ( * ) SI_UNIT ( $, .STERADIAN. ) SOLID_ANGLE_UNIT ( ) );
#6873 = AXIS2_PLACEMENT_3D ( 'NONE', #9086, #1901, #5595 ) ;
#6872 = CARTESIAN_POINT ( 'NONE',  ( -3.950000000000000178, 0.000000000000000000, 3.500000000000000000 ) ) ;
#6874 = ORIENTED_EDGE ( 'NONE', *, *, #8303, .T. ) ;
#6875 = SURFACE_STYLE_FILL_AREA ( #604 ) ;
#6876 = PLANE ( 'NONE',  #3456 ) ;
#6877 = CIRCLE ( 'NONE', #5540, 0.1999999999999996503 ) ;
#6878 = EDGE_CURVE ( 'NONE', #1810, #5950, #2755, .T. ) ;
#6879 = EDGE_CURVE ( 'NONE', #8004, #8757, #6611, .T. ) ;
#6880 = SURFACE_SIDE_STYLE ('',( #1527 ) ) ;
#6881 = CARTESIAN_POINT ( 'NONE',  ( 5.399999999999986144, -1.891518204694840000, 3.199999999999983746 ) ) ;
#6882 = DIRECTION ( 'NONE',  ( 0.000000000000000000, 0.000000000000000000, 1.000000000000000000 ) ) ;
#6883 = EDGE_CURVE ( 'NONE', #2223, #7409, #4323, .T. ) ;
#6884 = CARTESIAN_POINT ( 'NONE',  ( 2.249999999999991118, -5.399999999999905320, 3.499999999999997780 ) ) ;
#6885 = PRESENTATION_LAYER_ASSIGNMENT (  '', '', ( #1361 ) ) ;
#6886 = AXIS2_PLACEMENT_3D ( 'NONE', #662, #1384, #4567 ) ;
#6887 = CARTESIAN_POINT ( 'NONE',  ( 6.650000000000000355, -6.704630743366731593, -2.094532406675943648 ) ) ;
#6888 = AXIS2_PLACEMENT_3D ( 'NONE', #4515, #6010, #3614 ) ;
#6889 = ORIENTED_EDGE ( 'NONE', *, *, #6114, .F. ) ;
#6890 = AXIS2_PLACEMENT_3D ( 'NONE', #1020, #9652, #8087 ) ;
#6891 = EDGE_LOOP ( 'NONE', ( #7159, #94, #4287, #9232, #6309, #10039, #3525, #7293, #2551, #4484, #4836, #8371, #4322, #1283, #1850, #4942, #5846, #8657, #489, #2987, #5856, #2066, #9187, #6473, #1760, #7604, #2343, #1192, #10041, #616, #1268, #4669, #9255, #5352, #4151, #418, #4087, #5073, #10036, #10300, #2170, #909, #3039, #9860 ) ) ;
#6892 = PRESENTATION_LAYER_ASSIGNMENT (  '', '', ( #7549 ) ) ;
#6893 = CARTESIAN_POINT ( 'NONE',  ( 4.750000000000000000, -4.750000000000000000, 3.600000000000001421 ) ) ;
#6894 = AXIS2_PLACEMENT_3D ( 'NONE', #2094, #9288, #8494 ) ;
#6895 = VECTOR ( 'NONE', #5777, 1000.000000000000000 ) ;
#6896 = CARTESIAN_POINT ( 'NONE',  ( -1.600000000000716405, 1.899999999999999467, 7.000000000000048850 ) ) ;
#6897 = SURFACE_STYLE_FILL_AREA ( #2018 ) ;
#6898 = CIRCLE ( 'NONE', #384, 0.1999999999999996503 ) ;
#6899 = AXIS2_PLACEMENT_3D ( 'NONE', #3639, #2309, #8715 ) ;
#6900 = DIRECTION ( 'NONE',  ( 1.000000000000000000, 0.000000000000000000, 0.000000000000000000 ) ) ;
#6901 = ORIENTED_EDGE ( 'NONE', *, *, #5680, .F. ) ;
#6902 = VECTOR ( 'NONE', #3224, 1000.000000000000000 ) ;
#6903 = SURFACE_STYLE_USAGE ( .BOTH. , #4631 ) ;
#6904 = ORIENTED_EDGE ( 'NONE', *, *, #3149, .T. ) ;
#6905 = VECTOR ( 'NONE', #3383, 999.9999999999998863 ) ;
#6906 = ORIENTED_EDGE ( 'NONE', *, *, #4765, .T. ) ;
#6907 = CARTESIAN_POINT ( 'NONE',  ( -6.694074169054410106, 3.000000000000000000, -2.070921654418467206 ) ) ;
#6908 = SURFACE_SIDE_STYLE ('',( #7844 ) ) ;
#6909 = ORIENTED_EDGE ( 'NONE', *, *, #5529, .F. ) ;
#6910 = FILL_AREA_STYLE ('',( #584 ) ) ;
#6911 = STYLED_ITEM ( 'NONE', ( #9677 ), #2832 ) ;
#6912 = SURFACE_STYLE_USAGE ( .BOTH. , #1345 ) ;
#6913 = DIRECTION ( 'NONE',  ( -1.000000000000000000, -2.548947057811891130E-48, -2.168404344971018482E-16 ) ) ;
#6914 = DIRECTION ( 'NONE',  ( -1.000000000000000000, 0.000000000000000000, -0.000000000000000000 ) ) ;
#6915 = FACE_OUTER_BOUND ( 'NONE', #4890, .T. ) ;
#6916 = MECHANICAL_DESIGN_GEOMETRIC_PRESENTATION_REPRESENTATION (  '', ( #5386 ), #8762 ) ;
#6917 = DIRECTION ( 'NONE',  ( -0.000000000000000000, 0.000000000000000000, 1.000000000000000000 ) ) ;
#6918 =( GEOMETRIC_REPRESENTATION_CONTEXT ( 3 ) GLOBAL_UNCERTAINTY_ASSIGNED_CONTEXT ( ( #6716 ) ) GLOBAL_UNIT_ASSIGNED_CONTEXT ( ( #5745, #3198, #1587 ) ) REPRESENTATION_CONTEXT ( 'NONE', 'WORKASPACE' ) );
#6919 =( NAMED_UNIT ( * ) PLANE_ANGLE_UNIT ( ) SI_UNIT ( $, .RADIAN. ) );
#6920 = SURFACE_STYLE_FILL_AREA ( #4692 ) ;
#6921 = VECTOR ( 'NONE', #6786, 1000.000000000000000 ) ;
#6922 = CYLINDRICAL_SURFACE ( 'NONE', #6356, 0.8000000000000003775 ) ;
#6923 = FILL_AREA_STYLE_COLOUR ( '', #3031 ) ;
#6924 = ORIENTED_EDGE ( 'NONE', *, *, #8428, .T. ) ;
#6925 = ORIENTED_EDGE ( 'NONE', *, *, #9390, .F. ) ;
#6926 = DIRECTION ( 'NONE',  ( -1.000000000000000000, 0.000000000000000000, 0.000000000000000000 ) ) ;
#6927 = SURFACE_STYLE_FILL_AREA ( #7019 ) ;
#6928 = CIRCLE ( 'NONE', #10266, 6.149999999999996803 ) ;
#6929 =( LENGTH_UNIT ( ) NAMED_UNIT ( * ) SI_UNIT ( .MILLI., .METRE. ) );
#6930 = PRESENTATION_STYLE_ASSIGNMENT (( #5238 ) ) ;
#6931 = AXIS2_PLACEMENT_3D ( 'NONE', #8881, #7193, #3185 ) ;
#6932 = DIRECTION ( 'NONE',  ( 0.000000000000000000, 1.000000000000000000, 2.992044408589581621E-14 ) ) ;
#6933 = DIRECTION ( 'NONE',  ( 0.000000000000000000, -0.2078790956190664230, -0.9781545284895424297 ) ) ;
#6934 = ORIENTED_EDGE ( 'NONE', *, *, #6365, .F. ) ;
#6935 =( NAMED_UNIT ( * ) SI_UNIT ( $, .STERADIAN. ) SOLID_ANGLE_UNIT ( ) );
#6936 = FILL_AREA_STYLE_COLOUR ( '', #1962 ) ;
#6937 = SURFACE_STYLE_USAGE ( .BOTH. , #4497 ) ;
#6938 = VECTOR ( 'NONE', #7848, 1000.000000000000000 ) ;
#6939 = FACE_OUTER_BOUND ( 'NONE', #5635, .T. ) ;
#6940 = PRESENTATION_STYLE_ASSIGNMENT (( #2112 ) ) ;
#6941 = CIRCLE ( 'NONE', #3727, 0.2999999999999999334 ) ;
#6942 = EDGE_CURVE ( 'NONE', #3117, #5196, #8385, .T. ) ;
#6943 = FILL_AREA_STYLE ('',( #7415 ) ) ;
#6944 =( LENGTH_UNIT ( ) NAMED_UNIT ( * ) SI_UNIT ( .MILLI., .METRE. ) );
#6945 = CARTESIAN_POINT ( 'NONE',  ( 6.000000000000000000, 3.499999999999999556, 0.4000000000000000222 ) ) ;
#6946 = UNCERTAINTY_MEASURE_WITH_UNIT (LENGTH_MEASURE( 1.000000000000000082E-05 ), #2162, 'distance_accuracy_value', 'NONE');
#6947 = EDGE_CURVE ( 'NONE', #4436, #2771, #9976, .T. ) ;
#6948 = EDGE_CURVE ( 'NONE', #4847, #1251, #8481, .T. ) ;
#6949 =( GEOMETRIC_REPRESENTATION_CONTEXT ( 3 ) GLOBAL_UNCERTAINTY_ASSIGNED_CONTEXT ( ( #6177 ) ) GLOBAL_UNIT_ASSIGNED_CONTEXT ( ( #7013, #3167, #3906 ) ) REPRESENTATION_CONTEXT ( 'NONE', 'WORKASPACE' ) );
#6950 = ORIENTED_EDGE ( 'NONE', *, *, #8635, .F. ) ;
#6951 = ORIENTED_EDGE ( 'NONE', *, *, #7570, .F. ) ;
#6952 = FACE_OUTER_BOUND ( 'NONE', #8971, .T. ) ;
#6953 = AXIS2_PLACEMENT_3D ( 'NONE', #6274, #268, #3418 ) ;
#6954 = LINE ( 'NONE', #9475, #5844 ) ;
#6955 = ADVANCED_FACE ( 'NONE', ( #1145 ), #8129, .T. ) ;
#6956 = DIRECTION ( 'NONE',  ( 0.8682466191274124112, -0.000000000000000000, 0.4961328535521690730 ) ) ;
#6957 = LINE ( 'NONE', #6215, #9907 ) ;
#6958 = ORIENTED_EDGE ( 'NONE', *, *, #2577, .F. ) ;
#6959 = EDGE_LOOP ( 'NONE', ( #5738, #4680, #8230, #4657 ) ) ;
#6960 = DIRECTION ( 'NONE',  ( 0.000000000000000000, 1.000000000000000000, 0.000000000000000000 ) ) ;
#6961 =( NAMED_UNIT ( * ) SI_UNIT ( $, .STERADIAN. ) SOLID_ANGLE_UNIT ( ) );
#6962 = ORIENTED_EDGE ( 'NONE', *, *, #4315, .F. ) ;
#6963 = DIRECTION ( 'NONE',  ( -0.7155891509246106175, -0.6985214149036484965, 2.769524078809247341E-15 ) ) ;
#6964 = PLANE ( 'NONE',  #812 ) ;
#6965 =( NAMED_UNIT ( * ) SI_UNIT ( $, .STERADIAN. ) SOLID_ANGLE_UNIT ( ) );
#6966 = EDGE_CURVE ( 'NONE', #368, #648, #2703, .T. ) ;
#6967 = CARTESIAN_POINT ( 'NONE',  ( -2.166916829160916310E-16, 1.706111319364985103E-15, 3.600000000000002309 ) ) ;
#6968 = SURFACE_STYLE_USAGE ( .BOTH. , #6024 ) ;
#6969 = SURFACE_SIDE_STYLE ('',( #6920 ) ) ;
#6970 = CARTESIAN_POINT ( 'NONE',  ( 1.283695372222837250E-13, 1.756407519426517183E-14, 3.600000000000000533 ) ) ;
#6971 = VERTEX_POINT ( 'NONE', #9379 ) ;
#6972 = VERTEX_POINT ( 'NONE', #10302 ) ;
#6973 = ORIENTED_EDGE ( 'NONE', *, *, #8940, .T. ) ;
#6974 =( GEOMETRIC_REPRESENTATION_CONTEXT ( 3 ) GLOBAL_UNCERTAINTY_ASSIGNED_CONTEXT ( ( #1870 ) ) GLOBAL_UNIT_ASSIGNED_CONTEXT ( ( #9133, #2674, #5024 ) ) REPRESENTATION_CONTEXT ( 'NONE', 'WORKASPACE' ) );
#6975 = LINE ( 'NONE', #7648, #8947 ) ;
#6976 =( NAMED_UNIT ( * ) SI_UNIT ( $, .STERADIAN. ) SOLID_ANGLE_UNIT ( ) );
#6977 = DIRECTION ( 'NONE',  ( -0.1179568432022832097, 0.9713257602420872772, 0.2064278339562842790 ) ) ;
#6978 = AXIS2_PLACEMENT_3D ( 'NONE', #3753, #4603, #7974 ) ;
#6979 = SURFACE_STYLE_FILL_AREA ( #5507 ) ;
#6980 = ORIENTED_EDGE ( 'NONE', *, *, #1544, .T. ) ;
#6981 = LINE ( 'NONE', #10010, #4397 ) ;
#6982 = DIRECTION ( 'NONE',  ( 0.000000000000000000, 0.000000000000000000, 1.000000000000000000 ) ) ;
#6983 = AXIS2_PLACEMENT_3D ( 'NONE', #6759, #1983, #4334 ) ;
#6984 = FILL_AREA_STYLE ('',( #7876 ) ) ;
#6985 = CARTESIAN_POINT ( 'NONE',  ( -6.287205726393076510, -2.999999999999999112, -2.830212172457907016 ) ) ;
#6986 = DIRECTION ( 'NONE',  ( -0.000000000000000000, -1.000000000000000000, -0.000000000000000000 ) ) ;
#6987 = VECTOR ( 'NONE', #6695, 1000.000000000000000 ) ;
#6988 =( NAMED_UNIT ( * ) SI_UNIT ( $, .STERADIAN. ) SOLID_ANGLE_UNIT ( ) );
#6989 = EDGE_CURVE ( 'NONE', #5977, #5167, #6169, .T. ) ;
#6990 =( GEOMETRIC_REPRESENTATION_CONTEXT ( 3 ) GLOBAL_UNCERTAINTY_ASSIGNED_CONTEXT ( ( #5163 ) ) GLOBAL_UNIT_ASSIGNED_CONTEXT ( ( #1257, #9332, #7747 ) ) REPRESENTATION_CONTEXT ( 'NONE', 'WORKASPACE' ) );
#6991 = VERTEX_POINT ( 'NONE', #632 ) ;
#6992 = ORIENTED_EDGE ( 'NONE', *, *, #8224, .T. ) ;
#6993 = LINE ( 'NONE', #4623, #9967 ) ;
#6994 = UNCERTAINTY_MEASURE_WITH_UNIT (LENGTH_MEASURE( 1.000000000000000082E-05 ), #8429, 'distance_accuracy_value', 'NONE');
#6995 = DIRECTION ( 'NONE',  ( 1.000000000000000000, 0.000000000000000000, 2.534909507749887485E-14 ) ) ;
#6996 = CARTESIAN_POINT ( 'NONE',  ( 4.054821420274923760, -4.341536639986060209, 3.598611123188932837 ) ) ;
#6997 = PLANE ( 'NONE',  #9883 ) ;
#6998 = FILL_AREA_STYLE_COLOUR ( '', #9055 ) ;
#6999 = CIRCLE ( 'NONE', #1820, 1.000000000000000000 ) ;
#7000 = ORIENTED_EDGE ( 'NONE', *, *, #417, .T. ) ;
#7001 = ORIENTED_EDGE ( 'NONE', *, *, #8182, .F. ) ;
#7002 = FILL_AREA_STYLE ('',( #7893 ) ) ;
#7003 = CARTESIAN_POINT ( 'NONE',  ( 6.000000000000000000, -3.000000000000000000, 3.500000000000000000 ) ) ;
#7004 = SURFACE_STYLE_USAGE ( .BOTH. , #4775 ) ;
#7005 = DIRECTION ( 'NONE',  ( -0.000000000000000000, -0.000000000000000000, 1.000000000000000000 ) ) ;
#7006 = DIRECTION ( 'NONE',  ( -1.000000000000000000, 0.000000000000000000, -1.989556187307767442E-15 ) ) ;
#7007 = UNCERTAINTY_MEASURE_WITH_UNIT (LENGTH_MEASURE( 1.000000000000000082E-05 ), #9642, 'distance_accuracy_value', 'NONE');
#7008 = AXIS2_PLACEMENT_3D ( 'NONE', #6110, #1285, #7520 ) ;
#7009 = DIRECTION ( 'NONE',  ( -0.000000000000000000, -0.000000000000000000, 1.000000000000000000 ) ) ;
#7010 = DIRECTION ( 'NONE',  ( 0.000000000000000000, -1.000000000000000000, 0.000000000000000000 ) ) ;
#7011 =( NAMED_UNIT ( * ) PLANE_ANGLE_UNIT ( ) SI_UNIT ( $, .RADIAN. ) );
#7012 = VERTEX_POINT ( 'NONE', #4522 ) ;
#7013 =( LENGTH_UNIT ( ) NAMED_UNIT ( * ) SI_UNIT ( .MILLI., .METRE. ) );
#7014 = EDGE_LOOP ( 'NONE', ( #1661, #1510, #2378, #2290, #3905, #8017, #7880, #8044, #7826, #9930, #9321, #6612, #7803, #1116, #7036 ) ) ;
#7015 = AXIS2_PLACEMENT_3D ( 'NONE', #4755, #3964, #9651 ) ;
#7016 =( NAMED_UNIT ( * ) SI_UNIT ( $, .STERADIAN. ) SOLID_ANGLE_UNIT ( ) );
#7017 =( LENGTH_UNIT ( ) NAMED_UNIT ( * ) SI_UNIT ( .MILLI., .METRE. ) );
#7018 = LINE ( 'NONE', #2154, #7727 ) ;
#7019 = FILL_AREA_STYLE ('',( #9454 ) ) ;
#7020 =( NAMED_UNIT ( * ) PLANE_ANGLE_UNIT ( ) SI_UNIT ( $, .RADIAN. ) );
#7021 = LINE ( 'NONE', #8553, #847 ) ;
#7022 = STYLED_ITEM ( 'NONE', ( #6807 ), #301 ) ;
#7023 = SURFACE_STYLE_USAGE ( .BOTH. , #9405 ) ;
#7024 =( LENGTH_UNIT ( ) NAMED_UNIT ( * ) SI_UNIT ( .MILLI., .METRE. ) );
#7025 = ORIENTED_EDGE ( 'NONE', *, *, #6814, .F. ) ;
#7026 = DIRECTION ( 'NONE',  ( 2.478176364762575186E-15, 0.000000000000000000, 1.000000000000000000 ) ) ;
#7027 = FILL_AREA_STYLE_COLOUR ( '', #5762 ) ;
#7028 = DIRECTION ( 'NONE',  ( -1.000000000000000000, 0.000000000000000000, 0.000000000000000000 ) ) ;
#7029 = FILL_AREA_STYLE_COLOUR ( '', #71 ) ;
#7030 = CARTESIAN_POINT ( 'NONE',  ( -1.891518204694831340, -5.435424868893539596, 3.600000000000001421 ) ) ;
#7031 = DIRECTION ( 'NONE',  ( -1.000000000000000000, -9.243532378488261014E-30, 1.091359317269132201E-13 ) ) ;
#7032 =( GEOMETRIC_REPRESENTATION_CONTEXT ( 3 ) GLOBAL_UNCERTAINTY_ASSIGNED_CONTEXT ( ( #2369 ) ) GLOBAL_UNIT_ASSIGNED_CONTEXT ( ( #9219, #3579, #3678 ) ) REPRESENTATION_CONTEXT ( 'NONE', 'WORKASPACE' ) );
#7033 = ORIENTED_EDGE ( 'NONE', *, *, #4491, .F. ) ;
#7034 = CIRCLE ( 'NONE', #703, 0.3500000000000004774 ) ;
#7035 = ORIENTED_EDGE ( 'NONE', *, *, #8893, .T. ) ;
#7036 = ORIENTED_EDGE ( 'NONE', *, *, #2134, .T. ) ;
#7037 = COLOUR_RGB ( '',1.000000000000000000, 1.000000000000000000, 1.000000000000000000 ) ;
#7038 = CARTESIAN_POINT ( 'NONE',  ( 0.000000000000000000, 0.000000000000000000, 3.600000000000001421 ) ) ;
#7039 = SURFACE_STYLE_USAGE ( .BOTH. , #3825 ) ;
#7040 = VECTOR ( 'NONE', #4407, 1000.000000000000000 ) ;
#7041 = VECTOR ( 'NONE', #3726, 1000.000000000000227 ) ;
#7042 = SURFACE_STYLE_FILL_AREA ( #3666 ) ;
#7043 = DIRECTION ( 'NONE',  ( 0.000000000000000000, 0.000000000000000000, 1.000000000000000000 ) ) ;
#7044 = LINE ( 'NONE', #10190, #3422 ) ;
#7045 = CARTESIAN_POINT ( 'NONE',  ( 6.159705218919226510, -2.937096592108939141, -3.053341690607344283 ) ) ;
#7046 = SURFACE_SIDE_STYLE ('',( #9428 ) ) ;
#7047 =( GEOMETRIC_REPRESENTATION_CONTEXT ( 3 ) GLOBAL_UNCERTAINTY_ASSIGNED_CONTEXT ( ( #1739 ) ) GLOBAL_UNIT_ASSIGNED_CONTEXT ( ( #2824, #5023, #9951 ) ) REPRESENTATION_CONTEXT ( 'NONE', 'WORKASPACE' ) );
#7048 = DIRECTION ( 'NONE',  ( -0.4819066211576422121, 0.2377525341402928205, -0.8433503074015528123 ) ) ;
#7049 = ORIENTED_EDGE ( 'NONE', *, *, #3512, .F. ) ;
#7050 = ORIENTED_EDGE ( 'NONE', *, *, #9711, .T. ) ;
#7051 = PRESENTATION_STYLE_ASSIGNMENT (( #3837 ) ) ;
#7052 = AXIS2_PLACEMENT_3D ( 'NONE', #5090, #3602, #8314 ) ;
#7053 = DIRECTION ( 'NONE',  ( -0.000000000000000000, -0.000000000000000000, 1.000000000000000000 ) ) ;
#7054 = PRESENTATION_STYLE_ASSIGNMENT (( #9777 ) ) ;
#7055 = AXIS2_PLACEMENT_3D ( 'NONE', #7278, #3266, #4843 ) ;
#7056 = ADVANCED_FACE ( 'NONE', ( #581 ), #3734, .T. ) ;
#7057 = CARTESIAN_POINT ( 'NONE',  ( 4.399999999999999467, -4.999999999999998224, 0.000000000000000000 ) ) ;
#7058 = SURFACE_SIDE_STYLE ('',( #8008 ) ) ;
#7059 = LINE ( 'NONE', #3062, #8055 ) ;
#7060 = PRESENTATION_LAYER_ASSIGNMENT (  '', '', ( #1533 ) ) ;
#7061 = FILL_AREA_STYLE_COLOUR ( '', #8019 ) ;
#7062 = EDGE_CURVE ( 'NONE', #852, #1849, #7951, .T. ) ;
#7063 = CARTESIAN_POINT ( 'NONE',  ( 1.324581074942552616, -5.271558449006347402, 3.199999999999954436 ) ) ;
#7064 = EDGE_CURVE ( 'NONE', #2807, #3495, #682, .T. ) ;
#7065 =( LENGTH_UNIT ( ) NAMED_UNIT ( * ) SI_UNIT ( .MILLI., .METRE. ) );
#7066 = ORIENTED_EDGE ( 'NONE', *, *, #8496, .T. ) ;
#7067 =( GEOMETRIC_REPRESENTATION_CONTEXT ( 3 ) GLOBAL_UNCERTAINTY_ASSIGNED_CONTEXT ( ( #7085 ) ) GLOBAL_UNIT_ASSIGNED_CONTEXT ( ( #5271, #2036, #6965 ) ) REPRESENTATION_CONTEXT ( 'NONE', 'WORKASPACE' ) );
#7068 =( LENGTH_UNIT ( ) NAMED_UNIT ( * ) SI_UNIT ( .MILLI., .METRE. ) );
#7069 = VERTEX_POINT ( 'NONE', #10252 ) ;
#7070 = EDGE_CURVE ( 'NONE', #5335, #2483, #4681, .T. ) ;
#7071 = PRESENTATION_LAYER_ASSIGNMENT (  '', '', ( #7565 ) ) ;
#7072 = DIRECTION ( 'NONE',  ( -0.8682466191274117451, 0.000000000000000000, -0.4961328535521704053 ) ) ;
#7073 = CARTESIAN_POINT ( 'NONE',  ( -1.873585899494648377, -5.430545867047719355, 3.600000000000003642 ) ) ;
#7074 = PRESENTATION_LAYER_ASSIGNMENT (  '', '', ( #6239 ) ) ;
#7075 = MECHANICAL_DESIGN_GEOMETRIC_PRESENTATION_REPRESENTATION (  '', ( #8422 ), #8765 ) ;
#7076 = ADVANCED_FACE ( 'NONE', ( #5482 ), #1104, .T. ) ;
#7077 = FILL_AREA_STYLE ('',( #5394 ) ) ;
#7078 = EDGE_CURVE ( 'NONE', #7497, #2342, #7780, .T. ) ;
#7079 = DIRECTION ( 'NONE',  ( -1.222978688985946960E-15, -1.000000000000000000, 0.000000000000000000 ) ) ;
#7080 = DIRECTION ( 'NONE',  ( -1.000000000000000000, 0.000000000000000000, 0.000000000000000000 ) ) ;
#7081 = ORIENTED_EDGE ( 'NONE', *, *, #7521, .F. ) ;
#7082 = CIRCLE ( 'NONE', #8431, 0.1999999999999996503 ) ;
#7083 = CARTESIAN_POINT ( 'NONE',  ( -4.399999999999998579, -5.000000000000000888, 0.000000000000000000 ) ) ;
#7084 = COLOUR_RGB ( '',1.000000000000000000, 1.000000000000000000, 1.000000000000000000 ) ;
#7085 = UNCERTAINTY_MEASURE_WITH_UNIT (LENGTH_MEASURE( 1.000000000000000082E-05 ), #5271, 'distance_accuracy_value', 'NONE');
#7086 = CYLINDRICAL_SURFACE ( 'NONE', #1229, 0.2999999999999999334 ) ;
#7087 = SURFACE_STYLE_FILL_AREA ( #7927 ) ;
#7088 = PRESENTATION_STYLE_ASSIGNMENT (( #7928 ) ) ;
#7089 = LINE ( 'NONE', #6985, #2367 ) ;
#7090 = AXIS2_PLACEMENT_3D ( 'NONE', #5284, #5231, #492 ) ;
#7091 = DIRECTION ( 'NONE',  ( -0.8814833810881022025, 0.000000000000000000, -0.4722150451494400158 ) ) ;
#7092 = EDGE_CURVE ( 'NONE', #9934, #5367, #156, .T. ) ;
#7093 =( NAMED_UNIT ( * ) PLANE_ANGLE_UNIT ( ) SI_UNIT ( $, .RADIAN. ) );
#7094 = ORIENTED_EDGE ( 'NONE', *, *, #113, .T. ) ;
#7095 = EDGE_LOOP ( 'NONE', ( #2820, #6359, #3919, #10352 ) ) ;
#7096 = ORIENTED_EDGE ( 'NONE', *, *, #6427, .F. ) ;
#7097 = AXIS2_PLACEMENT_3D ( 'NONE', #5318, #6019, #10151 ) ;
#7098 = MECHANICAL_DESIGN_GEOMETRIC_PRESENTATION_REPRESENTATION (  '', ( #4404 ), #7946 ) ;
#7099 = DIRECTION ( 'NONE',  ( 0.000000000000000000, 0.000000000000000000, -1.000000000000000000 ) ) ;
#7100 =( NAMED_UNIT ( * ) PLANE_ANGLE_UNIT ( ) SI_UNIT ( $, .RADIAN. ) );
#7101 = UNCERTAINTY_MEASURE_WITH_UNIT (LENGTH_MEASURE( 1.000000000000000082E-05 ), #6181, 'distance_accuracy_value', 'NONE');
#7102 = CARTESIAN_POINT ( 'NONE',  ( -3.600000000000001421, -5.800000000000000711, 0.000000000000000000 ) ) ;
#7103 = DIRECTION ( 'NONE',  ( 1.222978688985946960E-15, 1.000000000000000000, 0.000000000000000000 ) ) ;
#7104 = AXIS2_PLACEMENT_3D ( 'NONE', #7414, #4735, #4143 ) ;
#7105 = EDGE_CURVE ( 'NONE', #5965, #4198, #2447, .T. ) ;
#7106 =( LENGTH_UNIT ( ) NAMED_UNIT ( * ) SI_UNIT ( .MILLI., .METRE. ) );
#7107 = VECTOR ( 'NONE', #5155, 1000.000000000000227 ) ;
#7108 =( NAMED_UNIT ( * ) PLANE_ANGLE_UNIT ( ) SI_UNIT ( $, .RADIAN. ) );
#7109 = DIRECTION ( 'NONE',  ( -1.000000000000000000, -1.355252715606882022E-16, -0.000000000000000000 ) ) ;
#7110 = EDGE_LOOP ( 'NONE', ( #2936, #5178, #4555, #6358 ) ) ;
#7111 = EDGE_LOOP ( 'NONE', ( #9557, #4799, #4574, #5689 ) ) ;
#7112 = DIRECTION ( 'NONE',  ( 1.000000000000000000, 0.000000000000000000, 0.000000000000000000 ) ) ;
#7113 = CARTESIAN_POINT ( 'NONE',  ( -4.750000000000000000, -4.750000000000000000, 3.200000000000000178 ) ) ;
#7114 = VECTOR ( 'NONE', #6960, 1000.000000000000000 ) ;
#7115 = DIRECTION ( 'NONE',  ( 0.000000000000000000, -0.000000000000000000, -1.000000000000000000 ) ) ;
#7116 = DIRECTION ( 'NONE',  ( 0.4961328535521676852, 0.000000000000000000, 0.8682466191274131884 ) ) ;
#7117 = LINE ( 'NONE', #692, #1369 ) ;
#7118 = SURFACE_STYLE_USAGE ( .BOTH. , #8857 ) ;
#7119 = AXIS2_PLACEMENT_3D ( 'NONE', #7204, #9624, #5797 ) ;
#7120 = CARTESIAN_POINT ( 'NONE',  ( -2.888758826083738928E-15, -9.393971860996764743E-15, 3.499999999999995559 ) ) ;
#7121 = ORIENTED_EDGE ( 'NONE', *, *, #8893, .F. ) ;
#7122 = ADVANCED_FACE ( 'NONE', ( #4201, #1811 ), #4995, .T. ) ;
#7123 = FILL_AREA_STYLE ('',( #2504 ) ) ;
#7124 = ORIENTED_EDGE ( 'NONE', *, *, #8882, .T. ) ;
#7125 = DIRECTION ( 'NONE',  ( 1.058592843975275355E-14, 2.512674504403129539E-14, -1.000000000000000000 ) ) ;
#7126 = CARTESIAN_POINT ( 'NONE',  ( 6.694074169054405665, -6.704630743366731593, -2.070921654418471203 ) ) ;
#7127 = EDGE_CURVE ( 'NONE', #1873, #2699, #1710, .T. ) ;
#7128 = LINE ( 'NONE', #3123, #2539 ) ;
#7129 = CARTESIAN_POINT ( 'NONE',  ( -4.999999999999997335, 5.800000000000000711, 0.2000000000000000944 ) ) ;
#7130 = PRESENTATION_STYLE_ASSIGNMENT (( #758 ) ) ;
#7131 = CARTESIAN_POINT ( 'NONE',  ( -2.249999999999969358, -5.435424868893704797, 3.600000000000001421 ) ) ;
#7132 = DIRECTION ( 'NONE',  ( 0.000000000000000000, -0.000000000000000000, 1.000000000000000000 ) ) ;
#7133 = DIRECTION ( 'NONE',  ( 0.000000000000000000, 0.000000000000000000, -1.000000000000000000 ) ) ;
#7134 = ORIENTED_EDGE ( 'NONE', *, *, #640, .F. ) ;
#7135 = TOROIDAL_SURFACE ( 'NONE', #6134, 4.924999999999994493, 0.2500000000000167644 ) ;
#7136 =( NAMED_UNIT ( * ) SI_UNIT ( $, .STERADIAN. ) SOLID_ANGLE_UNIT ( ) );
#7137 = CIRCLE ( 'NONE', #6307, 0.1999999999999979294 ) ;
#7138 = EDGE_CURVE ( 'NONE', #9480, #8634, #9634, .T. ) ;
#7139 = DIRECTION ( 'NONE',  ( -0.4819066211576378267, -0.2377525341402906278, -0.8433503074015558099 ) ) ;
#7140 = SURFACE_STYLE_USAGE ( .BOTH. , #6146 ) ;
#7141 = PRESENTATION_STYLE_ASSIGNMENT (( #24 ) ) ;
#7142 = SURFACE_STYLE_USAGE ( .BOTH. , #9505 ) ;
#7143 = STYLED_ITEM ( 'NONE', ( #9910 ), #4096 ) ;
#7144 = CARTESIAN_POINT ( 'NONE',  ( 6.305925830945598776, 6.704630743366732482, -0.7110617430582412135 ) ) ;
#7145 = PRESENTATION_LAYER_ASSIGNMENT (  '', '', ( #2781 ) ) ;
#7146 = ORIENTED_EDGE ( 'NONE', *, *, #1526, .F. ) ;
#7147 = ORIENTED_EDGE ( 'NONE', *, *, #2760, .T. ) ;
#7148 = EDGE_LOOP ( 'NONE', ( #7258, #3931, #1914, #2208 ) ) ;
#7149 = EDGE_LOOP ( 'NONE', ( #2753, #3968, #2792, #5584 ) ) ;
#7150 = EDGE_CURVE ( 'NONE', #6122, #4436, #211, .T. ) ;
#7151 = PRESENTATION_STYLE_ASSIGNMENT (( #6155 ) ) ;
#7152 = EDGE_CURVE ( 'NONE', #6566, #9511, #9784, .T. ) ;
#7153 = PRESENTATION_STYLE_ASSIGNMENT (( #7745 ) ) ;
#7154 = SURFACE_SIDE_STYLE ('',( #7886 ) ) ;
#7155 = VECTOR ( 'NONE', #2217, 1000.000000000000000 ) ;
#7156 = FILL_AREA_STYLE ('',( #2283 ) ) ;
#7157 = LINE ( 'NONE', #1595, #7214 ) ;
#7158 = CARTESIAN_POINT ( 'NONE',  ( -5.271558449006361613, 1.324581074942562831, 3.600000000000001421 ) ) ;
#7159 = ORIENTED_EDGE ( 'NONE', *, *, #874, .F. ) ;
#7160 = ORIENTED_EDGE ( 'NONE', *, *, #7458, .T. ) ;
#7161 = FILL_AREA_STYLE_COLOUR ( '', #109 ) ;
#7162 = AXIS2_PLACEMENT_3D ( 'NONE', #4612, #453, #4949 ) ;
#7163 =( GEOMETRIC_REPRESENTATION_CONTEXT ( 3 ) GLOBAL_UNCERTAINTY_ASSIGNED_CONTEXT ( ( #3655 ) ) GLOBAL_UNIT_ASSIGNED_CONTEXT ( ( #2187, #10103, #4530 ) ) REPRESENTATION_CONTEXT ( 'NONE', 'WORKASPACE' ) );
#7164 = PRESENTATION_STYLE_ASSIGNMENT (( #2291 ) ) ;
#7165 = LINE ( 'NONE', #951, #3122 ) ;
#7166 = DIRECTION ( 'NONE',  ( 1.000000000000000000, 3.072617585151693083E-15, 0.000000000000000000 ) ) ;
#7167 = DIRECTION ( 'NONE',  ( -1.000000000000000000, 0.000000000000000000, 0.000000000000000000 ) ) ;
#7168 = AXIS2_PLACEMENT_3D ( 'NONE', #4015, #4962, #8869 ) ;
#7169 = CIRCLE ( 'NONE', #3459, 0.8000000000000003775 ) ;
#7170 = LINE ( 'NONE', #1556, #2538 ) ;
#7171 =( NAMED_UNIT ( * ) SI_UNIT ( $, .STERADIAN. ) SOLID_ANGLE_UNIT ( ) );
#7172 = VECTOR ( 'NONE', #9530, 1000.000000000000000 ) ;
#7173 = PRESENTATION_STYLE_ASSIGNMENT (( #7801 ) ) ;
#7174 = EDGE_LOOP ( 'NONE', ( #2624, #2007, #4437, #10056, #9271, #1333 ) ) ;
#7175 = ORIENTED_EDGE ( 'NONE', *, *, #5806, .F. ) ;
#7176 = ORIENTED_EDGE ( 'NONE', *, *, #1544, .F. ) ;
#7177 = CARTESIAN_POINT ( 'NONE',  ( -1.891518204694822458, 5.400000000000019007, 3.199999999999981526 ) ) ;
#7178 = CIRCLE ( 'NONE', #9853, 0.4000000000002206790 ) ;
#7179 = MECHANICAL_DESIGN_GEOMETRIC_PRESENTATION_REPRESENTATION (  '', ( #6165 ), #1643 ) ;
#7180 = CARTESIAN_POINT ( 'NONE',  ( -6.047284773946952114E-14, 3.362388395648687634E-13, 3.500000000000172751 ) ) ;
#7181 = CIRCLE ( 'NONE', #666, 0.03542486889630738073 ) ;
#7182 =( LENGTH_UNIT ( ) NAMED_UNIT ( * ) SI_UNIT ( .MILLI., .METRE. ) );
#7183 = DIRECTION ( 'NONE',  ( -3.491483361109382461E-15, 0.000000000000000000, -1.000000000000000000 ) ) ;
#7184 =( NAMED_UNIT ( * ) PLANE_ANGLE_UNIT ( ) SI_UNIT ( $, .RADIAN. ) );
#7185 = DIRECTION ( 'NONE',  ( 0.000000000000000000, 0.000000000000000000, -1.000000000000000000 ) ) ;
#7186 = CARTESIAN_POINT ( 'NONE',  ( 1.599999999997520739, -1.599999999999594857, 7.299999999999998934 ) ) ;
#7187 = STYLED_ITEM ( 'NONE', ( #5319 ), #9393 ) ;
#7188 = ORIENTED_EDGE ( 'NONE', *, *, #7579, .F. ) ;
#7189 = AXIS2_PLACEMENT_3D ( 'NONE', #4654, #7079, #5565 ) ;
#7190 = DIRECTION ( 'NONE',  ( 0.000000000000000000, -0.2078790956190632588, -0.9781545284895430958 ) ) ;
#7191 = UNCERTAINTY_MEASURE_WITH_UNIT (LENGTH_MEASURE( 1.000000000000000082E-05 ), #8931, 'distance_accuracy_value', 'NONE');
#7192 = PRESENTATION_STYLE_ASSIGNMENT (( #6454 ) ) ;
#7193 = DIRECTION ( 'NONE',  ( -0.000000000000000000, -0.000000000000000000, 1.000000000000000000 ) ) ;
#7194 = CARTESIAN_POINT ( 'NONE',  ( 0.000000000000000000, -6.000000000000000000, 0.2000000000000001221 ) ) ;
#7195 = CARTESIAN_POINT ( 'NONE',  ( -1.663087391033267748, -5.500000000000000000, 3.552195178986508051 ) ) ;
#7196 = CIRCLE ( 'NONE', #2669, 0.3000000000000007661 ) ;
#7197 = PRESENTATION_STYLE_ASSIGNMENT (( #771 ) ) ;
#7198 = EDGE_LOOP ( 'NONE', ( #2471, #8796 ) ) ;
#7199 = VERTEX_POINT ( 'NONE', #4253 ) ;
#7200 = ORIENTED_EDGE ( 'NONE', *, *, #1526, .T. ) ;
#7201 = ADVANCED_FACE ( 'NONE', ( #4412 ), #3509, .F. ) ;
#7202 = VERTEX_POINT ( 'NONE', #1918 ) ;
#7203 = PRESENTATION_LAYER_ASSIGNMENT (  '', '', ( #2354 ) ) ;
#7204 = CARTESIAN_POINT ( 'NONE',  ( 0.4999999999999987232, 4.500000000000002665, -1.199999999999996625 ) ) ;
#7205 = EDGE_CURVE ( 'NONE', #8541, #9561, #7671, .T. ) ;
#7206 = SURFACE_STYLE_USAGE ( .BOTH. , #7994 ) ;
#7207 = DIRECTION ( 'NONE',  ( 3.274077951839322246E-14, 1.637038975914476918E-13, -1.000000000000000000 ) ) ;
#7208 = AXIS2_PLACEMENT_3D ( 'NONE', #9329, #6797, #1256 ) ;
#7209 = PLANE ( 'NONE',  #7168 ) ;
#7210 = STYLED_ITEM ( 'NONE', ( #5066 ), #825 ) ;
#7211 = CARTESIAN_POINT ( 'NONE',  ( -6.041480816619167804, -6.704630743366730705, -0.8527262566030734403 ) ) ;
#7212 = DIRECTION ( 'NONE',  ( 0.000000000000000000, -1.000000000000000000, 1.301042606982613367E-14 ) ) ;
#7213 = SURFACE_STYLE_USAGE ( .BOTH. , #9631 ) ;
#7214 = VECTOR ( 'NONE', #5647, 1000.000000000000000 ) ;
#7215 = VERTEX_POINT ( 'NONE', #6059 ) ;
#7216 = PRESENTATION_LAYER_ASSIGNMENT (  '', '', ( #2023 ) ) ;
#7217 = ORIENTED_EDGE ( 'NONE', *, *, #2479, .F. ) ;
#7218 = CARTESIAN_POINT ( 'NONE',  ( -6.547679712131305507, 3.000000000000000000, -2.979052028523552664 ) ) ;
#7219 =( NAMED_UNIT ( * ) SI_UNIT ( $, .STERADIAN. ) SOLID_ANGLE_UNIT ( ) );
#7220 = MECHANICAL_DESIGN_GEOMETRIC_PRESENTATION_REPRESENTATION (  '', ( #2194 ), #7723 ) ;
#7221 = DIRECTION ( 'NONE',  ( 0.000000000000000000, 0.000000000000000000, -1.000000000000000000 ) ) ;
#7222 = PRESENTATION_LAYER_ASSIGNMENT (  '', '', ( #9233 ) ) ;
#7223 = STYLED_ITEM ( 'NONE', ( #5078 ), #2218 ) ;
#7224 = LINE ( 'NONE', #8907, #10053 ) ;
#7225 = FILL_AREA_STYLE ('',( #3164 ) ) ;
#7226 = MECHANICAL_DESIGN_GEOMETRIC_PRESENTATION_REPRESENTATION (  '', ( #4521 ), #9371 ) ;
#7227 = CARTESIAN_POINT ( 'NONE',  ( -6.420179204657452843, -2.937096592108938253, -3.202181546672994372 ) ) ;
#7228 = ORIENTED_EDGE ( 'NONE', *, *, #8685, .T. ) ;
#7229 = ORIENTED_EDGE ( 'NONE', *, *, #7466, .T. ) ;
#7230 = PRESENTATION_STYLE_ASSIGNMENT (( #66 ) ) ;
#7231 = DIRECTION ( 'NONE',  ( 1.000000000000000000, 0.000000000000000000, -0.000000000000000000 ) ) ;
#7232 = EDGE_LOOP ( 'NONE', ( #7432, #2398, #5168, #7550 ) ) ;
#7233 = AXIS2_PLACEMENT_3D ( 'NONE', #9337, #2192, #3112 ) ;
#7234 = SURFACE_STYLE_FILL_AREA ( #7658 ) ;
#7235 = AXIS2_PLACEMENT_3D ( 'NONE', #3388, #5161, #8186 ) ;
#7236 = CARTESIAN_POINT ( 'NONE',  ( 0.000000000000000000, -6.000000000000000000, 0.2000000000000000944 ) ) ;
#7237 =( NAMED_UNIT ( * ) SI_UNIT ( $, .STERADIAN. ) SOLID_ANGLE_UNIT ( ) );
#7238 = TOROIDAL_SURFACE ( 'NONE', #7398, 5.435424868893655059, 0.4000000000000445421 ) ;
#7239 = CARTESIAN_POINT ( 'NONE',  ( 5.400000000000026112, 1.891518204694821348, 3.199999999999962874 ) ) ;
#7240 = FACE_OUTER_BOUND ( 'NONE', #1222, .T. ) ;
#7241 = PRESENTATION_LAYER_ASSIGNMENT (  '', '', ( #3859 ) ) ;
#7242 = SURFACE_STYLE_FILL_AREA ( #8921 ) ;
#7243 = SURFACE_STYLE_USAGE ( .BOTH. , #76 ) ;
#7244 = CARTESIAN_POINT ( 'NONE',  ( -5.676923076923080735, -2.365384615384602984, 3.499999999999983125 ) ) ;
#7245 = DIRECTION ( 'NONE',  ( 0.000000000000000000, -1.000000000000000000, 0.000000000000000000 ) ) ;
#7246 = ORIENTED_EDGE ( 'NONE', *, *, #10137, .T. ) ;
#7247 = PRODUCT_CONTEXT ( 'NONE', #7605, 'mechanical' ) ;
#7248 = AXIS2_PLACEMENT_3D ( 'NONE', #3268, #9683, #6593 ) ;
#7249 =( GEOMETRIC_REPRESENTATION_CONTEXT ( 3 ) GLOBAL_UNCERTAINTY_ASSIGNED_CONTEXT ( ( #2733 ) ) GLOBAL_UNIT_ASSIGNED_CONTEXT ( ( #1774, #4957, #280 ) ) REPRESENTATION_CONTEXT ( 'NONE', 'WORKASPACE' ) );
#7250 = STYLED_ITEM ( 'NONE', ( #9041 ), #7402 ) ;
#7251 = LINE ( 'NONE', #8146, #672 ) ;
#7252 = DIRECTION ( 'NONE',  ( -0.8682466191274124112, 0.000000000000000000, 0.4961328535521690730 ) ) ;
#7253 = AXIS2_PLACEMENT_3D ( 'NONE', #714, #5515, #4712 ) ;
#7254 = LINE ( 'NONE', #8203, #5450 ) ;
#7255 = ORIENTED_EDGE ( 'NONE', *, *, #5942, .T. ) ;
#7256 = PRESENTATION_LAYER_ASSIGNMENT (  '', '', ( #1394 ) ) ;
#7257 = ORIENTED_EDGE ( 'NONE', *, *, #3848, .F. ) ;
#7258 = ORIENTED_EDGE ( 'NONE', *, *, #8752, .T. ) ;
#7259 = ORIENTED_EDGE ( 'NONE', *, *, #6506, .F. ) ;
#7260 = EDGE_CURVE ( 'NONE', #8115, #776, #5097, .T. ) ;
#7261 = SURFACE_STYLE_FILL_AREA ( #3148 ) ;
#7262 = FILL_AREA_STYLE_COLOUR ( '', #2887 ) ;
#7263 = LINE ( 'NONE', #9813, #9709 ) ;
#7264 = COLOUR_RGB ( '',0.1098039215686274495, 0.1098039215686274495, 0.1098039215686274495 ) ;
#7265 = PRESENTATION_STYLE_ASSIGNMENT (( #4144 ) ) ;
#7266 = ADVANCED_FACE ( 'NONE', ( #6733 ), #9146, .T. ) ;
#7267 = PRESENTATION_STYLE_ASSIGNMENT (( #1645 ) ) ;
#7268 = CARTESIAN_POINT ( 'NONE',  ( 3.949999999999999734, 4.750000000000000000, 3.499999999999999556 ) ) ;
#7269 = ADVANCED_FACE ( 'NONE', ( #777 ), #9474, .T. ) ;
#7270 = PRESENTATION_LAYER_ASSIGNMENT (  '', '', ( #6764 ) ) ;
#7271 = SURFACE_STYLE_FILL_AREA ( #4782 ) ;
#7272 = ORIENTED_EDGE ( 'NONE', *, *, #7441, .T. ) ;
#7273 = CARTESIAN_POINT ( 'NONE',  ( 6.299999999999998046, 6.704630743366732482, -0.6874509908007693237 ) ) ;
#7274 = AXIS2_PLACEMENT_3D ( 'NONE', #2606, #9117, #8977 ) ;
#7275 = EDGE_CURVE ( 'NONE', #4903, #8498, #2262, .T. ) ;
#7276 = SURFACE_STYLE_USAGE ( .BOTH. , #8800 ) ;
#7277 = SURFACE_STYLE_USAGE ( .BOTH. , #7058 ) ;
#7278 = CARTESIAN_POINT ( 'NONE',  ( 0.000000000000000000, 0.000000000000000000, 4.299999999999999822 ) ) ;
#7279 = DIRECTION ( 'NONE',  ( 0.000000000000000000, 0.000000000000000000, -1.000000000000000000 ) ) ;
#7280 = LINE ( 'NONE', #851, #2387 ) ;
#7281 = ORIENTED_EDGE ( 'NONE', *, *, #3586, .T. ) ;
#7282 = ORIENTED_EDGE ( 'NONE', *, *, #4456, .F. ) ;
#7283 = EDGE_CURVE ( 'NONE', #9620, #3676, #5795, .T. ) ;
#7284 = CARTESIAN_POINT ( 'NONE',  ( -5.435424868893541372, -2.250000000001342038, 3.199999999999961542 ) ) ;
#7285 = FILL_AREA_STYLE_COLOUR ( '', #8692 ) ;
#7286 = FILL_AREA_STYLE ('',( #8097 ) ) ;
#7287 = VECTOR ( 'NONE', #8742, 1000.000000000000000 ) ;
#7288 = CARTESIAN_POINT ( 'NONE',  ( -6.300000004164958867, 1.409726619599058317, 0.7999999999999997113 ) ) ;
#7289 = CARTESIAN_POINT ( 'NONE',  ( -6.287205726393080063, -1.999999999999998224, -2.830212172457901687 ) ) ;
#7290 = UNCERTAINTY_MEASURE_WITH_UNIT (LENGTH_MEASURE( 1.000000000000000082E-05 ), #7815, 'distance_accuracy_value', 'NONE');
#7291 = DIRECTION ( 'NONE',  ( 2.035455951740312752E-30, 1.000000000000000000, -1.256337252201566032E-14 ) ) ;
#7292 = SURFACE_STYLE_USAGE ( .BOTH. , #4077 ) ;
#7293 = ORIENTED_EDGE ( 'NONE', *, *, #8224, .F. ) ;
#7294 = VECTOR ( 'NONE', #7183, 1000.000000000000000 ) ;
#7295 = UNCERTAINTY_MEASURE_WITH_UNIT (LENGTH_MEASURE( 1.000000000000000082E-05 ), #3172, 'distance_accuracy_value', 'NONE');
#7296 = CARTESIAN_POINT ( 'NONE',  ( 4.750000000000000000, 4.750000000000000000, 3.600000000000001421 ) ) ;
#7297 = CARTESIAN_POINT ( 'NONE',  ( 0.000000000000000000, 1.500000000000000000, 5.500000000000000000 ) ) ;
#7298 = DIRECTION ( 'NONE',  ( -0.000000000000000000, -0.000000000000000000, 1.000000000000000000 ) ) ;
#7299 = PLANE ( 'NONE',  #9330 ) ;
#7300 = AXIS2_PLACEMENT_3D ( 'NONE', #9573, #7836, #5592 ) ;
#7301 = ORIENTED_EDGE ( 'NONE', *, *, #5134, .T. ) ;
#7302 = VERTEX_POINT ( 'NONE', #8785 ) ;
#7303 = ORIENTED_EDGE ( 'NONE', *, *, #5788, .T. ) ;
#7304 = CARTESIAN_POINT ( 'NONE',  ( 0.000000000000000000, 4.500000000000003553, 0.000000000000000000 ) ) ;
#7305 = MECHANICAL_DESIGN_GEOMETRIC_PRESENTATION_REPRESENTATION (  '', ( #4269 ), #9145 ) ;
#7306 = AXIS2_PLACEMENT_3D ( 'NONE', #4236, #3446, #3641 ) ;
#7307 = SURFACE_STYLE_FILL_AREA ( #6467 ) ;
#7308 = EDGE_CURVE ( 'NONE', #7423, #3301, #5262, .T. ) ;
#7309 =( LENGTH_UNIT ( ) NAMED_UNIT ( * ) SI_UNIT ( .MILLI., .METRE. ) );
#7310 = CARTESIAN_POINT ( 'NONE',  ( 6.159705218919229175, 2.937096592108938697, -3.053341690607343839 ) ) ;
#7311 = CARTESIAN_POINT ( 'NONE',  ( -5.435424868893545813, 1.756407519426517183E-14, 3.600000000000000533 ) ) ;
#7312 = AXIS2_PLACEMENT_3D ( 'NONE', #10004, #654, #8613 ) ;
#7313 = ORIENTED_EDGE ( 'NONE', *, *, #9132, .F. ) ;
#7314 = LINE ( 'NONE', #7273, #5686 ) ;
#7315 = CIRCLE ( 'NONE', #807, 0.4999999999999987232 ) ;
#7316 = DIRECTION ( 'NONE',  ( 0.000000000000000000, 0.000000000000000000, -1.000000000000000000 ) ) ;
#7317 = FACE_OUTER_BOUND ( 'NONE', #5131, .T. ) ;
#7318 = PRESENTATION_LAYER_ASSIGNMENT (  '', '', ( #10164 ) ) ;
#7319 = DIRECTION ( 'NONE',  ( -0.000000000000000000, -0.000000000000000000, 1.000000000000000000 ) ) ;
#7320 = LINE ( 'NONE', #163, #2045 ) ;
#7321 = SURFACE_STYLE_USAGE ( .BOTH. , #2547 ) ;
#7322 =( LENGTH_UNIT ( ) NAMED_UNIT ( * ) SI_UNIT ( .MILLI., .METRE. ) );
#7323 =( NAMED_UNIT ( * ) PLANE_ANGLE_UNIT ( ) SI_UNIT ( $, .RADIAN. ) );
#7324 = ORIENTED_EDGE ( 'NONE', *, *, #6989, .F. ) ;
#7325 = ORIENTED_EDGE ( 'NONE', *, *, #9730, .T. ) ;
#7326 = PLANE ( 'NONE',  #768 ) ;
#7327 = FILL_AREA_STYLE_COLOUR ( '', #6822 ) ;
#7328 = ORIENTED_EDGE ( 'NONE', *, *, #5283, .T. ) ;
#7329 = EDGE_CURVE ( 'NONE', #7883, #9957, #3083, .T. ) ;
#7330 = EDGE_CURVE ( 'NONE', #5676, #4098, #441, .T. ) ;
#7331 = FACE_OUTER_BOUND ( 'NONE', #5772, .T. ) ;
#7332 = DIRECTION ( 'NONE',  ( 4.900241895855846023E-16, 4.900241895855865745E-16, 1.000000000000000000 ) ) ;
#7333 = DIRECTION ( 'NONE',  ( -1.000000000000000000, 1.445602896647339508E-15, 0.000000000000000000 ) ) ;
#7334 = ADVANCED_FACE ( 'NONE', ( #34 ), #983, .T. ) ;
#7335 = LINE ( 'NONE', #179, #8518 ) ;
#7336 = DIRECTION ( 'NONE',  ( -1.000000000000000000, 0.000000000000000000, 0.000000000000000000 ) ) ;
#7337 = DIRECTION ( 'NONE',  ( -1.000000000000000000, 0.000000000000000000, -0.000000000000000000 ) ) ;
#7338 = DIRECTION ( 'NONE',  ( 0.000000000000000000, -1.000000000000000000, 0.000000000000000000 ) ) ;
#7339 =( LENGTH_UNIT ( ) NAMED_UNIT ( * ) SI_UNIT ( .MILLI., .METRE. ) );
#7340 = DIRECTION ( 'NONE',  ( 0.000000000000000000, -2.861215661182131111E-16, 1.000000000000000000 ) ) ;
#7341 = ORIENTED_EDGE ( 'NONE', *, *, #6044, .T. ) ;
#7342 = DIRECTION ( 'NONE',  ( 1.000000000000000000, -2.337764517610564151E-30, -2.840858515597182442E-13 ) ) ;
#7343 = STYLED_ITEM ( 'NONE', ( #205 ), #9873 ) ;
#7344 = EDGE_CURVE ( 'NONE', #1796, #1825, #6414, .T. ) ;
#7345 = AXIS2_PLACEMENT_3D ( 'NONE', #7113, #8745, #7792 ) ;
#7346 = DIRECTION ( 'NONE',  ( 0.000000000000000000, 1.000000000000000000, -2.710505431213759902E-15 ) ) ;
#7347 = B_SPLINE_CURVE_WITH_KNOTS ( 'NONE', 3,
 ( #5171, #1024, #3398, #9805 ),
 .UNSPECIFIED., .F., .F.,
 ( 4, 4 ),
 ( 1.648557836140767151E-17, 4.169202251358285584E-05 ),
 .UNSPECIFIED. ) ;
#7348 =( NAMED_UNIT ( * ) SI_UNIT ( $, .STERADIAN. ) SOLID_ANGLE_UNIT ( ) );
#7349 = LINE ( 'NONE', #3349, #9656 ) ;
#7350 = PRESENTATION_LAYER_ASSIGNMENT (  '', '', ( #174 ) ) ;
#7351 = DIRECTION ( 'NONE',  ( 1.000000000000000000, 0.000000000000000000, 0.000000000000000000 ) ) ;
#7352 = VERTEX_POINT ( 'NONE', #9773 ) ;
#7353 = TOROIDAL_SURFACE ( 'NONE', #1654, 0.03542486889355464519, 0.4000000000000163425 ) ;
#7354 = EDGE_LOOP ( 'NONE', ( #8297, #732, #10232, #6012 ) ) ;
#7355 = ORIENTED_EDGE ( 'NONE', *, *, #9190, .F. ) ;
#7356 = DIRECTION ( 'NONE',  ( -1.000000000000000000, 0.000000000000000000, 0.000000000000000000 ) ) ;
#7357 = CARTESIAN_POINT ( 'NONE',  ( 0.8000000000000000444, -4.500000000000002665, -1.199999999999998845 ) ) ;
#7358 =( NAMED_UNIT ( * ) PLANE_ANGLE_UNIT ( ) SI_UNIT ( $, .RADIAN. ) );
#7359 = STYLED_ITEM ( 'NONE', ( #6930 ), #38 ) ;
#7360 = DIRECTION ( 'NONE',  ( 0.000000000000000000, 0.000000000000000000, 1.000000000000000000 ) ) ;
#7361 =( NAMED_UNIT ( * ) SI_UNIT ( $, .STERADIAN. ) SOLID_ANGLE_UNIT ( ) );
#7362 = DIRECTION ( 'NONE',  ( 0.000000000000000000, 0.000000000000000000, 1.000000000000000000 ) ) ;
#7363 = UNCERTAINTY_MEASURE_WITH_UNIT (LENGTH_MEASURE( 1.000000000000000082E-05 ), #5871, 'distance_accuracy_value', 'NONE');
#7364 = PRESENTATION_STYLE_ASSIGNMENT (( #1592 ) ) ;
#7365 = CARTESIAN_POINT ( 'NONE',  ( -2.263624949574430278, -5.432699878978661800, 3.600000000000000977 ) ) ;
#7366 = ORIENTED_EDGE ( 'NONE', *, *, #4940, .T. ) ;
#7367 = AXIS2_PLACEMENT_3D ( 'NONE', #7063, #9639, #2409 ) ;
#7368 = EDGE_LOOP ( 'NONE', ( #3943, #2501, #7580, #4114 ) ) ;
#7369 = ORIENTED_EDGE ( 'NONE', *, *, #1173, .T. ) ;
#7370 = DIRECTION ( 'NONE',  ( 0.000000000000000000, 0.000000000000000000, 1.000000000000000000 ) ) ;
#7371 = CARTESIAN_POINT ( 'NONE',  ( 3.950000000000000178, 4.837354856632045057E-16, 3.299999999999999378 ) ) ;
#7372 =( GEOMETRIC_REPRESENTATION_CONTEXT ( 3 ) GLOBAL_UNCERTAINTY_ASSIGNED_CONTEXT ( ( #3923 ) ) GLOBAL_UNIT_ASSIGNED_CONTEXT ( ( #8213, #6520, #9817 ) ) REPRESENTATION_CONTEXT ( 'NONE', 'WORKASPACE' ) );
#7373 = CARTESIAN_POINT ( 'NONE',  ( 5.800000000000000711, 5.000000000000000000, 3.499999999999999556 ) ) ;
#7374 =( LENGTH_UNIT ( ) NAMED_UNIT ( * ) SI_UNIT ( .MILLI., .METRE. ) );
#7375 = LINE ( 'NONE', #3951, #2383 ) ;
#7376 = SURFACE_STYLE_FILL_AREA ( #4162 ) ;
#7377 = DIRECTION ( 'NONE',  ( -0.4819066211576364944, -0.2377525341402931258, 0.8433503074015559209 ) ) ;
#7378 = ORIENTED_EDGE ( 'NONE', *, *, #9515, .T. ) ;
#7379 = AXIS2_PLACEMENT_3D ( 'NONE', #1302, #2349, #6433 ) ;
#7380 = VERTEX_POINT ( 'NONE', #201 ) ;
#7381 = DIRECTION ( 'NONE',  ( 0.000000000000000000, 1.000000000000000000, -0.000000000000000000 ) ) ;
#7382 = ADVANCED_FACE ( 'NONE', ( #3356 ), #1797, .T. ) ;
#7383 = CARTESIAN_POINT ( 'NONE',  ( 5.268489988713472627, 1.586863701382546399, 3.599999997733140500 ) ) ;
#7384 = MECHANICAL_DESIGN_GEOMETRIC_PRESENTATION_REPRESENTATION (  '', ( #209 ), #10059 ) ;
#7385 = CARTESIAN_POINT ( 'NONE',  ( -5.950000000000000178, -3.590273380400939907, 0.8000000000000000444 ) ) ;
#7386 = SURFACE_STYLE_USAGE ( .BOTH. , #5012 ) ;
#7387 = EDGE_CURVE ( 'NONE', #255, #9932, #5389, .T. ) ;
#7388 = VECTOR ( 'NONE', #5206, 1000.000000000000000 ) ;
#7389 = DIRECTION ( 'NONE',  ( 0.000000000000000000, 3.523657060577922227E-14, -1.000000000000000000 ) ) ;
#7390 = UNCERTAINTY_MEASURE_WITH_UNIT (LENGTH_MEASURE( 1.000000000000000082E-05 ), #8510, 'distance_accuracy_value', 'NONE');
#7391 = ADVANCED_FACE ( 'NONE', ( #3455 ), #6576, .T. ) ;
#7392 =( NAMED_UNIT ( * ) SI_UNIT ( $, .STERADIAN. ) SOLID_ANGLE_UNIT ( ) );
#7393 = DIRECTION ( 'NONE',  ( 1.000000000000000000, 0.000000000000000000, -3.491483361109382461E-15 ) ) ;
#7395 =( GEOMETRIC_REPRESENTATION_CONTEXT ( 3 ) GLOBAL_UNCERTAINTY_ASSIGNED_CONTEXT ( ( #4577 ) ) GLOBAL_UNIT_ASSIGNED_CONTEXT ( ( #7873, #8030, #80 ) ) REPRESENTATION_CONTEXT ( 'NONE', 'WORKASPACE' ) );
#7394 =( NAMED_UNIT ( * ) PLANE_ANGLE_UNIT ( ) SI_UNIT ( $, .RADIAN. ) );
#7396 = ORIENTED_EDGE ( 'NONE', *, *, #7786, .T. ) ;
#7397 = VECTOR ( 'NONE', #3088, 1000.000000000000000 ) ;
#7398 = AXIS2_PLACEMENT_3D ( 'NONE', #7693, #6027, #8296 ) ;
#7399 = PRESENTATION_LAYER_ASSIGNMENT (  '', '', ( #6392 ) ) ;
#7400 = CARTESIAN_POINT ( 'NONE',  ( -6.300000000000000711, 0.000000000000000000, -0.6874509908007695458 ) ) ;
#7401 = DIRECTION ( 'NONE',  ( 9.768964762094919400E-31, 1.000000000000000000, 2.797941090285171111E-16 ) ) ;
#7402 = ADVANCED_FACE ( 'NONE', ( #9916 ), #2548, .T. ) ;
#7403 = SURFACE_STYLE_USAGE ( .BOTH. , #1943 ) ;
#7404 = CIRCLE ( 'NONE', #6561, 0.4000000000000004108 ) ;
#7405 = AXIS2_PLACEMENT_3D ( 'NONE', #6445, #5617, #7336 ) ;
#7406 = ADVANCED_FACE ( 'NONE', ( #6823 ), #6289, .T. ) ;
#7407 = EDGE_LOOP ( 'NONE', ( #335, #2301, #3042, #7740, #2130, #1424, #9688, #5 ) ) ;
#7408 = CIRCLE ( 'NONE', #6397, 0.3000000000000120348 ) ;
#7409 = VERTEX_POINT ( 'NONE', #5497 ) ;
#7410 = ORIENTED_EDGE ( 'NONE', *, *, #8363, .T. ) ;
#7411 = CIRCLE ( 'NONE', #4549, 5.699999999999969091 ) ;
#7412 = SURFACE_STYLE_USAGE ( .BOTH. , #9960 ) ;
#7413 = SURFACE_SIDE_STYLE ('',( #8948 ) ) ;
#7414 = CARTESIAN_POINT ( 'NONE',  ( -6.349999999999996092, -2.000000000000000000, -0.6874509908007693237 ) ) ;
#7415 = FILL_AREA_STYLE_COLOUR ( '', #4690 ) ;
#7416 = EDGE_CURVE ( 'NONE', #3732, #92, #3705, .T. ) ;
#7417 = AXIS2_PLACEMENT_3D ( 'NONE', #723, #6262, #2121 ) ;
#7418 = COLOUR_RGB ( '',0.1098039215686274495, 0.1098039215686274495, 0.1098039215686274495 ) ;
#7419 = FILL_AREA_STYLE_COLOUR ( '', #6197 ) ;
#7421 = VECTOR ( 'NONE', #997, 1000.000000000000000 ) ;
#7420 = FILL_AREA_STYLE_COLOUR ( '', #623 ) ;
#7422 = ORIENTED_EDGE ( 'NONE', *, *, #6989, .T. ) ;
#7423 = VERTEX_POINT ( 'NONE', #8864 ) ;
#7424 = STYLED_ITEM ( 'NONE', ( #6463 ), #7949 ) ;
#7425 = VECTOR ( 'NONE', #1328, 1000.000000000000000 ) ;
#7426 = CARTESIAN_POINT ( 'NONE',  ( -6.041480816619164251, 2.000000000000000444, -0.8527262566030734403 ) ) ;
#7427 = CARTESIAN_POINT ( 'NONE',  ( -6.000000000000000000, 5.000000000000000000, 0.4000000000000000222 ) ) ;
#7428 = PRESENTATION_LAYER_ASSIGNMENT (  '', '', ( #4069 ) ) ;
#7429 = SURFACE_STYLE_FILL_AREA ( #9210 ) ;
#7430 = CARTESIAN_POINT ( 'NONE',  ( -1.599999999999998979, 5.000000000000000000, 3.500000000000000000 ) ) ;
#7431 = SURFACE_STYLE_FILL_AREA ( #10323 ) ;
#7432 = ORIENTED_EDGE ( 'NONE', *, *, #5978, .F. ) ;
#7433 = UNCERTAINTY_MEASURE_WITH_UNIT (LENGTH_MEASURE( 1.000000000000000082E-05 ), #1281, 'distance_accuracy_value', 'NONE');
#7434 = LINE ( 'NONE', #3478, #6987 ) ;
#7435 = ORIENTED_EDGE ( 'NONE', *, *, #247, .T. ) ;
#7436 = COLOUR_RGB ( '',1.000000000000000000, 1.000000000000000000, 1.000000000000000000 ) ;
#7437 = COLOUR_RGB ( '',1.000000000000000000, 1.000000000000000000, 1.000000000000000000 ) ;
#7438 = CARTESIAN_POINT ( 'NONE',  ( 5.257810329762827806, 1.526111404418021511, 3.599999989381700960 ) ) ;
#7439 = CARTESIAN_POINT ( 'NONE',  ( 6.649999999999999467, 2.000000000000000000, -2.094532406675940983 ) ) ;
#7440 = CARTESIAN_POINT ( 'NONE',  ( -6.349999999999997868, 3.000000000000000000, -0.6874509908007693237 ) ) ;
#7441 = EDGE_CURVE ( 'NONE', #1402, #1452, #3535, .T. ) ;
#7442 = CARTESIAN_POINT ( 'NONE',  ( 5.254382943963743280, -1.495430820120102089, 3.599999573604477643 ) ) ;
#7443 = FILL_AREA_STYLE_COLOUR ( '', #7968 ) ;
#7444 = FACE_OUTER_BOUND ( 'NONE', #3875, .T. ) ;
#7445 = FACE_OUTER_BOUND ( 'NONE', #7148, .T. ) ;
#7446 = CIRCLE ( 'NONE', #4085, 0.3000000000000164202 ) ;
#7447 = SURFACE_SIDE_STYLE ('',( #5675 ) ) ;
#7448 = VERTEX_POINT ( 'NONE', #2357 ) ;
#7449 = CARTESIAN_POINT ( 'NONE',  ( 6.000000000000000000, 0.000000000000000000, 3.300000000000000711 ) ) ;
#7450 = MECHANICAL_DESIGN_GEOMETRIC_PRESENTATION_REPRESENTATION (  '', ( #6277 ), #3911 ) ;
#7451 = PRESENTATION_STYLE_ASSIGNMENT (( #5986 ) ) ;
#7452 = CARTESIAN_POINT ( 'NONE',  ( -2.250000000001159073, 5.435424868894951800, 3.599999999999998757 ) ) ;
#7453 = UNCERTAINTY_MEASURE_WITH_UNIT (LENGTH_MEASURE( 1.000000000000000082E-05 ), #10027, 'distance_accuracy_value', 'NONE');
#7454 = VERTEX_POINT ( 'NONE', #8761 ) ;
#7455 = ORIENTED_EDGE ( 'NONE', *, *, #1882, .T. ) ;
#7456 = EDGE_CURVE ( 'NONE', #698, #5785, #3377, .T. ) ;
#7457 = DIRECTION ( 'NONE',  ( 1.000000000000000000, 0.000000000000000000, -0.000000000000000000 ) ) ;
#7458 = EDGE_CURVE ( 'NONE', #3747, #8475, #4884, .T. ) ;
#7459 = DIRECTION ( 'NONE',  ( 0.000000000000000000, 0.000000000000000000, -1.000000000000000000 ) ) ;
#7460 = PRESENTATION_STYLE_ASSIGNMENT (( #7555 ) ) ;
#7461 = DIRECTION ( 'NONE',  ( -1.000000000000000000, 0.000000000000000000, 0.000000000000000000 ) ) ;
#7462 = DIRECTION ( 'NONE',  ( 1.000000000000000000, 0.000000000000000000, -0.000000000000000000 ) ) ;
#7463 = VECTOR ( 'NONE', #2338, 1000.000000000000000 ) ;
#7464 = SURFACE_STYLE_USAGE ( .BOTH. , #9778 ) ;
#7465 = VERTEX_POINT ( 'NONE', #6102 ) ;
#7466 = EDGE_CURVE ( 'NONE', #469, #10299, #501, .T. ) ;
#7467 = ORIENTED_EDGE ( 'NONE', *, *, #4283, .F. ) ;
#7468 = AXIS2_PLACEMENT_3D ( 'NONE', #3090, #3190, #5518 ) ;
#7469 =( NAMED_UNIT ( * ) PLANE_ANGLE_UNIT ( ) SI_UNIT ( $, .RADIAN. ) );
#7470 = COLOUR_RGB ( '',0.1098039215686274495, 0.1098039215686274495, 0.1098039215686274495 ) ;
#7471 = CARTESIAN_POINT ( 'NONE',  ( -1.899999999999999911, 0.000000000000000000, 6.999999999999999112 ) ) ;
#7472 = DIRECTION ( 'NONE',  ( -1.000000000000000000, 0.000000000000000000, 0.000000000000000000 ) ) ;
#7473 = FILL_AREA_STYLE ('',( #2072 ) ) ;
#7474 = CARTESIAN_POINT ( 'NONE',  ( -6.000000000000000000, 5.000000000000000000, 0.4000000000000000222 ) ) ;
#7475 = VECTOR ( 'NONE', #6094, 1000.000000000000227 ) ;
#7476 = PRESENTATION_LAYER_ASSIGNMENT (  '', '', ( #304 ) ) ;
#7477 = DIRECTION ( 'NONE',  ( 1.084202172485503842E-15, -1.000000000000000000, 0.000000000000000000 ) ) ;
#7478 =( NAMED_UNIT ( * ) PLANE_ANGLE_UNIT ( ) SI_UNIT ( $, .RADIAN. ) );
#7479 = VERTEX_POINT ( 'NONE', #2110 ) ;
#7480 = PLANE ( 'NONE',  #1466 ) ;
#7481 = ORIENTED_EDGE ( 'NONE', *, *, #8820, .F. ) ;
#7482 = LINE ( 'NONE', #3274, #1214 ) ;
#7483 = COLOUR_RGB ( '',0.5019607843137254832, 0.5019607843137254832, 0.5019607843137254832 ) ;
#7484 = CARTESIAN_POINT ( 'NONE',  ( 5.281786302533272526, 1.636407342493228168, 3.599999937117450699 ) ) ;
#7485 = CARTESIAN_POINT ( 'NONE',  ( -4.999999999999998224, -6.000000000000000000, 0.2000000000000000944 ) ) ;
#7486 = CIRCLE ( 'NONE', #8170, 0.3000000000000719313 ) ;
#7487 = CARTESIAN_POINT ( 'NONE',  ( 2.250000000000004885, 5.399999999999989697, 3.599999999999993427 ) ) ;
#7488 = CARTESIAN_POINT ( 'NONE',  ( 5.989526014261780773, -2.499999999999999556, -3.351160143934352131 ) ) ;
#7489 = SURFACE_STYLE_USAGE ( .BOTH. , #921 ) ;
#7490 = DIRECTION ( 'NONE',  ( 0.000000000000000000, 0.000000000000000000, -1.000000000000000000 ) ) ;
#7491 = PRESENTATION_STYLE_ASSIGNMENT (( #6606 ) ) ;
#7492 = UNCERTAINTY_MEASURE_WITH_UNIT (LENGTH_MEASURE( 1.000000000000000082E-05 ), #649, 'distance_accuracy_value', 'NONE');
#7493 = FILL_AREA_STYLE_COLOUR ( '', #9179 ) ;
#7494 =( GEOMETRIC_REPRESENTATION_CONTEXT ( 3 ) GLOBAL_UNCERTAINTY_ASSIGNED_CONTEXT ( ( #9167 ) ) GLOBAL_UNIT_ASSIGNED_CONTEXT ( ( #1108, #6652, #9067 ) ) REPRESENTATION_CONTEXT ( 'NONE', 'WORKASPACE' ) );
#7495 = FACE_OUTER_BOUND ( 'NONE', #4837, .T. ) ;
#7496 = CARTESIAN_POINT ( 'NONE',  ( 2.263624949574443601, -5.432699878978644925, 3.199999999999986411 ) ) ;
#7497 = VERTEX_POINT ( 'NONE', #5293 ) ;
#7498 = AXIS2_PLACEMENT_3D ( 'NONE', #413, #5359, #6158 ) ;
#7499 = VECTOR ( 'NONE', #5434, 1000.000000000000000 ) ;
#7500 = DIRECTION ( 'NONE',  ( 0.4961328535521690730, 0.000000000000000000, -0.8682466191274124112 ) ) ;
#7501 = DIRECTION ( 'NONE',  ( -0.4961328535521692396, 0.000000000000000000, -0.8682466191274121892 ) ) ;
#7502 = DIRECTION ( 'NONE',  ( 7.403395523308712764E-16, -5.481026527454756721E-30, -1.000000000000000000 ) ) ;
#7503 = ORIENTED_EDGE ( 'NONE', *, *, #9755, .T. ) ;
#7504 = DIRECTION ( 'NONE',  ( 0.4722150451494406265, 0.000000000000000000, -0.8814833810881017584 ) ) ;
#7505 = AXIS2_PLACEMENT_3D ( 'NONE', #1823, #8969, #1051 ) ;
#7506 = EDGE_LOOP ( 'NONE', ( #1925, #2556, #4136, #853, #4390, #603, #978 ) ) ;
#7507 = AXIS2_PLACEMENT_3D ( 'NONE', #8006, #1456, #787 ) ;
#7508 = PRESENTATION_STYLE_ASSIGNMENT (( #4244 ) ) ;
#7509 = CARTESIAN_POINT ( 'NONE',  ( -1.599999999999999867, -5.435424868893540484, 3.199999999999999734 ) ) ;
#7510 =( LENGTH_UNIT ( ) NAMED_UNIT ( * ) SI_UNIT ( .MILLI., .METRE. ) );
#7511 = CARTESIAN_POINT ( 'NONE',  ( -5.271558449006365166, -1.324581074942561054, 3.200000000000018829 ) ) ;
#7512 = CIRCLE ( 'NONE', #6838, 0.4000000000000109579 ) ;
#7513 = CIRCLE ( 'NONE', #6681, 0.2999999999999981570 ) ;
#7514 = ADVANCED_FACE ( 'NONE', ( #8509 ), #2305, .T. ) ;
#7515 = VERTEX_POINT ( 'NONE', #5924 ) ;
#7516 = EDGE_CURVE ( 'NONE', #3732, #3114, #6232, .T. ) ;
#7517 = EDGE_CURVE ( 'NONE', #1031, #6139, #2506, .T. ) ;
#7518 = EDGE_LOOP ( 'NONE', ( #3561, #6086, #5740, #3156, #9481, #9112, #6483, #1827 ) ) ;
#7519 =( NAMED_UNIT ( * ) PLANE_ANGLE_UNIT ( ) SI_UNIT ( $, .RADIAN. ) );
#7520 = DIRECTION ( 'NONE',  ( 0.000000000000000000, -4.336808689942056390E-15, -1.000000000000000000 ) ) ;
#7521 = EDGE_CURVE ( 'NONE', #6260, #6052, #2388, .T. ) ;
#7522 = STYLED_ITEM ( 'NONE', ( #2351 ), #426 ) ;
#7523 = DIRECTION ( 'NONE',  ( -3.274077951839322246E-14, -1.637038975914476918E-13, 1.000000000000000000 ) ) ;
#7524 = EDGE_LOOP ( 'NONE', ( #3671, #7341, #9050, #8463 ) ) ;
#7525 = EDGE_LOOP ( 'NONE', ( #4542, #2437, #3879, #10335 ) ) ;
#7526 = UNCERTAINTY_MEASURE_WITH_UNIT (LENGTH_MEASURE( 1.000000000000000082E-05 ), #7878, 'distance_accuracy_value', 'NONE');
#7527 = ORIENTED_EDGE ( 'NONE', *, *, #8426, .F. ) ;
#7528 = DIRECTION ( 'NONE',  ( 0.6614378277661682182, 4.797377772813641592E-11, 0.7499999999999819034 ) ) ;
#7529 = ORIENTED_EDGE ( 'NONE', *, *, #9772, .F. ) ;
#7530 = STYLED_ITEM ( 'NONE', ( #7651 ), #699 ) ;
#7531 = CARTESIAN_POINT ( 'NONE',  ( -5.819112848942164185, -1.462164714140039790, 3.600000000000001421 ) ) ;
#7532 = SURFACE_STYLE_FILL_AREA ( #1149 ) ;
#7533 = LINE ( 'NONE', #378, #4478 ) ;
#7534 = UNCERTAINTY_MEASURE_WITH_UNIT (LENGTH_MEASURE( 1.000000000000000082E-05 ), #8823, 'distance_accuracy_value', 'NONE');
#7535 = PRESENTATION_LAYER_ASSIGNMENT (  '', '', ( #4679 ) ) ;
#7536 = CARTESIAN_POINT ( 'NONE',  ( 4.400000000000000355, 3.500000000000000000, 0.4000000000000000222 ) ) ;
#7537 = FILL_AREA_STYLE ('',( #7443 ) ) ;
#7538 = DIRECTION ( 'NONE',  ( 3.006455034846200772E-16, -6.012910069692402531E-16, 1.000000000000000000 ) ) ;
#7539 = FILL_AREA_STYLE_COLOUR ( '', #6649 ) ;
#7540 = LINE ( 'NONE', #434, #5523 ) ;
#7541 = VERTEX_POINT ( 'NONE', #1830 ) ;
#7542 = SURFACE_STYLE_FILL_AREA ( #8449 ) ;
#7543 = VERTEX_POINT ( 'NONE', #4115 ) ;
#7544 = PRESENTATION_LAYER_ASSIGNMENT (  '', '', ( #8556 ) ) ;
#7545 = COLOUR_RGB ( '',0.1098039215686274495, 0.1098039215686274495, 0.1098039215686274495 ) ;
#7546 = MECHANICAL_DESIGN_GEOMETRIC_PRESENTATION_REPRESENTATION (  '', ( #2685 ), #1047 ) ;
#7547 = FILL_AREA_STYLE_COLOUR ( '', #10066 ) ;
#7548 = SURFACE_SIDE_STYLE ('',( #8455 ) ) ;
#7549 = STYLED_ITEM ( 'NONE', ( #1790 ), #2261 ) ;
#7550 = ORIENTED_EDGE ( 'NONE', *, *, #9249, .T. ) ;
#7551 = CARTESIAN_POINT ( 'NONE',  ( -4.750000000000000000, -4.750000000000000000, 3.600000000000001421 ) ) ;
#7552 = ORIENTED_EDGE ( 'NONE', *, *, #4937, .T. ) ;
#7553 =( NAMED_UNIT ( * ) PLANE_ANGLE_UNIT ( ) SI_UNIT ( $, .RADIAN. ) );
#7554 =( GEOMETRIC_REPRESENTATION_CONTEXT ( 3 ) GLOBAL_UNCERTAINTY_ASSIGNED_CONTEXT ( ( #1113 ) ) GLOBAL_UNIT_ASSIGNED_CONTEXT ( ( #7510, #9194, #1228 ) ) REPRESENTATION_CONTEXT ( 'NONE', 'WORKASPACE' ) );
#7555 = SURFACE_STYLE_USAGE ( .BOTH. , #10073 ) ;
#7556 =( GEOMETRIC_REPRESENTATION_CONTEXT ( 3 ) GLOBAL_UNCERTAINTY_ASSIGNED_CONTEXT ( ( #8788 ) ) GLOBAL_UNIT_ASSIGNED_CONTEXT ( ( #9441, #2246, #592 ) ) REPRESENTATION_CONTEXT ( 'NONE', 'WORKASPACE' ) );
#7557 = MECHANICAL_DESIGN_GEOMETRIC_PRESENTATION_REPRESENTATION (  '', ( #9082 ), #1211 ) ;
#7558 = FILL_AREA_STYLE_COLOUR ( '', #8744 ) ;
#7559 = SURFACE_STYLE_FILL_AREA ( #8952 ) ;
#7560 = STYLED_ITEM ( 'NONE', ( #9125 ), #5252 ) ;
#7561 = STYLED_ITEM ( 'NONE', ( #6077 ), #7617 ) ;
#7562 = EDGE_LOOP ( 'NONE', ( #8152, #6669, #4423, #7121 ) ) ;
#7563 = EDGE_CURVE ( 'NONE', #5950, #8495, #9841, .T. ) ;
#7564 = ORIENTED_EDGE ( 'NONE', *, *, #2642, .T. ) ;
#7565 = STYLED_ITEM ( 'NONE', ( #10135 ), #7894 ) ;
#7566 = CYLINDRICAL_SURFACE ( 'NONE', #4207, 1.000000000000000000 ) ;
#7567 = SPHERICAL_SURFACE ( 'NONE', #9284, 0.2999999999999994893 ) ;
#7568 = EDGE_CURVE ( 'NONE', #7964, #4931, #1107, .T. ) ;
#7569 = MECHANICAL_DESIGN_GEOMETRIC_PRESENTATION_REPRESENTATION (  '', ( #2221 ), #9094 ) ;
#7570 = EDGE_CURVE ( 'NONE', #9560, #1417, #124, .T. ) ;
#7571 = CIRCLE ( 'NONE', #4718, 0.5645751311063869071 ) ;
#7572 = CARTESIAN_POINT ( 'NONE',  ( 6.041480816619161587, -2.000000000000000000, -0.8527262566030734403 ) ) ;
#7573 = DIRECTION ( 'NONE',  ( 0.000000000000000000, 1.000000000000000000, 1.203706215242012555E-31 ) ) ;
#7574 = ORIENTED_EDGE ( 'NONE', *, *, #7105, .F. ) ;
#7575 = COLOUR_RGB ( '',0.1098039215686274495, 0.1098039215686274495, 0.1098039215686274495 ) ;
#7576 =( NAMED_UNIT ( * ) PLANE_ANGLE_UNIT ( ) SI_UNIT ( $, .RADIAN. ) );
#7577 = ORIENTED_EDGE ( 'NONE', *, *, #1615, .F. ) ;
#7578 =( GEOMETRIC_REPRESENTATION_CONTEXT ( 3 ) GLOBAL_UNCERTAINTY_ASSIGNED_CONTEXT ( ( #5512 ) ) GLOBAL_UNIT_ASSIGNED_CONTEXT ( ( #2198, #4546, #8610 ) ) REPRESENTATION_CONTEXT ( 'NONE', 'WORKASPACE' ) );
#7579 = EDGE_CURVE ( 'NONE', #914, #3092, #960, .T. ) ;
#7580 = ORIENTED_EDGE ( 'NONE', *, *, #3974, .F. ) ;
#7581 =( NAMED_UNIT ( * ) SI_UNIT ( $, .STERADIAN. ) SOLID_ANGLE_UNIT ( ) );
#7582 = SURFACE_STYLE_USAGE ( .BOTH. , #5156 ) ;
#7583 = ORIENTED_EDGE ( 'NONE', *, *, #9513, .F. ) ;
#7584 = CARTESIAN_POINT ( 'NONE',  ( -5.435424868893540484, -1.599999999999999867, 3.199999999999999734 ) ) ;
#7585 = ADVANCED_FACE ( 'NONE', ( #7331 ), #4851, .T. ) ;
#7586 = DIRECTION ( 'NONE',  ( -0.4961328535521692396, 0.000000000000000000, 0.8682466191274121892 ) ) ;
#7587 = CARTESIAN_POINT ( 'NONE',  ( 6.953886316694598335, 6.704630743366732482, -2.268178905419202529 ) ) ;
#7588 = EDGE_CURVE ( 'NONE', #6617, #5372, #7482, .T. ) ;
#7589 = STYLED_ITEM ( 'NONE', ( #4706 ), #6555 ) ;
#7590 = SURFACE_STYLE_FILL_AREA ( #589 ) ;
#7591 = UNCERTAINTY_MEASURE_WITH_UNIT (LENGTH_MEASURE( 1.000000000000000082E-05 ), #8242, 'distance_accuracy_value', 'NONE');
#7592 =( NAMED_UNIT ( * ) SI_UNIT ( $, .STERADIAN. ) SOLID_ANGLE_UNIT ( ) );
#7593 = FILL_AREA_STYLE ('',( #7539 ) ) ;
#7594 = ORIENTED_EDGE ( 'NONE', *, *, #7205, .F. ) ;
#7595 = MECHANICAL_DESIGN_GEOMETRIC_PRESENTATION_REPRESENTATION (  '', ( #7589 ), #3059 ) ;
#7596 = CARTESIAN_POINT ( 'NONE',  ( -1.882878422032988830, -5.499999999999998224, 3.594753153809548074 ) ) ;
#7597 = ORIENTED_EDGE ( 'NONE', *, *, #6476, .F. ) ;
#7598 = EDGE_CURVE ( 'NONE', #8475, #5698, #9253, .T. ) ;
#7599 = DIRECTION ( 'NONE',  ( 0.000000000000000000, 0.000000000000000000, -1.000000000000000000 ) ) ;
#7600 = CARTESIAN_POINT ( 'NONE',  ( 5.000000000000000000, 5.699999999999998401, 3.500000000000000000 ) ) ;
#7601 = VECTOR ( 'NONE', #9814, 1000.000000000000000 ) ;
#7602 = AXIS2_PLACEMENT_3D ( 'NONE', #3226, #5770, #5660 ) ;
#7603 = DIRECTION ( 'NONE',  ( 0.000000000000000000, -1.000000000000000000, -2.466431482431477230E-16 ) ) ;
#7604 = ORIENTED_EDGE ( 'NONE', *, *, #9263, .F. ) ;
#7605 = APPLICATION_CONTEXT ( 'automotive_design' ) ;
#7606 = EDGE_LOOP ( 'NONE', ( #9155, #3438, #8944, #9664 ) ) ;
#7607 = DIRECTION ( 'NONE',  ( -3.491483361109382461E-15, 0.000000000000000000, -1.000000000000000000 ) ) ;
#7608 = VECTOR ( 'NONE', #6585, 1000.000000000000000 ) ;
#7609 = FILL_AREA_STYLE ('',( #3499 ) ) ;
#7610 = SURFACE_STYLE_FILL_AREA ( #2739 ) ;
#7611 = CARTESIAN_POINT ( 'NONE',  ( 4.750000000000000000, -4.750000000000000000, 3.499999999999997780 ) ) ;
#7612 = VERTEX_POINT ( 'NONE', #5873 ) ;
#7613 = ORIENTED_EDGE ( 'NONE', *, *, #6116, .T. ) ;
#7614 = FILL_AREA_STYLE_COLOUR ( '', #10292 ) ;
#7615 =( NAMED_UNIT ( * ) SI_UNIT ( $, .STERADIAN. ) SOLID_ANGLE_UNIT ( ) );
#7616 = SURFACE_SIDE_STYLE ('',( #9149 ) ) ;
#7617 = ADVANCED_FACE ( 'NONE', ( #5824 ), #1060, .T. ) ;
#7618 = COLOUR_RGB ( '',0.1098039215686274495, 0.1098039215686274495, 0.1098039215686274495 ) ;
#7619 = LINE ( 'NONE', #7572, #6241 ) ;
#7620 = LINE ( 'NONE', #5362, #875 ) ;
#7621 = CARTESIAN_POINT ( 'NONE',  ( -5.400000000000070521, -2.250000000000019984, 3.499999999999967581 ) ) ;
#7622 = ORIENTED_EDGE ( 'NONE', *, *, #4104, .T. ) ;
#7623 = PRESENTATION_LAYER_ASSIGNMENT (  '', '', ( #1777 ) ) ;
#7624 = CYLINDRICAL_SURFACE ( 'NONE', #3532, 0.2999999999999999334 ) ;
#7625 = ORIENTED_EDGE ( 'NONE', *, *, #5861, .T. ) ;
#7626 = VERTEX_POINT ( 'NONE', #4474 ) ;
#7627 = SURFACE_STYLE_FILL_AREA ( #7684 ) ;
#7628 = ORIENTED_EDGE ( 'NONE', *, *, #8352, .T. ) ;
#7629 =( NAMED_UNIT ( * ) SI_UNIT ( $, .STERADIAN. ) SOLID_ANGLE_UNIT ( ) );
#7630 = DIRECTION ( 'NONE',  ( 0.000000000000000000, -1.000000000000000000, -5.923446015530559415E-16 ) ) ;
#7631 = CARTESIAN_POINT ( 'NONE',  ( -6.547679712131306395, 3.000000000000000444, -2.979052028523552664 ) ) ;
#7632 = AXIS2_PLACEMENT_3D ( 'NONE', #5446, #10216, #806 ) ;
#7633 = CIRCLE ( 'NONE', #3596, 0.4000000000000313860 ) ;
#7634 = CARTESIAN_POINT ( 'NONE',  ( -1.600000000000000089, -1.599999999999999867, 6.999999999999999112 ) ) ;
#7635 = UNCERTAINTY_MEASURE_WITH_UNIT (LENGTH_MEASURE( 1.000000000000000082E-05 ), #8031, 'distance_accuracy_value', 'NONE');
#7636 = CARTESIAN_POINT ( 'NONE',  ( 5.999999999999998224, -3.000000000000000000, 0.1999999999999998723 ) ) ;
#7637 = FILL_AREA_STYLE ('',( #8537 ) ) ;
#7638 = PRESENTATION_STYLE_ASSIGNMENT (( #5223 ) ) ;
#7639 = DIRECTION ( 'NONE',  ( 4.611285086534596329E-63, 4.379057701015053347E-47, -1.000000000000000000 ) ) ;
#7640 = ADVANCED_FACE ( 'NONE', ( #5266 ), #900, .T. ) ;
#7641 = ORIENTED_EDGE ( 'NONE', *, *, #874, .T. ) ;
#7642 = EDGE_CURVE ( 'NONE', #6220, #8989, #4373, .T. ) ;
#7643 = AXIS2_PLACEMENT_3D ( 'NONE', #5672, #1780, #3392 ) ;
#7644 = EDGE_LOOP ( 'NONE', ( #5087, #1653, #6259, #8911 ) ) ;
#7645 = CARTESIAN_POINT ( 'NONE',  ( -1.865604789117666806, -5.499999999999994671, 3.594198633187836389 ) ) ;
#7646 = ORIENTED_EDGE ( 'NONE', *, *, #6966, .F. ) ;
#7647 = ADVANCED_FACE ( 'NONE', ( #4378 ), #6072, .T. ) ;
#7648 = CARTESIAN_POINT ( 'NONE',  ( 6.305925830945591670, -3.000000000000000000, -0.7110617430582412135 ) ) ;
#7649 = SURFACE_STYLE_FILL_AREA ( #7868 ) ;
#7650 =( GEOMETRIC_REPRESENTATION_CONTEXT ( 3 ) GLOBAL_UNCERTAINTY_ASSIGNED_CONTEXT ( ( #3524 ) ) GLOBAL_UNIT_ASSIGNED_CONTEXT ( ( #9414, #5577, #1436 ) ) REPRESENTATION_CONTEXT ( 'NONE', 'WORKASPACE' ) );
#7651 = PRESENTATION_STYLE_ASSIGNMENT (( #4248 ) ) ;
#7652 = SURFACE_STYLE_FILL_AREA ( #1893 ) ;
#7653 =( LENGTH_UNIT ( ) NAMED_UNIT ( * ) SI_UNIT ( .MILLI., .METRE. ) );
#7654 = CARTESIAN_POINT ( 'NONE',  ( -6.649999999999999467, 2.000000000000000000, -2.094532406675940983 ) ) ;
#7655 =( LENGTH_UNIT ( ) NAMED_UNIT ( * ) SI_UNIT ( .MILLI., .METRE. ) );
#7656 = ORIENTED_EDGE ( 'NONE', *, *, #1215, .F. ) ;
#7657 = CIRCLE ( 'NONE', #1135, 0.1999999999999973743 ) ;
#7658 = FILL_AREA_STYLE ('',( #2883 ) ) ;
#7659 =( NAMED_UNIT ( * ) SI_UNIT ( $, .STERADIAN. ) SOLID_ANGLE_UNIT ( ) );
#7660 =( NAMED_UNIT ( * ) SI_UNIT ( $, .STERADIAN. ) SOLID_ANGLE_UNIT ( ) );
#7661 = LINE ( 'NONE', #6675, #3885 ) ;
#7662 = CIRCLE ( 'NONE', #3965, 0.1999999999999987899 ) ;
#7663 = DIRECTION ( 'NONE',  ( 0.000000000000000000, -2.797941090285171111E-16, 1.000000000000000000 ) ) ;
#7664 = CARTESIAN_POINT ( 'NONE',  ( -3.950851657416640350, 4.713095711004409161, 3.500000000000000000 ) ) ;
#7665 = UNCERTAINTY_MEASURE_WITH_UNIT (LENGTH_MEASURE( 1.000000000000000082E-05 ), #5570, 'distance_accuracy_value', 'NONE');
#7666 = VECTOR ( 'NONE', #4672, 1000.000000000000000 ) ;
#7667 = COLOUR_RGB ( '',0.1098039215686274495, 0.1098039215686274495, 0.1098039215686274495 ) ;
#7668 = ORIENTED_EDGE ( 'NONE', *, *, #4684, .F. ) ;
#7669 = VERTEX_POINT ( 'NONE', #3925 ) ;
#7670 = ORIENTED_EDGE ( 'NONE', *, *, #5810, .F. ) ;
#7671 = LINE ( 'NONE', #2796, #3746 ) ;
#7672 = SURFACE_STYLE_USAGE ( .BOTH. , #411 ) ;
#7673 = AXIS2_PLACEMENT_3D ( 'NONE', #9550, #8036, #1680 ) ;
#7674 = PRESENTATION_LAYER_ASSIGNMENT (  '', '', ( #9429 ) ) ;
#7675 = FACE_OUTER_BOUND ( 'NONE', #3998, .T. ) ;
#7676 = DIRECTION ( 'NONE',  ( 1.000000000000000000, 1.355252715606882022E-16, 0.000000000000000000 ) ) ;
#7677 = LINE ( 'NONE', #2175, #7041 ) ;
#7678 = PRESENTATION_LAYER_ASSIGNMENT (  '', '', ( #7187 ) ) ;
#7679 = CARTESIAN_POINT ( 'NONE',  ( 6.000000000000000000, 3.000000000000000000, 0.1999999999999998168 ) ) ;
#7680 = MECHANICAL_DESIGN_GEOMETRIC_PRESENTATION_REPRESENTATION (  '', ( #4828 ), #4664 ) ;
#7681 = FILL_AREA_STYLE_COLOUR ( '', #3973 ) ;
#7682 = ORIENTED_EDGE ( 'NONE', *, *, #3972, .F. ) ;
#7683 = VERTEX_POINT ( 'NONE', #3759 ) ;
#7684 = FILL_AREA_STYLE ('',( #1250 ) ) ;
#7685 =( NAMED_UNIT ( * ) PLANE_ANGLE_UNIT ( ) SI_UNIT ( $, .RADIAN. ) );
#7686 = ORIENTED_EDGE ( 'NONE', *, *, #2534, .T. ) ;
#7687 = CARTESIAN_POINT ( 'NONE',  ( 5.254422251325213011, 1.473101149670923204, 3.599999943260397739 ) ) ;
#7688 = AXIS2_PLACEMENT_3D ( 'NONE', #6706, #7340, #8244 ) ;
#7689 = SURFACE_STYLE_FILL_AREA ( #6020 ) ;
#7690 =( NAMED_UNIT ( * ) PLANE_ANGLE_UNIT ( ) SI_UNIT ( $, .RADIAN. ) );
#7691 = CARTESIAN_POINT ( 'NONE',  ( -4.999999999999996447, 4.999999999999993783, -1.680513367352531873E-15 ) ) ;
#7692 = FACE_OUTER_BOUND ( 'NONE', #8383, .T. ) ;
#7693 = CARTESIAN_POINT ( 'NONE',  ( 1.283695372222837250E-13, 1.756407519426517183E-14, 3.199999999999955769 ) ) ;
#7694 = ORIENTED_EDGE ( 'NONE', *, *, #1188, .T. ) ;
#7695 = COLOUR_RGB ( '',0.1098039215686274495, 0.1098039215686274495, 0.1098039215686274495 ) ;
#7696 = ADVANCED_FACE ( 'NONE', ( #9552 ), #10177, .F. ) ;
#7697 = LINE ( 'NONE', #7862, #8959 ) ;
#7698 =( LENGTH_UNIT ( ) NAMED_UNIT ( * ) SI_UNIT ( .MILLI., .METRE. ) );
#7699 = FACE_OUTER_BOUND ( 'NONE', #238, .T. ) ;
#7700 = EDGE_CURVE ( 'NONE', #3985, #4435, #9504, .T. ) ;
#7701 = COLOUR_RGB ( '',1.000000000000000000, 1.000000000000000000, 1.000000000000000000 ) ;
#7702 = EDGE_CURVE ( 'NONE', #9310, #4846, #1433, .T. ) ;
#7703 = ORIENTED_EDGE ( 'NONE', *, *, #4558, .F. ) ;
#7704 = DIRECTION ( 'NONE',  ( -3.491483361109382461E-15, 0.000000000000000000, 1.000000000000000000 ) ) ;
#7706 = TOROIDAL_SURFACE ( 'NONE', #2358, 5.885424868893547767, 0.3999999999999835354 ) ;
#7705 = SURFACE_STYLE_FILL_AREA ( #495 ) ;
#7707 = ORIENTED_EDGE ( 'NONE', *, *, #1110, .F. ) ;
#7708 = AXIS2_PLACEMENT_3D ( 'NONE', #5713, #176, #7333 ) ;
#7709 = SURFACE_STYLE_USAGE ( .BOTH. , #2108 ) ;
#7710 =( NAMED_UNIT ( * ) PLANE_ANGLE_UNIT ( ) SI_UNIT ( $, .RADIAN. ) );
#7711 = MECHANICAL_DESIGN_GEOMETRIC_PRESENTATION_REPRESENTATION (  '', ( #1856 ), #31 ) ;
#7712 = CARTESIAN_POINT ( 'NONE',  ( 1.600000000000000089, 1.599999999999999867, 7.299999999999998934 ) ) ;
#7713 = PRESENTATION_STYLE_ASSIGNMENT (( #8561 ) ) ;
#7714 = DIRECTION ( 'NONE',  ( -0.000000000000000000, 1.000000000000000000, -0.000000000000000000 ) ) ;
#7715 = EDGE_CURVE ( 'NONE', #4318, #1159, #3136, .T. ) ;
#7716 = CARTESIAN_POINT ( 'NONE',  ( 4.399999999999999467, 3.500000000000000000, 0.4000000000000000222 ) ) ;
#7717 =( NAMED_UNIT ( * ) SI_UNIT ( $, .STERADIAN. ) SOLID_ANGLE_UNIT ( ) );
#7718 = PRESENTATION_LAYER_ASSIGNMENT (  '', '', ( #8905 ) ) ;
#7719 = TOROIDAL_SURFACE ( 'NONE', #1521, 5.885424868893529116, 0.4000000000000000777 ) ;
#7720 = DIRECTION ( 'NONE',  ( 1.000000000000000000, -2.337764517610564151E-30, -2.840858515597182442E-13 ) ) ;
#7721 = CYLINDRICAL_SURFACE ( 'NONE', #3936, 0.1999999999999996503 ) ;
#7722 = VERTEX_POINT ( 'NONE', #769 ) ;
#7723 =( GEOMETRIC_REPRESENTATION_CONTEXT ( 3 ) GLOBAL_UNCERTAINTY_ASSIGNED_CONTEXT ( ( #8878 ) ) GLOBAL_UNIT_ASSIGNED_CONTEXT ( ( #4675, #4832, #3940 ) ) REPRESENTATION_CONTEXT ( 'NONE', 'WORKASPACE' ) );
#7724 = ORIENTED_EDGE ( 'NONE', *, *, #6947, .F. ) ;
#7725 = ORIENTED_EDGE ( 'NONE', *, *, #3147, .T. ) ;
#7726 = VECTOR ( 'NONE', #216, 1000.000000000000114 ) ;
#7727 = VECTOR ( 'NONE', #3697, 1000.000000000000114 ) ;
#7728 = ADVANCED_FACE ( 'NONE', ( #560 ), #6354, .F. ) ;
#7729 = FILL_AREA_STYLE ('',( #7938 ) ) ;
#7730 = FACE_OUTER_BOUND ( 'NONE', #7562, .T. ) ;
#7731 = MECHANICAL_DESIGN_GEOMETRIC_PRESENTATION_REPRESENTATION (  '', ( #7560 ), #4370 ) ;
#7732 = AXIS2_PLACEMENT_3D ( 'NONE', #1174, #352, #305 ) ;
#7733 = PRESENTATION_STYLE_ASSIGNMENT (( #3774 ) ) ;
#7734 = MECHANICAL_DESIGN_GEOMETRIC_PRESENTATION_REPRESENTATION (  '', ( #6724 ), #5376 ) ;
#7735 = CARTESIAN_POINT ( 'NONE',  ( -6.473259784098478242, 2.499999999999999556, -3.109289021392666719 ) ) ;
#7736 = PRESENTATION_LAYER_ASSIGNMENT (  '', '', ( #565 ) ) ;
#7737 = DIRECTION ( 'NONE',  ( 0.000000000000000000, -1.000000000000000000, 0.000000000000000000 ) ) ;
#7738 = VERTEX_POINT ( 'NONE', #7984 ) ;
#7739 = VECTOR ( 'NONE', #8976, 1000.000000000000000 ) ;
#7740 = ORIENTED_EDGE ( 'NONE', *, *, #3218, .F. ) ;
#7741 = SURFACE_STYLE_USAGE ( .BOTH. , #6908 ) ;
#7742 = ORIENTED_EDGE ( 'NONE', *, *, #664, .T. ) ;
#7743 = AXIS2_PLACEMENT_3D ( 'NONE', #283, #3433, #1879 ) ;
#7744 = DIRECTION ( 'NONE',  ( 0.7155891509246349313, -0.6985214149036235165, 6.485396632713421986E-14 ) ) ;
#7745 = SURFACE_STYLE_USAGE ( .BOTH. , #587 ) ;
#7746 = PLANE ( 'NONE',  #9037 ) ;
#7747 =( NAMED_UNIT ( * ) SI_UNIT ( $, .STERADIAN. ) SOLID_ANGLE_UNIT ( ) );
#7748 = FILL_AREA_STYLE_COLOUR ( '', #4204 ) ;
#7749 = UNCERTAINTY_MEASURE_WITH_UNIT (LENGTH_MEASURE( 1.000000000000000082E-05 ), #4054, 'distance_accuracy_value', 'NONE');
#7750 = CARTESIAN_POINT ( 'NONE',  ( 5.287131114478958338, -1.651312005834308261, 3.599999999108079329 ) ) ;
#7751 = COLOUR_RGB ( '',1.000000000000000000, 1.000000000000000000, 1.000000000000000000 ) ;
#7752 = DIRECTION ( 'NONE',  ( 1.000000000000000000, -0.000000000000000000, 0.000000000000000000 ) ) ;
#7753 = CIRCLE ( 'NONE', #10254, 0.4500000000000001221 ) ;
#7754 = CARTESIAN_POINT ( 'NONE',  ( 2.250000000002337686, -5.435424868893542261, 3.200000000000010392 ) ) ;
#7755 = LINE ( 'NONE', #1558, #10239 ) ;
#7756 = VERTEX_POINT ( 'NONE', #6403 ) ;
#7757 = ORIENTED_EDGE ( 'NONE', *, *, #3197, .F. ) ;
#7758 = FILL_AREA_STYLE ('',( #6237 ) ) ;
#7759 = DIRECTION ( 'NONE',  ( 0.6985214149036225173, -0.7155891509246359306, 5.127815794399387394E-14 ) ) ;
#7760 = SURFACE_STYLE_USAGE ( .BOTH. , #9294 ) ;
#7761 = SURFACE_STYLE_FILL_AREA ( #3807 ) ;
#7762 = CIRCLE ( 'NONE', #6093, 0.4000000000000001887 ) ;
#7763 = FILL_AREA_STYLE_COLOUR ( '', #10153 ) ;
#7764 = ORIENTED_EDGE ( 'NONE', *, *, #7715, .T. ) ;
#7765 = PRESENTATION_STYLE_ASSIGNMENT (( #7023 ) ) ;
#7766 = VERTEX_POINT ( 'NONE', #815 ) ;
#7767 = SURFACE_STYLE_FILL_AREA ( #6821 ) ;
#7768 = DIRECTION ( 'NONE',  ( 1.000000000000000000, 0.000000000000000000, -0.000000000000000000 ) ) ;
#7769 = AXIS2_PLACEMENT_3D ( 'NONE', #3002, #6225, #7630 ) ;
#7770 = SURFACE_STYLE_USAGE ( .BOTH. , #6880 ) ;
#7771 = DIRECTION ( 'NONE',  ( 0.000000000000000000, 0.000000000000000000, -1.000000000000000000 ) ) ;
#7772 =( NAMED_UNIT ( * ) PLANE_ANGLE_UNIT ( ) SI_UNIT ( $, .RADIAN. ) );
#7773 = CARTESIAN_POINT ( 'NONE',  ( -6.000000000000023981, 3.000000000000000000, 7.064159265358981088 ) ) ;
#7774 = FACE_OUTER_BOUND ( 'NONE', #3354, .T. ) ;
#7775 = CARTESIAN_POINT ( 'NONE',  ( 5.989526014261779885, -2.499999999999999556, -3.351160143934351687 ) ) ;
#7776 = COLOUR_RGB ( '',0.1098039215686274495, 0.1098039215686274495, 0.1098039215686274495 ) ;
#7777 = ORIENTED_EDGE ( 'NONE', *, *, #796, .F. ) ;
#7778 = VERTEX_POINT ( 'NONE', #3977 ) ;
#7779 = CARTESIAN_POINT ( 'NONE',  ( 0.000000000000000000, -5.800000000000000711, 0.2000000000000000944 ) ) ;
#7780 = CIRCLE ( 'NONE', #6953, 0.3500000041649586890 ) ;
#7781 = CARTESIAN_POINT ( 'NONE',  ( 0.000000000000000000, 5.800000000000000711, 0.2000000000000000944 ) ) ;
#7782 = FACE_OUTER_BOUND ( 'NONE', #3460, .T. ) ;
#7783 = DIRECTION ( 'NONE',  ( -0.4961328535521692396, -1.927470528863118556E-15, -0.8682466191274121892 ) ) ;
#7784 = DIRECTION ( 'NONE',  ( 5.292964219876011532E-15, 1.256337252201300185E-14, 1.000000000000000000 ) ) ;
#7785 =( NAMED_UNIT ( * ) PLANE_ANGLE_UNIT ( ) SI_UNIT ( $, .RADIAN. ) );
#7786 = EDGE_CURVE ( 'NONE', #1582, #6184, #9615, .T. ) ;
#7787 = DIRECTION ( 'NONE',  ( 5.292964219876011532E-15, 1.256337252201300185E-14, 1.000000000000000000 ) ) ;
#7788 = ORIENTED_EDGE ( 'NONE', *, *, #3468, .T. ) ;
#7789 = ORIENTED_EDGE ( 'NONE', *, *, #5983, .F. ) ;
#7790 = COLOUR_RGB ( '',0.1098039215686274495, 0.1098039215686274495, 0.1098039215686274495 ) ;
#7791 = CARTESIAN_POINT ( 'NONE',  ( 6.953886316694595671, -6.704630743366731593, -2.268178905419202085 ) ) ;
#7792 = DIRECTION ( 'NONE',  ( -1.000000000000000000, 0.000000000000000000, 0.000000000000000000 ) ) ;
#7793 = DIRECTION ( 'NONE',  ( 1.000000000000000000, 0.000000000000000000, -0.000000000000000000 ) ) ;
#7794 = DIRECTION ( 'NONE',  ( 0.000000000000000000, 0.000000000000000000, -1.000000000000000000 ) ) ;
#7795 = DIRECTION ( 'NONE',  ( -0.000000000000000000, -0.000000000000000000, 1.000000000000000000 ) ) ;
#7796 = STYLED_ITEM ( 'NONE', ( #10348 ), #3728 ) ;
#7797 = CARTESIAN_POINT ( 'NONE',  ( 1.462164714140014254, 5.819112848941896843, 3.600000000000000533 ) ) ;
#7798 = CARTESIAN_POINT ( 'NONE',  ( 1.600000000000000089, 1.599999999999784484, 7.299999999999998934 ) ) ;
#7799 = CARTESIAN_POINT ( 'NONE',  ( 5.000000000000001776, 5.800000000000001599, 0.2000000000000000944 ) ) ;
#7800 = DIRECTION ( 'NONE',  ( 6.505213034913010038E-15, 0.000000000000000000, 1.000000000000000000 ) ) ;
#7801 = SURFACE_STYLE_USAGE ( .BOTH. , #4595 ) ;
#7802 = VERTEX_POINT ( 'NONE', #3186 ) ;
#7803 = ORIENTED_EDGE ( 'NONE', *, *, #4876, .F. ) ;
#7804 = FILL_AREA_STYLE ('',( #9539 ) ) ;
#7805 = VERTEX_POINT ( 'NONE', #5575 ) ;
#7806 = MECHANICAL_DESIGN_GEOMETRIC_PRESENTATION_REPRESENTATION (  '', ( #9809 ), #8822 ) ;
#7807 = VECTOR ( 'NONE', #4186, 1000.000000000000000 ) ;
#7808 =( NAMED_UNIT ( * ) PLANE_ANGLE_UNIT ( ) SI_UNIT ( $, .RADIAN. ) );
#7809 =( GEOMETRIC_REPRESENTATION_CONTEXT ( 3 ) GLOBAL_UNCERTAINTY_ASSIGNED_CONTEXT ( ( #1153 ) ) GLOBAL_UNIT_ASSIGNED_CONTEXT ( ( #10237, #7939, #6316 ) ) REPRESENTATION_CONTEXT ( 'NONE', 'WORKASPACE' ) );
#7810 =( LENGTH_UNIT ( ) NAMED_UNIT ( * ) SI_UNIT ( .MILLI., .METRE. ) );
#7811 = FACE_OUTER_BOUND ( 'NONE', #680, .T. ) ;
#7812 = ORIENTED_EDGE ( 'NONE', *, *, #4116, .F. ) ;
#7813 = MECHANICAL_DESIGN_GEOMETRIC_PRESENTATION_REPRESENTATION (  '', ( #7143 ), #635 ) ;
#7814 = STYLED_ITEM ( 'NONE', ( #4019 ), #3462 ) ;
#7815 =( LENGTH_UNIT ( ) NAMED_UNIT ( * ) SI_UNIT ( .MILLI., .METRE. ) );
#7816 = PRESENTATION_STYLE_ASSIGNMENT (( #4606 ) ) ;
#7817 = EDGE_LOOP ( 'NONE', ( #9540, #3066, #2865, #4377, #523, #9137, #2794 ) ) ;
#7818 = UNCERTAINTY_MEASURE_WITH_UNIT (LENGTH_MEASURE( 1.000000000000000082E-05 ), #503, 'distance_accuracy_value', 'NONE');
#7819 = DIRECTION ( 'NONE',  ( -3.491483361109382461E-15, 0.000000000000000000, 1.000000000000000000 ) ) ;
#7820 = PRESENTATION_LAYER_ASSIGNMENT (  '', '', ( #646 ) ) ;
#7821 = LINE ( 'NONE', #561, #8235 ) ;
#7822 = PRESENTATION_STYLE_ASSIGNMENT (( #6148 ) ) ;
#7823 = STYLED_ITEM ( 'NONE', ( #499 ), #10280 ) ;
#7824 = DIRECTION ( 'NONE',  ( -7.950815931560229639E-15, -1.000000000000000000, 1.301042606982582917E-14 ) ) ;
#7825 = CIRCLE ( 'NONE', #8676, 0.3000000000000051514 ) ;
#7826 = ORIENTED_EDGE ( 'NONE', *, *, #6054, .F. ) ;
#7827 = ORIENTED_EDGE ( 'NONE', *, *, #6429, .F. ) ;
#7828 = EDGE_CURVE ( 'NONE', #820, #2904, #8774, .T. ) ;
#7829 = FILL_AREA_STYLE ('',( #6263 ) ) ;
#7830 = UNCERTAINTY_MEASURE_WITH_UNIT (LENGTH_MEASURE( 1.000000000000000082E-05 ), #9991, 'distance_accuracy_value', 'NONE');
#7831 = COLOUR_RGB ( '',1.000000000000000000, 1.000000000000000000, 1.000000000000000000 ) ;
#7832 = EDGE_CURVE ( 'NONE', #7922, #2800, #1133, .T. ) ;
#7833 = LINE ( 'NONE', #2123, #10343 ) ;
#7834 = DIRECTION ( 'NONE',  ( 5.292964219876117239E-15, 1.256337252201401002E-14, 1.000000000000000000 ) ) ;
#7835 = ADVANCED_FACE ( 'NONE', ( #2746 ), #9100, .F. ) ;
#7836 = DIRECTION ( 'NONE',  ( 1.256337252201622514E-14, -5.292964219876873757E-15, 1.000000000000000000 ) ) ;
#7837 = ADVANCED_FACE ( 'NONE', ( #2843 ), #7566, .T. ) ;
#7838 = DIRECTION ( 'NONE',  ( -1.000000000000000000, 0.000000000000000000, -4.336808689942028583E-16 ) ) ;
#7839 = PRESENTATION_LAYER_ASSIGNMENT (  '', '', ( #9679 ) ) ;
#7840 = AXIS2_PLACEMENT_3D ( 'NONE', #547, #3700, #6932 ) ;
#7841 = ORIENTED_EDGE ( 'NONE', *, *, #7918, .F. ) ;
#7842 = ORIENTED_EDGE ( 'NONE', *, *, #801, .T. ) ;
#7843 = DIRECTION ( 'NONE',  ( -0.000000000000000000, 2.797941090285171111E-16, -1.000000000000000000 ) ) ;
#7844 = SURFACE_STYLE_FILL_AREA ( #3735 ) ;
#7845 = CIRCLE ( 'NONE', #9034, 0.5645751311063543776 ) ;
#7846 = CARTESIAN_POINT ( 'NONE',  ( -1.882139088377118963, -5.434070547098159842, 3.600000000000001421 ) ) ;
#7847 = EDGE_CURVE ( 'NONE', #2541, #6413, #9205, .T. ) ;
#7848 = DIRECTION ( 'NONE',  ( -0.000000000000000000, -0.000000000000000000, -1.000000000000000000 ) ) ;
#7849 = EDGE_CURVE ( 'NONE', #5583, #6461, #8421, .T. ) ;
#7850 = EDGE_CURVE ( 'NONE', #3784, #4847, #2690, .T. ) ;
#7851 = DIRECTION ( 'NONE',  ( -1.000000000000000000, 0.000000000000000000, -5.421010862427526114E-16 ) ) ;
#7852 =( NAMED_UNIT ( * ) PLANE_ANGLE_UNIT ( ) SI_UNIT ( $, .RADIAN. ) );
#7853 = STYLED_ITEM ( 'NONE', ( #1801 ), #9398 ) ;
#7854 = CARTESIAN_POINT ( 'NONE',  ( 5.274138493663780736, -1.609949685835131650, 3.599999994700596950 ) ) ;
#7855 = CONICAL_SURFACE ( 'NONE', #3474, 0.9999999999941167061, 0.04995839572052565569 ) ;
#7856 = LINE ( 'NONE', #7798, #322 ) ;
#7857 = DIRECTION ( 'NONE',  ( 0.1179568432022812946, -0.9713257602420880543, 0.2064278339562816145 ) ) ;
#7858 =( LENGTH_UNIT ( ) NAMED_UNIT ( * ) SI_UNIT ( .MILLI., .METRE. ) );
#7859 = CARTESIAN_POINT ( 'NONE',  ( 6.349999999999996092, -3.000000000000000000, -0.6874509908007693237 ) ) ;
#7860 = VERTEX_POINT ( 'NONE', #3510 ) ;
#7861 = VERTEX_POINT ( 'NONE', #6734 ) ;
#7862 = CARTESIAN_POINT ( 'NONE',  ( -1.599999999999999423, 1.599999999999999867, 7.299999999999998934 ) ) ;
#7863 = ORIENTED_EDGE ( 'NONE', *, *, #6310, .F. ) ;
#7864 = COLOUR_RGB ( '',1.000000000000000000, 1.000000000000000000, 1.000000000000000000 ) ;
#7865 = EDGE_CURVE ( 'NONE', #2397, #8384, #1239, .T. ) ;
#7866 = DIRECTION ( 'NONE',  ( 0.000000000000000000, 0.000000000000000000, -1.000000000000000000 ) ) ;
#7867 = CARTESIAN_POINT ( 'NONE',  ( -1.867067163629643645, -5.423867851795479034, 3.600000000000003197 ) ) ;
#7868 = FILL_AREA_STYLE ('',( #1469 ) ) ;
#7869 = CARTESIAN_POINT ( 'NONE',  ( -6.650000000000001243, -2.999999999999999112, -2.094532406675943648 ) ) ;
#7870 = PRESENTATION_STYLE_ASSIGNMENT (( #3026 ) ) ;
#7871 = CARTESIAN_POINT ( 'NONE',  ( 4.713095711004419819, 3.950851657416638574, 3.499999999999998668 ) ) ;
#7872 = FILL_AREA_STYLE ('',( #2312 ) ) ;
#7873 =( LENGTH_UNIT ( ) NAMED_UNIT ( * ) SI_UNIT ( .MILLI., .METRE. ) );
#7874 = EDGE_CURVE ( 'NONE', #1825, #3029, #3609, .T. ) ;
#7875 = AXIS2_PLACEMENT_3D ( 'NONE', #8639, #5472, #7043 ) ;
#7876 = FILL_AREA_STYLE_COLOUR ( '', #726 ) ;
#7877 = PRESENTATION_STYLE_ASSIGNMENT (( #1477 ) ) ;
#7878 =( LENGTH_UNIT ( ) NAMED_UNIT ( * ) SI_UNIT ( .MILLI., .METRE. ) );
#7879 = CARTESIAN_POINT ( 'NONE',  ( -1.462164714140031130, 5.819112848942163296, 3.499999999999993783 ) ) ;
#7880 = ORIENTED_EDGE ( 'NONE', *, *, #7850, .F. ) ;
#7881 = ORIENTED_EDGE ( 'NONE', *, *, #7563, .T. ) ;
#7882 = AXIS2_PLACEMENT_3D ( 'NONE', #4642, #8536, #8490 ) ;
#7883 = VERTEX_POINT ( 'NONE', #670 ) ;
#7884 = ORIENTED_EDGE ( 'NONE', *, *, #26, .T. ) ;
#7885 =( NAMED_UNIT ( * ) SI_UNIT ( $, .STERADIAN. ) SOLID_ANGLE_UNIT ( ) );
#7886 = SURFACE_STYLE_FILL_AREA ( #6420 ) ;
#7887 = ADVANCED_FACE ( 'NONE', ( #6154 ), #5470, .T. ) ;
#7888 = DIRECTION ( 'NONE',  ( -1.000000000000000000, 0.000000000000000000, 0.000000000000000000 ) ) ;
#7889 = CARTESIAN_POINT ( 'NONE',  ( -5.432699878978647590, 2.263624949574466250, 3.199999999999994404 ) ) ;
#7890 = VERTEX_POINT ( 'NONE', #2940 ) ;
#7891 = EDGE_CURVE ( 'NONE', #927, #7683, #8733, .T. ) ;
#7892 = ORIENTED_EDGE ( 'NONE', *, *, #9345, .F. ) ;
#7893 = FILL_AREA_STYLE_COLOUR ( '', #1429 ) ;
#7894 = ADVANCED_FACE ( 'NONE', ( #6952 ), #3770, .T. ) ;
#7895 = CARTESIAN_POINT ( 'NONE',  ( -6.000000000000000000, 5.000000000000000000, 3.500000000000000000 ) ) ;
#7896 =( NAMED_UNIT ( * ) PLANE_ANGLE_UNIT ( ) SI_UNIT ( $, .RADIAN. ) );
#7897 = AXIS2_PLACEMENT_3D ( 'NONE', #6642, #5100, #5151 ) ;
#7898 = AXIS2_PLACEMENT_3D ( 'NONE', #1931, #5878, #9941 ) ;
#7899 = SURFACE_STYLE_FILL_AREA ( #1501 ) ;
#7900 = CARTESIAN_POINT ( 'NONE',  ( -5.799999999999998046, -5.000000000000000888, 0.1999999999999971245 ) ) ;
#7901 = AXIS2_PLACEMENT_3D ( 'NONE', #10054, #2864, #6808 ) ;
#7902 = PRESENTATION_STYLE_ASSIGNMENT (( #3798 ) ) ;
#7903 = EDGE_CURVE ( 'NONE', #9957, #7883, #10085, .T. ) ;
#7904 =( NAMED_UNIT ( * ) PLANE_ANGLE_UNIT ( ) SI_UNIT ( $, .RADIAN. ) );
#7905 = ORIENTED_EDGE ( 'NONE', *, *, #2075, .F. ) ;
#7906 = CIRCLE ( 'NONE', #4711, 0.3000000000000007661 ) ;
#7907 = EDGE_CURVE ( 'NONE', #1417, #9620, #6575, .T. ) ;
#7908 = DIRECTION ( 'NONE',  ( 0.000000000000000000, 0.000000000000000000, 1.000000000000000000 ) ) ;
#7909 = ORIENTED_EDGE ( 'NONE', *, *, #880, .F. ) ;
#7910 = SURFACE_STYLE_USAGE ( .BOTH. , #8 ) ;
#7911 = PRESENTATION_LAYER_ASSIGNMENT (  '', '', ( #2054 ) ) ;
#7912 = DIRECTION ( 'NONE',  ( -0.4961328535521692396, 0.000000000000000000, -0.8682466191274121892 ) ) ;
#7913 = FILL_AREA_STYLE ('',( #1514 ) ) ;
#7914 = MECHANICAL_DESIGN_GEOMETRIC_PRESENTATION_REPRESENTATION (  '', ( #736 ), #8603 ) ;
#7915 = LINE ( 'NONE', #3335, #5531 ) ;
#7916 = DIRECTION ( 'NONE',  ( -1.000000000000000000, 2.035455951733361260E-30, 1.256337252201622514E-14 ) ) ;
#7917 = DIRECTION ( 'NONE',  ( 0.000000000000000000, -0.000000000000000000, -1.000000000000000000 ) ) ;
#7918 = EDGE_CURVE ( 'NONE', #7612, #105, #1078, .T. ) ;
#7919 = CARTESIAN_POINT ( 'NONE',  ( 0.000000000000000000, 0.000000000000000000, 3.500000000000000000 ) ) ;
#7920 = CARTESIAN_POINT ( 'NONE',  ( -3.600000000000001421, -5.800000000000000711, 0.2000000000000000944 ) ) ;
#7921 = AXIS2_PLACEMENT_3D ( 'NONE', #554, #3033, #6104 ) ;
#7922 = VERTEX_POINT ( 'NONE', #9420 ) ;
#7923 = AXIS2_PLACEMENT_3D ( 'NONE', #4880, #1640, #9043 ) ;
#7924 = UNCERTAINTY_MEASURE_WITH_UNIT (LENGTH_MEASURE( 1.000000000000000082E-05 ), #4842, 'distance_accuracy_value', 'NONE');
#7925 = CARTESIAN_POINT ( 'NONE',  ( -4.400000000000000355, 3.499999999999999556, 0.4000000000000000222 ) ) ;
#7926 = PRESENTATION_STYLE_ASSIGNMENT (( #4083 ) ) ;
#7927 = FILL_AREA_STYLE ('',( #767 ) ) ;
#7928 = SURFACE_STYLE_USAGE ( .BOTH. , #3709 ) ;
#7929 = SURFACE_STYLE_USAGE ( .BOTH. , #5576 ) ;
#7930 =( GEOMETRIC_REPRESENTATION_CONTEXT ( 3 ) GLOBAL_UNCERTAINTY_ASSIGNED_CONTEXT ( ( #5879 ) ) GLOBAL_UNIT_ASSIGNED_CONTEXT ( ( #2395, #1596, #9812 ) ) REPRESENTATION_CONTEXT ( 'NONE', 'WORKASPACE' ) );
#7931 = CYLINDRICAL_SURFACE ( 'NONE', #3431, 0.3500000041649586890 ) ;
#7932 = VERTEX_POINT ( 'NONE', #257 ) ;
#7933 = VERTEX_POINT ( 'NONE', #7357 ) ;
#7934 = ORIENTED_EDGE ( 'NONE', *, *, #2263, .F. ) ;
#7935 = ORIENTED_EDGE ( 'NONE', *, *, #9782, .T. ) ;
#7936 = MECHANICAL_DESIGN_GEOMETRIC_PRESENTATION_REPRESENTATION (  '', ( #3556 ), #10111 ) ;
#7937 =( NAMED_UNIT ( * ) PLANE_ANGLE_UNIT ( ) SI_UNIT ( $, .RADIAN. ) );
#7938 = FILL_AREA_STYLE_COLOUR ( '', #4882 ) ;
#7939 =( NAMED_UNIT ( * ) PLANE_ANGLE_UNIT ( ) SI_UNIT ( $, .RADIAN. ) );
#7940 = UNCERTAINTY_MEASURE_WITH_UNIT (LENGTH_MEASURE( 1.000000000000000082E-05 ), #5781, 'distance_accuracy_value', 'NONE');
#7941 = PRESENTATION_STYLE_ASSIGNMENT (( #2951 ) ) ;
#7942 = DIRECTION ( 'NONE',  ( -1.000000000000000000, 0.000000000000000000, 0.000000000000000000 ) ) ;
#7943 =( GEOMETRIC_REPRESENTATION_CONTEXT ( 3 ) GLOBAL_UNCERTAINTY_ASSIGNED_CONTEXT ( ( #1204 ) ) GLOBAL_UNIT_ASSIGNED_CONTEXT ( ( #9582, #7896, #3108 ) ) REPRESENTATION_CONTEXT ( 'NONE', 'WORKASPACE' ) );
#7944 =( NAMED_UNIT ( * ) PLANE_ANGLE_UNIT ( ) SI_UNIT ( $, .RADIAN. ) );
#7945 = FACE_OUTER_BOUND ( 'NONE', #1311, .T. ) ;
#7946 =( GEOMETRIC_REPRESENTATION_CONTEXT ( 3 ) GLOBAL_UNCERTAINTY_ASSIGNED_CONTEXT ( ( #3008 ) ) GLOBAL_UNIT_ASSIGNED_CONTEXT ( ( #7068, #8809, #4597 ) ) REPRESENTATION_CONTEXT ( 'NONE', 'WORKASPACE' ) );
#7947 =( NAMED_UNIT ( * ) SI_UNIT ( $, .STERADIAN. ) SOLID_ANGLE_UNIT ( ) );
#7948 = ORIENTED_EDGE ( 'NONE', *, *, #1826, .T. ) ;
#7949 = ADVANCED_FACE ( 'NONE', ( #9667 ), #5230, .T. ) ;
#7950 = ORIENTED_EDGE ( 'NONE', *, *, #8999, .F. ) ;
#7951 = LINE ( 'NONE', #2344, #9945 ) ;
#7952 =( NAMED_UNIT ( * ) PLANE_ANGLE_UNIT ( ) SI_UNIT ( $, .RADIAN. ) );
#7953 =( GEOMETRIC_REPRESENTATION_CONTEXT ( 3 ) GLOBAL_UNCERTAINTY_ASSIGNED_CONTEXT ( ( #10157 ) ) GLOBAL_UNIT_ASSIGNED_CONTEXT ( ( #3895, #8696, #4733 ) ) REPRESENTATION_CONTEXT ( 'NONE', 'WORKASPACE' ) );
#7954 = DIRECTION ( 'NONE',  ( -0.1611885087261650806, -0.6414968937216836142, 0.7500000000000439648 ) ) ;
#7955 = SURFACE_STYLE_USAGE ( .BOTH. , #738 ) ;
#7956 = LINE ( 'NONE', #1552, #1224 ) ;
#7957 = CARTESIAN_POINT ( 'NONE',  ( -2.263624949574417844, -5.432699878978660024, 3.200000000000000178 ) ) ;
#7958 = CARTESIAN_POINT ( 'NONE',  ( -1.600000000000000311, -1.599999999999998312, 6.999999999999996447 ) ) ;
#7959 =( NAMED_UNIT ( * ) PLANE_ANGLE_UNIT ( ) SI_UNIT ( $, .RADIAN. ) );
#7960 = EDGE_LOOP ( 'NONE', ( #3542, #2601, #6863, #9996, #6570 ) ) ;
#7961 = ORIENTED_EDGE ( 'NONE', *, *, #3202, .F. ) ;
#7962 = SURFACE_SIDE_STYLE ('',( #5494 ) ) ;
#7963 =( NAMED_UNIT ( * ) SI_UNIT ( $, .STERADIAN. ) SOLID_ANGLE_UNIT ( ) );
#7964 = VERTEX_POINT ( 'NONE', #8209 ) ;
#7965 = DIRECTION ( 'NONE',  ( -1.000000000000000000, 0.000000000000000000, 0.000000000000000000 ) ) ;
#7966 = FILL_AREA_STYLE ('',( #9602 ) ) ;
#7967 = CARTESIAN_POINT ( 'NONE',  ( -1.882186012830816324, -5.434169105321950077, 3.600000000000003642 ) ) ;
#7968 = COLOUR_RGB ( '',0.1098039215686274495, 0.1098039215686274495, 0.1098039215686274495 ) ;
#7969 = PRESENTATION_STYLE_ASSIGNMENT (( #4751 ) ) ;
#7970 = SURFACE_STYLE_USAGE ( .BOTH. , #4752 ) ;
#7971 = DIRECTION ( 'NONE',  ( -1.000000000000000000, 0.000000000000000000, 0.000000000000000000 ) ) ;
#7972 = ADVANCED_FACE ( 'NONE', ( #8786 ), #6515, .F. ) ;
#7973 = ADVANCED_FACE ( 'NONE', ( #5639 ), #2531, .F. ) ;
#7974 = DIRECTION ( 'NONE',  ( 0.6614378277661395744, 5.421010862427465372E-14, 0.7500000000000071054 ) ) ;
#7975 = SURFACE_STYLE_USAGE ( .BOTH. , #2311 ) ;
#7976 = ADVANCED_FACE ( 'NONE', ( #4452 ), #9267, .T. ) ;
#7977 = DIRECTION ( 'NONE',  ( 0.000000000000000000, 0.000000000000000000, -1.000000000000000000 ) ) ;
#7978 = PRESENTATION_LAYER_ASSIGNMENT (  '', '', ( #9809 ) ) ;
#7979 = CARTESIAN_POINT ( 'NONE',  ( 5.549999999999999822, 4.750000000000000000, 3.499999999999999556 ) ) ;
#7980 = SURFACE_STYLE_FILL_AREA ( #6451 ) ;
#7981 = AXIS2_PLACEMENT_3D ( 'NONE', #8934, #8040, #8147 ) ;
#7982 = DIRECTION ( 'NONE',  ( 2.728398293323198625E-13, 5.456796586804488383E-14, -1.000000000000000000 ) ) ;
#7983 = SURFACE_SIDE_STYLE ('',( #8037 ) ) ;
#7984 = CARTESIAN_POINT ( 'NONE',  ( -2.250000000009875212, 5.700000000000000178, 3.499999999999999556 ) ) ;
#7985 = CARTESIAN_POINT ( 'NONE',  ( -5.260272862240311653, -1.369513166178319974, 3.600000000000003197 ) ) ;
#7986 = COLOUR_RGB ( '',0.1098039215686274495, 0.1098039215686274495, 0.1098039215686274495 ) ;
#7987 = CARTESIAN_POINT ( 'NONE',  ( -5.432699878980247199, -2.263624949575091083, 3.599999999999997868 ) ) ;
#7988 = SURFACE_STYLE_FILL_AREA ( #717 ) ;
#7989 = VERTEX_POINT ( 'NONE', #5031 ) ;
#7990 = VERTEX_POINT ( 'NONE', #8313 ) ;
#7991 = ORIENTED_EDGE ( 'NONE', *, *, #9468, .F. ) ;
#7992 = ORIENTED_EDGE ( 'NONE', *, *, #6763, .T. ) ;
#7993 = MECHANICAL_DESIGN_GEOMETRIC_PRESENTATION_REPRESENTATION (  '', ( #1284 ), #3601 ) ;
#7994 = SURFACE_SIDE_STYLE ('',( #1588 ) ) ;
#7995 = FACE_OUTER_BOUND ( 'NONE', #123, .T. ) ;
#7996 = STYLED_ITEM ( 'NONE', ( #8529 ), #10206 ) ;
#7997 = PRESENTATION_STYLE_ASSIGNMENT (( #7004 ) ) ;
#7998 = DIRECTION ( 'NONE',  ( -1.000000000000000000, 0.000000000000000000, 0.000000000000000000 ) ) ;
#7999 = VECTOR ( 'NONE', #4737, 1000.000000000000000 ) ;
#8000 = SURFACE_STYLE_FILL_AREA ( #3208 ) ;
#8001 = FACE_OUTER_BOUND ( 'NONE', #372, .T. ) ;
#8002 = CARTESIAN_POINT ( 'NONE',  ( 6.693412330956371115, 6.704630743366732482, -2.119339049353549331 ) ) ;
#8003 = ORIENTED_EDGE ( 'NONE', *, *, #4666, .T. ) ;
#8004 = VERTEX_POINT ( 'NONE', #9917 ) ;
#8005 =( GEOMETRIC_REPRESENTATION_CONTEXT ( 3 ) GLOBAL_UNCERTAINTY_ASSIGNED_CONTEXT ( ( #7591 ) ) GLOBAL_UNIT_ASSIGNED_CONTEXT ( ( #8242, #4275, #8140 ) ) REPRESENTATION_CONTEXT ( 'NONE', 'WORKASPACE' ) );
#8006 = CARTESIAN_POINT ( 'NONE',  ( 6.300000000000000711, -2.000000000000000000, 1.414159265358978290 ) ) ;
#8007 = FILL_AREA_STYLE_COLOUR ( '', #2315 ) ;
#8008 = SURFACE_STYLE_FILL_AREA ( #9532 ) ;
#8009 =( GEOMETRIC_REPRESENTATION_CONTEXT ( 3 ) GLOBAL_UNCERTAINTY_ASSIGNED_CONTEXT ( ( #381 ) ) GLOBAL_UNIT_ASSIGNED_CONTEXT ( ( #8236, #3278, #5715 ) ) REPRESENTATION_CONTEXT ( 'NONE', 'WORKASPACE' ) );
#8010 = PLANE ( 'NONE',  #8011 ) ;
#8011 = AXIS2_PLACEMENT_3D ( 'NONE', #1269, #4288, #7504 ) ;
#8012 = CARTESIAN_POINT ( 'NONE',  ( 6.650000000000000355, -2.000000000000000000, -2.094532406675943648 ) ) ;
#8013 = FACE_OUTER_BOUND ( 'NONE', #4993, .T. ) ;
#8014 = ORIENTED_EDGE ( 'NONE', *, *, #2006, .F. ) ;
#8015 = ORIENTED_EDGE ( 'NONE', *, *, #7078, .F. ) ;
#8016 = DIRECTION ( 'NONE',  ( -1.000000000000000000, 8.881784197001249365E-16, 0.000000000000000000 ) ) ;
#8017 = ORIENTED_EDGE ( 'NONE', *, *, #3920, .F. ) ;
#8018 = COLOUR_RGB ( '',0.1098039215686274495, 0.1098039215686274495, 0.1098039215686274495 ) ;
#8019 = COLOUR_RGB ( '',1.000000000000000000, 1.000000000000000000, 1.000000000000000000 ) ;
#8020 = DIRECTION ( 'NONE',  ( -0.000000000000000000, 0.000000000000000000, -1.000000000000000000 ) ) ;
#8021 = SURFACE_STYLE_USAGE ( .BOTH. , #754 ) ;
#8022 =( GEOMETRIC_REPRESENTATION_CONTEXT ( 3 ) GLOBAL_UNCERTAINTY_ASSIGNED_CONTEXT ( ( #929 ) ) GLOBAL_UNIT_ASSIGNED_CONTEXT ( ( #10329, #8880, #134 ) ) REPRESENTATION_CONTEXT ( 'NONE', 'WORKASPACE' ) );
#8023 =( GEOMETRIC_REPRESENTATION_CONTEXT ( 3 ) GLOBAL_UNCERTAINTY_ASSIGNED_CONTEXT ( ( #3625 ) ) GLOBAL_UNIT_ASSIGNED_CONTEXT ( ( #6474, #3260, #2641 ) ) REPRESENTATION_CONTEXT ( 'NONE', 'WORKASPACE' ) );
#8024 = CYLINDRICAL_SURFACE ( 'NONE', #1976, 0.3500000041649588001 ) ;
#8025 = PRESENTATION_STYLE_ASSIGNMENT (( #4700 ) ) ;
#8026 = FACE_OUTER_BOUND ( 'NONE', #3143, .T. ) ;
#8027 = UNCERTAINTY_MEASURE_WITH_UNIT (LENGTH_MEASURE( 1.000000000000000082E-05 ), #9064, 'distance_accuracy_value', 'NONE');
#8028 = CARTESIAN_POINT ( 'NONE',  ( 2.263624949575246514, -5.432699878980531416, 3.600000000000001421 ) ) ;
#8029 = EDGE_CURVE ( 'NONE', #2133, #1402, #1724, .T. ) ;
#8030 =( NAMED_UNIT ( * ) PLANE_ANGLE_UNIT ( ) SI_UNIT ( $, .RADIAN. ) );
#8031 =( LENGTH_UNIT ( ) NAMED_UNIT ( * ) SI_UNIT ( .MILLI., .METRE. ) );
#8032 = DIRECTION ( 'NONE',  ( 0.000000000000000000, 0.000000000000000000, 1.000000000000000000 ) ) ;
#8033 = ADVANCED_FACE ( 'NONE', ( #5135 ), #5946, .F. ) ;
#8034 = UNCERTAINTY_MEASURE_WITH_UNIT (LENGTH_MEASURE( 1.000000000000000082E-05 ), #73, 'distance_accuracy_value', 'NONE');
#8035 = EDGE_CURVE ( 'NONE', #645, #698, #4352, .T. ) ;
#8036 = DIRECTION ( 'NONE',  ( 0.000000000000000000, -1.000000000000000000, 0.000000000000000000 ) ) ;
#8037 = SURFACE_STYLE_FILL_AREA ( #1789 ) ;
#8038 = FILL_AREA_STYLE_COLOUR ( '', #377 ) ;
#8039 = COLOUR_RGB ( '',0.1098039215686274495, 0.1098039215686274495, 0.1098039215686274495 ) ;
#8040 = DIRECTION ( 'NONE',  ( -5.292964219876516403E-15, -1.256337252201566032E-14, -1.000000000000000000 ) ) ;
#8041 = ORIENTED_EDGE ( 'NONE', *, *, #4187, .T. ) ;
#8042 = ORIENTED_EDGE ( 'NONE', *, *, #8092, .T. ) ;
#8043 = ORIENTED_EDGE ( 'NONE', *, *, #9472, .F. ) ;
#8044 = ORIENTED_EDGE ( 'NONE', *, *, #2010, .F. ) ;
#8045 = EDGE_CURVE ( 'NONE', #1708, #7012, #9191, .T. ) ;
#8046 = AXIS2_PLACEMENT_3D ( 'NONE', #4954, #2696, #9832 ) ;
#8047 = DIRECTION ( 'NONE',  ( -0.000000000000000000, -0.000000000000000000, 1.000000000000000000 ) ) ;
#8048 =( LENGTH_UNIT ( ) NAMED_UNIT ( * ) SI_UNIT ( .MILLI., .METRE. ) );
#8049 = CARTESIAN_POINT ( 'NONE',  ( 1.899999999999999911, 1.500000000000000000, 4.299999999999999822 ) ) ;
#8050 = DIRECTION ( 'NONE',  ( -1.000000000000000000, 0.000000000000000000, 0.000000000000000000 ) ) ;
#8051 = VECTOR ( 'NONE', #4477, 1000.000000000000227 ) ;
#8052 = DIRECTION ( 'NONE',  ( -1.000000000000000000, 0.000000000000000000, 0.000000000000000000 ) ) ;
#8053 =( NAMED_UNIT ( * ) SI_UNIT ( $, .STERADIAN. ) SOLID_ANGLE_UNIT ( ) );
#8054 = CARTESIAN_POINT ( 'NONE',  ( 3.295974604355933479E-14, -2.168404344971008868E-15, 3.199999999999975753 ) ) ;
#8055 = VECTOR ( 'NONE', #6179, 1000.000000000000000 ) ;
#8056 = CARTESIAN_POINT ( 'NONE',  ( 5.000000000000000000, 5.000000000000000000, 0.000000000000000000 ) ) ;
#8057 = DIRECTION ( 'NONE',  ( 0.000000000000000000, -1.000000000000000000, -6.163992046618099683E-16 ) ) ;
#8058 = FILL_AREA_STYLE_COLOUR ( '', #9011 ) ;
#8059 = ADVANCED_FACE ( 'NONE', ( #1326 ), #7086, .T. ) ;
#8060 =( GEOMETRIC_REPRESENTATION_CONTEXT ( 3 ) GLOBAL_UNCERTAINTY_ASSIGNED_CONTEXT ( ( #5417 ) ) GLOBAL_UNIT_ASSIGNED_CONTEXT ( ( #4583, #7785, #2850 ) ) REPRESENTATION_CONTEXT ( 'NONE', 'WORKASPACE' ) );
#8061 = VERTEX_POINT ( 'NONE', #5513 ) ;
#8062 = SURFACE_STYLE_FILL_AREA ( #6632 ) ;
#8063 = LINE ( 'NONE', #9009, #6180 ) ;
#8064 =( NAMED_UNIT ( * ) SI_UNIT ( $, .STERADIAN. ) SOLID_ANGLE_UNIT ( ) );
#8065 = DIRECTION ( 'NONE',  ( -0.8682466191274124112, -0.000000000000000000, 0.4961328535521690730 ) ) ;
#8066 = AXIS2_PLACEMENT_3D ( 'NONE', #656, #2428, #2974 ) ;
#8067 = DIRECTION ( 'NONE',  ( -0.000000000000000000, -0.000000000000000000, 1.000000000000000000 ) ) ;
#8068 = LINE ( 'NONE', #5764, #2866 ) ;
#8069 = FACE_OUTER_BOUND ( 'NONE', #8499, .T. ) ;
#8070 = PLANE ( 'NONE',  #1385 ) ;
#8071 = ORIENTED_EDGE ( 'NONE', *, *, #6167, .F. ) ;
#8072 =( GEOMETRIC_REPRESENTATION_CONTEXT ( 3 ) GLOBAL_UNCERTAINTY_ASSIGNED_CONTEXT ( ( #2665 ) ) GLOBAL_UNIT_ASSIGNED_CONTEXT ( ( #5484, #3898, #5997 ) ) REPRESENTATION_CONTEXT ( 'NONE', 'WORKASPACE' ) );
#8073 = FILL_AREA_STYLE ('',( #4849 ) ) ;
#8074 =( LENGTH_UNIT ( ) NAMED_UNIT ( * ) SI_UNIT ( .MILLI., .METRE. ) );
#8075 = EDGE_LOOP ( 'NONE', ( #7313, #1142 ) ) ;
#8076 = CIRCLE ( 'NONE', #3365, 0.8000000000000064837 ) ;
#8077 = DIRECTION ( 'NONE',  ( -3.491483361109382461E-15, 0.000000000000000000, -1.000000000000000000 ) ) ;
#8078 = LINE ( 'NONE', #1513, #585 ) ;
#8079 = SURFACE_STYLE_FILL_AREA ( #4650 ) ;
#8080 = AXIS2_PLACEMENT_3D ( 'NONE', #7859, #1505, #4537 ) ;
#8081 = FILL_AREA_STYLE_COLOUR ( '', #9184 ) ;
#8082 = FILL_AREA_STYLE ('',( #3075 ) ) ;
#8083 = COLOUR_RGB ( '',0.1098039215686274495, 0.1098039215686274495, 0.1098039215686274495 ) ;
#8084 = FACE_OUTER_BOUND ( 'NONE', #8446, .T. ) ;
#8085 = CIRCLE ( 'NONE', #3528, 0.2999999999999287681 ) ;
#8086 = DIRECTION ( 'NONE',  ( -0.000000000000000000, -1.000000000000000000, 0.000000000000000000 ) ) ;
#8087 = DIRECTION ( 'NONE',  ( 0.000000000000000000, 0.000000000000000000, 1.000000000000000000 ) ) ;
#8088 = ORIENTED_EDGE ( 'NONE', *, *, #8221, .T. ) ;
#8089 = DIRECTION ( 'NONE',  ( 0.000000000000000000, 1.000000000000000000, -0.000000000000000000 ) ) ;
#8090 =( NAMED_UNIT ( * ) SI_UNIT ( $, .STERADIAN. ) SOLID_ANGLE_UNIT ( ) );
#8091 = VECTOR ( 'NONE', #4763, 1000.000000000000227 ) ;
#8092 = EDGE_CURVE ( 'NONE', #10008, #6014, #6247, .T. ) ;
#8093 = COLOUR_RGB ( '',0.1098039215686274495, 0.1098039215686274495, 0.1098039215686274495 ) ;
#8094 = DIRECTION ( 'NONE',  ( 0.3846153846153709255, -0.9230769230769289013, 2.005806832832212841E-14 ) ) ;
#8095 = DIRECTION ( 'NONE',  ( -0.000000000000000000, -0.000000000000000000, 1.000000000000000000 ) ) ;
#8096 = CARTESIAN_POINT ( 'NONE',  ( 4.231862696384007162E-16, 5.175000000000002487, 3.500000000000001332 ) ) ;
#8097 = FILL_AREA_STYLE_COLOUR ( '', #6063 ) ;
#8098 = LINE ( 'NONE', #933, #2286 ) ;
#8099 = SURFACE_STYLE_USAGE ( .BOTH. , #4135 ) ;
#8100 = ORIENTED_EDGE ( 'NONE', *, *, #3373, .F. ) ;
#8101 = AXIS2_PLACEMENT_3D ( 'NONE', #99, #8949, #9775 ) ;
#8102 = ORIENTED_EDGE ( 'NONE', *, *, #1009, .T. ) ;
#8103 = VECTOR ( 'NONE', #5338, 1000.000000000000114 ) ;
#8104 = EDGE_LOOP ( 'NONE', ( #8418, #9212, #3851, #772 ) ) ;
#8105 = ORIENTED_EDGE ( 'NONE', *, *, #8092, .F. ) ;
#8106 = VECTOR ( 'NONE', #2980, 1000.000000000000000 ) ;
#8107 = DIRECTION ( 'NONE',  ( 0.000000000000000000, -1.000000000000000000, 0.000000000000000000 ) ) ;
#8108 = AXIS2_PLACEMENT_3D ( 'NONE', #838, #3995, #7212 ) ;
#8109 = CARTESIAN_POINT ( 'NONE',  ( -4.399999999999998579, 3.499999999999999556, 0.000000000000000000 ) ) ;
#8110 = CARTESIAN_POINT ( 'NONE',  ( -1.599999999999998979, -6.000000000000000000, 3.644339654338649925 ) ) ;
#8111 = CARTESIAN_POINT ( 'NONE',  ( -6.650000000000001243, -6.704630743366730705, -2.094532406675943648 ) ) ;
#8112 = DIRECTION ( 'NONE',  ( -1.000000000000000000, 0.000000000000000000, 1.084202172485511060E-14 ) ) ;
#8113 = COLOUR_RGB ( '',1.000000000000000000, 1.000000000000000000, 1.000000000000000000 ) ;
#8114 = EDGE_LOOP ( 'NONE', ( #7564, #5253, #3353, #546, #9377, #3522, #1723, #7905, #4485, #5794, #7467, #6742, #2024 ) ) ;
#8115 = VERTEX_POINT ( 'NONE', #8722 ) ;
#8116 = DIRECTION ( 'NONE',  ( -0.000000000000000000, 1.000000000000000000, -0.000000000000000000 ) ) ;
#8117 = CARTESIAN_POINT ( 'NONE',  ( 4.999999999999992895, -5.800000000000000711, 3.299999999999999822 ) ) ;
#8118 = CIRCLE ( 'NONE', #3897, 0.03542486889427081537 ) ;
#8119 = VECTOR ( 'NONE', #5315, 1000.000000000000000 ) ;
#8120 = FACE_OUTER_BOUND ( 'NONE', #6766, .T. ) ;
#8121 = CARTESIAN_POINT ( 'NONE',  ( 3.949999999999999734, -4.750000000000000000, 3.200000000000000178 ) ) ;
#8122 = SURFACE_STYLE_FILL_AREA ( #114 ) ;
#8123 = CARTESIAN_POINT ( 'NONE',  ( -6.000000000000000000, 3.499999999999999556, 0.4000000000000000222 ) ) ;
#8124 = CARTESIAN_POINT ( 'NONE',  ( 1.599999999997189004, -1.899999999999999467, 6.999999999999999112 ) ) ;
#8125 =( LENGTH_UNIT ( ) NAMED_UNIT ( * ) SI_UNIT ( .MILLI., .METRE. ) );
#8126 = CARTESIAN_POINT ( 'NONE',  ( -4.399999999999998579, 5.000000000000000000, 0.4000000000000000222 ) ) ;
#8127 = EDGE_LOOP ( 'NONE', ( #8834, #668, #5796, #7881 ) ) ;
#8128 = ORIENTED_EDGE ( 'NONE', *, *, #6479, .F. ) ;
#8129 = TOROIDAL_SURFACE ( 'NONE', #9636, 0.5645751311064571842, 0.4000000000000021316 ) ;
#8130 = SURFACE_STYLE_FILL_AREA ( #8073 ) ;
#8131 = ORIENTED_EDGE ( 'NONE', *, *, #5134, .F. ) ;
#8132 = DIRECTION ( 'NONE',  ( 0.000000000000000000, 1.000000000000000000, 0.000000000000000000 ) ) ;
#8133 = CARTESIAN_POINT ( 'NONE',  ( -3.950851657416640350, -4.713095711004409161, 3.500000000000000444 ) ) ;
#8134 = FILL_AREA_STYLE ('',( #5559 ) ) ;
#8135 = LINE ( 'NONE', #233, #2200 ) ;
#8136 = AXIS2_PLACEMENT_3D ( 'NONE', #10341, #8153, #2530 ) ;
#8137 = DIRECTION ( 'NONE',  ( -1.357990046909230968E-31, -1.000000000000000000, 1.256337252201401002E-14 ) ) ;
#8138 =( LENGTH_UNIT ( ) NAMED_UNIT ( * ) SI_UNIT ( .MILLI., .METRE. ) );
#8139 = UNCERTAINTY_MEASURE_WITH_UNIT (LENGTH_MEASURE( 1.000000000000000082E-05 ), #524, 'distance_accuracy_value', 'NONE');
#8140 =( NAMED_UNIT ( * ) SI_UNIT ( $, .STERADIAN. ) SOLID_ANGLE_UNIT ( ) );
#8141 = DIRECTION ( 'NONE',  ( 0.000000000000000000, -1.000000000000000000, 0.000000000000000000 ) ) ;
#8142 = VERTEX_POINT ( 'NONE', #4709 ) ;
#8143 = MECHANICAL_DESIGN_GEOMETRIC_PRESENTATION_REPRESENTATION (  '', ( #5272 ), #1443 ) ;
#8144 = B_SPLINE_CURVE_WITH_KNOTS ( 'NONE', 3,
 ( #5019, #1077, #5075, #3691, #8543, #10112, #9947, #439, #3748, #2918 ),
 .UNSPECIFIED., .F., .F.,
 ( 4, 2, 2, 2, 4 ),
 ( 0.000000000000000000, 0.0003028344262384912063, 0.0006056688524769824125, 0.0009085032787154736188, 0.001211337704953964825 ),
 .UNSPECIFIED. ) ;
#8145 = UNCERTAINTY_MEASURE_WITH_UNIT (LENGTH_MEASURE( 1.000000000000000082E-05 ), #10052, 'distance_accuracy_value', 'NONE');
#8146 = CARTESIAN_POINT ( 'NONE',  ( -5.435424868894474848, -1.599999999999999867, 3.600000000000000089 ) ) ;
#8147 = DIRECTION ( 'NONE',  ( 0.000000000000000000, 1.000000000000000000, -1.224227167331806861E-14 ) ) ;
#8148 = FILL_AREA_STYLE_COLOUR ( '', #6299 ) ;
#8149 = ORIENTED_EDGE ( 'NONE', *, *, #6743, .F. ) ;
#8150 = VERTEX_POINT ( 'NONE', #9304 ) ;
#8151 = VERTEX_POINT ( 'NONE', #7925 ) ;
#8152 = ORIENTED_EDGE ( 'NONE', *, *, #10042, .F. ) ;
#8153 = DIRECTION ( 'NONE',  ( 0.000000000000000000, 0.000000000000000000, -1.000000000000000000 ) ) ;
#8154 = COLOUR_RGB ( '',0.5019607843137254832, 0.5019607843137254832, 0.5019607843137254832 ) ;
#8155 = AXIS2_PLACEMENT_3D ( 'NONE', #6036, #9297, #442 ) ;
#8156 = DIRECTION ( 'NONE',  ( -1.000000000000000000, 0.000000000000000000, 0.000000000000000000 ) ) ;
#8157 = CARTESIAN_POINT ( 'NONE',  ( -6.650000000000001243, -6.704630743366730705, -2.094532406675943648 ) ) ;
#8158 = DIRECTION ( 'NONE',  ( 1.000000000000000000, -0.000000000000000000, 0.000000000000000000 ) ) ;
#8159 = MECHANICAL_DESIGN_GEOMETRIC_PRESENTATION_REPRESENTATION (  '', ( #2292 ), #10321 ) ;
#8160 = ADVANCED_FACE ( 'NONE', ( #6939 ), #4661, .T. ) ;
#8161 = VECTOR ( 'NONE', #5619, 1000.000000000000000 ) ;
#8162 = VERTEX_POINT ( 'NONE', #6195 ) ;
#8163 = ORIENTED_EDGE ( 'NONE', *, *, #5524, .T. ) ;
#8164 = LINE ( 'NONE', #5812, #4659 ) ;
#8165 = EDGE_CURVE ( 'NONE', #9765, #6273, #10174, .T. ) ;
#8166 = ADVANCED_FACE ( 'NONE', ( #5452 ), #256, .T. ) ;
#8167 = CIRCLE ( 'NONE', #1463, 0.04999999999999969746 ) ;
#8168 = LINE ( 'NONE', #7373, #6829 ) ;
#8169 = CARTESIAN_POINT ( 'NONE',  ( 6.547679712131308172, 3.000000000000000444, -2.979052028523551332 ) ) ;
#8170 = AXIS2_PLACEMENT_3D ( 'NONE', #5922, #9111, #1972 ) ;
#8171 = DIRECTION ( 'NONE',  ( -0.000000000000000000, 1.000000000000000000, -0.000000000000000000 ) ) ;
#8172 = DIRECTION ( 'NONE',  ( 0.000000000000000000, -0.000000000000000000, -1.000000000000000000 ) ) ;
#8173 = CARTESIAN_POINT ( 'NONE',  ( 4.399999999999999467, 3.500000000000000000, 0.000000000000000000 ) ) ;
#8174 = STYLED_ITEM ( 'NONE', ( #3793 ), #10028 ) ;
#8175 = ORIENTED_EDGE ( 'NONE', *, *, #3337, .T. ) ;
#8176 = UNCERTAINTY_MEASURE_WITH_UNIT (LENGTH_MEASURE( 1.000000000000000082E-05 ), #5082, 'distance_accuracy_value', 'NONE');
#8177 = EDGE_CURVE ( 'NONE', #6972, #490, #3815, .T. ) ;
#8178 = ORIENTED_EDGE ( 'NONE', *, *, #1826, .F. ) ;
#8179 = FILL_AREA_STYLE ('',( #9791 ) ) ;
#8180 = FILL_AREA_STYLE ('',( #3381 ) ) ;
#8181 = EDGE_LOOP ( 'NONE', ( #9509, #7455, #4695, #383 ) ) ;
#8182 = EDGE_CURVE ( 'NONE', #8860, #10197, #9612, .T. ) ;
#8183 =( NAMED_UNIT ( * ) SI_UNIT ( $, .STERADIAN. ) SOLID_ANGLE_UNIT ( ) );
#8184 = MECHANICAL_DESIGN_GEOMETRIC_PRESENTATION_REPRESENTATION (  '', ( #8683 ), #9997 ) ;
#8185 = DIRECTION ( 'NONE',  ( -1.000000000000000000, 0.000000000000000000, 0.000000000000000000 ) ) ;
#8186 = DIRECTION ( 'NONE',  ( 1.000000000000000000, -6.505213034912502012E-15, -2.847837706395028429E-13 ) ) ;
#8187 = AXIS2_PLACEMENT_3D ( 'NONE', #4431, #9387, #2914 ) ;
#8188 = CARTESIAN_POINT ( 'NONE',  ( 0.9999999999941167061, 1.880790961326725235E-31, 7.300000000043382897 ) ) ;
#8189 = FACE_OUTER_BOUND ( 'NONE', #4873, .T. ) ;
#8190 = CARTESIAN_POINT ( 'NONE',  ( -5.254537717835704669, 1.462164714140041344, 3.200000000000005951 ) ) ;
#8191 = CARTESIAN_POINT ( 'NONE',  ( 1.891518204694831118, -5.400000000000002132, 3.199999999999999734 ) ) ;
#8192 = CARTESIAN_POINT ( 'NONE',  ( -1.899999999999999911, 1.500000000000000000, 4.299999999999999822 ) ) ;
#8193 = LINE ( 'NONE', #4226, #687 ) ;
#8194 = CARTESIAN_POINT ( 'NONE',  ( -4.627038061433180971, -3.954825758595140961, 3.555911659346355780 ) ) ;
#8195 = ORIENTED_EDGE ( 'NONE', *, *, #3076, .T. ) ;
#8196 = AXIS2_PLACEMENT_3D ( 'NONE', #8578, #4578, #8638 ) ;
#8197 = EDGE_CURVE ( 'NONE', #6582, #8569, #1237, .T. ) ;
#8198 = AXIS2_PLACEMENT_3D ( 'NONE', #7919, #6097, #7080 ) ;
#8199 = MECHANICAL_DESIGN_GEOMETRIC_PRESENTATION_REPRESENTATION (  '', ( #2977 ), #5325 ) ;
#8200 = MECHANICAL_DESIGN_GEOMETRIC_PRESENTATION_REPRESENTATION (  '', ( #1824 ), #4988 ) ;
#8201 = LINE ( 'NONE', #1028, #7807 ) ;
#8202 = PRESENTATION_LAYER_ASSIGNMENT (  '', '', ( #6507 ) ) ;
#8203 = CARTESIAN_POINT ( 'NONE',  ( 6.000000000000000000, 0.000000000000000000, 0.1999999999999997613 ) ) ;
#8204 = ORIENTED_EDGE ( 'NONE', *, *, #5614, .T. ) ;
#8205 = ORIENTED_EDGE ( 'NONE', *, *, #8527, .F. ) ;
#8206 = VERTEX_POINT ( 'NONE', #1626 ) ;
#8207 = EDGE_CURVE ( 'NONE', #4978, #7861, #7762, .T. ) ;
#8208 = FILL_AREA_STYLE_COLOUR ( '', #8464 ) ;
#8209 = CARTESIAN_POINT ( 'NONE',  ( 1.899999999999999911, -1.599999999999910161, 6.999999999999999112 ) ) ;
#8210 = SURFACE_STYLE_FILL_AREA ( #5799 ) ;
#8211 = PRESENTATION_LAYER_ASSIGNMENT (  '', '', ( #7022 ) ) ;
#8212 = CARTESIAN_POINT ( 'NONE',  ( -1.599999999999998979, -5.800000000000000711, 3.299999999999999822 ) ) ;
#8213 =( LENGTH_UNIT ( ) NAMED_UNIT ( * ) SI_UNIT ( .MILLI., .METRE. ) );
#8214 = DIRECTION ( 'NONE',  ( -1.053031360026544826E-16, -1.000000000000000000, -0.000000000000000000 ) ) ;
#8215 = EDGE_LOOP ( 'NONE', ( #2049, #3380, #1690, #5241, #6218, #5823 ) ) ;
#8216 = ORIENTED_EDGE ( 'NONE', *, *, #1242, .F. ) ;
#8217 = ORIENTED_EDGE ( 'NONE', *, *, #480, .F. ) ;
#8218 = CARTESIAN_POINT ( 'NONE',  ( -2.751817581163404025, -5.500000000000000000, 3.499999999999997780 ) ) ;
#8219 = ADVANCED_FACE ( 'NONE', ( #85 ), #6502, .F. ) ;
#8220 = VECTOR ( 'NONE', #3267, 1000.000000000000000 ) ;
#8221 = EDGE_CURVE ( 'NONE', #8384, #406, #6975, .T. ) ;
#8222 = SURFACE_SIDE_STYLE ('',( #5099 ) ) ;
#8223 = LINE ( 'NONE', #1050, #8904 ) ;
#8224 = EDGE_CURVE ( 'NONE', #9823, #7756, #2894, .T. ) ;
#8225 = STYLED_ITEM ( 'NONE', ( #103 ), #4916 ) ;
#8226 = CIRCLE ( 'NONE', #9051, 0.05000000000000056483 ) ;
#8227 = FILL_AREA_STYLE_COLOUR ( '', #162 ) ;
#8228 =( NAMED_UNIT ( * ) PLANE_ANGLE_UNIT ( ) SI_UNIT ( $, .RADIAN. ) );
#8229 = ORIENTED_EDGE ( 'NONE', *, *, #1954, .T. ) ;
#8230 = ORIENTED_EDGE ( 'NONE', *, *, #4756, .T. ) ;
#8231 = ORIENTED_EDGE ( 'NONE', *, *, #1241, .T. ) ;
#8232 = DIRECTION ( 'NONE',  ( -0.000000000000000000, 1.000000000000000000, -0.000000000000000000 ) ) ;
#8233 = CARTESIAN_POINT ( 'NONE',  ( 5.261885105515275107, 1.553253327917783810, 3.599999999193829847 ) ) ;
#8234 = CARTESIAN_POINT ( 'NONE',  ( -6.287205726393079175, 2.000000000000000444, -2.830212172457901243 ) ) ;
#8235 = VECTOR ( 'NONE', #6254, 1000.000000000000000 ) ;
#8236 =( LENGTH_UNIT ( ) NAMED_UNIT ( * ) SI_UNIT ( .MILLI., .METRE. ) );
#8237 =( LENGTH_UNIT ( ) NAMED_UNIT ( * ) SI_UNIT ( .MILLI., .METRE. ) );
#8238 = CARTESIAN_POINT ( 'NONE',  ( 6.000000000000000000, -5.000000000000000000, 0.4000000000000000777 ) ) ;
#8239 = EDGE_CURVE ( 'NONE', #8162, #7766, #6868, .T. ) ;
#8240 = PRESENTATION_STYLE_ASSIGNMENT (( #8580 ) ) ;
#8241 = UNCERTAINTY_MEASURE_WITH_UNIT (LENGTH_MEASURE( 1.000000000000000082E-05 ), #2186, 'distance_accuracy_value', 'NONE');
#8242 =( LENGTH_UNIT ( ) NAMED_UNIT ( * ) SI_UNIT ( .MILLI., .METRE. ) );
#8243 = EDGE_CURVE ( 'NONE', #6184, #776, #8612, .T. ) ;
#8244 = DIRECTION ( 'NONE',  ( 0.000000000000000000, -1.000000000000000000, -2.861215661182131111E-16 ) ) ;
#8245 = EDGE_CURVE ( 'NONE', #8142, #8498, #1904, .T. ) ;
#8246 = CARTESIAN_POINT ( 'NONE',  ( -6.305925830945592558, -2.999999999999999112, -0.7110617430582414356 ) ) ;
#8247 = ORIENTED_EDGE ( 'NONE', *, *, #6627, .T. ) ;
#8248 = VECTOR ( 'NONE', #1314, 1000.000000000000000 ) ;
#8249 = CARTESIAN_POINT ( 'NONE',  ( 4.999999999999996447, -5.800000000000000711, 0.2000000000000000944 ) ) ;
#8250 = COLOUR_RGB ( '',0.5019607843137254832, 0.5019607843137254832, 0.5019607843137254832 ) ;
#8251 = TOROIDAL_SURFACE ( 'NONE', #2041, 0.5000000000000004441, 0.3000000000000001554 ) ;
#8252 = CARTESIAN_POINT ( 'NONE',  ( -1.600000000000000089, 1.599999999999999867, 6.999999999999999112 ) ) ;
#8253 = CARTESIAN_POINT ( 'NONE',  ( -2.166916829160916310E-16, 1.734723475976807094E-15, 3.500000000000000000 ) ) ;
#8254 = CIRCLE ( 'NONE', #7055, 3.950000000000000178 ) ;
#8255 = EDGE_CURVE ( 'NONE', #6848, #7069, #1418, .T. ) ;
#8256 = VECTOR ( 'NONE', #6013, 1000.000000000000000 ) ;
#8257 = EDGE_CURVE ( 'NONE', #7215, #5649, #2967, .T. ) ;
#8258 = SURFACE_STYLE_USAGE ( .BOTH. , #8309 ) ;
#8259 = AXIS2_PLACEMENT_3D ( 'NONE', #7584, #6749, #2949 ) ;
#8260 = ORIENTED_EDGE ( 'NONE', *, *, #8943, .F. ) ;
#8261 = SURFACE_SIDE_STYLE ('',( #4402 ) ) ;
#8262 = SURFACE_STYLE_FILL_AREA ( #7609 ) ;
#8263 = FACE_OUTER_BOUND ( 'NONE', #7014, .T. ) ;
#8264 =( NAMED_UNIT ( * ) PLANE_ANGLE_UNIT ( ) SI_UNIT ( $, .RADIAN. ) );
#8265 = AXIS2_PLACEMENT_3D ( 'NONE', #2989, #4722, #4511 ) ;
#8266 =( NAMED_UNIT ( * ) SI_UNIT ( $, .STERADIAN. ) SOLID_ANGLE_UNIT ( ) );
#8267 = AXIS2_PLACEMENT_3D ( 'NONE', #7177, #7125, #5554 ) ;
#8268 = SURFACE_STYLE_FILL_AREA ( #151 ) ;
#8269 = COLOUR_RGB ( '',0.1098039215686274495, 0.1098039215686274495, 0.1098039215686274495 ) ;
#8270 = ORIENTED_EDGE ( 'NONE', *, *, #10000, .T. ) ;
#8271 = ORIENTED_EDGE ( 'NONE', *, *, #1574, .T. ) ;
#8272 = CIRCLE ( 'NONE', #3713, 0.4500000000000001221 ) ;
#8273 = LINE ( 'NONE', #1046, #5326 ) ;
#8274 = CARTESIAN_POINT ( 'NONE',  ( 5.700000000000000178, -1.891518204694824457, 3.500000000000003109 ) ) ;
#8275 = AXIS2_PLACEMENT_3D ( 'NONE', #4562, #607, #661 ) ;
#8276 = VECTOR ( 'NONE', #4496, 1000.000000000000000 ) ;
#8277 = CARTESIAN_POINT ( 'NONE',  ( -1.599999999999999867, 5.435424868893540484, 3.199999999999999734 ) ) ;
#8278 =( NAMED_UNIT ( * ) SI_UNIT ( $, .STERADIAN. ) SOLID_ANGLE_UNIT ( ) );
#8279 = MECHANICAL_DESIGN_GEOMETRIC_PRESENTATION_REPRESENTATION (  '', ( #8779 ), #5076 ) ;
#8280 =( NAMED_UNIT ( * ) PLANE_ANGLE_UNIT ( ) SI_UNIT ( $, .RADIAN. ) );
#8281 = ORIENTED_EDGE ( 'NONE', *, *, #3543, .F. ) ;
#8282 = UNCERTAINTY_MEASURE_WITH_UNIT (LENGTH_MEASURE( 1.000000000000000082E-05 ), #2620, 'distance_accuracy_value', 'NONE');
#8283 = ORIENTED_EDGE ( 'NONE', *, *, #2626, .T. ) ;
#8284 = SURFACE_STYLE_FILL_AREA ( #8179 ) ;
#8285 = EDGE_LOOP ( 'NONE', ( #6073, #8998, #9609, #1586, #7935, #4975 ) ) ;
#8286 = FILL_AREA_STYLE ('',( #3480 ) ) ;
#8287 = PRESENTATION_LAYER_ASSIGNMENT (  '', '', ( #597 ) ) ;
#8288 =( NAMED_UNIT ( * ) SI_UNIT ( $, .STERADIAN. ) SOLID_ANGLE_UNIT ( ) );
#8289 =( NAMED_UNIT ( * ) SI_UNIT ( $, .STERADIAN. ) SOLID_ANGLE_UNIT ( ) );
#8290 = FILL_AREA_STYLE ('',( #3580 ) ) ;
#8291 = CARTESIAN_POINT ( 'NONE',  ( -6.958519183380836637, -6.704630743366730705, -1.929257140873639864 ) ) ;
#8292 = FACE_OUTER_BOUND ( 'NONE', #2907, .T. ) ;
#8293 = CARTESIAN_POINT ( 'NONE',  ( 6.212785798360252798, 2.499999999999999556, -2.960449165327014853 ) ) ;
#8294 = SURFACE_SIDE_STYLE ('',( #5722 ) ) ;
#8295 = MECHANICAL_DESIGN_GEOMETRIC_PRESENTATION_REPRESENTATION (  '', ( #4918 ), #8454 ) ;
#8296 = DIRECTION ( 'NONE',  ( -1.000000000000000000, 0.000000000000000000, 0.000000000000000000 ) ) ;
#8297 = ORIENTED_EDGE ( 'NONE', *, *, #9472, .T. ) ;
#8298 =( NAMED_UNIT ( * ) SI_UNIT ( $, .STERADIAN. ) SOLID_ANGLE_UNIT ( ) );
#8299 = ADVANCED_FACE ( 'NONE', ( #6188 ), #1467, .T. ) ;
#8300 = AXIS2_PLACEMENT_3D ( 'NONE', #2689, #3608, #10083 ) ;
#8301 = FACE_OUTER_BOUND ( 'NONE', #2594, .T. ) ;
#8302 = EDGE_CURVE ( 'NONE', #1106, #8447, #6928, .T. ) ;
#8303 = EDGE_CURVE ( 'NONE', #1021, #5335, #962, .T. ) ;
#8304 = CYLINDRICAL_SURFACE ( 'NONE', #9147, 0.3500000000000004774 ) ;
#8305 = EDGE_CURVE ( 'NONE', #1747, #5687, #8078, .T. ) ;
#8306 = SURFACE_STYLE_FILL_AREA ( #1316 ) ;
#8307 = UNCERTAINTY_MEASURE_WITH_UNIT (LENGTH_MEASURE( 1.000000000000000082E-05 ), #3957, 'distance_accuracy_value', 'NONE');
#8308 = EDGE_LOOP ( 'NONE', ( #1170, #7961, #1248, #8450 ) ) ;
#8309 = SURFACE_SIDE_STYLE ('',( #10297 ) ) ;
#8310 = VERTEX_POINT ( 'NONE', #753 ) ;
#8311 = EDGE_CURVE ( 'NONE', #2553, #8061, #3229, .T. ) ;
#8312 = UNCERTAINTY_MEASURE_WITH_UNIT (LENGTH_MEASURE( 1.000000000000000082E-05 ), #4524, 'distance_accuracy_value', 'NONE');
#8313 = CARTESIAN_POINT ( 'NONE',  ( 6.000000000000000888, 3.499999999999999556, 0.4000000000000000222 ) ) ;
#8314 = DIRECTION ( 'NONE',  ( 1.000000000000000000, -1.053031360026544826E-16, 0.000000000000000000 ) ) ;
#8315 = FILL_AREA_STYLE ('',( #8368 ) ) ;
#8316 =( GEOMETRIC_REPRESENTATION_CONTEXT ( 3 ) GLOBAL_UNCERTAINTY_ASSIGNED_CONTEXT ( ( #4261 ) ) GLOBAL_UNIT_ASSIGNED_CONTEXT ( ( #9122, #3487, #4385 ) ) REPRESENTATION_CONTEXT ( 'NONE', 'WORKASPACE' ) );
#8317 = DIRECTION ( 'NONE',  ( 0.000000000000000000, 1.000000000000000000, 0.000000000000000000 ) ) ;
#8318 = EDGE_LOOP ( 'NONE', ( #9488, #8480, #2769, #7668 ) ) ;
#8319 = ORIENTED_EDGE ( 'NONE', *, *, #6828, .F. ) ;
#8320 = TOROIDAL_SURFACE ( 'NONE', #9965, 0.8000000000000055955, 0.1999999999999988454 ) ;
#8321 = AXIS2_PLACEMENT_3D ( 'NONE', #1217, #5235, #7501 ) ;
#8322 = SURFACE_STYLE_USAGE ( .BOTH. , #1919 ) ;
#8323 = CYLINDRICAL_SURFACE ( 'NONE', #460, 0.8000000000000003775 ) ;
#8324 = LINE ( 'NONE', #3516, #9518 ) ;
#8325 = PRESENTATION_LAYER_ASSIGNMENT (  '', '', ( #2938 ) ) ;
#8326 = MECHANICAL_DESIGN_GEOMETRIC_PRESENTATION_REPRESENTATION (  '', ( #8829 ), #2120 ) ;
#8327 = CARTESIAN_POINT ( 'NONE',  ( -4.400000000000000355, 3.500000000000000000, 0.4000000000000000222 ) ) ;
#8328 = ORIENTED_EDGE ( 'NONE', *, *, #4874, .F. ) ;
#8329 = CARTESIAN_POINT ( 'NONE',  ( 5.799999999999999822, 5.000000000000000888, 2.168404344971008868E-16 ) ) ;
#8330 = ORIENTED_EDGE ( 'NONE', *, *, #737, .T. ) ;
#8331 = EDGE_LOOP ( 'NONE', ( #1676, #2250, #7764, #2651 ) ) ;
#8332 = DIRECTION ( 'NONE',  ( -5.025349008806200386E-14, -2.117185687950617605E-14, 1.000000000000000000 ) ) ;
#8333 = PRESENTATION_STYLE_ASSIGNMENT (( #7582 ) ) ;
#8334 = ORIENTED_EDGE ( 'NONE', *, *, #8380, .F. ) ;
#8335 = CARTESIAN_POINT ( 'NONE',  ( 2.428612866367529932E-14, -1.734723475976807094E-14, 3.199999999999978417 ) ) ;
#8336 =( NAMED_UNIT ( * ) SI_UNIT ( $, .STERADIAN. ) SOLID_ANGLE_UNIT ( ) );
#8337 = FACE_OUTER_BOUND ( 'NONE', #7198, .T. ) ;
#8338 = STYLED_ITEM ( 'NONE', ( #9741 ), #10150 ) ;
#8339 = PRESENTATION_STYLE_ASSIGNMENT (( #2035 ) ) ;
#8340 =( LENGTH_UNIT ( ) NAMED_UNIT ( * ) SI_UNIT ( .MILLI., .METRE. ) );
#8341 = UNCERTAINTY_MEASURE_WITH_UNIT (LENGTH_MEASURE( 1.000000000000000082E-05 ), #2336, 'distance_accuracy_value', 'NONE');
#8342 = PRESENTATION_LAYER_ASSIGNMENT (  '', '', ( #8174 ) ) ;
#8343 = PRESENTATION_STYLE_ASSIGNMENT (( #6658 ) ) ;
#8344 = CARTESIAN_POINT ( 'NONE',  ( 6.693412330956371115, -6.704630743366731593, -2.119339049353551552 ) ) ;
#8345 = SURFACE_STYLE_USAGE ( .BOTH. , #4277 ) ;
#8346 = ORIENTED_EDGE ( 'NONE', *, *, #7700, .F. ) ;
#8347 =( GEOMETRIC_REPRESENTATION_CONTEXT ( 3 ) GLOBAL_UNCERTAINTY_ASSIGNED_CONTEXT ( ( #6946 ) ) GLOBAL_UNIT_ASSIGNED_CONTEXT ( ( #2162, #9501, #549 ) ) REPRESENTATION_CONTEXT ( 'NONE', 'WORKASPACE' ) );
#8348 = DIRECTION ( 'NONE',  ( 0.000000000000000000, 0.000000000000000000, -1.000000000000000000 ) ) ;
#8349 = ORIENTED_EDGE ( 'NONE', *, *, #9657, .F. ) ;
#8350 = MECHANICAL_DESIGN_GEOMETRIC_PRESENTATION_REPRESENTATION (  '', ( #6662 ), #6333 ) ;
#8351 = DIRECTION ( 'NONE',  ( -0.000000000000000000, 2.861215661182131111E-16, -1.000000000000000000 ) ) ;
#8352 = EDGE_CURVE ( 'NONE', #9021, #5314, #4072, .T. ) ;
#8353 = SURFACE_SIDE_STYLE ('',( #6715 ) ) ;
#8354 = ORIENTED_EDGE ( 'NONE', *, *, #7387, .F. ) ;
#8355 =( GEOMETRIC_REPRESENTATION_CONTEXT ( 3 ) GLOBAL_UNCERTAINTY_ASSIGNED_CONTEXT ( ( #2764 ) ) GLOBAL_UNIT_ASSIGNED_CONTEXT ( ( #1700, #2589, #9003 ) ) REPRESENTATION_CONTEXT ( 'NONE', 'WORKASPACE' ) );
#8356 = CARTESIAN_POINT ( 'NONE',  ( -5.000000000000001776, -5.000000000000000888, 3.500000000000000444 ) ) ;
#8357 = SURFACE_SIDE_STYLE ('',( #7705 ) ) ;
#8358 =( GEOMETRIC_REPRESENTATION_CONTEXT ( 3 ) GLOBAL_UNCERTAINTY_ASSIGNED_CONTEXT ( ( #6446 ) ) GLOBAL_UNIT_ASSIGNED_CONTEXT ( ( #3079, #3865, #6246 ) ) REPRESENTATION_CONTEXT ( 'NONE', 'WORKASPACE' ) );
#8359 = ORIENTED_EDGE ( 'NONE', *, *, #755, .T. ) ;
#8360 = EDGE_CURVE ( 'NONE', #279, #5492, #96, .T. ) ;
#8361 = PRESENTATION_STYLE_ASSIGNMENT (( #5132 ) ) ;
#8362 = PRESENTATION_LAYER_ASSIGNMENT (  '', '', ( #5854 ) ) ;
#8363 = EDGE_CURVE ( 'NONE', #1794, #3853, #938, .T. ) ;
#8364 = FILL_AREA_STYLE_COLOUR ( '', #7418 ) ;
#8365 =( NAMED_UNIT ( * ) PLANE_ANGLE_UNIT ( ) SI_UNIT ( $, .RADIAN. ) );
#8366 = DIRECTION ( 'NONE',  ( -2.200911367998034565E-14, -1.000000000000000000, 2.828345438174307347E-14 ) ) ;
#8367 = STYLED_ITEM ( 'NONE', ( #506 ), #9461 ) ;
#8368 = FILL_AREA_STYLE_COLOUR ( '', #3635 ) ;
#8369 = MECHANICAL_DESIGN_GEOMETRIC_PRESENTATION_REPRESENTATION (  '', ( #5502 ), #8022 ) ;
#8370 = COLOUR_RGB ( '',0.5019607843137254832, 0.5019607843137254832, 0.5019607843137254832 ) ;
#8371 = ORIENTED_EDGE ( 'NONE', *, *, #9718, .F. ) ;
#8372 = EDGE_CURVE ( 'NONE', #4064, #467, #8118, .T. ) ;
#8373 = ORIENTED_EDGE ( 'NONE', *, *, #6365, .T. ) ;
#8374 = SURFACE_STYLE_FILL_AREA ( #5143 ) ;
#8375 =( LENGTH_UNIT ( ) NAMED_UNIT ( * ) SI_UNIT ( .MILLI., .METRE. ) );
#8376 = LINE ( 'NONE', #3565, #9695 ) ;
#8377 =( NAMED_UNIT ( * ) SI_UNIT ( $, .STERADIAN. ) SOLID_ANGLE_UNIT ( ) );
#8378 =( LENGTH_UNIT ( ) NAMED_UNIT ( * ) SI_UNIT ( .MILLI., .METRE. ) );
#8379 = PRESENTATION_LAYER_ASSIGNMENT (  '', '', ( #2171 ) ) ;
#8380 = EDGE_CURVE ( 'NONE', #1427, #6338, #4012, .T. ) ;
#8381 = FILL_AREA_STYLE_COLOUR ( '', #1874 ) ;
#8382 = VERTEX_POINT ( 'NONE', #857 ) ;
#8383 = EDGE_LOOP ( 'NONE', ( #3312, #8939, #2724, #2438 ) ) ;
#8384 = VERTEX_POINT ( 'NONE', #2508 ) ;
#8385 = LINE ( 'NONE', #8435, #3244 ) ;
#8386 = FACE_OUTER_BOUND ( 'NONE', #3155, .T. ) ;
#8387 = AXIS2_PLACEMENT_3D ( 'NONE', #8686, #7103, #4625 ) ;
#8388 =( NAMED_UNIT ( * ) SI_UNIT ( $, .STERADIAN. ) SOLID_ANGLE_UNIT ( ) );
#8389 = DIRECTION ( 'NONE',  ( 1.000000000000000000, -2.710505431213761578E-16, -0.000000000000000000 ) ) ;
#8390 =( NAMED_UNIT ( * ) PLANE_ANGLE_UNIT ( ) SI_UNIT ( $, .RADIAN. ) );
#8391 = B_SPLINE_CURVE_WITH_KNOTS ( 'NONE', 3,
 ( #1975, #375, #9746, #3529, #4267, #4960, #1012, #7484, #5925, #9889, #2712, #1833, #1929, #7383, #228, #5009, #3384, #8233, #4216, #7438, #8648, #1298, #6079, #2242, #4476, #7687, #9218, #4426, #6124 ),
 .UNSPECIFIED., .F., .F.,
 ( 4, 2, 2, 1, 1, 2, 2, 2, 2, 2, 2, 2, 1, 2, 2, 4 ),
 ( 0.000000000000000000, 0.2499999999999746869, 0.3749999999999615308, 0.4374999999999549805, 0.4687499999999509837, 0.4843749999999483746, 0.4999999999999457101, 0.5624999999999517053, 0.5937499999999535927, 0.6093749999999549249, 0.6249999999999562572, 0.6874999999999608091, 0.7187499999999624745, 0.7343749999999641398, 0.7499999999999658051, 1.000000000000000000 ),
 .UNSPECIFIED. ) ;
#8392 = UNCERTAINTY_MEASURE_WITH_UNIT (LENGTH_MEASURE( 1.000000000000000082E-05 ), #462, 'distance_accuracy_value', 'NONE');
#8393 = CIRCLE ( 'NONE', #1038, 0.8000000000000003775 ) ;
#8394 = CARTESIAN_POINT ( 'NONE',  ( -3.825878416158453034E-17, 4.500000000000002665, -1.199999999999996847 ) ) ;
#8395 = CARTESIAN_POINT ( 'NONE',  ( 4.150000000000000355, 5.082284216461515156E-16, 3.500000000000000000 ) ) ;
#8396 = SURFACE_STYLE_FILL_AREA ( #6131 ) ;
#8397 = STYLED_ITEM ( 'NONE', ( #2037 ), #943 ) ;
#8398 = ORIENTED_EDGE ( 'NONE', *, *, #1942, .T. ) ;
#8399 = CARTESIAN_POINT ( 'NONE',  ( -1.822785312537827052, -5.499999999977941201, 3.590951180181852553 ) ) ;
#8400 = ORIENTED_EDGE ( 'NONE', *, *, #9119, .F. ) ;
#8401 =( GEOMETRIC_REPRESENTATION_CONTEXT ( 3 ) GLOBAL_UNCERTAINTY_ASSIGNED_CONTEXT ( ( #622 ) ) GLOBAL_UNIT_ASSIGNED_CONTEXT ( ( #1703, #7108, #7947 ) ) REPRESENTATION_CONTEXT ( 'NONE', 'WORKASPACE' ) );
#8402 = AXIS2_PLACEMENT_3D ( 'NONE', #5246, #261, #6678 ) ;
#8403 = VECTOR ( 'NONE', #10324, 1000.000000000000000 ) ;
#8404 = DIRECTION ( 'NONE',  ( -1.000000000000000000, -0.000000000000000000, -0.000000000000000000 ) ) ;
#8405 = SURFACE_SIDE_STYLE ('',( #9956 ) ) ;
#8406 = ORIENTED_EDGE ( 'NONE', *, *, #614, .T. ) ;
#8407 = LINE ( 'NONE', #1376, #3396 ) ;
#8408 = AXIS2_PLACEMENT_3D ( 'NONE', #6884, #3457, #8411 ) ;
#8409 = DIRECTION ( 'NONE',  ( 0.000000000000000000, -1.000000000000000000, 0.000000000000000000 ) ) ;
#8410 = COLOUR_RGB ( '',0.1098039215686274495, 0.1098039215686274495, 0.1098039215686274495 ) ;
#8411 = DIRECTION ( 'NONE',  ( -1.000000000000000000, -2.891205793293776560E-15, 0.000000000000000000 ) ) ;
#8412 =( NAMED_UNIT ( * ) SI_UNIT ( $, .STERADIAN. ) SOLID_ANGLE_UNIT ( ) );
#8413 = CARTESIAN_POINT ( 'NONE',  ( -5.819112848942275207, 1.462164714140041344, 3.200000000000166267 ) ) ;
#8414 = AXIS2_PLACEMENT_3D ( 'NONE', #1461, #2916, #2298 ) ;
#8415 = DIRECTION ( 'NONE',  ( -1.000000000000000000, 0.000000000000000000, 0.000000000000000000 ) ) ;
#8416 = EDGE_LOOP ( 'NONE', ( #3425, #309, #6324, #8163 ) ) ;
#8417 = AXIS2_PLACEMENT_3D ( 'NONE', #4531, #8488, #5322 ) ;
#8418 = ORIENTED_EDGE ( 'NONE', *, *, #6805, .F. ) ;
#8419 = PRESENTATION_STYLE_ASSIGNMENT (( #6834 ) ) ;
#8420 = VECTOR ( 'NONE', #23, 1000.000000000000000 ) ;
#8421 = LINE ( 'NONE', #7471, #10248 ) ;
#8422 = STYLED_ITEM ( 'NONE', ( #7733 ), #3023 ) ;
#8423 = CARTESIAN_POINT ( 'NONE',  ( -2.249999999999928502, -5.399999999999628209, 3.199999999999802558 ) ) ;
#8424 = FACE_OUTER_BOUND ( 'NONE', #9594, .T. ) ;
#8425 = EDGE_CURVE ( 'NONE', #5687, #490, #5938, .T. ) ;
#8426 = EDGE_CURVE ( 'NONE', #5466, #9156, #6768, .T. ) ;
#8427 = DIRECTION ( 'NONE',  ( -0.4961328535521692396, 0.000000000000000000, 0.8682466191274121892 ) ) ;
#8428 = EDGE_CURVE ( 'NONE', #5027, #3877, #3909, .T. ) ;
#8429 =( LENGTH_UNIT ( ) NAMED_UNIT ( * ) SI_UNIT ( .MILLI., .METRE. ) );
#8430 = EDGE_CURVE ( 'NONE', #2745, #1796, #3171, .T. ) ;
#8431 = AXIS2_PLACEMENT_3D ( 'NONE', #5900, #2884, #6882 ) ;
#8432 = EDGE_LOOP ( 'NONE', ( #897, #4444, #5440, #1926 ) ) ;
#8433 = CIRCLE ( 'NONE', #3886, 0.7999999999988443022 ) ;
#8434 = ORIENTED_EDGE ( 'NONE', *, *, #4611, .F. ) ;
#8435 = CARTESIAN_POINT ( 'NONE',  ( -6.958519183380836637, -2.999999999999999112, -1.929257140873640308 ) ) ;
#8436 =( LENGTH_UNIT ( ) NAMED_UNIT ( * ) SI_UNIT ( .MILLI., .METRE. ) );
#8437 = ORIENTED_EDGE ( 'NONE', *, *, #251, .F. ) ;
#8438 = SURFACE_SIDE_STYLE ('',( #5216 ) ) ;
#8439 = DIRECTION ( 'NONE',  ( 0.000000000000000000, 0.000000000000000000, 1.000000000000000000 ) ) ;
#8440 = AXIS2_PLACEMENT_3D ( 'NONE', #6100, #9959, #4450 ) ;
#8441 = DIRECTION ( 'NONE',  ( -3.061110680682674975E-14, -8.658270306300233006E-15, -1.000000000000000000 ) ) ;
#8442 = CARTESIAN_POINT ( 'NONE',  ( -6.953886316694596559, 3.000000000000000000, -2.268178905419201641 ) ) ;
#8443 = UNCERTAINTY_MEASURE_WITH_UNIT (LENGTH_MEASURE( 1.000000000000000082E-05 ), #8048, 'distance_accuracy_value', 'NONE');
#8444 = CARTESIAN_POINT ( 'NONE',  ( 5.000000000000001776, 5.800000000000000711, 2.168404344971008868E-16 ) ) ;
#8445 = PRESENTATION_LAYER_ASSIGNMENT (  '', '', ( #2575 ) ) ;
#8446 = EDGE_LOOP ( 'NONE', ( #1520, #5192, #366, #1599 ) ) ;
#8447 = VERTEX_POINT ( 'NONE', #125 ) ;
#8448 = MECHANICAL_DESIGN_GEOMETRIC_PRESENTATION_REPRESENTATION (  '', ( #6764 ), #4071 ) ;
#8449 = FILL_AREA_STYLE ('',( #2821 ) ) ;
#8450 = ORIENTED_EDGE ( 'NONE', *, *, #9189, .F. ) ;
#8451 = SURFACE_STYLE_USAGE ( .BOTH. , #4440 ) ;
#8452 = DIRECTION ( 'NONE',  ( 0.000000000000000000, 0.000000000000000000, -1.000000000000000000 ) ) ;
#8453 = AXIS2_PLACEMENT_3D ( 'NONE', #2586, #788, #2630 ) ;
#8454 =( GEOMETRIC_REPRESENTATION_CONTEXT ( 3 ) GLOBAL_UNCERTAINTY_ASSIGNED_CONTEXT ( ( #5324 ) ) GLOBAL_UNIT_ASSIGNED_CONTEXT ( ( #2503, #9020, #1105 ) ) REPRESENTATION_CONTEXT ( 'NONE', 'WORKASPACE' ) );
#8455 = SURFACE_STYLE_FILL_AREA ( #9083 ) ;
#8456 =( NAMED_UNIT ( * ) PLANE_ANGLE_UNIT ( ) SI_UNIT ( $, .RADIAN. ) );
#8457 =( NAMED_UNIT ( * ) SI_UNIT ( $, .STERADIAN. ) SOLID_ANGLE_UNIT ( ) );
#8458 = ORIENTED_EDGE ( 'NONE', *, *, #2912, .T. ) ;
#8459 =( GEOMETRIC_REPRESENTATION_CONTEXT ( 3 ) GLOBAL_UNCERTAINTY_ASSIGNED_CONTEXT ( ( #1351 ) ) GLOBAL_UNIT_ASSIGNED_CONTEXT ( ( #8646, #734, #947 ) ) REPRESENTATION_CONTEXT ( 'NONE', 'WORKASPACE' ) );
#8460 = CARTESIAN_POINT ( 'NONE',  ( 4.750000000000000000, -4.750000000000000000, 3.499999999999997780 ) ) ;
#8461 =( LENGTH_UNIT ( ) NAMED_UNIT ( * ) SI_UNIT ( .MILLI., .METRE. ) );
#8462 = FACE_OUTER_BOUND ( 'NONE', #4508, .T. ) ;
#8463 = ORIENTED_EDGE ( 'NONE', *, *, #7563, .F. ) ;
#8464 = COLOUR_RGB ( '',0.1098039215686274495, 0.1098039215686274495, 0.1098039215686274495 ) ;
#8465 = ORIENTED_EDGE ( 'NONE', *, *, #7344, .F. ) ;
#8466 = ORIENTED_EDGE ( 'NONE', *, *, #1945, .T. ) ;
#8467 = FILL_AREA_STYLE ('',( #7614 ) ) ;
#8468 = SURFACE_STYLE_USAGE ( .BOTH. , #7616 ) ;
#8469 = TOROIDAL_SURFACE ( 'NONE', #9958, 5.435424868893496075, 0.4000000000000355493 ) ;
#8470 = LINE ( 'NONE', #5308, #5498 ) ;
#8471 = CARTESIAN_POINT ( 'NONE',  ( 4.750000000000000000, -4.750000000000000000, 3.499999999999997780 ) ) ;
#8472 = CARTESIAN_POINT ( 'NONE',  ( 6.420179204657453731, -2.062903407891059970, -3.202181546672992596 ) ) ;
#8473 = EDGE_CURVE ( 'NONE', #1417, #7515, #5079, .T. ) ;
#8474 = LINE ( 'NONE', #3889, #3006 ) ;
#8475 = VERTEX_POINT ( 'NONE', #8763 ) ;
#8476 = VECTOR ( 'NONE', #9508, 1000.000000000000000 ) ;
#8477 = DIRECTION ( 'NONE',  ( 0.000000000000000000, 0.000000000000000000, -1.000000000000000000 ) ) ;
#8478 = ORIENTED_EDGE ( 'NONE', *, *, #8632, .T. ) ;
#8479 = ADVANCED_FACE ( 'NONE', ( #4749 ), #8865, .T. ) ;
#8480 = ORIENTED_EDGE ( 'NONE', *, *, #6353, .F. ) ;
#8481 = LINE ( 'NONE', #4422, #6269 ) ;
#8482 = FACE_OUTER_BOUND ( 'NONE', #2249, .T. ) ;
#8483 = ORIENTED_EDGE ( 'NONE', *, *, #4765, .F. ) ;
#8484 = ADVANCED_FACE ( 'NONE', ( #5876 ), #5774, .T. ) ;
#8485 =( LENGTH_UNIT ( ) NAMED_UNIT ( * ) SI_UNIT ( .MILLI., .METRE. ) );
#8486 = TOROIDAL_SURFACE ( 'NONE', #3275, 0.7999999999999994893, 0.1999999999999974853 ) ;
#8487 = CYLINDRICAL_SURFACE ( 'NONE', #6482, 0.4000000000000001887 ) ;
#8488 = DIRECTION ( 'NONE',  ( -1.000000000000000000, 6.649748123998826551E-29, 5.292964219876011532E-15 ) ) ;
#8489 = VECTOR ( 'NONE', #9421, 1000.000000000000000 ) ;
#8490 = DIRECTION ( 'NONE',  ( -1.000000000000000000, 1.084202172485503842E-15, 0.000000000000000000 ) ) ;
#8491 = DIRECTION ( 'NONE',  ( -0.000000000000000000, -0.000000000000000000, 1.000000000000000000 ) ) ;
#8492 =( NAMED_UNIT ( * ) SI_UNIT ( $, .STERADIAN. ) SOLID_ANGLE_UNIT ( ) );
#8493 = EDGE_CURVE ( 'NONE', #2331, #3985, #5060, .T. ) ;
#8494 = DIRECTION ( 'NONE',  ( -1.000000000000000000, 0.000000000000000000, -4.896908669412834629E-14 ) ) ;
#8495 = VERTEX_POINT ( 'NONE', #5826 ) ;
#8496 = EDGE_CURVE ( 'NONE', #5950, #2868, #265, .T. ) ;
#8497 =( GEOMETRIC_REPRESENTATION_CONTEXT ( 3 ) GLOBAL_UNCERTAINTY_ASSIGNED_CONTEXT ( ( #7940 ) ) GLOBAL_UNIT_ASSIGNED_CONTEXT ( ( #5781, #7184, #3283 ) ) REPRESENTATION_CONTEXT ( 'NONE', 'WORKASPACE' ) );
#8498 = VERTEX_POINT ( 'NONE', #427 ) ;
#8499 = EDGE_LOOP ( 'NONE', ( #8229, #9342, #5923, #386 ) ) ;
#8500 = SURFACE_SIDE_STYLE ('',( #4599 ) ) ;
#8501 =( NAMED_UNIT ( * ) SI_UNIT ( $, .STERADIAN. ) SOLID_ANGLE_UNIT ( ) );
#8502 = SURFACE_SIDE_STYLE ('',( #5445 ) ) ;
#8503 = DIRECTION ( 'NONE',  ( -0.000000000000000000, -0.000000000000000000, 1.000000000000000000 ) ) ;
#8504 = EDGE_CURVE ( 'NONE', #467, #7890, #9113, .T. ) ;
#8505 = ORIENTED_EDGE ( 'NONE', *, *, #6381, .F. ) ;
#8506 = PRESENTATION_STYLE_ASSIGNMENT (( #7709 ) ) ;
#8507 = PRESENTATION_STYLE_ASSIGNMENT (( #5400 ) ) ;
#8508 = VECTOR ( 'NONE', #315, 1000.000000000000000 ) ;
#8509 = FACE_OUTER_BOUND ( 'NONE', #3783, .T. ) ;
#8510 =( LENGTH_UNIT ( ) NAMED_UNIT ( * ) SI_UNIT ( .MILLI., .METRE. ) );
#8511 = CARTESIAN_POINT ( 'NONE',  ( 1.389056478433061903, 5.528157206495048825, 3.500000000000001776 ) ) ;
#8512 =( NAMED_UNIT ( * ) SI_UNIT ( $, .STERADIAN. ) SOLID_ANGLE_UNIT ( ) );
#8513 = CARTESIAN_POINT ( 'NONE',  ( 6.287205726393074734, -3.000000000000000000, -2.830212172457907904 ) ) ;
#8514 =( NAMED_UNIT ( * ) PLANE_ANGLE_UNIT ( ) SI_UNIT ( $, .RADIAN. ) );
#8515 =( NAMED_UNIT ( * ) SI_UNIT ( $, .STERADIAN. ) SOLID_ANGLE_UNIT ( ) );
#8516 = ORIENTED_EDGE ( 'NONE', *, *, #4447, .F. ) ;
#8517 = CARTESIAN_POINT ( 'NONE',  ( 8.699114223423614415E-16, 7.170389862460834013E-16, 3.600000000000002309 ) ) ;
#8518 = VECTOR ( 'NONE', #8978, 1000.000000000000000 ) ;
#8519 = CIRCLE ( 'NONE', #5499, 0.7999999999999994893 ) ;
#8520 = SURFACE_STYLE_FILL_AREA ( #7729 ) ;
#8521 = STYLED_ITEM ( 'NONE', ( #948 ), #5741 ) ;
#8522 = DIRECTION ( 'NONE',  ( -3.491483361109382461E-15, 0.000000000000000000, -1.000000000000000000 ) ) ;
#8523 = DIRECTION ( 'NONE',  ( 0.000000000000000000, 1.000000000000000000, 0.000000000000000000 ) ) ;
#8524 = AXIS2_PLACEMENT_3D ( 'NONE', #7511, #1176, #354 ) ;
#8525 = CARTESIAN_POINT ( 'NONE',  ( 5.204170427930421283E-15, -3.469446951953614189E-15, 3.500000000000000000 ) ) ;
#8526 = ORIENTED_EDGE ( 'NONE', *, *, #7062, .F. ) ;
#8527 = EDGE_CURVE ( 'NONE', #6338, #8162, #757, .T. ) ;
#8528 = ORIENTED_EDGE ( 'NONE', *, *, #2582, .F. ) ;
#8529 = PRESENTATION_STYLE_ASSIGNMENT (( #7741 ) ) ;
#8530 =( LENGTH_UNIT ( ) NAMED_UNIT ( * ) SI_UNIT ( .MILLI., .METRE. ) );
#8531 = CARTESIAN_POINT ( 'NONE',  ( -5.699999999999997513, 2.250000000001086242, 3.500000000000001332 ) ) ;
#8532 = AXIS2_PLACEMENT_3D ( 'NONE', #9487, #3223, #8704 ) ;
#8533 =( NAMED_UNIT ( * ) PLANE_ANGLE_UNIT ( ) SI_UNIT ( $, .RADIAN. ) );
#8534 = EDGE_CURVE ( 'NONE', #5676, #6971, #8391, .T. ) ;
#8535 = CARTESIAN_POINT ( 'NONE',  ( 2.350208996033833935E-14, -1.656319605643111412E-14, 3.599999999999987210 ) ) ;
#8536 = DIRECTION ( 'NONE',  ( -0.000000000000000000, -0.000000000000000000, 1.000000000000000000 ) ) ;
#8537 = FILL_AREA_STYLE_COLOUR ( '', #5140 ) ;
#8538 = DIRECTION ( 'NONE',  ( -0.000000000000000000, -0.000000000000000000, 1.000000000000000000 ) ) ;
#8539 = CARTESIAN_POINT ( 'NONE',  ( -4.750000000000000000, -4.750000000000000000, 3.600000000000001421 ) ) ;
#8540 = FILL_AREA_STYLE ('',( #593 ) ) ;
#8541 = VERTEX_POINT ( 'NONE', #8531 ) ;
#8542 = PRESENTATION_LAYER_ASSIGNMENT (  '', '', ( #14 ) ) ;
#8543 = CARTESIAN_POINT ( 'NONE',  ( 4.256400429113922357, 4.112287655965714883, 3.598706940622504735 ) ) ;
#8544 = ORIENTED_EDGE ( 'NONE', *, *, #9772, .T. ) ;
#8545 =( NAMED_UNIT ( * ) SI_UNIT ( $, .STERADIAN. ) SOLID_ANGLE_UNIT ( ) );
#8546 =( NAMED_UNIT ( * ) PLANE_ANGLE_UNIT ( ) SI_UNIT ( $, .RADIAN. ) );
#8547 =( GEOMETRIC_REPRESENTATION_CONTEXT ( 3 ) GLOBAL_UNCERTAINTY_ASSIGNED_CONTEXT ( ( #7295 ) ) GLOBAL_UNIT_ASSIGNED_CONTEXT ( ( #3172, #6290, #7237 ) ) REPRESENTATION_CONTEXT ( 'NONE', 'WORKASPACE' ) );
#8548 = EDGE_CURVE ( 'NONE', #355, #3736, #6103, .T. ) ;
#8549 =( GEOMETRIC_REPRESENTATION_CONTEXT ( 3 ) GLOBAL_UNCERTAINTY_ASSIGNED_CONTEXT ( ( #6556 ) ) GLOBAL_UNIT_ASSIGNED_CONTEXT ( ( #7182, #3175, #5778 ) ) REPRESENTATION_CONTEXT ( 'NONE', 'WORKASPACE' ) );
#8550 =( NAMED_UNIT ( * ) PLANE_ANGLE_UNIT ( ) SI_UNIT ( $, .RADIAN. ) );
#8551 = EDGE_CURVE ( 'NONE', #509, #1031, #9623, .T. ) ;
#8552 = FACE_OUTER_BOUND ( 'NONE', #4719, .T. ) ;
#8553 = CARTESIAN_POINT ( 'NONE',  ( -1.990145515832347715E-14, -5.435424868893583117, 3.600000000000001421 ) ) ;
#8554 = FACE_OUTER_BOUND ( 'NONE', #5331, .T. ) ;
#8556 = STYLED_ITEM ( 'NONE', ( #6270 ), #4887 ) ;
#8555 = PRESENTATION_STYLE_ASSIGNMENT (( #4494 ) ) ;
#8557 = VERTEX_POINT ( 'NONE', #5268 ) ;
#8558 = COLOUR_RGB ( '',0.5019607843137254832, 0.5019607843137254832, 0.5019607843137254832 ) ;
#8559 = UNCERTAINTY_MEASURE_WITH_UNIT (LENGTH_MEASURE( 1.000000000000000082E-05 ), #920, 'distance_accuracy_value', 'NONE');
#8560 =( NAMED_UNIT ( * ) PLANE_ANGLE_UNIT ( ) SI_UNIT ( $, .RADIAN. ) );
#8561 = SURFACE_STYLE_USAGE ( .BOTH. , #10015 ) ;
#8562 = PRESENTATION_STYLE_ASSIGNMENT (( #3034 ) ) ;
#8563 = SURFACE_STYLE_FILL_AREA ( #6984 ) ;
#8564 = EDGE_CURVE ( 'NONE', #7515, #3676, #1570, .T. ) ;
#8565 = AXIS2_PLACEMENT_3D ( 'NONE', #2257, #4705, #6297 ) ;
#8566 = COLOUR_RGB ( '',0.1098039215686274495, 0.1098039215686274495, 0.1098039215686274495 ) ;
#8567 = CARTESIAN_POINT ( 'NONE',  ( -4.399999999999998579, -3.500000000000000888, 0.000000000000000000 ) ) ;
#8568 = ADVANCED_FACE ( 'NONE', ( #586 ), #1407, .T. ) ;
#8569 = VERTEX_POINT ( 'NONE', #1255 ) ;
#8570 = PRESENTATION_LAYER_ASSIGNMENT (  '', '', ( #4521 ) ) ;
#8571 = TOROIDAL_SURFACE ( 'NONE', #222, 5.885424868893535333, 0.4000000000000033529 ) ;
#8572 = ORIENTED_EDGE ( 'NONE', *, *, #5670, .F. ) ;
#8573 = ORIENTED_EDGE ( 'NONE', *, *, #6739, .F. ) ;
#8574 = VECTOR ( 'NONE', #849, 1000.000000000000000 ) ;
#8575 = TOROIDAL_SURFACE ( 'NONE', #1382, 0.7999999999999969358, 0.2000000000000016209 ) ;
#8576 = SURFACE_STYLE_FILL_AREA ( #3884 ) ;
#8577 = UNCERTAINTY_MEASURE_WITH_UNIT (LENGTH_MEASURE( 1.000000000000000082E-05 ), #5448, 'distance_accuracy_value', 'NONE');
#8578 = CARTESIAN_POINT ( 'NONE',  ( 5.800000000000000711, 4.999999999999992895, 3.299999999999999822 ) ) ;
#8579 = PRESENTATION_STYLE_ASSIGNMENT (( #4514 ) ) ;
#8580 = SURFACE_STYLE_USAGE ( .BOTH. , #1934 ) ;
#8581 = CARTESIAN_POINT ( 'NONE',  ( -1.599999999999996758, 1.599999999999998312, 7.000000000000000000 ) ) ;
#8582 = CARTESIAN_POINT ( 'NONE',  ( -6.953886316694598335, -2.999999999999999112, -2.268178905419204305 ) ) ;
#8583 =( GEOMETRIC_REPRESENTATION_CONTEXT ( 3 ) GLOBAL_UNCERTAINTY_ASSIGNED_CONTEXT ( ( #2813 ) ) GLOBAL_UNIT_ASSIGNED_CONTEXT ( ( #6532, #7323, #2457 ) ) REPRESENTATION_CONTEXT ( 'NONE', 'WORKASPACE' ) );
#8584 = CARTESIAN_POINT ( 'NONE',  ( -0.4999999999999986122, -4.500000000000002665, -1.500000000000000666 ) ) ;
#8585 = ORIENTED_EDGE ( 'NONE', *, *, #1574, .F. ) ;
#8586 = ORIENTED_EDGE ( 'NONE', *, *, #5414, .T. ) ;
#8587 = MECHANICAL_DESIGN_GEOMETRIC_PRESENTATION_REPRESENTATION (  '', ( #2056 ), #3038 ) ;
#8588 = DIRECTION ( 'NONE',  ( 0.000000000000000000, -1.000000000000000000, 0.000000000000000000 ) ) ;
#8589 = DIRECTION ( 'NONE',  ( -1.000000000000000000, -1.250412551117387531E-75, -4.109710085192101020E-31 ) ) ;
#8590 = ORIENTED_EDGE ( 'NONE', *, *, #6161, .T. ) ;
#8591 = CARTESIAN_POINT ( 'NONE',  ( -0.9999999999912745352, 1.224646798890152505E-16, 7.299999999986539478 ) ) ;
#8592 = AXIS2_PLACEMENT_3D ( 'NONE', #3317, #9732, #2545 ) ;
#8593 =( NAMED_UNIT ( * ) SI_UNIT ( $, .STERADIAN. ) SOLID_ANGLE_UNIT ( ) );
#8594 = CARTESIAN_POINT ( 'NONE',  ( -1.600000000000000089, -1.599999999999998979, 6.999999999999999112 ) ) ;
#8595 = LINE ( 'NONE', #150, #10019 ) ;
#8596 = LINE ( 'NONE', #4591, #7999 ) ;
#8597 = DIRECTION ( 'NONE',  ( -1.000000000000000000, 7.806255641895631925E-15, 0.000000000000000000 ) ) ;
#8598 = UNCERTAINTY_MEASURE_WITH_UNIT (LENGTH_MEASURE( 1.000000000000000082E-05 ), #9341, 'distance_accuracy_value', 'NONE');
#8599 = DIRECTION ( 'NONE',  ( -0.000000000000000000, 2.861215661182131111E-16, -1.000000000000000000 ) ) ;
#8600 = MECHANICAL_DESIGN_GEOMETRIC_PRESENTATION_REPRESENTATION (  '', ( #1394 ), #8609 ) ;
#8601 = CARTESIAN_POINT ( 'NONE',  ( 1.899999999999999911, -1.599999999999999867, 5.500000000000000000 ) ) ;
#8602 = LINE ( 'NONE', #643, #8916 ) ;
#8603 =( GEOMETRIC_REPRESENTATION_CONTEXT ( 3 ) GLOBAL_UNCERTAINTY_ASSIGNED_CONTEXT ( ( #6595 ) ) GLOBAL_UNIT_ASSIGNED_CONTEXT ( ( #9672, #5648, #3256 ) ) REPRESENTATION_CONTEXT ( 'NONE', 'WORKASPACE' ) );
#8604 = CARTESIAN_POINT ( 'NONE',  ( 1.891518204694825345, 5.435424868893539596, 3.600000000000003642 ) ) ;
#8605 = ORIENTED_EDGE ( 'NONE', *, *, #2263, .T. ) ;
#8606 = DIRECTION ( 'NONE',  ( -5.025349008805825520E-14, 2.117185687950486023E-14, 1.000000000000000000 ) ) ;
#8607 = ORIENTED_EDGE ( 'NONE', *, *, #2256, .T. ) ;
#8608 = AXIS2_PLACEMENT_3D ( 'NONE', #4772, #940, #6415 ) ;
#8609 =( GEOMETRIC_REPRESENTATION_CONTEXT ( 3 ) GLOBAL_UNCERTAINTY_ASSIGNED_CONTEXT ( ( #4272 ) ) GLOBAL_UNIT_ASSIGNED_CONTEXT ( ( #3870, #6304, #5514 ) ) REPRESENTATION_CONTEXT ( 'NONE', 'WORKASPACE' ) );
#8610 =( NAMED_UNIT ( * ) SI_UNIT ( $, .STERADIAN. ) SOLID_ANGLE_UNIT ( ) );
#8611 = PRESENTATION_STYLE_ASSIGNMENT (( #7760 ) ) ;
#8612 = CIRCLE ( 'NONE', #408, 0.1999999999999996503 ) ;
#8613 = DIRECTION ( 'NONE',  ( -1.000000000000000000, 0.000000000000000000, 1.101804450513189415E-13 ) ) ;
#8614 = ORIENTED_EDGE ( 'NONE', *, *, #4160, .T. ) ;
#8615 = VECTOR ( 'NONE', #8348, 1000.000000000000000 ) ;
#8616 = EDGE_CURVE ( 'NONE', #2026, #2805, #5602, .T. ) ;
#8617 = PLANE ( 'NONE',  #10065 ) ;
#8618 = ORIENTED_EDGE ( 'NONE', *, *, #8946, .F. ) ;
#8619 = SURFACE_STYLE_USAGE ( .BOTH. , #4811 ) ;
#8620 =( LENGTH_UNIT ( ) NAMED_UNIT ( * ) SI_UNIT ( .MILLI., .METRE. ) );
#8621 = EDGE_CURVE ( 'NONE', #395, #927, #525, .T. ) ;
#8622 = EDGE_CURVE ( 'NONE', #9963, #8541, #594, .T. ) ;
#8623 = COLOUR_RGB ( '',0.1098039215686274495, 0.1098039215686274495, 0.1098039215686274495 ) ;
#8624 = FILL_AREA_STYLE_COLOUR ( '', #6221 ) ;
#8625 =( LENGTH_UNIT ( ) NAMED_UNIT ( * ) SI_UNIT ( .MILLI., .METRE. ) );
#8626 = STYLED_ITEM ( 'NONE', ( #2131 ), #6955 ) ;
#8627 = EDGE_CURVE ( 'NONE', #2160, #4198, #5217, .T. ) ;
#8628 = CARTESIAN_POINT ( 'NONE',  ( -5.399999999999986144, 2.250000000000020428, 3.199999999999992628 ) ) ;
#8629 = CARTESIAN_POINT ( 'NONE',  ( -4.340453319508778662, 4.055358197899694872, 3.598694560489956729 ) ) ;
#8630 = DIRECTION ( 'NONE',  ( 1.053031360026544826E-16, 1.000000000000000000, 0.000000000000000000 ) ) ;
#8631 = ORIENTED_EDGE ( 'NONE', *, *, #3329, .T. ) ;
#8632 = EDGE_CURVE ( 'NONE', #2742, #8142, #1915, .T. ) ;
#8633 = CIRCLE ( 'NONE', #3067, 0.8000000000000003775 ) ;
#8634 = VERTEX_POINT ( 'NONE', #9435 ) ;
#8635 = EDGE_CURVE ( 'NONE', #7964, #521, #5780, .T. ) ;
#8636 =( NAMED_UNIT ( * ) SI_UNIT ( $, .STERADIAN. ) SOLID_ANGLE_UNIT ( ) );
#8637 =( LENGTH_UNIT ( ) NAMED_UNIT ( * ) SI_UNIT ( .MILLI., .METRE. ) );
#8638 = DIRECTION ( 'NONE',  ( 0.000000000000000000, 0.000000000000000000, 1.000000000000000000 ) ) ;
#8639 = CARTESIAN_POINT ( 'NONE',  ( 5.800000000000000711, 5.000000000000000000, 3.299999999999999822 ) ) ;
#8640 = FACE_OUTER_BOUND ( 'NONE', #4904, .T. ) ;
#8641 = SURFACE_STYLE_USAGE ( .BOTH. , #5421 ) ;
#8642 = DIRECTION ( 'NONE',  ( 0.000000000000000000, -1.000000000000000000, 0.000000000000000000 ) ) ;
#8643 = DIRECTION ( 'NONE',  ( 0.000000000000000000, 0.000000000000000000, -1.000000000000000000 ) ) ;
#8644 = EDGE_LOOP ( 'NONE', ( #6410, #631, #2869, #1585 ) ) ;
#8645 = ORIENTED_EDGE ( 'NONE', *, *, #4561, .F. ) ;
#8646 =( LENGTH_UNIT ( ) NAMED_UNIT ( * ) SI_UNIT ( .MILLI., .METRE. ) );
#8647 = SURFACE_STYLE_FILL_AREA ( #633 ) ;
#8648 = CARTESIAN_POINT ( 'NONE',  ( 5.256432081693898084, 1.511587077146724356, 3.599999976249310674 ) ) ;
#8649 = LINE ( 'NONE', #3740, #990 ) ;
#8650 = FACE_OUTER_BOUND ( 'NONE', #5496, .T. ) ;
#8651 = CIRCLE ( 'NONE', #2926, 0.04999999999999969746 ) ;
#8652 = CARTESIAN_POINT ( 'NONE',  ( 5.307474137095584688, -1.701696602982069928, 3.599999989381702736 ) ) ;
#8653 = LINE ( 'NONE', #8601, #6157 ) ;
#8654 = CARTESIAN_POINT ( 'NONE',  ( -6.349999999999996980, -6.704630743366730705, -0.6874509908007693237 ) ) ;
#8655 = EDGE_LOOP ( 'NONE', ( #2224, #6071, #3618, #2505 ) ) ;
#8656 = PLANE ( 'NONE',  #9296 ) ;
#8657 = ORIENTED_EDGE ( 'NONE', *, *, #8372, .F. ) ;
#8658 = CARTESIAN_POINT ( 'NONE',  ( 5.204170427930421283E-15, -3.469446951953614189E-15, 3.600000000000001865 ) ) ;
#8659 = CARTESIAN_POINT ( 'NONE',  ( -1.891518204694832672, -5.435006281036325326, 3.600000000000003197 ) ) ;
#8660 = CARTESIAN_POINT ( 'NONE',  ( -2.166916829160916310E-16, -5.275000000000001243, 3.499999999999998668 ) ) ;
#8661 = SURFACE_STYLE_USAGE ( .BOTH. , #653 ) ;
#8662 = CARTESIAN_POINT ( 'NONE',  ( 6.000000000000000000, 0.000000000000000000, 1.146410165658806601 ) ) ;
#8663 = AXIS2_PLACEMENT_3D ( 'NONE', #7869, #4176, #3237 ) ;
#8664 = LINE ( 'NONE', #2876, #4812 ) ;
#8665 = CARTESIAN_POINT ( 'NONE',  ( -6.649999999999999467, 3.000000000000000000, -2.094532406675940983 ) ) ;
#8666 = ORIENTED_EDGE ( 'NONE', *, *, #2157, .F. ) ;
#8667 = LINE ( 'NONE', #9301, #1966 ) ;
#8668 = UNCERTAINTY_MEASURE_WITH_UNIT (LENGTH_MEASURE( 1.000000000000000082E-05 ), #5984, 'distance_accuracy_value', 'NONE');
#8669 = FILL_AREA_STYLE_COLOUR ( '', #2068 ) ;
#8670 = ADVANCED_FACE ( 'NONE', ( #2086 ), #260, .F. ) ;
#8671 = VECTOR ( 'NONE', #2906, 1000.000000000000227 ) ;
#8672 = EDGE_CURVE ( 'NONE', #10197, #4715, #1748, .T. ) ;
#8673 = PRESENTATION_STYLE_ASSIGNMENT (( #5461 ) ) ;
#8674 = ORIENTED_EDGE ( 'NONE', *, *, #9696, .F. ) ;
#8675 = EDGE_CURVE ( 'NONE', #4053, #1736, #1035, .T. ) ;
#8676 = AXIS2_PLACEMENT_3D ( 'NONE', #1457, #2243, #9384 ) ;
#8677 = ORIENTED_EDGE ( 'NONE', *, *, #2134, .F. ) ;
#8678 = VERTEX_POINT ( 'NONE', #9001 ) ;
#8679 = VERTEX_POINT ( 'NONE', #1800 ) ;
#8680 =( GEOMETRIC_REPRESENTATION_CONTEXT ( 3 ) GLOBAL_UNCERTAINTY_ASSIGNED_CONTEXT ( ( #7665 ) ) GLOBAL_UNIT_ASSIGNED_CONTEXT ( ( #5570, #8991, #8090 ) ) REPRESENTATION_CONTEXT ( 'NONE', 'WORKASPACE' ) );
#8681 = DIRECTION ( 'NONE',  ( 0.000000000000000000, -1.000000000000000000, 0.000000000000000000 ) ) ;
#8682 = UNCERTAINTY_MEASURE_WITH_UNIT (LENGTH_MEASURE( 1.000000000000000082E-05 ), #4225, 'distance_accuracy_value', 'NONE');
#8683 = STYLED_ITEM ( 'NONE', ( #9787 ), #9568 ) ;
#8684 = PRESENTATION_LAYER_ASSIGNMENT (  '', '', ( #2316 ) ) ;
#8685 = EDGE_CURVE ( 'NONE', #5314, #6730, #5250, .T. ) ;
#8686 = CARTESIAN_POINT ( 'NONE',  ( 5.435424868893539596, -2.250000000002157385, 3.199999999999999734 ) ) ;
#8687 = SURFACE_STYLE_USAGE ( .BOTH. , #9425 ) ;
#8688 = EDGE_CURVE ( 'NONE', #5382, #1794, #2084, .T. ) ;
#8689 = CARTESIAN_POINT ( 'NONE',  ( -6.300000002082478012, -1.999999999999998224, -0.6874509908007693237 ) ) ;
#8690 = EDGE_CURVE ( 'NONE', #7933, #1559, #10283, .T. ) ;
#8691 = LINE ( 'NONE', #677, #6710 ) ;
#8692 = COLOUR_RGB ( '',1.000000000000000000, 1.000000000000000000, 1.000000000000000000 ) ;
#8693 = EDGE_LOOP ( 'NONE', ( #3765, #8997 ) ) ;
#8694 = ORIENTED_EDGE ( 'NONE', *, *, #2449, .F. ) ;
#8695 = AXIS2_PLACEMENT_3D ( 'NONE', #9905, #9128, #1941 ) ;
#8696 =( NAMED_UNIT ( * ) PLANE_ANGLE_UNIT ( ) SI_UNIT ( $, .RADIAN. ) );
#8697 =( GEOMETRIC_REPRESENTATION_CONTEXT ( 3 ) GLOBAL_UNCERTAINTY_ASSIGNED_CONTEXT ( ( #9120 ) ) GLOBAL_UNIT_ASSIGNED_CONTEXT ( ( #1340, #9479, #2341 ) ) REPRESENTATION_CONTEXT ( 'NONE', 'WORKASPACE' ) );
#8698 = DIRECTION ( 'NONE',  ( -1.000000000000000000, 2.168404344971010446E-15, 0.000000000000000000 ) ) ;
#8699 = EDGE_CURVE ( 'NONE', #1825, #6582, #765, .T. ) ;
#8700 = MECHANICAL_DESIGN_GEOMETRIC_PRESENTATION_REPRESENTATION (  '', ( #174 ), #1802 ) ;
#8701 = AXIS2_PLACEMENT_3D ( 'NONE', #7296, #3134, #3293 ) ;
#8702 = SURFACE_SIDE_STYLE ('',( #8122 ) ) ;
#8703 = CARTESIAN_POINT ( 'NONE',  ( 0.000000000000000000, 0.000000000000000000, 3.299999999999999378 ) ) ;
#8704 = DIRECTION ( 'NONE',  ( 0.000000000000000000, 0.000000000000000000, -1.000000000000000000 ) ) ;
#8705 = SURFACE_SIDE_STYLE ('',( #5491 ) ) ;
#8706 = ORIENTED_EDGE ( 'NONE', *, *, #1181, .T. ) ;
#8707 = ORIENTED_EDGE ( 'NONE', *, *, #4624, .F. ) ;
#8708 = SURFACE_STYLE_USAGE ( .BOTH. , #7962 ) ;
#8709 =( NAMED_UNIT ( * ) SI_UNIT ( $, .STERADIAN. ) SOLID_ANGLE_UNIT ( ) );
#8710 = ORIENTED_EDGE ( 'NONE', *, *, #4932, .T. ) ;
#8711 = FILL_AREA_STYLE_COLOUR ( '', #7751 ) ;
#8712 = PRESENTATION_LAYER_ASSIGNMENT (  '', '', ( #7359 ) ) ;
#8713 = DIRECTION ( 'NONE',  ( -1.256337252201622514E-14, 5.292964219876873757E-15, -1.000000000000000000 ) ) ;
#8714 = CARTESIAN_POINT ( 'NONE',  ( -1.891518204694831784, -5.508467996276783296, 3.594982460002423164 ) ) ;
#8715 = DIRECTION ( 'NONE',  ( -1.000000000000000000, 0.000000000000000000, 1.914908421497441485E-15 ) ) ;
#8716 = DIRECTION ( 'NONE',  ( 0.000000000000000000, 1.000000000000000000, 0.000000000000000000 ) ) ;
#8717 = SURFACE_STYLE_FILL_AREA ( #7077 ) ;
#8718 =( NAMED_UNIT ( * ) PLANE_ANGLE_UNIT ( ) SI_UNIT ( $, .RADIAN. ) );
#8719 = CIRCLE ( 'NONE', #3491, 0.2500000000000167089 ) ;
#8720 = ORIENTED_EDGE ( 'NONE', *, *, #1990, .F. ) ;
#8721 = CARTESIAN_POINT ( 'NONE',  ( -6.299999999999996270, -2.999999999999999112, -0.6874509908007693237 ) ) ;
#8722 = CARTESIAN_POINT ( 'NONE',  ( 4.999999999999996447, -5.800000000000000711, -1.151964808265849201E-16 ) ) ;
#8723 = VECTOR ( 'NONE', #779, 1000.000000000000000 ) ;
#8724 = CARTESIAN_POINT ( 'NONE',  ( -6.305925830945592558, -1.999999999999999112, -0.7110617430582416576 ) ) ;
#8725 = CARTESIAN_POINT ( 'NONE',  ( -6.650000000000001243, -2.999999999999999112, -2.094532406675943648 ) ) ;
#8726 = PRESENTATION_LAYER_ASSIGNMENT (  '', '', ( #6042 ) ) ;
#8727 = ORIENTED_EDGE ( 'NONE', *, *, #3591, .F. ) ;
#8728 = EDGE_LOOP ( 'NONE', ( #7934, #1709 ) ) ;
#8729 = VECTOR ( 'NONE', #6857, 1000.000000000000000 ) ;
#8730 = EDGE_LOOP ( 'NONE', ( #6384, #3607, #1130, #5301 ) ) ;
#8731 = ORIENTED_EDGE ( 'NONE', *, *, #5985, .T. ) ;
#8732 = CIRCLE ( 'NONE', #4689, 0.1999999999999996503 ) ;
#8733 = LINE ( 'NONE', #2227, #1221 ) ;
#8734 = VECTOR ( 'NONE', #6160, 1000.000000000000000 ) ;
#8735 = DIRECTION ( 'NONE',  ( -0.9230769230769225731, -0.3846153846153858025, -4.531948492596232833E-15 ) ) ;
#8736 = DIRECTION ( 'NONE',  ( -1.000000000000000000, 9.463918882391639035E-14, 2.412412285501378840E-14 ) ) ;
#8737 =( LENGTH_UNIT ( ) NAMED_UNIT ( * ) SI_UNIT ( .MILLI., .METRE. ) );
#8738 = COLOUR_RGB ( '',0.1098039215686274495, 0.1098039215686274495, 0.1098039215686274495 ) ;
#8739 = CARTESIAN_POINT ( 'NONE',  ( 1.899999999999999689, 1.599999999999999423, 7.000000000000048850 ) ) ;
#8740 = ORIENTED_EDGE ( 'NONE', *, *, #6243, .T. ) ;
#8741 = VERTEX_POINT ( 'NONE', #3946 ) ;
#8742 = DIRECTION ( 'NONE',  ( -1.000000000000000000, -0.000000000000000000, 0.000000000000000000 ) ) ;
#8743 = AXIS2_PLACEMENT_3D ( 'NONE', #1306, #4483, #9073 ) ;
#8744 = COLOUR_RGB ( '',1.000000000000000000, 1.000000000000000000, 1.000000000000000000 ) ;
#8745 = DIRECTION ( 'NONE',  ( -0.000000000000000000, -0.000000000000000000, 1.000000000000000000 ) ) ;
#8746 = EDGE_CURVE ( 'NONE', #8569, #896, #9045, .T. ) ;
#8747 = EDGE_CURVE ( 'NONE', #7465, #8861, #2402, .T. ) ;
#8748 = VECTOR ( 'NONE', #6240, 1000.000000000000000 ) ;
#8749 = CARTESIAN_POINT ( 'NONE',  ( -5.800000000000000711, 4.999999999999993783, 0.1999999999999957090 ) ) ;
#8750 = DIRECTION ( 'NONE',  ( 0.8682466191274124112, 0.000000000000000000, -0.4961328535521690730 ) ) ;
#8751 = ADVANCED_FACE ( 'NONE', ( #8263 ), #3360, .T. ) ;
#8752 = EDGE_CURVE ( 'NONE', #406, #2807, #2536, .T. ) ;
#8753 = DIRECTION ( 'NONE',  ( -2.168404344971018482E-16, -4.701977403289191086E-32, 1.000000000000000000 ) ) ;
#8754 = AXIS2_PLACEMENT_3D ( 'NONE', #1528, #10332, #3087 ) ;
#8755 = DIRECTION ( 'NONE',  ( 0.000000000000000000, 1.000000000000000000, 0.000000000000000000 ) ) ;
#8756 = CARTESIAN_POINT ( 'NONE',  ( 1.899999999999999911, 1.599999999999999867, 5.500000000000000000 ) ) ;
#8757 = VERTEX_POINT ( 'NONE', #5903 ) ;
#8758 = CIRCLE ( 'NONE', #2214, 0.1999999999999982070 ) ;
#8759 = ORIENTED_EDGE ( 'NONE', *, *, #8257, .F. ) ;
#8760 = ORIENTED_EDGE ( 'NONE', *, *, #5983, .T. ) ;
#8761 = CARTESIAN_POINT ( 'NONE',  ( -0.7999999999999994893, -4.500000000000003553, -9.796850830579017080E-17 ) ) ;
#8762 =( GEOMETRIC_REPRESENTATION_CONTEXT ( 3 ) GLOBAL_UNCERTAINTY_ASSIGNED_CONTEXT ( ( #2039 ) ) GLOBAL_UNIT_ASSIGNED_CONTEXT ( ( #4309, #7519, #9313 ) ) REPRESENTATION_CONTEXT ( 'NONE', 'WORKASPACE' ) );
#8763 = CARTESIAN_POINT ( 'NONE',  ( -5.700000000000001954, 1.756407519426517183E-14, 3.500000000000001332 ) ) ;
#8764 = CARTESIAN_POINT ( 'NONE',  ( -6.694074169054411882, -6.704630743366730705, -2.070921654418468982 ) ) ;
#8765 =( GEOMETRIC_REPRESENTATION_CONTEXT ( 3 ) GLOBAL_UNCERTAINTY_ASSIGNED_CONTEXT ( ( #4165 ) ) GLOBAL_UNIT_ASSIGNED_CONTEXT ( ( #1287, #5309, #9317 ) ) REPRESENTATION_CONTEXT ( 'NONE', 'WORKASPACE' ) );
#8766 = CARTESIAN_POINT ( 'NONE',  ( -1.599999999999998979, -5.800000000000000711, 0.000000000000000000 ) ) ;
#8767 = CARTESIAN_POINT ( 'NONE',  ( -2.465190328830165300E-26, -2.465190328830165300E-26, 7.299999999986539478 ) ) ;
#8768 = SURFACE_SIDE_STYLE ('',( #7376 ) ) ;
#8769 = ORIENTED_EDGE ( 'NONE', *, *, #6219, .F. ) ;
#8770 = VECTOR ( 'NONE', #7139, 1000.000000000000114 ) ;
#8771 =( LENGTH_UNIT ( ) NAMED_UNIT ( * ) SI_UNIT ( .MILLI., .METRE. ) );
#8772 = SHAPE_DEFINITION_REPRESENTATION ( #4405, #1787 ) ;
#8773 = CARTESIAN_POINT ( 'NONE',  ( 6.953886316694598335, 6.704630743366732482, -2.268178905419200309 ) ) ;
#8774 = LINE ( 'NONE', #1579, #8091 ) ;
#8775 =( NAMED_UNIT ( * ) SI_UNIT ( $, .STERADIAN. ) SOLID_ANGLE_UNIT ( ) );
#8776 = PRESENTATION_LAYER_ASSIGNMENT (  '', '', ( #4575 ) ) ;
#8777 = AXIS2_PLACEMENT_3D ( 'NONE', #9300, #498, #4349 ) ;
#8778 = DIRECTION ( 'NONE',  ( 0.000000000000000000, 0.000000000000000000, -1.000000000000000000 ) ) ;
#8779 = STYLED_ITEM ( 'NONE', ( #7151 ), #6018 ) ;
#8780 = EDGE_LOOP ( 'NONE', ( #7622, #9177, #6762, #8720 ) ) ;
#8781 = EDGE_LOOP ( 'NONE', ( #3766, #3930 ) ) ;
#8782 = ORIENTED_EDGE ( 'NONE', *, *, #8746, .F. ) ;
#8783 = ORIENTED_EDGE ( 'NONE', *, *, #8045, .T. ) ;
#8784 = AXIS2_PLACEMENT_3D ( 'NONE', #7180, #9, #4699 ) ;
#8785 = CARTESIAN_POINT ( 'NONE',  ( 5.435424868893548478, -1.891518204694834671, 3.599999999999999201 ) ) ;
#8786 = FACE_OUTER_BOUND ( 'NONE', #2976, .T. ) ;
#8787 = LINE ( 'NONE', #3096, #973 ) ;
#8788 = UNCERTAINTY_MEASURE_WITH_UNIT (LENGTH_MEASURE( 1.000000000000000082E-05 ), #9441, 'distance_accuracy_value', 'NONE');
#8789 =( NAMED_UNIT ( * ) PLANE_ANGLE_UNIT ( ) SI_UNIT ( $, .RADIAN. ) );
#8790 = DIRECTION ( 'NONE',  ( -0.4620284873219822619, 0.4733177335605763814, 0.7500000000000268674 ) ) ;
#8791 =( NAMED_UNIT ( * ) PLANE_ANGLE_UNIT ( ) SI_UNIT ( $, .RADIAN. ) );
#8792 = DIRECTION ( 'NONE',  ( -0.6414968937217166989, 0.1611885087261842597, 0.7500000000000115463 ) ) ;
#8793 = VECTOR ( 'NONE', #3801, 1000.000000000000000 ) ;
#8794 = CARTESIAN_POINT ( 'NONE',  ( 8.699114223423614415E-16, 7.170389862460834013E-16, 3.600000000000002309 ) ) ;
#8795 = DIRECTION ( 'NONE',  ( 1.000000000000000000, 0.000000000000000000, -0.000000000000000000 ) ) ;
#8796 = ORIENTED_EDGE ( 'NONE', *, *, #1816, .T. ) ;
#8797 =( NAMED_UNIT ( * ) SI_UNIT ( $, .STERADIAN. ) SOLID_ANGLE_UNIT ( ) );
#8798 = SURFACE_SIDE_STYLE ('',( #9434 ) ) ;
#8799 = EDGE_CURVE ( 'NONE', #7448, #7612, #1534, .T. ) ;
#8800 = SURFACE_SIDE_STYLE ('',( #6377 ) ) ;
#8801 = CARTESIAN_POINT ( 'NONE',  ( -6.693412330956372891, -2.999999999999999112, -2.119339049353551996 ) ) ;
#8802 = PRESENTATION_STYLE_ASSIGNMENT (( #9486 ) ) ;
#8803 = DIRECTION ( 'NONE',  ( -0.9230769230769242384, 0.3846153846153820832, -1.938666855164147300E-14 ) ) ;
#8804 = ADVANCED_FACE ( 'NONE', ( #5138 ), #8251, .T. ) ;
#8805 = CARTESIAN_POINT ( 'NONE',  ( 7.947500464712013685E-16, -4.924999999999993605, 3.349999999999982769 ) ) ;
#8806 = ADVANCED_FACE ( 'NONE', ( #5186 ), #2886, .F. ) ;
#8807 = FILL_AREA_STYLE ('',( #8859 ) ) ;
#8808 = ORIENTED_EDGE ( 'NONE', *, *, #9189, .T. ) ;
#8809 =( NAMED_UNIT ( * ) PLANE_ANGLE_UNIT ( ) SI_UNIT ( $, .RADIAN. ) );
#8810 =( NAMED_UNIT ( * ) PLANE_ANGLE_UNIT ( ) SI_UNIT ( $, .RADIAN. ) );
#8811 = ORIENTED_EDGE ( 'NONE', *, *, #4424, .F. ) ;
#8812 = DIRECTION ( 'NONE',  ( -0.000000000000000000, -1.000000000000000000, -0.000000000000000000 ) ) ;
#8813 = SURFACE_SIDE_STYLE ('',( #6389 ) ) ;
#8814 = SURFACE_STYLE_USAGE ( .BOTH. , #4013 ) ;
#8815 = DIRECTION ( 'NONE',  ( -0.7155891509246358195, 0.6985214149036226283, 2.282759240712633296E-14 ) ) ;
#8816 = DIRECTION ( 'NONE',  ( 0.000000000000000000, 0.000000000000000000, -1.000000000000000000 ) ) ;
#8817 = CARTESIAN_POINT ( 'NONE',  ( 5.000000000000000000, 5.799999999999999822, 0.000000000000000000 ) ) ;
#8818 = SURFACE_STYLE_FILL_AREA ( #9455 ) ;
#8819 = CARTESIAN_POINT ( 'NONE',  ( 6.650000000000000355, -2.000000000000000000, -2.094532406675943648 ) ) ;
#8820 = EDGE_CURVE ( 'NONE', #9512, #2169, #6721, .T. ) ;
#8821 = CARTESIAN_POINT ( 'NONE',  ( 0.000000000000000000, 1.500000000000000000, 5.500000000000000000 ) ) ;
#8822 =( GEOMETRIC_REPRESENTATION_CONTEXT ( 3 ) GLOBAL_UNCERTAINTY_ASSIGNED_CONTEXT ( ( #9933 ) ) GLOBAL_UNIT_ASSIGNED_CONTEXT ( ( #4616, #7093, #6988 ) ) REPRESENTATION_CONTEXT ( 'NONE', 'WORKASPACE' ) );
#8823 =( LENGTH_UNIT ( ) NAMED_UNIT ( * ) SI_UNIT ( .MILLI., .METRE. ) );
#8824 = DIRECTION ( 'NONE',  ( 0.000000000000000000, 0.000000000000000000, 1.000000000000000000 ) ) ;
#8825 = FILL_AREA_STYLE_COLOUR ( '', #7264 ) ;
#8826 = DIRECTION ( 'NONE',  ( -0.000000000000000000, -0.000000000000000000, 1.000000000000000000 ) ) ;
#8827 = MECHANICAL_DESIGN_GEOMETRIC_PRESENTATION_REPRESENTATION (  '', ( #2938 ), #6798 ) ;
#8828 = CARTESIAN_POINT ( 'NONE',  ( 4.999999999999999112, 5.800000000000000711, 3.300000000000005596 ) ) ;
#8829 = STYLED_ITEM ( 'NONE', ( #10116 ), #3407 ) ;
#8830 = ADVANCED_FACE ( 'NONE', ( #2268 ), #8571, .T. ) ;
#8831 = FILL_AREA_STYLE ('',( #8148 ) ) ;
#8832 = VERTEX_POINT ( 'NONE', #6256 ) ;
#8833 = ORIENTED_EDGE ( 'NONE', *, *, #8207, .F. ) ;
#8834 = ORIENTED_EDGE ( 'NONE', *, *, #1242, .T. ) ;
#8835 = AXIS2_PLACEMENT_3D ( 'NONE', #2426, #7393, #8987 ) ;
#8836 = DIRECTION ( 'NONE',  ( -1.000000000000000000, 0.000000000000000000, 0.000000000000000000 ) ) ;
#8837 = SURFACE_STYLE_USAGE ( .BOTH. , #5691 ) ;
#8838 =( LENGTH_UNIT ( ) NAMED_UNIT ( * ) SI_UNIT ( .MILLI., .METRE. ) );
#8839 = STYLED_ITEM ( 'NONE', ( #7051 ), #10277 ) ;
#8840 = CARTESIAN_POINT ( 'NONE',  ( 0.000000000000000000, 0.000000000000000000, 3.049999999999998934 ) ) ;
#8841 = SURFACE_STYLE_FILL_AREA ( #3205 ) ;
#8842 =( NAMED_UNIT ( * ) PLANE_ANGLE_UNIT ( ) SI_UNIT ( $, .RADIAN. ) );
#8843 = CARTESIAN_POINT ( 'NONE',  ( 3.975348698380239298, -4.526324040001472149, 3.577874614043632384 ) ) ;
#8844 = SURFACE_STYLE_USAGE ( .BOTH. , #5646 ) ;
#8845 = DIRECTION ( 'NONE',  ( -3.006455034846200772E-16, 6.012910069692402531E-16, -1.000000000000000000 ) ) ;
#8846 = AXIS2_PLACEMENT_3D ( 'NONE', #4557, #1324, #659 ) ;
#8847 = CARTESIAN_POINT ( 'NONE',  ( -5.254334350601863157, 1.462164717133216829, 3.599999968981326681 ) ) ;
#8848 = ORIENTED_EDGE ( 'NONE', *, *, #7786, .F. ) ;
#8849 = ORIENTED_EDGE ( 'NONE', *, *, #9164, .T. ) ;
#8850 = AXIS2_PLACEMENT_3D ( 'NONE', #1396, #10138, #514 ) ;
#8851 = VECTOR ( 'NONE', #2847, 1000.000000000000000 ) ;
#8852 = DIRECTION ( 'NONE',  ( -0.4961328535521689620, 0.000000000000000000, 0.8682466191274125222 ) ) ;
#8853 = CARTESIAN_POINT ( 'NONE',  ( -6.159705218919226510, 2.937096592108939141, -3.053341690607342507 ) ) ;
#8854 = PRESENTATION_LAYER_ASSIGNMENT (  '', '', ( #2323 ) ) ;
#8855 =( NAMED_UNIT ( * ) SI_UNIT ( $, .STERADIAN. ) SOLID_ANGLE_UNIT ( ) );
#8856 = ADVANCED_FACE ( 'NONE', ( #9131 ), #4534, .T. ) ;
#8857 = SURFACE_SIDE_STYLE ('',( #3902 ) ) ;
#8858 = COLOUR_RGB ( '',0.5019607843137254832, 0.5019607843137254832, 0.5019607843137254832 ) ;
#8859 = FILL_AREA_STYLE_COLOUR ( '', #4202 ) ;
#8860 = VERTEX_POINT ( 'NONE', #1946 ) ;
#8861 = VERTEX_POINT ( 'NONE', #8238 ) ;
#8862 = FACE_OUTER_BOUND ( 'NONE', #6891, .T. ) ;
#8863 = ORIENTED_EDGE ( 'NONE', *, *, #9696, .T. ) ;
#8864 = CARTESIAN_POINT ( 'NONE',  ( -6.300000004164958867, -1.999999999999999112, 0.8000000000000001554 ) ) ;
#8865 = PLANE ( 'NONE',  #5419 ) ;
#8866 = CARTESIAN_POINT ( 'NONE',  ( -1.866767626700331917, -5.424160244377742579, 3.600000000000003197 ) ) ;
#8867 = PRESENTATION_LAYER_ASSIGNMENT (  '', '', ( #2977 ) ) ;
#8868 = AXIS2_PLACEMENT_3D ( 'NONE', #6525, #9728, #9825 ) ;
#8869 = DIRECTION ( 'NONE',  ( -0.4722150451494399603, 0.000000000000000000, 0.8814833810881020915 ) ) ;
#8870 = CARTESIAN_POINT ( 'NONE',  ( 5.424745029542297203, -1.866168552841676265, 3.600000000000000089 ) ) ;
#8871 = UNCERTAINTY_MEASURE_WITH_UNIT (LENGTH_MEASURE( 1.000000000000000082E-05 ), #7322, 'distance_accuracy_value', 'NONE');
#8872 = FILL_AREA_STYLE_COLOUR ( '', #7831 ) ;
#8873 = CARTESIAN_POINT ( 'NONE',  ( 5.528157206495055931, -1.389056478433035036, 3.499999999999996447 ) ) ;
#8874 = CYLINDRICAL_SURFACE ( 'NONE', #7189, 0.4000000000000001887 ) ;
#8875 = CARTESIAN_POINT ( 'NONE',  ( -6.041480816619163363, 2.000000000000000000, -0.8527262566030736624 ) ) ;
#8876 = VERTEX_POINT ( 'NONE', #2564 ) ;
#8877 = PRESENTATION_LAYER_ASSIGNMENT (  '', '', ( #1167 ) ) ;
#8878 = UNCERTAINTY_MEASURE_WITH_UNIT (LENGTH_MEASURE( 1.000000000000000082E-05 ), #4675, 'distance_accuracy_value', 'NONE');
#8879 =( NAMED_UNIT ( * ) PLANE_ANGLE_UNIT ( ) SI_UNIT ( $, .RADIAN. ) );
#8880 =( NAMED_UNIT ( * ) PLANE_ANGLE_UNIT ( ) SI_UNIT ( $, .RADIAN. ) );
#8881 = CARTESIAN_POINT ( 'NONE',  ( 0.000000000000000000, 4.500000000000003553, -9.796850830579017080E-17 ) ) ;
#8882 = EDGE_CURVE ( 'NONE', #7683, #5142, #8135, .T. ) ;
#8883 = MECHANICAL_DESIGN_GEOMETRIC_PRESENTATION_REPRESENTATION (  '', ( #2171 ), #2993 ) ;
#8884 = DIRECTION ( 'NONE',  ( -0.4961328535521667971, 0.000000000000000000, -0.8682466191274137435 ) ) ;
#8885 = EDGE_CURVE ( 'NONE', #3144, #1344, #4120, .T. ) ;
#8886 = ORIENTED_EDGE ( 'NONE', *, *, #3505, .T. ) ;
#8887 = ORIENTED_EDGE ( 'NONE', *, *, #6816, .F. ) ;
#8888 = VERTEX_POINT ( 'NONE', #6543 ) ;
#8889 = EDGE_LOOP ( 'NONE', ( #5599, #3984 ) ) ;
#8890 = AXIS2_PLACEMENT_3D ( 'NONE', #5528, #101, #675 ) ;
#8891 = CARTESIAN_POINT ( 'NONE',  ( -4.999999999999998224, -5.000000000000000888, 0.1999999999999971245 ) ) ;
#8892 = PRESENTATION_STYLE_ASSIGNMENT (( #7206 ) ) ;
#8893 = EDGE_CURVE ( 'NONE', #4620, #5425, #1069, .T. ) ;
#8894 = CIRCLE ( 'NONE', #7708, 0.2999999999999999334 ) ;
#8895 = DIRECTION ( 'NONE',  ( 0.000000000000000000, 0.000000000000000000, -1.000000000000000000 ) ) ;
#8896 = DIRECTION ( 'NONE',  ( 0.000000000000000000, -1.000000000000000000, 0.000000000000000000 ) ) ;
#8897 = AXIS2_PLACEMENT_3D ( 'NONE', #5719, #4856, #5561 ) ;
#8898 = DIRECTION ( 'NONE',  ( 1.000000000000000000, 1.084202172485503842E-15, 7.589415207398527883E-15 ) ) ;
#8899 = CARTESIAN_POINT ( 'NONE',  ( 1.600000000000000089, 1.599999999999999867, 5.500000000000000000 ) ) ;
#8900 = MECHANICAL_DESIGN_GEOMETRIC_PRESENTATION_REPRESENTATION (  '', ( #364 ), #8060 ) ;
#8901 = ORIENTED_EDGE ( 'NONE', *, *, #196, .F. ) ;
#8902 = ORIENTED_EDGE ( 'NONE', *, *, #9468, .T. ) ;
#8903 = DIRECTION ( 'NONE',  ( 1.000000000000000000, 7.600819403908352236E-13, 1.233899253882150501E-15 ) ) ;
#8904 = VECTOR ( 'NONE', #10034, 1000.000000000000000 ) ;
#8905 = STYLED_ITEM ( 'NONE', ( #8555 ), #5006 ) ;
#8906 = MECHANICAL_DESIGN_GEOMETRIC_PRESENTATION_REPRESENTATION (  '', ( #7223 ), #7047 ) ;
#8907 = CARTESIAN_POINT ( 'NONE',  ( 1.899999999999999911, 1.599999999999999867, 5.500000000000000000 ) ) ;
#8908 = LINE ( 'NONE', #4159, #7726 ) ;
#8909 = CARTESIAN_POINT ( 'NONE',  ( 6.000000000000000000, -2.000000000000000000, 1.146410165690350924 ) ) ;
#8910 = SURFACE_SIDE_STYLE ('',( #168 ) ) ;
#8911 = ORIENTED_EDGE ( 'NONE', *, *, #8239, .F. ) ;
#8912 =( GEOMETRIC_REPRESENTATION_CONTEXT ( 3 ) GLOBAL_UNCERTAINTY_ASSIGNED_CONTEXT ( ( #923 ) ) GLOBAL_UNIT_ASSIGNED_CONTEXT ( ( #2619, #3444, #7348 ) ) REPRESENTATION_CONTEXT ( 'NONE', 'WORKASPACE' ) );
#8913 = EDGE_LOOP ( 'NONE', ( #4418, #4473, #2997, #1783, #8400, #9257, #6874, #9258 ) ) ;
#8914 = PRESENTATION_STYLE_ASSIGNMENT (( #6485 ) ) ;
#8915 = ORIENTED_EDGE ( 'NONE', *, *, #6041, .T. ) ;
#8916 = VECTOR ( 'NONE', #10307, 1000.000000000000000 ) ;
#8917 = CARTESIAN_POINT ( 'NONE',  ( 1.891518204694832228, -5.435424868894161321, 3.600000000000001421 ) ) ;
#8918 = TOROIDAL_SURFACE ( 'NONE', #8743, 0.03542486889361438906, 0.3999999999999982458 ) ;
#8919 = DIRECTION ( 'NONE',  ( 5.025349008805825520E-14, -2.117185687950486023E-14, -1.000000000000000000 ) ) ;
#8920 = DIRECTION ( 'NONE',  ( -2.203483674300796874E-31, 1.000000000000000000, -2.961358209323485106E-15 ) ) ;
#8921 = FILL_AREA_STYLE ('',( #859 ) ) ;
#8922 = LINE ( 'NONE', #7289, #637 ) ;
#8923 = CARTESIAN_POINT ( 'NONE',  ( 6.159705218919231839, 2.062903407891060414, -3.053341690607345615 ) ) ;
#8924 = PRESENTATION_LAYER_ASSIGNMENT (  '', '', ( #6078 ) ) ;
#8925 = FILL_AREA_STYLE_COLOUR ( '', #8738 ) ;
#8926 = ORIENTED_EDGE ( 'NONE', *, *, #8473, .F. ) ;
#8927 = FILL_AREA_STYLE_COLOUR ( '', #6106 ) ;
#8928 = DIRECTION ( 'NONE',  ( -2.728398293323198625E-13, -5.456796586804488383E-14, 1.000000000000000000 ) ) ;
#8929 = COLOUR_RGB ( '',1.000000000000000000, 1.000000000000000000, 1.000000000000000000 ) ;
#8930 = AXIS2_PLACEMENT_3D ( 'NONE', #4748, #5663, #9599 ) ;
#8931 =( LENGTH_UNIT ( ) NAMED_UNIT ( * ) SI_UNIT ( .MILLI., .METRE. ) );
#8932 = PRESENTATION_LAYER_ASSIGNMENT (  '', '', ( #8422 ) ) ;
#8933 = EDGE_CURVE ( 'NONE', #7989, #7802, #8980, .T. ) ;
#8934 = CARTESIAN_POINT ( 'NONE',  ( 1.891518204694833338, -5.399999999999996803, 3.600000000000001421 ) ) ;
#8935 = PRESENTATION_LAYER_ASSIGNMENT (  '', '', ( #248 ) ) ;
#8936 = CARTESIAN_POINT ( 'NONE',  ( 1.599999999999997868, 1.899999999999999911, 7.299999999999998934 ) ) ;
#8937 = ORIENTED_EDGE ( 'NONE', *, *, #7283, .T. ) ;
#8938 = MECHANICAL_DESIGN_GEOMETRIC_PRESENTATION_REPRESENTATION (  '', ( #3386 ), #4891 ) ;
#8939 = ORIENTED_EDGE ( 'NONE', *, *, #6437, .T. ) ;
#8940 = EDGE_CURVE ( 'NONE', #2169, #7805, #2379, .T. ) ;
#8941 = MECHANICAL_DESIGN_GEOMETRIC_PRESENTATION_REPRESENTATION (  '', ( #4894 ), #8547 ) ;
#8942 = EDGE_LOOP ( 'NONE', ( #472, #8071, #9031, #8573 ) ) ;
#8943 = EDGE_CURVE ( 'NONE', #7932, #8832, #9416, .T. ) ;
#8944 = ORIENTED_EDGE ( 'NONE', *, *, #7308, .F. ) ;
#8945 = DIRECTION ( 'NONE',  ( -1.027427521298027226E-31, -1.027427521298021533E-31, -1.000000000000000000 ) ) ;
#8946 = EDGE_CURVE ( 'NONE', #6056, #255, #6223, .T. ) ;
#8947 = VECTOR ( 'NONE', #4545, 1000.000000000000114 ) ;
#8948 = SURFACE_STYLE_FILL_AREA ( #1639 ) ;
#8949 = DIRECTION ( 'NONE',  ( 0.000000000000000000, 0.000000000000000000, -1.000000000000000000 ) ) ;
#8950 = PRESENTATION_LAYER_ASSIGNMENT (  '', '', ( #409 ) ) ;
#8951 = SURFACE_STYLE_FILL_AREA ( #6573 ) ;
#8952 = FILL_AREA_STYLE ('',( #3362 ) ) ;
#8953 = FACE_OUTER_BOUND ( 'NONE', #343, .T. ) ;
#8954 = CARTESIAN_POINT ( 'NONE',  ( 3.949999999999999734, 4.750000000000000000, 3.200000000000000178 ) ) ;
#8955 = DIRECTION ( 'NONE',  ( 1.000000000000000000, 1.222978688985946960E-15, 0.000000000000000000 ) ) ;
#8956 = EDGE_CURVE ( 'NONE', #9106, #8876, #6842, .T. ) ;
#8957 = AXIS2_PLACEMENT_3D ( 'NONE', #5712, #9645, #3330 ) ;
#8958 = ADVANCED_FACE ( 'NONE', ( #2424 ), #5620, .F. ) ;
#8959 = VECTOR ( 'NONE', #5384, 1000.000000000000000 ) ;
#8960 = ORIENTED_EDGE ( 'NONE', *, *, #4237, .T. ) ;
#8961 = EDGE_LOOP ( 'NONE', ( #2415, #9098, #7410, #1608 ) ) ;
#8962 = DIRECTION ( 'NONE',  ( 1.000000000000000000, 0.000000000000000000, 0.000000000000000000 ) ) ;
#8963 = COLOUR_RGB ( '',0.1098039215686274495, 0.1098039215686274495, 0.1098039215686274495 ) ;
#8964 = CARTESIAN_POINT ( 'NONE',  ( 1.600000000000001865, -1.600000000000000089, 7.000000000000000888 ) ) ;
#8965 = LINE ( 'NONE', #2846, #1720 ) ;
#8966 = ADVANCED_FACE ( 'NONE', ( #7444 ), #3299, .T. ) ;
#8967 = DIRECTION ( 'NONE',  ( -0.000000000000000000, -1.000000000000000000, -0.000000000000000000 ) ) ;
#8968 = FILL_AREA_STYLE_COLOUR ( '', #515 ) ;
#8969 = DIRECTION ( 'NONE',  ( 5.292964219876011532E-15, 1.256337252201300185E-14, 1.000000000000000000 ) ) ;
#8970 = SURFACE_STYLE_FILL_AREA ( #220 ) ;
#8971 = EDGE_LOOP ( 'NONE', ( #5612, #3588, #4889, #1969, #154 ) ) ;
#8972 = ORIENTED_EDGE ( 'NONE', *, *, #2835, .T. ) ;
#8973 = MECHANICAL_DESIGN_GEOMETRIC_PRESENTATION_REPRESENTATION (  '', ( #4251 ), #605 ) ;
#8974 = CARTESIAN_POINT ( 'NONE',  ( -2.365384615384622524, 5.676923076923073630, 3.499999999999999556 ) ) ;
#8975 = EDGE_LOOP ( 'NONE', ( #8043, #6783, #6924, #8915 ) ) ;
#8976 = DIRECTION ( 'NONE',  ( 0.000000000000000000, 0.000000000000000000, -1.000000000000000000 ) ) ;
#8977 = DIRECTION ( 'NONE',  ( -1.000000000000000000, 0.000000000000000000, 0.000000000000000000 ) ) ;
#8978 = DIRECTION ( 'NONE',  ( -0.4819066211576368275, 0.2377525341402933479, 0.8433503074015556988 ) ) ;
#8979 = SURFACE_STYLE_FILL_AREA ( #9027 ) ;
#8980 = LINE ( 'NONE', #8188, #3515 ) ;
#8981 = STYLED_ITEM ( 'NONE', ( #3933 ), #7269 ) ;
#8982 = CARTESIAN_POINT ( 'NONE',  ( 6.000000000000000000, -5.000000000000000000, 3.500000000000000000 ) ) ;
#8983 = DIRECTION ( 'NONE',  ( -1.000000000000000000, 0.000000000000000000, 0.000000000000000000 ) ) ;
#8984 = UNCERTAINTY_MEASURE_WITH_UNIT (LENGTH_MEASURE( 1.000000000000000082E-05 ), #5356, 'distance_accuracy_value', 'NONE');
#8985 = LINE ( 'NONE', #5327, #158 ) ;
#8986 = ADVANCED_FACE ( 'NONE', ( #4076 ), #1883, .T. ) ;
#8987 = DIRECTION ( 'NONE',  ( -3.491483361109382461E-15, 0.000000000000000000, -1.000000000000000000 ) ) ;
#8988 = CYLINDRICAL_SURFACE ( 'NONE', #5865, 0.3499999999999996447 ) ;
#8989 = VERTEX_POINT ( 'NONE', #5779 ) ;
#8990 =( LENGTH_UNIT ( ) NAMED_UNIT ( * ) SI_UNIT ( .MILLI., .METRE. ) );
#8991 =( NAMED_UNIT ( * ) PLANE_ANGLE_UNIT ( ) SI_UNIT ( $, .RADIAN. ) );
#8992 = DIRECTION ( 'NONE',  ( -1.000000000000000000, 0.000000000000000000, 0.000000000000000000 ) ) ;
#8993 = FILL_AREA_STYLE_COLOUR ( '', #5239 ) ;
#8994 = LINE ( 'NONE', #1683, #4774 ) ;
#8995 = ORIENTED_EDGE ( 'NONE', *, *, #5668, .F. ) ;
#8996 = COLOUR_RGB ( '',0.1098039215686274495, 0.1098039215686274495, 0.1098039215686274495 ) ;
#8997 = ORIENTED_EDGE ( 'NONE', *, *, #6114, .T. ) ;
#8998 = ORIENTED_EDGE ( 'NONE', *, *, #7850, .T. ) ;
#8999 = EDGE_CURVE ( 'NONE', #7932, #9408, #8985, .T. ) ;
#9000 = COLOUR_RGB ( '',0.1098039215686274495, 0.1098039215686274495, 0.1098039215686274495 ) ;
#9001 = CARTESIAN_POINT ( 'NONE',  ( -6.547679712131308172, -1.999999999999998668, -2.979052028523549112 ) ) ;
#9002 = ADVANCED_FACE ( 'NONE', ( #5164 ), #9356, .T. ) ;
#9003 =( NAMED_UNIT ( * ) SI_UNIT ( $, .STERADIAN. ) SOLID_ANGLE_UNIT ( ) );
#9004 = DIRECTION ( 'NONE',  ( -1.000000000000000000, 0.000000000000000000, 0.000000000000000000 ) ) ;
#9005 = ORIENTED_EDGE ( 'NONE', *, *, #3640, .T. ) ;
#9006 = COLOUR_RGB ( '',1.000000000000000000, 1.000000000000000000, 1.000000000000000000 ) ;
#9007 = ORIENTED_EDGE ( 'NONE', *, *, #8243, .F. ) ;
#9008 = VERTEX_POINT ( 'NONE', #8395 ) ;
#9009 = CARTESIAN_POINT ( 'NONE',  ( -6.000000000000000000, 3.499999999999999556, 0.4000000000000000222 ) ) ;
#9010 = ADVANCED_FACE ( 'NONE', ( #2191 ), #9168, .T. ) ;
#9011 = COLOUR_RGB ( '',0.1098039215686274495, 0.1098039215686274495, 0.1098039215686274495 ) ;
#9012 = PLANE ( 'NONE',  #910 ) ;
#9013 = MECHANICAL_DESIGN_GEOMETRIC_PRESENTATION_REPRESENTATION (  '', ( #8839 ), #4127 ) ;
#9014 = FACE_OUTER_BOUND ( 'NONE', #3822, .T. ) ;
#9015 = STYLED_ITEM ( 'NONE', ( #9207 ), #9708 ) ;
#9016 = PRESENTATION_LAYER_ASSIGNMENT (  '', '', ( #10166 ) ) ;
#9017 = ORIENTED_EDGE ( 'NONE', *, *, #10094, .F. ) ;
#9018 = UNCERTAINTY_MEASURE_WITH_UNIT (LENGTH_MEASURE( 1.000000000000000082E-05 ), #5761, 'distance_accuracy_value', 'NONE');
#9019 = ORIENTED_EDGE ( 'NONE', *, *, #5874, .F. ) ;
#9020 =( NAMED_UNIT ( * ) PLANE_ANGLE_UNIT ( ) SI_UNIT ( $, .RADIAN. ) );
#9021 = VERTEX_POINT ( 'NONE', #1982 ) ;
#9022 = DIRECTION ( 'NONE',  ( -0.000000000000000000, -1.000000000000000000, -0.000000000000000000 ) ) ;
#9023 = EDGE_CURVE ( 'NONE', #8989, #140, #3971, .T. ) ;
#9024 = STYLED_ITEM ( 'NONE', ( #7267 ), #9875 ) ;
#9025 = PLANE ( 'NONE',  #337 ) ;
#9026 = EDGE_CURVE ( 'NONE', #6569, #645, #4469, .T. ) ;
#9027 = FILL_AREA_STYLE ('',( #5970 ) ) ;
#9028 = CIRCLE ( 'NONE', #5312, 0.8000000000000055955 ) ;
#9029 = CARTESIAN_POINT ( 'NONE',  ( 0.000000000000000000, 6.000000000000000000, 3.299999999999999822 ) ) ;
#9030 = SURFACE_STYLE_FILL_AREA ( #6548 ) ;
#9031 = ORIENTED_EDGE ( 'NONE', *, *, #9116, .T. ) ;
#9032 = DIRECTION ( 'NONE',  ( 0.000000000000000000, 0.000000000000000000, -1.000000000000000000 ) ) ;
#9033 = AXIS2_PLACEMENT_3D ( 'NONE', #7239, #8919, #1727 ) ;
#9034 = AXIS2_PLACEMENT_3D ( 'NONE', #5424, #7787, #4584 ) ;
#9035 = FACE_OUTER_BOUND ( 'NONE', #7232, .T. ) ;
#9036 = SPHERICAL_SURFACE ( 'NONE', #4952, 0.2999999999999999334 ) ;
#9037 = AXIS2_PLACEMENT_3D ( 'NONE', #100, #3307, #4046 ) ;
#9038 = ORIENTED_EDGE ( 'NONE', *, *, #689, .F. ) ;
#9039 = COLOUR_RGB ( '',0.1098039215686274495, 0.1098039215686274495, 0.1098039215686274495 ) ;
#9040 = ORIENTED_EDGE ( 'NONE', *, *, #2125, .T. ) ;
#9041 = PRESENTATION_STYLE_ASSIGNMENT (( #7412 ) ) ;
#9042 = CARTESIAN_POINT ( 'NONE',  ( 6.349999999999996092, -6.704630743366731593, -0.6874509908007693237 ) ) ;
#9043 = DIRECTION ( 'NONE',  ( 1.000000000000000000, 0.000000000000000000, -5.421010862435353587E-16 ) ) ;
#9044 = CIRCLE ( 'NONE', #6865, 0.4000000000000001887 ) ;
#9045 = LINE ( 'NONE', #1852, #9295 ) ;
#9046 = LINE ( 'NONE', #4247, #5337 ) ;
#9047 = CARTESIAN_POINT ( 'NONE',  ( 4.400000000000000355, -3.500000000000000888, 0.4000000000000000222 ) ) ;
#9048 = ORIENTED_EDGE ( 'NONE', *, *, #7828, .F. ) ;
#9049 = VECTOR ( 'NONE', #3991, 1000.000000000000227 ) ;
#9050 = ORIENTED_EDGE ( 'NONE', *, *, #2965, .T. ) ;
#9051 = AXIS2_PLACEMENT_3D ( 'NONE', #7439, #4328, #229 ) ;
#9052 = AXIS2_PLACEMENT_3D ( 'NONE', #7797, #6917, #6128 ) ;
#9053 = DIRECTION ( 'NONE',  ( 0.4722150451494369627, 0.000000000000000000, -0.8814833810881036458 ) ) ;
#9054 =( NAMED_UNIT ( * ) PLANE_ANGLE_UNIT ( ) SI_UNIT ( $, .RADIAN. ) );
#9055 = COLOUR_RGB ( '',1.000000000000000000, 1.000000000000000000, 1.000000000000000000 ) ;
#9056 = CIRCLE ( 'NONE', #5026, 0.7999999999999994893 ) ;
#9057 = VERTEX_POINT ( 'NONE', #9286 ) ;
#9058 = EDGE_LOOP ( 'NONE', ( #1806, #4139, #6360, #5345, #8003, #9622 ) ) ;
#9059 = VERTEX_POINT ( 'NONE', #2091 ) ;
#9060 = EDGE_CURVE ( 'NONE', #2678, #3322, #9028, .T. ) ;
#9061 = EDGE_CURVE ( 'NONE', #2904, #509, #2040, .T. ) ;
#9062 = FILL_AREA_STYLE ('',( #4214 ) ) ;
#9063 = EDGE_CURVE ( 'NONE', #645, #1106, #7169, .T. ) ;
#9064 =( LENGTH_UNIT ( ) NAMED_UNIT ( * ) SI_UNIT ( .MILLI., .METRE. ) );
#9065 = DIRECTION ( 'NONE',  ( -1.000000000000000000, 0.000000000000000000, 0.000000000000000000 ) ) ;
#9066 =( GEOMETRIC_REPRESENTATION_CONTEXT ( 3 ) GLOBAL_UNCERTAINTY_ASSIGNED_CONTEXT ( ( #3183 ) ) GLOBAL_UNIT_ASSIGNED_CONTEXT ( ( #4196, #2587, #7361 ) ) REPRESENTATION_CONTEXT ( 'NONE', 'WORKASPACE' ) );
#9067 =( NAMED_UNIT ( * ) SI_UNIT ( $, .STERADIAN. ) SOLID_ANGLE_UNIT ( ) );
#9068 = CARTESIAN_POINT ( 'NONE',  ( 5.000000000000000000, -5.499999999999999112, 0.000000000000000000 ) ) ;
#9069 = VECTOR ( 'NONE', #608, 1000.000000000000000 ) ;
#9070 = CARTESIAN_POINT ( 'NONE',  ( -6.650000000000000355, -1.999999999999999112, -2.094532406675943648 ) ) ;
#9071 = UNCERTAINTY_MEASURE_WITH_UNIT (LENGTH_MEASURE( 1.000000000000000082E-05 ), #6725, 'distance_accuracy_value', 'NONE');
#9072 = FILL_AREA_STYLE_COLOUR ( '', #7667 ) ;
#9073 = DIRECTION ( 'NONE',  ( -1.000000000000000000, 0.000000000000000000, 0.000000000000000000 ) ) ;
#9074 = ORIENTED_EDGE ( 'NONE', *, *, #8690, .T. ) ;
#9075 = MECHANICAL_DESIGN_GEOMETRIC_PRESENTATION_REPRESENTATION (  '', ( #646 ), #721 ) ;
#9076 = CIRCLE ( 'NONE', #36, 0.1999999999999996503 ) ;
#9077 = FACE_OUTER_BOUND ( 'NONE', #1829, .T. ) ;
#9078 = AXIS2_PLACEMENT_3D ( 'NONE', #9307, #2114, #4246 ) ;
#9079 =( NAMED_UNIT ( * ) PLANE_ANGLE_UNIT ( ) SI_UNIT ( $, .RADIAN. ) );
#9080 = SURFACE_STYLE_USAGE ( .BOTH. , #2672 ) ;
#9081 = AXIS2_PLACEMENT_3D ( 'NONE', #9478, #8642, #5364 ) ;
#9082 = STYLED_ITEM ( 'NONE', ( #8025 ), #2472 ) ;
#9083 = FILL_AREA_STYLE ('',( #9909 ) ) ;
#9084 = LINE ( 'NONE', #1991, #5288 ) ;
#9085 = ORIENTED_EDGE ( 'NONE', *, *, #5080, .F. ) ;
#9086 = CARTESIAN_POINT ( 'NONE',  ( -6.650000000000000355, -1.999999999999998224, -2.094532406675943648 ) ) ;
#9087 =( GEOMETRIC_REPRESENTATION_CONTEXT ( 3 ) GLOBAL_UNCERTAINTY_ASSIGNED_CONTEXT ( ( #6757 ) ) GLOBAL_UNIT_ASSIGNED_CONTEXT ( ( #8530, #1252, #425 ) ) REPRESENTATION_CONTEXT ( 'NONE', 'WORKASPACE' ) );
#9088 = ORIENTED_EDGE ( 'NONE', *, *, #9204, .T. ) ;
#9089 = AXIS2_PLACEMENT_3D ( 'NONE', #7634, #1258, #6856 ) ;
#9090 = DIRECTION ( 'NONE',  ( -1.000000000000000000, 0.000000000000000000, 0.000000000000000000 ) ) ;
#9091 = DIRECTION ( 'NONE',  ( -0.9698521414903616966, 0.2436941190233351817, -6.378297878462753769E-15 ) ) ;
#9092 = COLOUR_RGB ( '',0.1098039215686274495, 0.1098039215686274495, 0.1098039215686274495 ) ;
#9093 = CARTESIAN_POINT ( 'NONE',  ( 6.041480816619163363, 2.000000000000000000, -0.8527262566030738844 ) ) ;
#9094 =( GEOMETRIC_REPRESENTATION_CONTEXT ( 3 ) GLOBAL_UNCERTAINTY_ASSIGNED_CONTEXT ( ( #3447 ) ) GLOBAL_UNIT_ASSIGNED_CONTEXT ( ( #4243, #5030, #5994 ) ) REPRESENTATION_CONTEXT ( 'NONE', 'WORKASPACE' ) );
#9096 = MECHANICAL_DESIGN_GEOMETRIC_PRESENTATION_REPRESENTATION (  '', ( #9262 ), #4056 ) ;
#9095 = PRESENTATION_STYLE_ASSIGNMENT (( #5752 ) ) ;
#9097 = ORIENTED_EDGE ( 'NONE', *, *, #8045, .F. ) ;
#9098 = ORIENTED_EDGE ( 'NONE', *, *, #8688, .T. ) ;
#9099 = MECHANICAL_DESIGN_GEOMETRIC_PRESENTATION_REPRESENTATION (  '', ( #1895 ), #1398 ) ;
#9100 = CYLINDRICAL_SURFACE ( 'NONE', #4383, 0.8000000000000003775 ) ;
#9101 = LINE ( 'NONE', #9206, #2978 ) ;
#9102 =( NAMED_UNIT ( * ) SI_UNIT ( $, .STERADIAN. ) SOLID_ANGLE_UNIT ( ) );
#9103 =( GEOMETRIC_REPRESENTATION_CONTEXT ( 3 ) GLOBAL_UNCERTAINTY_ASSIGNED_CONTEXT ( ( #9798 ) ) GLOBAL_UNIT_ASSIGNED_CONTEXT ( ( #5573, #8879, #766 ) ) REPRESENTATION_CONTEXT ( 'NONE', 'WORKASPACE' ) );
#9104 = MECHANICAL_DESIGN_GEOMETRIC_PRESENTATION_REPRESENTATION (  '', ( #1408 ), #7930 ) ;
#9105 = SURFACE_STYLE_USAGE ( .BOTH. , #6691 ) ;
#9106 = VERTEX_POINT ( 'NONE', #3222 ) ;
#9107 = CARTESIAN_POINT ( 'NONE',  ( 5.435424868893546702, -1.599999999999999867, 3.600000000000000089 ) ) ;
#9108 = UNCERTAINTY_MEASURE_WITH_UNIT (LENGTH_MEASURE( 1.000000000000000082E-05 ), #4249, 'distance_accuracy_value', 'NONE');
#9109 = ORIENTED_EDGE ( 'NONE', *, *, #2955, .F. ) ;
#9110 =( NAMED_UNIT ( * ) PLANE_ANGLE_UNIT ( ) SI_UNIT ( $, .RADIAN. ) );
#9111 = DIRECTION ( 'NONE',  ( -0.000000000000000000, -0.000000000000000000, 1.000000000000000000 ) ) ;
#9112 = ORIENTED_EDGE ( 'NONE', *, *, #3640, .F. ) ;
#9113 = CIRCLE ( 'NONE', #2743, 0.5645751311064567401 ) ;
#9114 = DIRECTION ( 'NONE',  ( 1.960096758342356159E-15, -1.960096758342354581E-15, -1.000000000000000000 ) ) ;
#9115 = VECTOR ( 'NONE', #8089, 1000.000000000000000 ) ;
#9116 = EDGE_CURVE ( 'NONE', #9840, #8557, #7856, .T. ) ;
#9117 = DIRECTION ( 'NONE',  ( 0.000000000000000000, 0.000000000000000000, -1.000000000000000000 ) ) ;
#9118 = CARTESIAN_POINT ( 'NONE',  ( -1.389056478433031927, -5.528157206495055931, 3.500000000000002665 ) ) ;
#9119 = EDGE_CURVE ( 'NONE', #5462, #7964, #8653, .T. ) ;
#9120 = UNCERTAINTY_MEASURE_WITH_UNIT (LENGTH_MEASURE( 1.000000000000000082E-05 ), #1340, 'distance_accuracy_value', 'NONE');
#9121 =( LENGTH_UNIT ( ) NAMED_UNIT ( * ) SI_UNIT ( .MILLI., .METRE. ) );
#9122 =( LENGTH_UNIT ( ) NAMED_UNIT ( * ) SI_UNIT ( .MILLI., .METRE. ) );
#9123 = EDGE_CURVE ( 'NONE', #8861, #5142, #642, .T. ) ;
#9124 = PRESENTATION_LAYER_ASSIGNMENT (  '', '', ( #9938 ) ) ;
#9125 = PRESENTATION_STYLE_ASSIGNMENT (( #5932 ) ) ;
#9126 = ORIENTED_EDGE ( 'NONE', *, *, #47, .F. ) ;
#9127 = EDGE_LOOP ( 'NONE', ( #5260, #4519, #4520, #1342 ) ) ;
#9128 = DIRECTION ( 'NONE',  ( -0.8682466191274125222, 9.142909181781886702E-17, -0.4961328535521688510 ) ) ;
#9129 =( GEOMETRIC_REPRESENTATION_CONTEXT ( 3 ) GLOBAL_UNCERTAINTY_ASSIGNED_CONTEXT ( ( #7453 ) ) GLOBAL_UNIT_ASSIGNED_CONTEXT ( ( #10027, #7937, #3881 ) ) REPRESENTATION_CONTEXT ( 'NONE', 'WORKASPACE' ) );
#9130 = DIRECTION ( 'NONE',  ( -1.000000000000000000, 0.000000000000000000, -0.000000000000000000 ) ) ;
#9131 = FACE_OUTER_BOUND ( 'NONE', #33, .T. ) ;
#9132 = EDGE_CURVE ( 'NONE', #5609, #3699, #10173, .T. ) ;
#9133 =( LENGTH_UNIT ( ) NAMED_UNIT ( * ) SI_UNIT ( .MILLI., .METRE. ) );
#9134 = UNCERTAINTY_MEASURE_WITH_UNIT (LENGTH_MEASURE( 1.000000000000000082E-05 ), #1335, 'distance_accuracy_value', 'NONE');
#9135 = VERTEX_POINT ( 'NONE', #691 ) ;
#9136 = CARTESIAN_POINT ( 'NONE',  ( 0.000000000000000000, -4.500000000000003553, -9.796850830579017080E-17 ) ) ;
#9137 = ORIENTED_EDGE ( 'NONE', *, *, #5340, .T. ) ;
#9138 = PRESENTATION_STYLE_ASSIGNMENT (( #2787 ) ) ;
#9139 = ADVANCED_FACE ( 'NONE', ( #5606 ), #8010, .T. ) ;
#9140 = CARTESIAN_POINT ( 'NONE',  ( 1.462164714140014254, 5.819112848941896843, 3.200000000000021494 ) ) ;
#9141 = UNCERTAINTY_MEASURE_WITH_UNIT (LENGTH_MEASURE( 1.000000000000000082E-05 ), #6222, 'distance_accuracy_value', 'NONE');
#9142 = SURFACE_SIDE_STYLE ('',( #5949 ) ) ;
#9143 = ORIENTED_EDGE ( 'NONE', *, *, #2598, .T. ) ;
#9144 = ORIENTED_EDGE ( 'NONE', *, *, #2274, .T. ) ;
#9145 =( GEOMETRIC_REPRESENTATION_CONTEXT ( 3 ) GLOBAL_UNCERTAINTY_ASSIGNED_CONTEXT ( ( #7433 ) ) GLOBAL_UNIT_ASSIGNED_CONTEXT ( ( #1281, #3656, #8515 ) ) REPRESENTATION_CONTEXT ( 'NONE', 'WORKASPACE' ) );
#9146 = PLANE ( 'NONE',  #4594 ) ;
#9147 = AXIS2_PLACEMENT_3D ( 'NONE', #3593, #4442, #4341 ) ;
#9148 = SURFACE_STYLE_FILL_AREA ( #2070 ) ;
#9149 = SURFACE_STYLE_FILL_AREA ( #2071 ) ;
#9150 = CYLINDRICAL_SURFACE ( 'NONE', #7498, 0.1999999999999996503 ) ;
#9151 = CARTESIAN_POINT ( 'NONE',  ( 5.000000000000000000, 5.000000000000000000, 3.500000000000000000 ) ) ;
#9152 = COLOUR_RGB ( '',0.1098039215686274495, 0.1098039215686274495, 0.1098039215686274495 ) ;
#9153 = CARTESIAN_POINT ( 'NONE',  ( -2.465190328830165300E-26, -2.465190328830165300E-26, 7.299999999986539478 ) ) ;
#9154 = FACE_OUTER_BOUND ( 'NONE', #10147, .T. ) ;
#9155 = ORIENTED_EDGE ( 'NONE', *, *, #3914, .T. ) ;
#9156 = VERTEX_POINT ( 'NONE', #5085 ) ;
#9157 =( NAMED_UNIT ( * ) PLANE_ANGLE_UNIT ( ) SI_UNIT ( $, .RADIAN. ) );
#9158 = FACE_OUTER_BOUND ( 'NONE', #2962, .T. ) ;
#9159 = ORIENTED_EDGE ( 'NONE', *, *, #7521, .T. ) ;
#9160 = AXIS2_PLACEMENT_3D ( 'NONE', #8767, #10117, #2921 ) ;
#9161 = CARTESIAN_POINT ( 'NONE',  ( -6.212785798360254574, -2.499999999999998668, -2.960449165327015297 ) ) ;
#9162 = COLOUR_RGB ( '',0.1098039215686274495, 0.1098039215686274495, 0.1098039215686274495 ) ;
#9163 = LINE ( 'NONE', #1015, #902 ) ;
#9164 = EDGE_CURVE ( 'NONE', #7454, #6361, #8519, .T. ) ;
#9165 =( LENGTH_UNIT ( ) NAMED_UNIT ( * ) SI_UNIT ( .MILLI., .METRE. ) );
#9166 = FACE_OUTER_BOUND ( 'NONE', #10205, .T. ) ;
#9167 = UNCERTAINTY_MEASURE_WITH_UNIT (LENGTH_MEASURE( 1.000000000000000082E-05 ), #1108, 'distance_accuracy_value', 'NONE');
#9168 = SPHERICAL_SURFACE ( 'NONE', #8187, 0.3000000000000002665 ) ;
#9169 = CIRCLE ( 'NONE', #1625, 0.7999999999999994893 ) ;
#9170 = CARTESIAN_POINT ( 'NONE',  ( -1.891518204694826899, 5.400000000000009237, 3.600000000000000533 ) ) ;
#9171 = CARTESIAN_POINT ( 'NONE',  ( -5.424745029542298091, 1.866168552841671158, 3.600000000000005862 ) ) ;
#9172 =( NAMED_UNIT ( * ) PLANE_ANGLE_UNIT ( ) SI_UNIT ( $, .RADIAN. ) );
#9173 = ORIENTED_EDGE ( 'NONE', *, *, #5393, .F. ) ;
#9174 = STYLED_ITEM ( 'NONE', ( #1623 ), #10328 ) ;
#9175 = EDGE_LOOP ( 'NONE', ( #3378, #935, #68, #6512, #1607 ) ) ;
#9176 = DIRECTION ( 'NONE',  ( -0.8814833810881018694, 9.282296436280006279E-17, 0.4722150451494406820 ) ) ;
#9177 = ORIENTED_EDGE ( 'NONE', *, *, #5978, .T. ) ;
#9178 = VECTOR ( 'NONE', #214, 1000.000000000000000 ) ;
#9179 = COLOUR_RGB ( '',0.5019607843137254832, 0.5019607843137254832, 0.5019607843137254832 ) ;
#9180 = CARTESIAN_POINT ( 'NONE',  ( 4.999999999999994671, -6.000000000000000000, 0.2000000000000000944 ) ) ;
#9181 = LINE ( 'NONE', #5172, #46 ) ;
#9182 = LINE ( 'NONE', #6037, #3439 ) ;
#9183 = FILL_AREA_STYLE ('',( #10217 ) ) ;
#9184 = COLOUR_RGB ( '',0.1098039215686274495, 0.1098039215686274495, 0.1098039215686274495 ) ;
#9185 = PLANE ( 'NONE',  #5544 ) ;
#9186 = MECHANICAL_DESIGN_GEOMETRIC_PRESENTATION_REPRESENTATION (  '', ( #496 ), #10181 ) ;
#9187 = ORIENTED_EDGE ( 'NONE', *, *, #43, .T. ) ;
#9188 = DIRECTION ( 'NONE',  ( 0.8682466191274117451, 0.000000000000000000, 0.4961328535521704053 ) ) ;
#9189 = EDGE_CURVE ( 'NONE', #4262, #1796, #6999, .T. ) ;
#9190 = EDGE_CURVE ( 'NONE', #7069, #8569, #3624, .T. ) ;
#9191 = LINE ( 'NONE', #10124, #3882 ) ;
#9192 = CYLINDRICAL_SURFACE ( 'NONE', #4218, 0.4000000000000001887 ) ;
#9193 = ADVANCED_FACE ( 'NONE', ( #1168 ), #392, .T. ) ;
#9194 =( NAMED_UNIT ( * ) PLANE_ANGLE_UNIT ( ) SI_UNIT ( $, .RADIAN. ) );
#9195 = PRESENTATION_STYLE_ASSIGNMENT (( #306 ) ) ;
#9196 = AXIS2_PLACEMENT_3D ( 'NONE', #1435, #3654, #5347 ) ;
#9197 = CYLINDRICAL_SURFACE ( 'NONE', #5150, 0.3499999999999996447 ) ;
#9198 = EDGE_CURVE ( 'NONE', #8557, #5583, #5146, .T. ) ;
#9199 = PRESENTATION_LAYER_ASSIGNMENT (  '', '', ( #1989 ) ) ;
#9200 = EDGE_LOOP ( 'NONE', ( #7950, #346, #8901, #6298 ) ) ;
#9201 = VERTEX_POINT ( 'NONE', #2206 ) ;
#9202 =( GEOMETRIC_REPRESENTATION_CONTEXT ( 3 ) GLOBAL_UNCERTAINTY_ASSIGNED_CONTEXT ( ( #6453 ) ) GLOBAL_UNIT_ASSIGNED_CONTEXT ( ( #2052, #2922, #9298 ) ) REPRESENTATION_CONTEXT ( 'NONE', 'WORKASPACE' ) );
#9203 = SURFACE_SIDE_STYLE ('',( #8374 ) ) ;
#9204 = EDGE_CURVE ( 'NONE', #2196, #7543, #602, .T. ) ;
#9205 = LINE ( 'NONE', #5198, #906 ) ;
#9206 = CARTESIAN_POINT ( 'NONE',  ( -1.600000000000189715, 1.899999999999999689, 7.299999999999998934 ) ) ;
#9207 = PRESENTATION_STYLE_ASSIGNMENT (( #4311 ) ) ;
#9208 = CYLINDRICAL_SURFACE ( 'NONE', #2729, 0.2999999999999999334 ) ;
#9209 = LINE ( 'NONE', #4628, #7388 ) ;
#9210 = FILL_AREA_STYLE ('',( #3420 ) ) ;
#9211 =( LENGTH_UNIT ( ) NAMED_UNIT ( * ) SI_UNIT ( .MILLI., .METRE. ) );
#9212 = ORIENTED_EDGE ( 'NONE', *, *, #3652, .T. ) ;
#9213 = ORIENTED_EDGE ( 'NONE', *, *, #10080, .T. ) ;
#9214 = CARTESIAN_POINT ( 'NONE',  ( 4.150000000000000355, 5.082284216461515156E-16, 3.049999999999998934 ) ) ;
#9215 = ORIENTED_EDGE ( 'NONE', *, *, #942, .T. ) ;
#9216 = FILL_AREA_STYLE_COLOUR ( '', #8083 ) ;
#9217 =( GEOMETRIC_REPRESENTATION_CONTEXT ( 3 ) GLOBAL_UNCERTAINTY_ASSIGNED_CONTEXT ( ( #2475 ) ) GLOBAL_UNIT_ASSIGNED_CONTEXT ( ( #727, #8842, #5644 ) ) REPRESENTATION_CONTEXT ( 'NONE', 'WORKASPACE' ) );
#9218 = CARTESIAN_POINT ( 'NONE',  ( 5.253655404743397206, 1.421074922648784211, 3.599999921031964423 ) ) ;
#9219 =( LENGTH_UNIT ( ) NAMED_UNIT ( * ) SI_UNIT ( .MILLI., .METRE. ) );
#9220 = DIRECTION ( 'NONE',  ( 1.222978688985946960E-15, 1.000000000000000000, 0.000000000000000000 ) ) ;
#9221 = FILL_AREA_STYLE_COLOUR ( '', #237 ) ;
#9222 = UNCERTAINTY_MEASURE_WITH_UNIT (LENGTH_MEASURE( 1.000000000000000082E-05 ), #10145, 'distance_accuracy_value', 'NONE');
#9223 = CARTESIAN_POINT ( 'NONE',  ( 5.272502810938881623, -1.604051834206942306, 3.599999976347726172 ) ) ;
#9224 =( NAMED_UNIT ( * ) PLANE_ANGLE_UNIT ( ) SI_UNIT ( $, .RADIAN. ) );
#9225 = SURFACE_SIDE_STYLE ('',( #2817 ) ) ;
#9226 = SURFACE_SIDE_STYLE ('',( #6025 ) ) ;
#9227 = AXIS2_PLACEMENT_3D ( 'NONE', #7129, #3280, #8816 ) ;
#9228 = CARTESIAN_POINT ( 'NONE',  ( 1.899999999999999911, 0.000000000000000000, 4.299999999999999822 ) ) ;
#9229 = ORIENTED_EDGE ( 'NONE', *, *, #4104, .F. ) ;
#9230 = ORIENTED_EDGE ( 'NONE', *, *, #1487, .F. ) ;
#9231 = CARTESIAN_POINT ( 'NONE',  ( 5.400000000000006573, 1.891518204694830008, 3.600000000000000977 ) ) ;
#9232 = ORIENTED_EDGE ( 'NONE', *, *, #5542, .F. ) ;
#9233 = STYLED_ITEM ( 'NONE', ( #6347 ), #5069 ) ;
#9234 =( GEOMETRIC_REPRESENTATION_CONTEXT ( 3 ) GLOBAL_UNCERTAINTY_ASSIGNED_CONTEXT ( ( #811 ) ) GLOBAL_UNIT_ASSIGNED_CONTEXT ( ( #2631, #8264, #3603 ) ) REPRESENTATION_CONTEXT ( 'NONE', 'WORKASPACE' ) );
#9235 = DIRECTION ( 'NONE',  ( 0.8682466191274204048, 0.000000000000000000, 0.4961328535521550842 ) ) ;
#9236 = CIRCLE ( 'NONE', #4693, 0.4500000000000001221 ) ;
#9237 = DIRECTION ( 'NONE',  ( 0.000000000000000000, 0.000000000000000000, -1.000000000000000000 ) ) ;
#9238 = FACE_BOUND ( 'NONE', #9311, .T. ) ;
#9239 = SURFACE_STYLE_USAGE ( .BOTH. , #7548 ) ;
#9240 = MECHANICAL_DESIGN_GEOMETRIC_PRESENTATION_REPRESENTATION (  '', ( #5726 ), #1696 ) ;
#9241 = ORIENTED_EDGE ( 'NONE', *, *, #3373, .T. ) ;
#9242 = PRESENTATION_STYLE_ASSIGNMENT (( #2057 ) ) ;
#9243 = MECHANICAL_DESIGN_GEOMETRIC_PRESENTATION_REPRESENTATION (  '', ( #3859 ), #3685 ) ;
#9244 = DIRECTION ( 'NONE',  ( 0.1611885087261710203, 0.6414968937217156997, 0.7500000000000153211 ) ) ;
#9245 = LINE ( 'NONE', #3707, #379 ) ;
#9246 = PRESENTATION_STYLE_ASSIGNMENT (( #1087 ) ) ;
#9247 = STYLED_ITEM ( 'NONE', ( #6591 ), #4629 ) ;
#9248 = AXIS2_PLACEMENT_3D ( 'NONE', #7440, #1837, #6701 ) ;
#9249 = EDGE_CURVE ( 'NONE', #5053, #9492, #5323, .T. ) ;
#9250 = DIRECTION ( 'NONE',  ( -9.768964762094919400E-31, 1.000000000000000000, 2.797941090285171111E-16 ) ) ;
#9251 = FACE_OUTER_BOUND ( 'NONE', #7644, .T. ) ;
#9252 = STYLED_ITEM ( 'NONE', ( #5819 ), #5383 ) ;
#9253 = CIRCLE ( 'NONE', #5042, 5.700000000000130740 ) ;
#9254 = ADVANCED_FACE ( 'NONE', ( #1373 ), #4553, .F. ) ;
#9255 = ORIENTED_EDGE ( 'NONE', *, *, #5524, .F. ) ;
#9256 = EDGE_CURVE ( 'NONE', #7352, #5372, #8664, .T. ) ;
#9257 = ORIENTED_EDGE ( 'NONE', *, *, #3404, .F. ) ;
#9258 = ORIENTED_EDGE ( 'NONE', *, *, #5233, .F. ) ;
#9259 = DIRECTION ( 'NONE',  ( 0.000000000000000000, 0.000000000000000000, -1.000000000000000000 ) ) ;
#9260 = FACE_OUTER_BOUND ( 'NONE', #5659, .T. ) ;
#9261 = STYLED_ITEM ( 'NONE', ( #9861 ), #7391 ) ;
#9262 = STYLED_ITEM ( 'NONE', ( #6528 ), #2899 ) ;
#9263 = EDGE_CURVE ( 'NONE', #4732, #5382, #3465, .T. ) ;
#9264 = DIRECTION ( 'NONE',  ( 1.204023980438710231E-13, 6.020119902213432469E-13, -1.000000000000000000 ) ) ;
#9265 = EDGE_CURVE ( 'NONE', #708, #9008, #2812, .T. ) ;
#9266 = FACE_BOUND ( 'NONE', #5212, .T. ) ;
#9267 = TOROIDAL_SURFACE ( 'NONE', #10092, 0.5645751311064380884, 0.3999999999999608313 ) ;
#9268 = CARTESIAN_POINT ( 'NONE',  ( 9.184547653667787528E-17, -4.500000000000002665, -1.500000000000000444 ) ) ;
#9269 = VERTEX_POINT ( 'NONE', #9351 ) ;
#9270 = SURFACE_STYLE_FILL_AREA ( #6070 ) ;
#9271 = ORIENTED_EDGE ( 'NONE', *, *, #9063, .T. ) ;
#9272 = ORIENTED_EDGE ( 'NONE', *, *, #5936, .T. ) ;
#9273 = CARTESIAN_POINT ( 'NONE',  ( -6.287205726393079175, 1.999999999999999112, -2.830212172457901687 ) ) ;
#9274 = LINE ( 'NONE', #2082, #478 ) ;
#9275 = VERTEX_POINT ( 'NONE', #5343 ) ;
#9276 = SURFACE_STYLE_FILL_AREA ( #6910 ) ;
#9277 = STYLED_ITEM ( 'NONE', ( #1312 ), #8299 ) ;
#9278 = DIRECTION ( 'NONE',  ( -1.000000000000000000, 0.000000000000000000, 0.000000000000000000 ) ) ;
#9279 = CARTESIAN_POINT ( 'NONE',  ( -6.305925830945595223, 3.000000000000000000, -0.7110617430582406584 ) ) ;
#9280 = AXIS2_PLACEMENT_3D ( 'NONE', #4762, #6558, #242 ) ;
#9281 = CARTESIAN_POINT ( 'NONE',  ( 6.000000000000000000, 0.000000000000000000, 3.500000000000000000 ) ) ;
#9282 = DIRECTION ( 'NONE',  ( -1.000000000000000000, 3.552713678800500929E-15, 1.902109074535983168E-15 ) ) ;
#9283 = ADVANCED_FACE ( 'NONE', ( #8554 ), #4648, .T. ) ;
#9284 = AXIS2_PLACEMENT_3D ( 'NONE', #10086, #3663, #6837 ) ;
#9285 = CARTESIAN_POINT ( 'NONE',  ( 5.389588152002233734, -1.832105241888698943, 3.600000000000003642 ) ) ;
#9286 = CARTESIAN_POINT ( 'NONE',  ( 5.435424868894233263, -2.250000000001067146, 3.600000000000001421 ) ) ;
#9287 = DIRECTION ( 'NONE',  ( 1.058592843975275355E-14, 2.512674504403129539E-14, -1.000000000000000000 ) ) ;
#9288 = DIRECTION ( 'NONE',  ( 5.025349008806200386E-14, 2.117185687950617605E-14, -1.000000000000000000 ) ) ;
#9289 =( GEOMETRIC_REPRESENTATION_CONTEXT ( 3 ) GLOBAL_UNCERTAINTY_ASSIGNED_CONTEXT ( ( #4857 ) ) GLOBAL_UNIT_ASSIGNED_CONTEXT ( ( #8485, #2033, #8593 ) ) REPRESENTATION_CONTEXT ( 'NONE', 'WORKASPACE' ) );
#9290 = EDGE_LOOP ( 'NONE', ( #8769, #3802, #8260, #6720 ) ) ;
#9291 = ORIENTED_EDGE ( 'NONE', *, *, #3231, .T. ) ;
#9292 = CIRCLE ( 'NONE', #761, 0.1999999999999996503 ) ;
#9293 =( NAMED_UNIT ( * ) SI_UNIT ( $, .STERADIAN. ) SOLID_ANGLE_UNIT ( ) );
#9294 = SURFACE_SIDE_STYLE ('',( #7649 ) ) ;
#9295 = VECTOR ( 'NONE', #5034, 1000.000000000000000 ) ;
#9296 = AXIS2_PLACEMENT_3D ( 'NONE', #4797, #10264, #3069 ) ;
#9297 = DIRECTION ( 'NONE',  ( -1.000000000000000000, 5.481026527454826646E-29, -7.403395523308807230E-15 ) ) ;
#9298 =( NAMED_UNIT ( * ) SI_UNIT ( $, .STERADIAN. ) SOLID_ANGLE_UNIT ( ) );
#9299 = EDGE_LOOP ( 'NONE', ( #4325, #7147, #4374, #7992 ) ) ;
#9300 = CARTESIAN_POINT ( 'NONE',  ( 1.462164714140014254, 5.819112848941896843, 3.499999999999998668 ) ) ;
#9301 = CARTESIAN_POINT ( 'NONE',  ( -6.000000000000000000, -3.499999999999999556, 0.4000000000000000222 ) ) ;
#9302 = STYLED_ITEM ( 'NONE', ( #10355 ), #7056 ) ;
#9303 = DIRECTION ( 'NONE',  ( 0.000000000000000000, 1.000000000000000000, 0.000000000000000000 ) ) ;
#9304 = CARTESIAN_POINT ( 'NONE',  ( 5.699999999999998401, 2.250000000010903278, 3.499999999999998224 ) ) ;
#9305 = SURFACE_SIDE_STYLE ('',( #1431 ) ) ;
#9306 = PRESENTATION_STYLE_ASSIGNMENT (( #9359 ) ) ;
#9307 = CARTESIAN_POINT ( 'NONE',  ( 4.293095036341375427E-16, 5.275000000000004796, 3.500000000000001332 ) ) ;
#9308 = CARTESIAN_POINT ( 'NONE',  ( -4.255878169405403533, 4.112692235538853325, 3.598714543258406451 ) ) ;
#9309 =( LENGTH_UNIT ( ) NAMED_UNIT ( * ) SI_UNIT ( .MILLI., .METRE. ) );
#9310 = VERTEX_POINT ( 'NONE', #8173 ) ;
#9311 = EDGE_LOOP ( 'NONE', ( #2458, #5755, #9005, #2177 ) ) ;
#9312 = ADVANCED_FACE ( 'NONE', ( #9014 ), #3127, .T. ) ;
#9313 =( NAMED_UNIT ( * ) SI_UNIT ( $, .STERADIAN. ) SOLID_ANGLE_UNIT ( ) );
#9314 = FACE_OUTER_BOUND ( 'NONE', #457, .T. ) ;
#9315 = VECTOR ( 'NONE', #2038, 1000.000000000000000 ) ;
#9316 = DIRECTION ( 'NONE',  ( -0.000000000000000000, 6.672013369141566696E-17, -1.000000000000000000 ) ) ;
#9317 =( NAMED_UNIT ( * ) SI_UNIT ( $, .STERADIAN. ) SOLID_ANGLE_UNIT ( ) );
#9318 = CARTESIAN_POINT ( 'NONE',  ( -6.958519183380836637, -1.999999999999999112, -1.929257140873639864 ) ) ;
#9319 = DIRECTION ( 'NONE',  ( -2.168404344971018482E-16, -4.701977403289191086E-32, 1.000000000000000000 ) ) ;
#9320 = PRESENTATION_LAYER_ASSIGNMENT (  '', '', ( #1786 ) ) ;
#9321 = ORIENTED_EDGE ( 'NONE', *, *, #3329, .F. ) ;
#9322 = ADVANCED_FACE ( 'NONE', ( #4529 ), #7746, .T. ) ;
#9323 = VERTEX_POINT ( 'NONE', #9569 ) ;
#9324 = SURFACE_SIDE_STYLE ('',( #7627 ) ) ;
#9325 =( NAMED_UNIT ( * ) PLANE_ANGLE_UNIT ( ) SI_UNIT ( $, .RADIAN. ) );
#9326 = ORIENTED_EDGE ( 'NONE', *, *, #10336, .F. ) ;
#9327 = DIRECTION ( 'NONE',  ( 0.6105579948611065122, 0.2543991645254088385, 0.7499999999999727995 ) ) ;
#9328 = FILL_AREA_STYLE ('',( #5430 ) ) ;
#9329 = CARTESIAN_POINT ( 'NONE',  ( 6.000000000000000000, -5.000000000000000000, 0.4000000000000000222 ) ) ;
#9330 = AXIS2_PLACEMENT_3D ( 'NONE', #3401, #139, #4926 ) ;
#9331 = CARTESIAN_POINT ( 'NONE',  ( -4.150000000000000355, 0.000000000000000000, 3.049999999999998934 ) ) ;
#9332 =( NAMED_UNIT ( * ) PLANE_ANGLE_UNIT ( ) SI_UNIT ( $, .RADIAN. ) );
#9333 = FILL_AREA_STYLE ('',( #9221 ) ) ;
#9334 = UNCERTAINTY_MEASURE_WITH_UNIT (LENGTH_MEASURE( 1.000000000000000082E-05 ), #3426, 'distance_accuracy_value', 'NONE');
#9335 = SURFACE_STYLE_FILL_AREA ( #2860 ) ;
#9336 =( LENGTH_UNIT ( ) NAMED_UNIT ( * ) SI_UNIT ( .MILLI., .METRE. ) );
#9337 = CARTESIAN_POINT ( 'NONE',  ( -1.324581074942549064, 5.271558449006358060, 3.200000000000009059 ) ) ;
#9338 = ORIENTED_EDGE ( 'NONE', *, *, #421, .T. ) ;
#9339 = STYLED_ITEM ( 'NONE', ( #4858 ), #4233 ) ;
#9340 = EDGE_LOOP ( 'NONE', ( #2182, #5438, #1191, #7574 ) ) ;
#9341 =( LENGTH_UNIT ( ) NAMED_UNIT ( * ) SI_UNIT ( .MILLI., .METRE. ) );
#9342 = ORIENTED_EDGE ( 'NONE', *, *, #6828, .T. ) ;
#9343 = EDGE_CURVE ( 'NONE', #3029, #2745, #2139, .T. ) ;
#9344 = TOROIDAL_SURFACE ( 'NONE', #312, 5.435424868893901973, 0.3999999999999735989 ) ;
#9345 = EDGE_CURVE ( 'NONE', #9957, #708, #1644, .T. ) ;
#9346 = DIRECTION ( 'NONE',  ( -0.4733177335606395530, -0.4620284873219573929, 0.7500000000000021094 ) ) ;
#9347 = CARTESIAN_POINT ( 'NONE',  ( 6.000000000000000000, 2.000000000000000000, 3.500000000000000000 ) ) ;
#9348 = CIRCLE ( 'NONE', #9826, 0.3499999999999996447 ) ;
#9349 = ORIENTED_EDGE ( 'NONE', *, *, #3468, .F. ) ;
#9350 = COLOUR_RGB ( '',1.000000000000000000, 1.000000000000000000, 1.000000000000000000 ) ;
#9351 = CARTESIAN_POINT ( 'NONE',  ( 1.676841459417439451, -5.609556424471086267, 3.500000000000000444 ) ) ;
#9352 = SURFACE_STYLE_USAGE ( .BOTH. , #8357 ) ;
#9353 = ORIENTED_EDGE ( 'NONE', *, *, #6878, .T. ) ;
#9354 = FILL_AREA_STYLE_COLOUR ( '', #3718 ) ;
#9355 =( NAMED_UNIT ( * ) SI_UNIT ( $, .STERADIAN. ) SOLID_ANGLE_UNIT ( ) );
#9356 = TOROIDAL_SURFACE ( 'NONE', #9998, 4.924999999999994493, 0.2500000000000167644 ) ;
#9357 = SURFACE_STYLE_FILL_AREA ( #2111 ) ;
#9358 = FILL_AREA_STYLE ('',( #555 ) ) ;
#9359 = SURFACE_STYLE_USAGE ( .BOTH. , #1476 ) ;
#9360 = CARTESIAN_POINT ( 'NONE',  ( 6.547679712131309060, -2.000000000000000000, -2.979052028523547335 ) ) ;
#9361 =( NAMED_UNIT ( * ) PLANE_ANGLE_UNIT ( ) SI_UNIT ( $, .RADIAN. ) );
#9362 = UNCERTAINTY_MEASURE_WITH_UNIT (LENGTH_MEASURE( 1.000000000000000082E-05 ), #10312, 'distance_accuracy_value', 'NONE');
#9363 = PRESENTATION_LAYER_ASSIGNMENT (  '', '', ( #496 ) ) ;
#9364 = DIRECTION ( 'NONE',  ( 3.006455034846200772E-16, -6.012910069692402531E-16, 1.000000000000000000 ) ) ;
#9365 = ORIENTED_EDGE ( 'NONE', *, *, #7588, .F. ) ;
#9366 =( GEOMETRIC_REPRESENTATION_CONTEXT ( 3 ) GLOBAL_UNCERTAINTY_ASSIGNED_CONTEXT ( ( #9222 ) ) GLOBAL_UNIT_ASSIGNED_CONTEXT ( ( #10145, #519, #6164 ) ) REPRESENTATION_CONTEXT ( 'NONE', 'WORKASPACE' ) );
#9367 = ORIENTED_EDGE ( 'NONE', *, *, #347, .T. ) ;
#9368 = SURFACE_STYLE_FILL_AREA ( #5354 ) ;
#9369 = PRESENTATION_LAYER_ASSIGNMENT (  '', '', ( #3470 ) ) ;
#9370 = PRESENTATION_STYLE_ASSIGNMENT (( #9473 ) ) ;
#9371 =( GEOMETRIC_REPRESENTATION_CONTEXT ( 3 ) GLOBAL_UNCERTAINTY_ASSIGNED_CONTEXT ( ( #7818 ) ) GLOBAL_UNIT_ASSIGNED_CONTEXT ( ( #503, #5453, #7660 ) ) REPRESENTATION_CONTEXT ( 'NONE', 'WORKASPACE' ) );
#9372 = VECTOR ( 'NONE', #107, 1000.000000000000114 ) ;
#9373 = CARTESIAN_POINT ( 'NONE',  ( -5.819112848942158855, 1.462164714140030908, 3.600000000000001421 ) ) ;
#9374 = DIRECTION ( 'NONE',  ( -1.000000000000000000, 0.000000000000000000, 0.000000000000000000 ) ) ;
#9375 = FILL_AREA_STYLE_COLOUR ( '', #7037 ) ;
#9376 = CLOSED_SHELL ( 'NONE', ( #8484, #7334, #8804, #6782, #8219, #9821, #301, #6955, #5201, #9495, #3864, #7076, #1484, #7835, #6006, #3348, #2218, #3852, #10150, #4369, #5741, #1265, #9600, #6530, #9451, #9769, #10206, #2899, #6058, #4629, #1441, #10326, #1948, #7894, #7269, #9708, #456, #7887, #3966, #1831, #6258, #10192, #10142, #9322, #825, #5404, #1886, #3648, #3775, #8670, #6301, #684, #7696, #6426, #9699, #6245, #1697, #7391, #9312, #1758, #5556, #2339, #4235, #9994, #2935, #6760, #943, #10280, #3394, #5190, #3023, #8806, #1997, #6185, #7837, #4175, #9393, #7728, #9888, #8751, #5280, #9254, #2129, #3838, #5728, #9461, #4367, #6378, #3632, #3997, #530, #3086, #7382, #7949, #5478, #4096, #7585, #1305, #164, #3345, #2261, #38, #4879, #6113, #5145, #5006, #2499, #4887, #9873, #10139, #10328, #7266, #2472, #6690, #5069, #7056, #1944, #3462, #8856, #7514, #8033, #9139, #245, #1693, #4493, #5252, #3833, #7973, #2707, #3082, #6615, #6492, #9875, #4233, #8479, #8958, #6352, #6629, #7201, #5005, #1939, #3074, #7617, #4155, #4183, #4304, #6620, #508, #104, #7647, #4736, #6018, #5219, #4739, #7402, #9283, #10017, #9398, #2205, #3407, #1900, #8830, #5610, #8166, #2629, #9903, #4916, #3728, #7976, #1392, #10012, #3416, #7640, #1629, #814, #3730, #8966, #759, #10218, #1072, #1560, #8160, #2832, #10140, #7406, #8568, #167, #9193, #1815, #10028, #9002, #6748, #1894, #6802, #2288, #699, #426, #1062, #59, #5383, #6795, #8059, #8986, #1358, #3027, #10277, #5336, #5467, #7972, #5996, #9568, #7122, #4024, #3089, #9010, #8299, #3016, #2765, #5065 ) ) ;
#9377 = ORIENTED_EDGE ( 'NONE', *, *, #3068, .F. ) ;
#9378 = ORIENTED_EDGE ( 'NONE', *, *, #2147, .F. ) ;
#9379 = CARTESIAN_POINT ( 'NONE',  ( 5.271558449006381153, 1.324581074942572823, 3.600000000000001421 ) ) ;
#9380 = FILL_AREA_STYLE_COLOUR ( '', #2306 ) ;
#9381 = SURFACE_STYLE_USAGE ( .BOTH. , #6173 ) ;
#9382 = FACE_OUTER_BOUND ( 'NONE', #5001, .T. ) ;
#9383 = FACE_OUTER_BOUND ( 'NONE', #2944, .T. ) ;
#9384 = DIRECTION ( 'NONE',  ( 0.000000000000000000, -1.000000000000000000, 1.301042606982582917E-14 ) ) ;
#9385 = DIRECTION ( 'NONE',  ( 1.960096758342356159E-15, -1.960096758342354581E-15, -1.000000000000000000 ) ) ;
#9386 = SURFACE_STYLE_USAGE ( .BOTH. , #2142 ) ;
#9387 = DIRECTION ( 'NONE',  ( 7.658862341165961560E-12, -1.000000000000000000, -5.446308913118784637E-12 ) ) ;
#9388 = EDGE_CURVE ( 'NONE', #1031, #7860, #8595, .T. ) ;
#9389 = DIRECTION ( 'NONE',  ( -1.000000000000000000, 0.000000000000000000, 0.000000000000000000 ) ) ;
#9390 = EDGE_CURVE ( 'NONE', #467, #1139, #1832, .T. ) ;
#9391 = FILL_AREA_STYLE_COLOUR ( '', #3191 ) ;
#9392 = ORIENTED_EDGE ( 'NONE', *, *, #2008, .T. ) ;
#9393 = ADVANCED_FACE ( 'NONE', ( #9383 ), #4590, .T. ) ;
#9394 = ORIENTED_EDGE ( 'NONE', *, *, #4792, .F. ) ;
#9395 = AXIS2_PLACEMENT_3D ( 'NONE', #4094, #6578, #3413 ) ;
#9396 = LINE ( 'NONE', #6186, #5945 ) ;
#9397 = EDGE_LOOP ( 'NONE', ( #8178, #4585, #6087, #8041, #9215, #4586 ) ) ;
#9398 = ADVANCED_FACE ( 'NONE', ( #2682 ), #9691, .T. ) ;
#9399 = PRESENTATION_STYLE_ASSIGNMENT (( #1362 ) ) ;
#9400 = EDGE_CURVE ( 'NONE', #1332, #2553, #9856, .T. ) ;
#9401 = CIRCLE ( 'NONE', #8897, 0.3000000000000001554 ) ;
#9402 = CARTESIAN_POINT ( 'NONE',  ( -4.999999999999999112, -5.800000000000000711, -5.285485590866834116E-16 ) ) ;
#9403 = FILL_AREA_STYLE ('',( #7763 ) ) ;
#9404 = PLANE ( 'NONE',  #507 ) ;
#9405 = SURFACE_SIDE_STYLE ('',( #10278 ) ) ;
#9407 = CIRCLE ( 'NONE', #9081, 0.3499999999999996447 ) ;
#9406 = DIRECTION ( 'NONE',  ( 0.000000000000000000, 0.000000000000000000, -1.000000000000000000 ) ) ;
#9408 = VERTEX_POINT ( 'NONE', #5904 ) ;
#9409 = DIRECTION ( 'NONE',  ( -1.000000000000000000, 0.000000000000000000, 0.000000000000000000 ) ) ;
#9410 = UNCERTAINTY_MEASURE_WITH_UNIT (LENGTH_MEASURE( 1.000000000000000082E-05 ), #5532, 'distance_accuracy_value', 'NONE');
#9411 = PRESENTATION_STYLE_ASSIGNMENT (( #7770 ) ) ;
#9412 = FACE_OUTER_BOUND ( 'NONE', #206, .T. ) ;
#9413 = CARTESIAN_POINT ( 'NONE',  ( 6.000000000000000000, -3.499999999999999556, 0.4000000000000000222 ) ) ;
#9414 =( LENGTH_UNIT ( ) NAMED_UNIT ( * ) SI_UNIT ( .MILLI., .METRE. ) );
#9415 = VERTEX_POINT ( 'NONE', #9093 ) ;
#9416 = CIRCLE ( 'NONE', #4865, 0.1999999999999996503 ) ;
#9417 = ORIENTED_EDGE ( 'NONE', *, *, #4627, .F. ) ;
#9418 = AXIS2_PLACEMENT_3D ( 'NONE', #2361, #180, #5776 ) ;
#9419 =( NAMED_UNIT ( * ) PLANE_ANGLE_UNIT ( ) SI_UNIT ( $, .RADIAN. ) );
#9420 = CARTESIAN_POINT ( 'NONE',  ( 1.599999999999999867, 1.899999999999999689, 5.500000000000000000 ) ) ;
#9421 = DIRECTION ( 'NONE',  ( 1.222978688985946960E-15, 1.000000000000000000, -0.000000000000000000 ) ) ;
#9422 = UNCERTAINTY_MEASURE_WITH_UNIT (LENGTH_MEASURE( 1.000000000000000082E-05 ), #4900, 'distance_accuracy_value', 'NONE');
#9423 = FILL_AREA_STYLE_COLOUR ( '', #3464 ) ;
#9424 = CARTESIAN_POINT ( 'NONE',  ( 1.462164714140042454, -5.819112848942160632, 3.600000000000007194 ) ) ;
#9426 = CIRCLE ( 'NONE', #3871, 0.4500000000000001221 ) ;
#9425 = SURFACE_SIDE_STYLE ('',( #5530 ) ) ;
#9427 = CARTESIAN_POINT ( 'NONE',  ( 0.000000000000000000, 6.000000000000000000, 0.2000000000000000944 ) ) ;
#9428 = SURFACE_STYLE_FILL_AREA ( #2176 ) ;
#9429 = STYLED_ITEM ( 'NONE', ( #419 ), #5478 ) ;
#9430 = DIRECTION ( 'NONE',  ( 0.000000000000000000, -0.000000000000000000, 1.000000000000000000 ) ) ;
#9431 = ORIENTED_EDGE ( 'NONE', *, *, #7715, .F. ) ;
#9432 = ORIENTED_EDGE ( 'NONE', *, *, #4475, .T. ) ;
#9433 = AXIS2_PLACEMENT_3D ( 'NONE', #9541, #1325, #10267 ) ;
#9434 = SURFACE_STYLE_FILL_AREA ( #10200 ) ;
#9435 = CARTESIAN_POINT ( 'NONE',  ( -6.700000000000000178, -1.999999999999998224, -2.094532406675943648 ) ) ;
#9436 = DIRECTION ( 'NONE',  ( 0.4961328535521685734, 5.296893862580032372E-16, -0.8682466191274127443 ) ) ;
#9437 = SURFACE_STYLE_FILL_AREA ( #9333 ) ;
#9438 = MECHANICAL_DESIGN_GEOMETRIC_PRESENTATION_REPRESENTATION (  '', ( #2061 ), #3220 ) ;
#9439 = CARTESIAN_POINT ( 'NONE',  ( -5.549999999999999822, -4.750000000000000000, 3.600000000000001421 ) ) ;
#9440 = CARTESIAN_POINT ( 'NONE',  ( 4.750000000000000000, 4.750000000000000000, 3.499999999999999556 ) ) ;
#9441 =( LENGTH_UNIT ( ) NAMED_UNIT ( * ) SI_UNIT ( .MILLI., .METRE. ) );
#9442 = COLOUR_RGB ( '',0.1098039215686274495, 0.1098039215686274495, 0.1098039215686274495 ) ;
#9443 = PLANE ( 'NONE',  #9712 ) ;
#9444 =( NAMED_UNIT ( * ) SI_UNIT ( $, .STERADIAN. ) SOLID_ANGLE_UNIT ( ) );
#9445 = VERTEX_POINT ( 'NONE', #5139 ) ;
#9446 = EDGE_CURVE ( 'NONE', #4361, #5698, #2658, .T. ) ;
#9447 = DIRECTION ( 'NONE',  ( -1.000000000000000000, 1.445602896647385657E-15, -5.059610138265849759E-14 ) ) ;
#9448 = ORIENTED_EDGE ( 'NONE', *, *, #2467, .T. ) ;
#9449 = AXIS2_PLACEMENT_3D ( 'NONE', #4439, #5387, #3019 ) ;
#9450 = AXIS2_PLACEMENT_3D ( 'NONE', #4185, #87, #5790 ) ;
#9451 = ADVANCED_FACE ( 'NONE', ( #3502 ), #4316, .T. ) ;
#9452 = FILL_AREA_STYLE ('',( #2199 ) ) ;
#9453 = EDGE_CURVE ( 'NONE', #4265, #6170, #9046, .T. ) ;
#9454 = FILL_AREA_STYLE_COLOUR ( '', #7790 ) ;
#9455 = FILL_AREA_STYLE ('',( #8872 ) ) ;
#9456 =( NAMED_UNIT ( * ) SI_UNIT ( $, .STERADIAN. ) SOLID_ANGLE_UNIT ( ) );
#9457 = PRESENTATION_STYLE_ASSIGNMENT (( #7975 ) ) ;
#9458 = FILL_AREA_STYLE_COLOUR ( '', #4360 ) ;
#9459 = ORIENTED_EDGE ( 'NONE', *, *, #1188, .F. ) ;
#9460 = SURFACE_SIDE_STYLE ('',( #10282 ) ) ;
#9461 = ADVANCED_FACE ( 'NONE', ( #307 ), #9197, .T. ) ;
#9462 =( GEOMETRIC_REPRESENTATION_CONTEXT ( 3 ) GLOBAL_UNCERTAINTY_ASSIGNED_CONTEXT ( ( #5829 ) ) GLOBAL_UNIT_ASSIGNED_CONTEXT ( ( #1611, #3232, #8288 ) ) REPRESENTATION_CONTEXT ( 'NONE', 'WORKASPACE' ) );
#9463 = DIRECTION ( 'NONE',  ( -1.256337252201736110E-14, -5.292964219878090180E-15, -1.000000000000000000 ) ) ;
#9464 = SURFACE_STYLE_FILL_AREA ( #6196 ) ;
#9465 = VECTOR ( 'NONE', #4263, 1000.000000000000000 ) ;
#9466 = FILL_AREA_STYLE ('',( #10286 ) ) ;
#9467 = LINE ( 'NONE', #5405, #3359 ) ;
#9468 = EDGE_CURVE ( 'NONE', #3736, #9954, #1011, .T. ) ;
#9469 = ORIENTED_EDGE ( 'NONE', *, *, #3361, .T. ) ;
#9470 = ORIENTED_EDGE ( 'NONE', *, *, #4686, .F. ) ;
#9471 = VERTEX_POINT ( 'NONE', #1277 ) ;
#9472 = EDGE_CURVE ( 'NONE', #9323, #840, #10179, .T. ) ;
#9473 = SURFACE_STYLE_USAGE ( .BOTH. , #3824 ) ;
#9474 = TOROIDAL_SURFACE ( 'NONE', #3922, 0.7999999999999994893, 0.1999999999999982070 ) ;
#9475 = CARTESIAN_POINT ( 'NONE',  ( -6.547679712131308172, -1.999999999999997335, -2.979052028523549112 ) ) ;
#9476 = CARTESIAN_POINT ( 'NONE',  ( -1.600000000000001865, -5.500000000000000000, 3.536043781389899721 ) ) ;
#9477 = CARTESIAN_POINT ( 'NONE',  ( -6.349999999999997868, 6.704630743366732482, -0.6874509908007693237 ) ) ;
#9478 = CARTESIAN_POINT ( 'NONE',  ( 6.349999999999997868, 3.000000000000000000, -0.6874509908007693237 ) ) ;
#9479 =( NAMED_UNIT ( * ) PLANE_ANGLE_UNIT ( ) SI_UNIT ( $, .RADIAN. ) );
#9480 = VERTEX_POINT ( 'NONE', #4454 ) ;
#9481 = ORIENTED_EDGE ( 'NONE', *, *, #5805, .T. ) ;
#9482 = MECHANICAL_DESIGN_GEOMETRIC_PRESENTATION_REPRESENTATION (  '', ( #7796 ), #292 ) ;
#9483 = CARTESIAN_POINT ( 'NONE',  ( 1.866168552841674932, 5.424745029542300756, 3.600000000000001421 ) ) ;
#9484 = DIRECTION ( 'NONE',  ( 0.000000000000000000, 0.000000000000000000, 1.000000000000000000 ) ) ;
#9485 = PRESENTATION_LAYER_ASSIGNMENT (  '', '', ( #2780 ) ) ;
#9486 = SURFACE_STYLE_USAGE ( .BOTH. , #1 ) ;
#9487 = CARTESIAN_POINT ( 'NONE',  ( -6.349999999999997868, 2.000000000000000000, -0.6874509908007693237 ) ) ;
#9488 = ORIENTED_EDGE ( 'NONE', *, *, #10336, .T. ) ;
#9489 = VERTEX_POINT ( 'NONE', #2062 ) ;
#9490 = FACE_BOUND ( 'NONE', #2528, .T. ) ;
#9491 = SURFACE_STYLE_USAGE ( .BOTH. , #3325 ) ;
#9492 = VERTEX_POINT ( 'NONE', #2004 ) ;
#9493 = AXIS2_PLACEMENT_3D ( 'NONE', #8936, #5684, #9764 ) ;
#9494 = CARTESIAN_POINT ( 'NONE',  ( -1.852246675857550873, -5.543789693198331925, 3.585041640414896147 ) ) ;
#9495 = ADVANCED_FACE ( 'NONE', ( #3712 ), #821, .T. ) ;
#9496 = CARTESIAN_POINT ( 'NONE',  ( 1.899999999999999911, 0.000000000000000000, 5.500000000000000000 ) ) ;
#9497 = FACE_OUTER_BOUND ( 'NONE', #3894, .T. ) ;
#9498 = DIRECTION ( 'NONE',  ( 0.000000000000000000, 0.000000000000000000, 1.000000000000000000 ) ) ;
#9499 = ORIENTED_EDGE ( 'NONE', *, *, #8527, .T. ) ;
#9500 = DIRECTION ( 'NONE',  ( 0.000000000000000000, 0.000000000000000000, -1.000000000000000000 ) ) ;
#9501 =( NAMED_UNIT ( * ) PLANE_ANGLE_UNIT ( ) SI_UNIT ( $, .RADIAN. ) );
#9502 = UNCERTAINTY_MEASURE_WITH_UNIT (LENGTH_MEASURE( 1.000000000000000082E-05 ), #5621, 'distance_accuracy_value', 'NONE');
#9503 = AXIS2_PLACEMENT_3D ( 'NONE', #7144, #7091, #4569 ) ;
#9504 = LINE ( 'NONE', #8513, #4203 ) ;
#9505 = SURFACE_SIDE_STYLE ('',( #4663 ) ) ;
#9506 = VECTOR ( 'NONE', #2132, 1000.000000000000000 ) ;
#9507 = SURFACE_STYLE_USAGE ( .BOTH. , #5348 ) ;
#9508 = DIRECTION ( 'NONE',  ( 1.000000000000000000, 0.000000000000000000, -0.000000000000000000 ) ) ;
#9509 = ORIENTED_EDGE ( 'NONE', *, *, #3197, .T. ) ;
#9510 = PRESENTATION_LAYER_ASSIGNMENT (  '', '', ( #152 ) ) ;
#9511 = VERTEX_POINT ( 'NONE', #8567 ) ;
#9512 = VERTEX_POINT ( 'NONE', #612 ) ;
#9513 = EDGE_CURVE ( 'NONE', #4435, #3877, #4300, .T. ) ;
#9514 = ORIENTED_EDGE ( 'NONE', *, *, #8675, .F. ) ;
#9515 = EDGE_CURVE ( 'NONE', #255, #5519, #1766, .T. ) ;
#9516 = LINE ( 'NONE', #6207, #8489 ) ;
#9517 = UNCERTAINTY_MEASURE_WITH_UNIT (LENGTH_MEASURE( 1.000000000000000082E-05 ), #7655, 'distance_accuracy_value', 'NONE');
#9518 = VECTOR ( 'NONE', #3568, 1000.000000000000000 ) ;
#9519 = PRESENTATION_STYLE_ASSIGNMENT (( #10241 ) ) ;
#9520 = FILL_AREA_STYLE_COLOUR ( '', #7695 ) ;
#9521 = CARTESIAN_POINT ( 'NONE',  ( 2.250000000001157296, -5.435424868894941142, 3.600000000000000089 ) ) ;
#9522 = CARTESIAN_POINT ( 'NONE',  ( 4.399999999999999467, -5.000000000000000000, 0.4000000000000000222 ) ) ;
#9523 =( LENGTH_UNIT ( ) NAMED_UNIT ( * ) SI_UNIT ( .MILLI., .METRE. ) );
#9524 = STYLED_ITEM ( 'NONE', ( #7364 ), #9821 ) ;
#9525 = AXIS2_PLACEMENT_3D ( 'NONE', #5289, #1319, #4704 ) ;
#9526 = ORIENTED_EDGE ( 'NONE', *, *, #2721, .T. ) ;
#9527 = ORIENTED_EDGE ( 'NONE', *, *, #5332, .F. ) ;
#9528 = COLOUR_RGB ( '',0.1098039215686274495, 0.1098039215686274495, 0.1098039215686274495 ) ;
#9529 = CARTESIAN_POINT ( 'NONE',  ( -5.819112848942164185, -1.462164714140039790, 3.199999999999997513 ) ) ;
#9530 = DIRECTION ( 'NONE',  ( -0.000000000000000000, -0.000000000000000000, 1.000000000000000000 ) ) ;
#9531 = CARTESIAN_POINT ( 'NONE',  ( -1.324581074942558834, -5.271558449006352731, 3.199999999999949996 ) ) ;
#9532 = FILL_AREA_STYLE ('',( #6330 ) ) ;
#9533 = COLOUR_RGB ( '',1.000000000000000000, 1.000000000000000000, 1.000000000000000000 ) ;
#9534 = DIRECTION ( 'NONE',  ( -1.000000000000000000, 0.000000000000000000, 0.000000000000000000 ) ) ;
#9535 = PRESENTATION_STYLE_ASSIGNMENT (( #10260 ) ) ;
#9536 = SURFACE_SIDE_STYLE ('',( #10308 ) ) ;
#9537 = DIRECTION ( 'NONE',  ( 4.900241895855788831E-16, 4.900241895855782914E-16, 1.000000000000000000 ) ) ;
#9538 = ORIENTED_EDGE ( 'NONE', *, *, #5671, .F. ) ;
#9539 = FILL_AREA_STYLE_COLOUR ( '', #7437 ) ;
#9540 = ORIENTED_EDGE ( 'NONE', *, *, #4558, .T. ) ;
#9541 = CARTESIAN_POINT ( 'NONE',  ( 3.773023560249555430E-14, -2.471980953266950110E-13, 3.499999999999998668 ) ) ;
#9542 = AXIS2_PLACEMENT_3D ( 'NONE', #7496, #334, #4180 ) ;
#9543 = DIRECTION ( 'NONE',  ( -1.000000000000000000, 0.000000000000000000, 1.224227167328599510E-14 ) ) ;
#9544 = CARTESIAN_POINT ( 'NONE',  ( -1.881843041410428352, -5.435424868893512063, 3.600000000000003642 ) ) ;
#9545 = CARTESIAN_POINT ( 'NONE',  ( 5.000000000000000000, -5.800000000000000711, 3.299999999999999822 ) ) ;
#9546 = CARTESIAN_POINT ( 'NONE',  ( -5.819112848942164185, -1.462164714140039790, 3.199999999999997513 ) ) ;
#9547 = FILL_AREA_STYLE ('',( #760 ) ) ;
#9548 = ORIENTED_EDGE ( 'NONE', *, *, #9123, .T. ) ;
#9549 =( NAMED_UNIT ( * ) PLANE_ANGLE_UNIT ( ) SI_UNIT ( $, .RADIAN. ) );
#9550 = CARTESIAN_POINT ( 'NONE',  ( -5.800000000000000711, 0.000000000000000000, 0.2000000000000000944 ) ) ;
#9551 = AXIS2_PLACEMENT_3D ( 'NONE', #1715, #8067, #4790 ) ;
#9552 = FACE_OUTER_BOUND ( 'NONE', #30, .T. ) ;
#9553 = CARTESIAN_POINT ( 'NONE',  ( -6.000000000000000000, -2.999999999999999112, 3.500000000000000000 ) ) ;
#9554 = CARTESIAN_POINT ( 'NONE',  ( 5.950000000000000178, -3.590273380400940351, 0.8000000000000000444 ) ) ;
#9555 =( NAMED_UNIT ( * ) PLANE_ANGLE_UNIT ( ) SI_UNIT ( $, .RADIAN. ) );
#9556 = VECTOR ( 'NONE', #4427, 1000.000000000000000 ) ;
#9557 = ORIENTED_EDGE ( 'NONE', *, *, #5862, .F. ) ;
#9558 = ORIENTED_EDGE ( 'NONE', *, *, #4237, .F. ) ;
#9559 =( GEOMETRIC_REPRESENTATION_CONTEXT ( 3 ) GLOBAL_UNCERTAINTY_ASSIGNED_CONTEXT ( ( #5401 ) ) GLOBAL_UNIT_ASSIGNED_CONTEXT ( ( #9165, #5929, #284 ) ) REPRESENTATION_CONTEXT ( 'NONE', 'WORKASPACE' ) );
#9560 = VERTEX_POINT ( 'NONE', #4156 ) ;
#9561 = VERTEX_POINT ( 'NONE', #6527 ) ;
#9562 = EDGE_CURVE ( 'NONE', #9275, #4607, #8168, .T. ) ;
#9563 = DIRECTION ( 'NONE',  ( -1.000000000000000000, 1.055607311520602361E-62, 1.027427521298027226E-31 ) ) ;
#9564 = COLOUR_RGB ( '',1.000000000000000000, 1.000000000000000000, 1.000000000000000000 ) ;
#9565 = FILL_AREA_STYLE ('',( #826 ) ) ;
#9566 = VECTOR ( 'NONE', #2215, 1000.000000000000114 ) ;
#9567 = DIRECTION ( 'NONE',  ( -1.000000000000000000, 3.449361270580080294E-33, 4.900241895855788831E-16 ) ) ;
#9568 = ADVANCED_FACE ( 'NONE', ( #3374 ), #5760, .T. ) ;
#9569 = CARTESIAN_POINT ( 'NONE',  ( 6.041480816619161587, -2.000000000000000000, -0.8527262566030734403 ) ) ;
#9570 = CIRCLE ( 'NONE', #4017, 6.149999999999987921 ) ;
#9571 = SURFACE_STYLE_FILL_AREA ( #9670 ) ;
#9572 = EDGE_CURVE ( 'NONE', #6552, #5637, #3219, .T. ) ;
#9573 = CARTESIAN_POINT ( 'NONE',  ( -5.400000000000006573, -1.891518204694832006, 3.499999999999995559 ) ) ;
#9574 = DIRECTION ( 'NONE',  ( 0.000000000000000000, -1.000000000000000000, 0.000000000000000000 ) ) ;
#9575 =( NAMED_UNIT ( * ) SI_UNIT ( $, .STERADIAN. ) SOLID_ANGLE_UNIT ( ) );
#9576 = MECHANICAL_DESIGN_GEOMETRIC_PRESENTATION_REPRESENTATION (  '', ( #4528 ), #5365 ) ;
#9577 = CARTESIAN_POINT ( 'NONE',  ( -5.260202911683314220, 1.369495589747189213, 3.600000000000000533 ) ) ;
#9578 = ORIENTED_EDGE ( 'NONE', *, *, #4283, .T. ) ;
#9579 = ORIENTED_EDGE ( 'NONE', *, *, #4985, .T. ) ;
#9580 = MECHANICAL_DESIGN_GEOMETRIC_PRESENTATION_REPRESENTATION (  '', ( #3521 ), #1711 ) ;
#9581 = CARTESIAN_POINT ( 'NONE',  ( 1.880790961326725235E-31, 1.880790961326725235E-31, 7.300000000043382897 ) ) ;
#9582 =( LENGTH_UNIT ( ) NAMED_UNIT ( * ) SI_UNIT ( .MILLI., .METRE. ) );
#9583 = AXIS2_PLACEMENT_3D ( 'NONE', #8703, #3063, #5435 ) ;
#9584 = MECHANICAL_DESIGN_GEOMETRIC_PRESENTATION_REPRESENTATION (  '', ( #3518 ), #9745 ) ;
#9585 = EDGE_CURVE ( 'NONE', #6056, #2925, #7165, .T. ) ;
#9586 = DIRECTION ( 'NONE',  ( -0.4961328535521692396, 0.000000000000000000, 0.8682466191274121892 ) ) ;
#9587 = FILL_AREA_STYLE ('',( #10305 ) ) ;
#9588 = MECHANICAL_DESIGN_GEOMETRIC_PRESENTATION_REPRESENTATION (  '', ( #9252 ), #8583 ) ;
#9589 = DIRECTION ( 'NONE',  ( -1.000000000000000000, 0.000000000000000000, -4.336808689942028583E-16 ) ) ;
#9590 = MECHANICAL_DESIGN_GEOMETRIC_PRESENTATION_REPRESENTATION (  '', ( #3694 ), #7249 ) ;
#9591 = FILL_AREA_STYLE_COLOUR ( '', #8410 ) ;
#9592 = CARTESIAN_POINT ( 'NONE',  ( -1.599999999999998979, -1.599999999999952127, 7.299999999999998934 ) ) ;
#9593 = DIRECTION ( 'NONE',  ( 0.000000000000000000, 0.000000000000000000, -1.000000000000000000 ) ) ;
#9594 = EDGE_LOOP ( 'NONE', ( #937, #6375, #5742, #657, #1662, #2842 ) ) ;
#9595 = COLOUR_RGB ( '',1.000000000000000000, 1.000000000000000000, 1.000000000000000000 ) ;
#9596 = CARTESIAN_POINT ( 'NONE',  ( -1.462164714140030464, 5.254537717835757960, 3.600000000000002309 ) ) ;
#9597 = PLANE ( 'NONE',  #3453 ) ;
#9598 = ORIENTED_EDGE ( 'NONE', *, *, #6313, .T. ) ;
#9599 = DIRECTION ( 'NONE',  ( 1.000000000000000000, 0.000000000000000000, -0.000000000000000000 ) ) ;
#9600 = ADVANCED_FACE ( 'NONE', ( #8120 ), #3261, .T. ) ;
#9601 = VECTOR ( 'NONE', #6060, 1000.000000000000000 ) ;
#9602 = FILL_AREA_STYLE_COLOUR ( '', #7436 ) ;
#9603 = CARTESIAN_POINT ( 'NONE',  ( -1.866468089771020189, -5.424452636960006124, 3.600000000000003197 ) ) ;
#9604 = MECHANICAL_DESIGN_GEOMETRIC_PRESENTATION_REPRESENTATION (  '', ( #9261 ), #4716 ) ;
#9605 = DIRECTION ( 'NONE',  ( -1.000000000000000000, 0.000000000000000000, -0.000000000000000000 ) ) ;
#9606 =( NAMED_UNIT ( * ) PLANE_ANGLE_UNIT ( ) SI_UNIT ( $, .RADIAN. ) );
#9607 = CARTESIAN_POINT ( 'NONE',  ( 0.8000000000000000444, 0.000000000000000000, 3.299999999999999378 ) ) ;
#9608 = AXIS2_PLACEMENT_3D ( 'NONE', #9042, #1226, #1171 ) ;
#9609 = ORIENTED_EDGE ( 'NONE', *, *, #6948, .T. ) ;
#9610 = PRESENTATION_LAYER_ASSIGNMENT (  '', '', ( #918 ) ) ;
#9611 = UNCERTAINTY_MEASURE_WITH_UNIT (LENGTH_MEASURE( 1.000000000000000082E-05 ), #2003, 'distance_accuracy_value', 'NONE');
#9612 = LINE ( 'NONE', #4028, #5412 ) ;
#9613 = CARTESIAN_POINT ( 'NONE',  ( -1.599999999999998979, -5.552651906265968940, 3.499999999999987566 ) ) ;
#9614 = FACE_OUTER_BOUND ( 'NONE', #9340, .T. ) ;
#9615 = LINE ( 'NONE', #7194, #8420 ) ;
#9616 =( LENGTH_UNIT ( ) NAMED_UNIT ( * ) SI_UNIT ( .MILLI., .METRE. ) );
#9617 = VECTOR ( 'NONE', #2099, 1000.000000000000000 ) ;
#9618 = CARTESIAN_POINT ( 'NONE',  ( -6.958519183380836637, -2.999999999999999112, -1.929257140873640308 ) ) ;
#9619 = ORIENTED_EDGE ( 'NONE', *, *, #445, .T. ) ;
#9620 = VERTEX_POINT ( 'NONE', #3316 ) ;
#9621 = ORIENTED_EDGE ( 'NONE', *, *, #618, .T. ) ;
#9622 = ORIENTED_EDGE ( 'NONE', *, *, #7642, .T. ) ;
#9623 = CIRCLE ( 'NONE', #7097, 0.3500000000000004774 ) ;
#9624 = DIRECTION ( 'NONE',  ( -1.224646799147353207E-16, 1.000000000000000000, 4.092895925926416731E-32 ) ) ;
#9625 =( LENGTH_UNIT ( ) NAMED_UNIT ( * ) SI_UNIT ( .MILLI., .METRE. ) );
#9626 = CARTESIAN_POINT ( 'NONE',  ( -6.300000004164958867, 3.000000000000000000, 0.7999999999999997113 ) ) ;
#9627 = FILL_AREA_STYLE_COLOUR ( '', #2189 ) ;
#9628 = EDGE_CURVE ( 'NONE', #10109, #1292, #9731, .T. ) ;
#9629 = DIRECTION ( 'NONE',  ( 1.053031360026544826E-16, 1.000000000000000000, 0.000000000000000000 ) ) ;
#9630 = SURFACE_STYLE_FILL_AREA ( #7156 ) ;
#9631 = SURFACE_SIDE_STYLE ('',( #1545 ) ) ;
#9632 = ORIENTED_EDGE ( 'NONE', *, *, #5442, .T. ) ;
#9633 = VERTEX_POINT ( 'NONE', #3611 ) ;
#9634 = LINE ( 'NONE', #6524, #5618 ) ;
#9635 = DIRECTION ( 'NONE',  ( 4.336808689967532456E-16, 4.336808689967532456E-16, 1.000000000000000000 ) ) ;
#9636 = AXIS2_PLACEMENT_3D ( 'NONE', #9529, #5600, #7112 ) ;
#9637 = DIRECTION ( 'NONE',  ( 0.8682466191274125222, 0.000000000000000000, -0.4961328535521688510 ) ) ;
#9638 =( LENGTH_UNIT ( ) NAMED_UNIT ( * ) SI_UNIT ( .MILLI., .METRE. ) );
#9639 = DIRECTION ( 'NONE',  ( 0.9698521414903612525, 0.2436941190233372634, -2.517749162551193535E-14 ) ) ;
#9640 = VERTEX_POINT ( 'NONE', #8274 ) ;
#9641 = ORIENTED_EDGE ( 'NONE', *, *, #4292, .T. ) ;
#9642 =( LENGTH_UNIT ( ) NAMED_UNIT ( * ) SI_UNIT ( .MILLI., .METRE. ) );
#9643 = ORIENTED_EDGE ( 'NONE', *, *, #7092, .F. ) ;
#9644 = PRESENTATION_STYLE_ASSIGNMENT (( #6937 ) ) ;
#9645 = DIRECTION ( 'NONE',  ( -0.000000000000000000, -1.000000000000000000, -0.000000000000000000 ) ) ;
#9646 = CARTESIAN_POINT ( 'NONE',  ( -1.873366220192616671, -5.430920068505818321, 3.600000000000003642 ) ) ;
#9647 = AXIS2_PLACEMENT_3D ( 'NONE', #3414, #8955, #1756 ) ;
#9648 =( LENGTH_UNIT ( ) NAMED_UNIT ( * ) SI_UNIT ( .MILLI., .METRE. ) );
#9649 = DIRECTION ( 'NONE',  ( -0.000000000000000000, 0.000000000000000000, 1.000000000000000000 ) ) ;
#9650 = DIRECTION ( 'NONE',  ( 0.000000000000000000, 0.000000000000000000, 1.000000000000000000 ) ) ;
#9651 = DIRECTION ( 'NONE',  ( -1.000000000000000000, 0.000000000000000000, 1.224227167353178681E-14 ) ) ;
#9652 = DIRECTION ( 'NONE',  ( -0.000000000000000000, -1.000000000000000000, -0.000000000000000000 ) ) ;
#9653 = EDGE_LOOP ( 'NONE', ( #1598, #4632, #8015, #6645, #1547, #7597, #7909, #170, #10025, #2945, #9126, #6133, #9726 ) ) ;
#9654 = DIRECTION ( 'NONE',  ( -1.000000000000000000, 0.000000000000000000, 0.000000000000000000 ) ) ;
#9655 = CARTESIAN_POINT ( 'NONE',  ( -6.159705218919231839, -2.062903407891059526, -3.053341690607345615 ) ) ;
#9656 = VECTOR ( 'NONE', #6563, 1000.000000000000000 ) ;
#9657 = EDGE_CURVE ( 'NONE', #121, #9415, #4364, .T. ) ;
#9658 = CARTESIAN_POINT ( 'NONE',  ( -1.389056478433036146, 5.528157206495052378, 3.500000000000039524 ) ) ;
#9659 = VECTOR ( 'NONE', #3296, 1000.000000000000000 ) ;
#9660 = CARTESIAN_POINT ( 'NONE',  ( -5.800000000000000711, 3.499999999999999556, 0.2000000000000000944 ) ) ;
#9661 = CIRCLE ( 'NONE', #3276, 0.8000000000000012657 ) ;
#9662 = FILL_AREA_STYLE_COLOUR ( '', #8154 ) ;
#9663 = ORIENTED_EDGE ( 'NONE', *, *, #1808, .T. ) ;
#9664 = ORIENTED_EDGE ( 'NONE', *, *, #2456, .T. ) ;
#9665 = ORIENTED_EDGE ( 'NONE', *, *, #1759, .T. ) ;
#9666 = PRESENTATION_STYLE_ASSIGNMENT (( #6462 ) ) ;
#9667 = FACE_OUTER_BOUND ( 'NONE', #9290, .T. ) ;
#9668 = STYLED_ITEM ( 'NONE', ( #3675 ), #10218 ) ;
#9669 = FILL_AREA_STYLE_COLOUR ( '', #1329 ) ;
#9670 = FILL_AREA_STYLE ('',( #4047 ) ) ;
#9671 =( NAMED_UNIT ( * ) SI_UNIT ( $, .STERADIAN. ) SOLID_ANGLE_UNIT ( ) );
#9672 =( LENGTH_UNIT ( ) NAMED_UNIT ( * ) SI_UNIT ( .MILLI., .METRE. ) );
#9673 = VERTEX_POINT ( 'NONE', #6785 ) ;
#9674 = ORIENTED_EDGE ( 'NONE', *, *, #7458, .F. ) ;
#9675 = CIRCLE ( 'NONE', #660, 0.4000000000000266120 ) ;
#9676 = CARTESIAN_POINT ( 'NONE',  ( 5.549999999999999822, -4.750000000000000000, 3.600000000000001421 ) ) ;
#9677 = PRESENTATION_STYLE_ASSIGNMENT (( #7277 ) ) ;
#9678 = CARTESIAN_POINT ( 'NONE',  ( 1.600000000000000089, 1.599999999999999867, 5.500000000000000000 ) ) ;
#9679 = STYLED_ITEM ( 'NONE', ( #3234 ), #9903 ) ;
#9680 = COLOUR_RGB ( '',0.1098039215686274495, 0.1098039215686274495, 0.1098039215686274495 ) ;
#9681 = CARTESIAN_POINT ( 'NONE',  ( 5.800000000000000711, -5.000000000000000888, 3.500000000000001332 ) ) ;
#9682 = AXIS2_PLACEMENT_3D ( 'NONE', #3782, #8643, #4677 ) ;
#9683 = DIRECTION ( 'NONE',  ( 0.000000000000000000, -1.000000000000000000, 0.000000000000000000 ) ) ;
#9684 = ORIENTED_EDGE ( 'NONE', *, *, #4754, .F. ) ;
#9685 = VERTEX_POINT ( 'NONE', #2693 ) ;
#9686 = SURFACE_SIDE_STYLE ('',( #6440 ) ) ;
#9687 = PRESENTATION_STYLE_ASSIGNMENT (( #9491 ) ) ;
#9688 = ORIENTED_EDGE ( 'NONE', *, *, #7092, .T. ) ;
#9689 = DIRECTION ( 'NONE',  ( -4.900241895855788831E-16, -4.900241895855782914E-16, -1.000000000000000000 ) ) ;
#9690 = EDGE_CURVE ( 'NONE', #5372, #8876, #8324, .T. ) ;
#9691 = TOROIDAL_SURFACE ( 'NONE', #2975, 0.5645751311061886213, 0.3999999999999789280 ) ;
#9692 = CARTESIAN_POINT ( 'NONE',  ( 5.000000000000001776, 5.000000000000002665, 4.336808689942017736E-16 ) ) ;
#9693 = CARTESIAN_POINT ( 'NONE',  ( -1.891518204694832672, -5.435424868893512063, 3.600000000000003197 ) ) ;
#9694 =( GEOMETRIC_REPRESENTATION_CONTEXT ( 3 ) GLOBAL_UNCERTAINTY_ASSIGNED_CONTEXT ( ( #7191 ) ) GLOBAL_UNIT_ASSIGNED_CONTEXT ( ( #8931, #4761, #6503 ) ) REPRESENTATION_CONTEXT ( 'NONE', 'WORKASPACE' ) );
#9695 = VECTOR ( 'NONE', #412, 1000.000000000000000 ) ;
#9696 = EDGE_CURVE ( 'NONE', #1559, #7933, #5836, .T. ) ;
#9697 = LINE ( 'NONE', #3962, #7294 ) ;
#9698 = UNCERTAINTY_MEASURE_WITH_UNIT (LENGTH_MEASURE( 1.000000000000000082E-05 ), #9309, 'distance_accuracy_value', 'NONE');
#9699 = ADVANCED_FACE ( 'NONE', ( #4256 ), #3959, .T. ) ;
#9700 =( LENGTH_UNIT ( ) NAMED_UNIT ( * ) SI_UNIT ( .MILLI., .METRE. ) );
#9701 = FILL_AREA_STYLE_COLOUR ( '', #9006 ) ;
#9702 = PRESENTATION_STYLE_ASSIGNMENT (( #3078 ) ) ;
#9703 = EDGE_CURVE ( 'NONE', #9201, #6139, #2748, .T. ) ;
#9704 = EDGE_LOOP ( 'NONE', ( #6792, #2893, #7725, #2446 ) ) ;
#9705 = UNCERTAINTY_MEASURE_WITH_UNIT (LENGTH_MEASURE( 1.000000000000000082E-05 ), #1434, 'distance_accuracy_value', 'NONE');
#9706 = FILL_AREA_STYLE_COLOUR ( '', #932 ) ;
#9707 = CARTESIAN_POINT ( 'NONE',  ( 6.349999999999997868, 2.000000000000000000, -0.6874509908007693237 ) ) ;
#9708 = ADVANCED_FACE ( 'NONE', ( #271 ), #9150, .T. ) ;
#9709 = VECTOR ( 'NONE', #6572, 1000.000000000000000 ) ;
#9710 = CARTESIAN_POINT ( 'NONE',  ( -1.789074795565647635, -5.500000000000000000, 3.585218434151942191 ) ) ;
#9711 = EDGE_CURVE ( 'NONE', #6361, #7933, #1336, .T. ) ;
#9712 = AXIS2_PLACEMENT_3D ( 'NONE', #62, #5436, #3847 ) ;
#9713 = ORIENTED_EDGE ( 'NONE', *, *, #3218, .T. ) ;
#9714 = VERTEX_POINT ( 'NONE', #6896 ) ;
#9715 = ORIENTED_EDGE ( 'NONE', *, *, #8616, .F. ) ;
#9716 = CARTESIAN_POINT ( 'NONE',  ( -5.950000000000000178, -1.999999999999999556, 0.8000000000000000444 ) ) ;
#9717 = CARTESIAN_POINT ( 'NONE',  ( -1.599999999999998979, -6.000000000000000000, 0.2000000000000000944 ) ) ;
#9718 = EDGE_CURVE ( 'NONE', #3300, #355, #4802, .T. ) ;
#9719 = DIRECTION ( 'NONE',  ( 1.000000000000000000, 0.000000000000000000, 0.000000000000000000 ) ) ;
#9720 = SURFACE_SIDE_STYLE ('',( #9571 ) ) ;
#9721 = LINE ( 'NONE', #4941, #6291 ) ;
#9722 = AXIS2_PLACEMENT_3D ( 'NONE', #6967, #8599, #2090 ) ;
#9723 = VECTOR ( 'NONE', #2901, 1000.000000000000000 ) ;
#9724 = ORIENTED_EDGE ( 'NONE', *, *, #6296, .F. ) ;
#9725 = MECHANICAL_DESIGN_GEOMETRIC_PRESENTATION_REPRESENTATION (  '', ( #3844 ), #9066 ) ;
#9726 = ORIENTED_EDGE ( 'NONE', *, *, #1490, .F. ) ;
#9727 = PRESENTATION_STYLE_ASSIGNMENT (( #2638 ) ) ;
#9728 = DIRECTION ( 'NONE',  ( -0.000000000000000000, -0.000000000000000000, 1.000000000000000000 ) ) ;
#9729 = AXIS2_PLACEMENT_3D ( 'NONE', #4414, #7784, #2798 ) ;
#9730 = EDGE_CURVE ( 'NONE', #6220, #32, #2957, .T. ) ;
#9731 = LINE ( 'NONE', #6636, #8508 ) ;
#9732 = DIRECTION ( 'NONE',  ( -0.000000000000000000, -0.000000000000000000, 1.000000000000000000 ) ) ;
#9733 =( GEOMETRIC_REPRESENTATION_CONTEXT ( 3 ) GLOBAL_UNCERTAINTY_ASSIGNED_CONTEXT ( ( #8577 ) ) GLOBAL_UNIT_ASSIGNED_CONTEXT ( ( #5448, #3178, #2313 ) ) REPRESENTATION_CONTEXT ( 'NONE', 'WORKASPACE' ) );
#9734 = CIRCLE ( 'NONE', #5197, 0.3499999999999996447 ) ;
#9735 = DIRECTION ( 'NONE',  ( -0.000000000000000000, 1.000000000000000000, -0.000000000000000000 ) ) ;
#9736 = DIRECTION ( 'NONE',  ( -0.000000000000000000, -1.000000000000000000, -0.000000000000000000 ) ) ;
#9737 = SURFACE_SIDE_STYLE ('',( #3320 ) ) ;
#9738 = FACE_OUTER_BOUND ( 'NONE', #9175, .T. ) ;
#9739 = VERTEX_POINT ( 'NONE', #2173 ) ;
#9740 = VERTEX_POINT ( 'NONE', #1286 ) ;
#9741 = PRESENTATION_STYLE_ASSIGNMENT (( #4376 ) ) ;
#9742 = ORIENTED_EDGE ( 'NONE', *, *, #1235, .F. ) ;
#9743 = MECHANICAL_DESIGN_GEOMETRIC_PRESENTATION_REPRESENTATION (  '', ( #9247 ), #5375 ) ;
#9744 = DIRECTION ( 'NONE',  ( -0.000000000000000000, -0.000000000000000000, 1.000000000000000000 ) ) ;
#9745 =( GEOMETRIC_REPRESENTATION_CONTEXT ( 3 ) GLOBAL_UNCERTAINTY_ASSIGNED_CONTEXT ( ( #8559 ) ) GLOBAL_UNIT_ASSIGNED_CONTEXT ( ( #920, #6491, #3279 ) ) REPRESENTATION_CONTEXT ( 'NONE', 'WORKASPACE' ) );
#9746 = CARTESIAN_POINT ( 'NONE',  ( 5.358530959034133900, 1.792592482432054712, 3.600000083461042610 ) ) ;
#9747 = DIRECTION ( 'NONE',  ( -0.4733177335606112979, 0.4620284873220099064, 0.7499999999999875655 ) ) ;
#9748 =( NAMED_UNIT ( * ) SI_UNIT ( $, .STERADIAN. ) SOLID_ANGLE_UNIT ( ) );
#9749 = VECTOR ( 'NONE', #9022, 1000.000000000000000 ) ;
#9750 = CARTESIAN_POINT ( 'NONE',  ( -4.399999999999998579, 5.000000000000000000, 0.4000000000000000222 ) ) ;
#9751 =( NAMED_UNIT ( * ) PLANE_ANGLE_UNIT ( ) SI_UNIT ( $, .RADIAN. ) );
#9752 = PLANE ( 'NONE',  #8835 ) ;
#9753 = VECTOR ( 'NONE', #7115, 1000.000000000000000 ) ;
#9754 = SURFACE_SIDE_STYLE ('',( #2514 ) ) ;
#9755 = EDGE_CURVE ( 'NONE', #9471, #1401, #9675, .T. ) ;
#9756 = FACE_OUTER_BOUND ( 'NONE', #5353, .T. ) ;
#9757 = ORIENTED_EDGE ( 'NONE', *, *, #1843, .F. ) ;
#9758 = DIRECTION ( 'NONE',  ( 0.000000000000000000, 0.000000000000000000, 1.000000000000000000 ) ) ;
#9759 =( GEOMETRIC_REPRESENTATION_CONTEXT ( 3 ) GLOBAL_UNCERTAINTY_ASSIGNED_CONTEXT ( ( #8984 ) ) GLOBAL_UNIT_ASSIGNED_CONTEXT ( ( #5356, #4576, #7885 ) ) REPRESENTATION_CONTEXT ( 'NONE', 'WORKASPACE' ) );
#9760 = EDGE_CURVE ( 'NONE', #2160, #7722, #2991, .T. ) ;
#9761 = EDGE_CURVE ( 'NONE', #1537, #9275, #6331, .T. ) ;
#9762 = CARTESIAN_POINT ( 'NONE',  ( -4.999999999999998224, -5.000000000000000888, -1.057097118173366823E-15 ) ) ;
#9763 =( GEOMETRIC_REPRESENTATION_CONTEXT ( 3 ) GLOBAL_UNCERTAINTY_ASSIGNED_CONTEXT ( ( #8443 ) ) GLOBAL_UNIT_ASSIGNED_CONTEXT ( ( #8048, #882, #3600 ) ) REPRESENTATION_CONTEXT ( 'NONE', 'WORKASPACE' ) );
#9764 = DIRECTION ( 'NONE',  ( 1.000000000000000000, 1.355252715606882022E-16, 0.000000000000000000 ) ) ;
#9765 = VERTEX_POINT ( 'NONE', #5471 ) ;
#9766 = MECHANICAL_DESIGN_GEOMETRIC_PRESENTATION_REPRESENTATION (  '', ( #918 ), #742 ) ;
#9767 = VERTEX_POINT ( 'NONE', #6210 ) ;
#9768 = PRESENTATION_LAYER_ASSIGNMENT (  '', '', ( #1728 ) ) ;
#9769 = ADVANCED_FACE ( 'NONE', ( #7675 ), #2897, .T. ) ;
#9770 = ORIENTED_EDGE ( 'NONE', *, *, #1557, .F. ) ;
#9771 = ORIENTED_EDGE ( 'NONE', *, *, #10137, .F. ) ;
#9772 = EDGE_CURVE ( 'NONE', #1747, #5977, #6112, .T. ) ;
#9773 = CARTESIAN_POINT ( 'NONE',  ( -5.999999999999997335, 2.000000000000000000, -0.6874509908007685466 ) ) ;
#9774 = AXIS2_PLACEMENT_3D ( 'NONE', #2359, #2307, #7912 ) ;
#9775 = DIRECTION ( 'NONE',  ( -1.000000000000000000, 0.000000000000000000, 0.000000000000000000 ) ) ;
#9776 = EDGE_CURVE ( 'NONE', #4138, #8061, #7833, .T. ) ;
#9777 = SURFACE_STYLE_USAGE ( .BOTH. , #1752 ) ;
#9778 = SURFACE_SIDE_STYLE ('',( #2537 ) ) ;
#9779 = ORIENTED_EDGE ( 'NONE', *, *, #10060, .F. ) ;
#9780 = PRESENTATION_LAYER_ASSIGNMENT (  '', '', ( #4915 ) ) ;
#9781 = PRESENTATION_LAYER_ASSIGNMENT (  '', '', ( #3556 ) ) ;
#9782 = EDGE_CURVE ( 'NONE', #8678, #1427, #6954, .T. ) ;
#9783 = EDGE_LOOP ( 'NONE', ( #841, #7217, #1179, #1546, #1745, #221, #9048, #8434, #3571, #10055, #8483, #5385, #210 ) ) ;
#9784 = LINE ( 'NONE', #2596, #3077 ) ;
#9785 = CARTESIAN_POINT ( 'NONE',  ( -2.448903543325950505, -5.500000000000000000, 3.582088541269246473 ) ) ;
#9786 = MECHANICAL_DESIGN_GEOMETRIC_PRESENTATION_REPRESENTATION (  '', ( #3903 ), #7943 ) ;
#9787 = PRESENTATION_STYLE_ASSIGNMENT (( #6587 ) ) ;
#9788 = LINE ( 'NONE', #1001, #8220 ) ;
#9789 =( NAMED_UNIT ( * ) SI_UNIT ( $, .STERADIAN. ) SOLID_ANGLE_UNIT ( ) );
#9790 = ORIENTED_EDGE ( 'NONE', *, *, #6381, .T. ) ;
#9791 = FILL_AREA_STYLE_COLOUR ( '', #6769 ) ;
#9792 = ORIENTED_EDGE ( 'NONE', *, *, #10210, .F. ) ;
#9793 = CARTESIAN_POINT ( 'NONE',  ( 1.283695372222837250E-13, 1.756407519426517183E-14, 3.500000000000001332 ) ) ;
#9794 = SURFACE_STYLE_FILL_AREA ( #3530 ) ;
#9795 = DIRECTION ( 'NONE',  ( -1.000000000000000000, 0.000000000000000000, 0.000000000000000000 ) ) ;
#9796 = DIRECTION ( 'NONE',  ( -0.000000000000000000, 2.861215661182131111E-16, -1.000000000000000000 ) ) ;
#9797 = STYLED_ITEM ( 'NONE', ( #98 ), #7334 ) ;
#9798 = UNCERTAINTY_MEASURE_WITH_UNIT (LENGTH_MEASURE( 1.000000000000000082E-05 ), #5573, 'distance_accuracy_value', 'NONE');
#9799 = PRESENTATION_STYLE_ASSIGNMENT (( #4807 ) ) ;
#9800 = CARTESIAN_POINT ( 'NONE',  ( 9.184547653667727131E-17, 4.500000000000002665, -1.499999999999999112 ) ) ;
#9801 =( NAMED_UNIT ( * ) PLANE_ANGLE_UNIT ( ) SI_UNIT ( $, .RADIAN. ) );
#9802 = VERTEX_POINT ( 'NONE', #7102 ) ;
#9803 = CARTESIAN_POINT ( 'NONE',  ( 6.649999999999999467, 6.704630743366732482, -2.094532406675940983 ) ) ;
#9804 = EDGE_CURVE ( 'NONE', #521, #1917, #10296, .T. ) ;
#9805 = CARTESIAN_POINT ( 'NONE',  ( -2.291666666666654972, -5.500000000000000000, 3.593299320890632309 ) ) ;
#9806 = SURFACE_SIDE_STYLE ('',( #3295 ) ) ;
#9807 = DIRECTION ( 'NONE',  ( -1.000000000000000000, -3.552713678800500535E-15, -1.974482005176861553E-15 ) ) ;
#9808 = ORIENTED_EDGE ( 'NONE', *, *, #1677, .T. ) ;
#9809 = STYLED_ITEM ( 'NONE', ( #8673 ), #3864 ) ;
#9810 = PRESENTATION_LAYER_ASSIGNMENT (  '', '', ( #2933 ) ) ;
#9811 = ORIENTED_EDGE ( 'NONE', *, *, #8473, .T. ) ;
#9812 =( NAMED_UNIT ( * ) SI_UNIT ( $, .STERADIAN. ) SOLID_ANGLE_UNIT ( ) );
#9813 = CARTESIAN_POINT ( 'NONE',  ( -1.599999999999998979, -5.500000000000000000, 3.644339654338649925 ) ) ;
#9814 = DIRECTION ( 'NONE',  ( 0.000000000000000000, 1.000000000000000000, 0.000000000000000000 ) ) ;
#9815 = SURFACE_STYLE_FILL_AREA ( #5998 ) ;
#9816 = MECHANICAL_DESIGN_GEOMETRIC_PRESENTATION_REPRESENTATION (  '', ( #1953 ), #7809 ) ;
#9817 =( NAMED_UNIT ( * ) SI_UNIT ( $, .STERADIAN. ) SOLID_ANGLE_UNIT ( ) );
#9818 = SURFACE_SIDE_STYLE ('',( #263 ) ) ;
#9819 = ORIENTED_EDGE ( 'NONE', *, *, #2266, .T. ) ;
#9820 = EDGE_CURVE ( 'NONE', #927, #8888, #8470, .T. ) ;
#9821 = ADVANCED_FACE ( 'NONE', ( #832 ), #6577, .T. ) ;
#9822 = STYLED_ITEM ( 'NONE', ( #4124 ), #4235 ) ;
#9823 = VERTEX_POINT ( 'NONE', #3254 ) ;
#9824 = PRESENTATION_LAYER_ASSIGNMENT (  '', '', ( #9668 ) ) ;
#9825 = DIRECTION ( 'NONE',  ( -1.000000000000000000, 7.228014483234880795E-15, 0.000000000000000000 ) ) ;
#9826 = AXIS2_PLACEMENT_3D ( 'NONE', #10202, #5321, #3899 ) ;
#9827 = STYLED_ITEM ( 'NONE', ( #1530 ), #3082 ) ;
#9828 = DIRECTION ( 'NONE',  ( -0.000000000000000000, -0.000000000000000000, 1.000000000000000000 ) ) ;
#9829 = DIRECTION ( 'NONE',  ( 1.000000000000000000, 3.614007241618359420E-15, -1.590163186312078113E-14 ) ) ;
#9830 = CIRCLE ( 'NONE', #10340, 0.1999999999999996503 ) ;
#9831 = DIRECTION ( 'NONE',  ( -4.336808689967532456E-16, -4.336808689967532456E-16, -1.000000000000000000 ) ) ;
#9832 = DIRECTION ( 'NONE',  ( -1.000000000000000000, 9.606819967171223507E-30, -5.025349008806200386E-14 ) ) ;
#9833 = MECHANICAL_DESIGN_GEOMETRIC_PRESENTATION_REPRESENTATION (  '', ( #2632 ), #3616 ) ;
#9834 = DIRECTION ( 'NONE',  ( -0.000000000000000000, -0.000000000000000000, 1.000000000000000000 ) ) ;
#9835 = MECHANICAL_DESIGN_GEOMETRIC_PRESENTATION_REPRESENTATION (  '', ( #8174 ), #7163 ) ;
#9836 = EDGE_LOOP ( 'NONE', ( #4337, #4646, #8014, #65 ) ) ;
#9837 = UNCERTAINTY_MEASURE_WITH_UNIT (LENGTH_MEASURE( 1.000000000000000082E-05 ), #8138, 'distance_accuracy_value', 'NONE');
#9838 = EDGE_LOOP ( 'NONE', ( #50, #1008, #6973, #1103 ) ) ;
#9839 =( NAMED_UNIT ( * ) PLANE_ANGLE_UNIT ( ) SI_UNIT ( $, .RADIAN. ) );
#9840 = VERTEX_POINT ( 'NONE', #10346 ) ;
#9841 = LINE ( 'NONE', #4908, #6905 ) ;
#9842 = DIRECTION ( 'NONE',  ( 0.4961328535521689620, 0.000000000000000000, 0.8682466191274125222 ) ) ;
#9843 = STYLED_ITEM ( 'NONE', ( #6541 ), #9888 ) ;
#9844 =( NAMED_UNIT ( * ) PLANE_ANGLE_UNIT ( ) SI_UNIT ( $, .RADIAN. ) );
#9845 = AXIS2_PLACEMENT_3D ( 'NONE', #3537, #8491, #9987 ) ;
#9846 = UNCERTAINTY_MEASURE_WITH_UNIT (LENGTH_MEASURE( 1.000000000000000082E-05 ), #3294, 'distance_accuracy_value', 'NONE');
#9847 = LINE ( 'NONE', #9029, #3001 ) ;
#9848 = FILL_AREA_STYLE_COLOUR ( '', #4780 ) ;
#9849 = AXIS2_PLACEMENT_3D ( 'NONE', #274, #9834, #1924 ) ;
#9850 = CARTESIAN_POINT ( 'NONE',  ( -5.271558449006367830, -1.324581074942560832, 3.600000000000000977 ) ) ;
#9851 = PRESENTATION_STYLE_ASSIGNMENT (( #6610 ) ) ;
#9852 = ORIENTED_EDGE ( 'NONE', *, *, #10063, .F. ) ;
#9853 = AXIS2_PLACEMENT_3D ( 'NONE', #10046, #2810, #1151 ) ;
#9854 = SURFACE_SIDE_STYLE ('',( #3545 ) ) ;
#9855 = LINE ( 'NONE', #1026, #4517 ) ;
#9856 = CIRCLE ( 'NONE', #2822, 0.4500000000000001221 ) ;
#9857 = DIRECTION ( 'NONE',  ( 0.000000000000000000, 0.000000000000000000, -1.000000000000000000 ) ) ;
#9858 = VERTEX_POINT ( 'NONE', #1754 ) ;
#9859 = TOROIDAL_SURFACE ( 'NONE', #7688, 5.275000000000003020, 0.1000000000000022121 ) ;
#9860 = ORIENTED_EDGE ( 'NONE', *, *, #4419, .F. ) ;
#9861 = PRESENTATION_STYLE_ASSIGNMENT (( #6673 ) ) ;
#9862 =( NAMED_UNIT ( * ) PLANE_ANGLE_UNIT ( ) SI_UNIT ( $, .RADIAN. ) );
#9863 = COLOUR_RGB ( '',0.1098039215686274495, 0.1098039215686274495, 0.1098039215686274495 ) ;
#9864 = PRESENTATION_STYLE_ASSIGNMENT (( #401 ) ) ;
#9865 = SURFACE_SIDE_STYLE ('',( #402 ) ) ;
#9866 =( LENGTH_UNIT ( ) NAMED_UNIT ( * ) SI_UNIT ( .MILLI., .METRE. ) );
#9867 = CARTESIAN_POINT ( 'NONE',  ( -6.000000000000000000, 2.000000000000000000, 3.500000000000000000 ) ) ;
#9868 = EDGE_LOOP ( 'NONE', ( #4495, #2083, #8694, #5582 ) ) ;
#9869 = COLOUR_RGB ( '',0.1098039215686274495, 0.1098039215686274495, 0.1098039215686274495 ) ;
#9870 = EDGE_CURVE ( 'NONE', #7756, #6771, #1819, .T. ) ;
#9871 = ORIENTED_EDGE ( 'NONE', *, *, #810, .T. ) ;
#9872 = DIRECTION ( 'NONE',  ( -1.000000000000000000, 0.000000000000000000, 0.000000000000000000 ) ) ;
#9873 = ADVANCED_FACE ( 'NONE', ( #8953 ), #6366, .F. ) ;
#9874 = PRESENTATION_LAYER_ASSIGNMENT (  '', '', ( #4005 ) ) ;
#9875 = ADVANCED_FACE ( 'NONE', ( #989 ), #7209, .T. ) ;
#9876 = PRESENTATION_LAYER_ASSIGNMENT (  '', '', ( #7210 ) ) ;
#9877 = CARTESIAN_POINT ( 'NONE',  ( -1.899999999999999911, -1.500000000000000000, 5.500000000000000000 ) ) ;
#9878 = CIRCLE ( 'NONE', #6873, 0.04999999999999969746 ) ;
#9879 = PRESENTATION_STYLE_ASSIGNMENT (( #9105 ) ) ;
#9880 = LINE ( 'NONE', #5817, #2009 ) ;
#9881 = SURFACE_STYLE_USAGE ( .BOTH. , #6693 ) ;
#9882 = VERTEX_POINT ( 'NONE', #1014 ) ;
#9883 = AXIS2_PLACEMENT_3D ( 'NONE', #8056, #1543, #835 ) ;
#9884 = DIRECTION ( 'NONE',  ( -7.257499140144686200E-11, 1.000000000000000000, 4.564409137655991039E-14 ) ) ;
#9885 = DIRECTION ( 'NONE',  ( -1.000000000000000000, 0.000000000000000000, 0.000000000000000000 ) ) ;
#9886 = ORIENTED_EDGE ( 'NONE', *, *, #9782, .F. ) ;
#9887 = CARTESIAN_POINT ( 'NONE',  ( 6.547679712131304619, 2.000000000000000888, -2.979052028523551776 ) ) ;
#9888 = ADVANCED_FACE ( 'NONE', ( #3432 ), #8024, .T. ) ;
#9889 = CARTESIAN_POINT ( 'NONE',  ( 5.277469577783175936, 1.621726653768865711, 3.599999994700597394 ) ) ;
#9890 = PLANE ( 'NONE',  #7208 ) ;
#9891 = VECTOR ( 'NONE', #3187, 1000.000000000000000 ) ;
#9892 = SURFACE_STYLE_FILL_AREA ( #8290 ) ;
#9893 = DIRECTION ( 'NONE',  ( 1.053031360026544826E-16, 1.000000000000000000, 0.000000000000000000 ) ) ;
#9894 = UNCERTAINTY_MEASURE_WITH_UNIT (LENGTH_MEASURE( 1.000000000000000082E-05 ), #4205, 'distance_accuracy_value', 'NONE');
#9895 = SURFACE_STYLE_FILL_AREA ( #127 ) ;
#9896 = AXIS2_PLACEMENT_3D ( 'NONE', #1908, #9250, #7663 ) ;
#9897 = FILL_AREA_STYLE ('',( #6705 ) ) ;
#9898 = LINE ( 'NONE', #3393, #2340 ) ;
#9899 = CARTESIAN_POINT ( 'NONE',  ( 5.000000000000000000, 6.000000000000000000, 3.300000000000001599 ) ) ;
#9900 = ORIENTED_EDGE ( 'NONE', *, *, #8360, .T. ) ;
#9901 = COLOUR_RGB ( '',0.1098039215686274495, 0.1098039215686274495, 0.1098039215686274495 ) ;
#9902 =( NAMED_UNIT ( * ) SI_UNIT ( $, .STERADIAN. ) SOLID_ANGLE_UNIT ( ) );
#9903 = ADVANCED_FACE ( 'NONE', ( #2562 ), #3138, .T. ) ;
#9904 = COLOUR_RGB ( '',0.1098039215686274495, 0.1098039215686274495, 0.1098039215686274495 ) ;
#9905 = CARTESIAN_POINT ( 'NONE',  ( -6.212785798360255463, -2.499999999999998668, -2.960449165327015741 ) ) ;
#9906 =( NAMED_UNIT ( * ) PLANE_ANGLE_UNIT ( ) SI_UNIT ( $, .RADIAN. ) );
#9907 = VECTOR ( 'NONE', #4676, 1000.000000000000227 ) ;
#9908 = MECHANICAL_DESIGN_GEOMETRIC_PRESENTATION_REPRESENTATION (  '', ( #1538 ), #1542 ) ;
#9909 = FILL_AREA_STYLE_COLOUR ( '', #2116 ) ;
#9910 = PRESENTATION_STYLE_ASSIGNMENT (( #2103 ) ) ;
#9911 = ORIENTED_EDGE ( 'NONE', *, *, #5137, .F. ) ;
#9912 = MECHANICAL_DESIGN_GEOMETRIC_PRESENTATION_REPRESENTATION (  '', ( #2870 ), #1065 ) ;
#9913 = ORIENTED_EDGE ( 'NONE', *, *, #2789, .F. ) ;
#9914 = PRESENTATION_LAYER_ASSIGNMENT (  '', '', ( #2056 ) ) ;
#9915 = CIRCLE ( 'NONE', #4559, 0.2999999999999990452 ) ;
#9916 = FACE_OUTER_BOUND ( 'NONE', #10082, .T. ) ;
#9917 = CARTESIAN_POINT ( 'NONE',  ( 5.989526014261777220, 2.499999999999999556, -3.351160143934350799 ) ) ;
#9918 =( NAMED_UNIT ( * ) PLANE_ANGLE_UNIT ( ) SI_UNIT ( $, .RADIAN. ) );
#9919 = CIRCLE ( 'NONE', #2889, 0.2999999999999999334 ) ;
#9920 = DIRECTION ( 'NONE',  ( -4.410331739183748418E-33, -1.000000000000000000, -6.012910069692402531E-16 ) ) ;
#9921 = EDGE_LOOP ( 'NONE', ( #4038, #9459, #276, #1961, #3550, #6683, #568 ) ) ;
#9922 = ORIENTED_EDGE ( 'NONE', *, *, #3987, .T. ) ;
#9923 =( GEOMETRIC_REPRESENTATION_CONTEXT ( 3 ) GLOBAL_UNCERTAINTY_ASSIGNED_CONTEXT ( ( #1935 ) ) GLOBAL_UNIT_ASSIGNED_CONTEXT ( ( #4933, #5746, #2486 ) ) REPRESENTATION_CONTEXT ( 'NONE', 'WORKASPACE' ) );
#9924 = MECHANICAL_DESIGN_GEOMETRIC_PRESENTATION_REPRESENTATION (  '', ( #6096 ), #4229 ) ;
#9925 = DIRECTION ( 'NONE',  ( -5.292964219874702812E-15, 1.256337252201266738E-14, 1.000000000000000000 ) ) ;
#9926 = DIRECTION ( 'NONE',  ( -5.191525733816301250E-29, 1.000000000000000000, 6.020119902213432469E-13 ) ) ;
#9927 = CARTESIAN_POINT ( 'NONE',  ( 6.000000000000023981, 0.000000000000000000, 7.064159265358981088 ) ) ;
#9928 = CARTESIAN_POINT ( 'NONE',  ( 3.950851657416640350, 4.713095711004416266, 3.499999999999998224 ) ) ;
#9929 = FACE_OUTER_BOUND ( 'NONE', #979, .T. ) ;
#9930 = ORIENTED_EDGE ( 'NONE', *, *, #3913, .F. ) ;
#9931 =( NAMED_UNIT ( * ) SI_UNIT ( $, .STERADIAN. ) SOLID_ANGLE_UNIT ( ) );
#9932 = VERTEX_POINT ( 'NONE', #919 ) ;
#9933 = UNCERTAINTY_MEASURE_WITH_UNIT (LENGTH_MEASURE( 1.000000000000000082E-05 ), #4616, 'distance_accuracy_value', 'NONE');
#9934 = VERTEX_POINT ( 'NONE', #4911 ) ;
#9935 = CARTESIAN_POINT ( 'NONE',  ( 6.420179204657453731, -2.937096592108939141, -3.202181546672993484 ) ) ;
#9936 = ORIENTED_EDGE ( 'NONE', *, *, #4491, .T. ) ;
#9937 = DIRECTION ( 'NONE',  ( -0.3846153846153689826, 0.9230769230769296785, 4.884433375352896685E-14 ) ) ;
#9938 = STYLED_ITEM ( 'NONE', ( #1508 ), #6760 ) ;
#9939 = FILL_AREA_STYLE_COLOUR ( '', #10273 ) ;
#9940 = DIRECTION ( 'NONE',  ( 1.000000000000000000, -0.000000000000000000, 0.000000000000000000 ) ) ;
#9941 = DIRECTION ( 'NONE',  ( -1.000000000000000000, 0.000000000000000000, 0.000000000000000000 ) ) ;
#9942 = UNCERTAINTY_MEASURE_WITH_UNIT (LENGTH_MEASURE( 1.000000000000000082E-05 ), #8990, 'distance_accuracy_value', 'NONE');
#9943 = CARTESIAN_POINT ( 'NONE',  ( 5.271558449006362501, -1.324581074942563053, 3.600000000000001421 ) ) ;
#9944 = PRESENTATION_STYLE_ASSIGNMENT (( #1303 ) ) ;
#9945 = VECTOR ( 'NONE', #8588, 1000.000000000000000 ) ;
#9946 = VERTEX_POINT ( 'NONE', #8133 ) ;
#9947 = CARTESIAN_POINT ( 'NONE',  ( 4.055358197899693984, 4.340453319508779551, 3.598694560489956729 ) ) ;
#9948 = ORIENTED_EDGE ( 'NONE', *, *, #8635, .T. ) ;
#9949 = LINE ( 'NONE', #5982, #1002 ) ;
#9950 = VECTOR ( 'NONE', #2239, 1000.000000000000000 ) ;
#9951 =( NAMED_UNIT ( * ) SI_UNIT ( $, .STERADIAN. ) SOLID_ANGLE_UNIT ( ) );
#9952 = DIRECTION ( 'NONE',  ( 0.6414968937217182532, -0.1611885087261840932, 0.7500000000000103251 ) ) ;
#9953 = CARTESIAN_POINT ( 'NONE',  ( 0.000000000000000000, 0.000000000000000000, 4.299999999999999822 ) ) ;
#9954 = VERTEX_POINT ( 'NONE', #5775 ) ;
#9955 = EDGE_CURVE ( 'NONE', #2868, #2699, #7335, .T. ) ;
#9956 = SURFACE_STYLE_FILL_AREA ( #6773 ) ;
#9957 = VERTEX_POINT ( 'NONE', #1778 ) ;
#9958 = AXIS2_PLACEMENT_3D ( 'NONE', #8054, #6421, #3777 ) ;
#9959 = DIRECTION ( 'NONE',  ( -0.2436941190233374854, 0.9698521414903611415, -8.854084554972242021E-15 ) ) ;
#9960 = SURFACE_SIDE_STYLE ('',( #399 ) ) ;
#9961 = FILL_AREA_STYLE_COLOUR ( '', #53 ) ;
#9962 = CARTESIAN_POINT ( 'NONE',  ( -3.950000000000000178, 0.000000000000000000, 3.299999999999999378 ) ) ;
#9963 = VERTEX_POINT ( 'NONE', #282 ) ;
#9964 = ORIENTED_EDGE ( 'NONE', *, *, #2020, .T. ) ;
#9965 = AXIS2_PLACEMENT_3D ( 'NONE', #1581, #28, #6407 ) ;
#9966 = VECTOR ( 'NONE', #1631, 1000.000000000000000 ) ;
#9967 = VECTOR ( 'NONE', #5586, 1000.000000000000114 ) ;
#9968 = DIRECTION ( 'NONE',  ( -0.4961328535521692396, 0.000000000000000000, -0.8682466191274121892 ) ) ;
#9969 =( NAMED_UNIT ( * ) PLANE_ANGLE_UNIT ( ) SI_UNIT ( $, .RADIAN. ) );
#9970 = CARTESIAN_POINT ( 'NONE',  ( -2.888758826083738928E-15, -9.393971860996764743E-15, 3.499999999999996003 ) ) ;
#9971 = COLOUR_RGB ( '',0.1098039215686274495, 0.1098039215686274495, 0.1098039215686274495 ) ;
#9972 =( LENGTH_UNIT ( ) NAMED_UNIT ( * ) SI_UNIT ( .MILLI., .METRE. ) );
#9973 = ORIENTED_EDGE ( 'NONE', *, *, #745, .F. ) ;
#9974 =( LENGTH_UNIT ( ) NAMED_UNIT ( * ) SI_UNIT ( .MILLI., .METRE. ) );
#9975 = EDGE_LOOP ( 'NONE', ( #620, #8466, #5333, #3451, #3631 ) ) ;
#9976 = LINE ( 'NONE', #6850, #9465 ) ;
#9977 = ORIENTED_EDGE ( 'NONE', *, *, #8956, .F. ) ;
#9978 = MECHANICAL_DESIGN_GEOMETRIC_PRESENTATION_REPRESENTATION (  '', ( #9339 ), #4282 ) ;
#9979 = DIRECTION ( 'NONE',  ( -1.222978688985946960E-15, -1.000000000000000000, 0.000000000000000000 ) ) ;
#9980 = DIRECTION ( 'NONE',  ( 0.000000000000000000, 0.000000000000000000, -1.000000000000000000 ) ) ;
#9981 = AXIS2_PLACEMENT_3D ( 'NONE', #2881, #3704, #9409 ) ;
#9982 = CARTESIAN_POINT ( 'NONE',  ( 5.432699878979442509, -2.263624949574774448, 3.600000000000002309 ) ) ;
#9983 = CARTESIAN_POINT ( 'NONE',  ( -6.287205726393077398, 3.000000000000000444, -2.830212172457904352 ) ) ;
#9984 = CARTESIAN_POINT ( 'NONE',  ( 5.270126084680318179, -1.595182922203961962, 3.599999937117452031 ) ) ;
#9985 =( NAMED_UNIT ( * ) SI_UNIT ( $, .STERADIAN. ) SOLID_ANGLE_UNIT ( ) );
#9986 = UNCERTAINTY_MEASURE_WITH_UNIT (LENGTH_MEASURE( 1.000000000000000082E-05 ), #4057, 'distance_accuracy_value', 'NONE');
#9987 = DIRECTION ( 'NONE',  ( -1.000000000000000000, 0.000000000000000000, 0.000000000000000000 ) ) ;
#9988 = COLOUR_RGB ( '',1.000000000000000000, 1.000000000000000000, 1.000000000000000000 ) ;
#9989 = FILL_AREA_STYLE_COLOUR ( '', #7483 ) ;
#9990 = DIRECTION ( 'NONE',  ( 0.000000000000000000, 1.000000000000000000, 0.000000000000000000 ) ) ;
#9991 =( LENGTH_UNIT ( ) NAMED_UNIT ( * ) SI_UNIT ( .MILLI., .METRE. ) );
#9992 = EDGE_LOOP ( 'NONE', ( #7001, #6069, #5464, #4743 ) ) ;
#9993 = MECHANICAL_DESIGN_GEOMETRIC_PRESENTATION_REPRESENTATION (  '', ( #7823 ), #8347 ) ;
#9994 = ADVANCED_FACE ( 'NONE', ( #4173 ), #9025, .F. ) ;
#9995 = FACE_OUTER_BOUND ( 'NONE', #8331, .T. ) ;
#9996 = ORIENTED_EDGE ( 'NONE', *, *, #5465, .T. ) ;
#9997 =( GEOMETRIC_REPRESENTATION_CONTEXT ( 3 ) GLOBAL_UNCERTAINTY_ASSIGNED_CONTEXT ( ( #9986 ) ) GLOBAL_UNIT_ASSIGNED_CONTEXT ( ( #4057, #4996, #8064 ) ) REPRESENTATION_CONTEXT ( 'NONE', 'WORKASPACE' ) );
#9998 = AXIS2_PLACEMENT_3D ( 'NONE', #10159, #7538, #6859 ) ;
#9999 = CYLINDRICAL_SURFACE ( 'NONE', #405, 0.8000000000000003775 ) ;
#10000 = EDGE_CURVE ( 'NONE', #4846, #7990, #7533, .T. ) ;
#10001 = EDGE_CURVE ( 'NONE', #4696, #92, #7178, .T. ) ;
#10002 = CARTESIAN_POINT ( 'NONE',  ( 0.000000000000000000, 0.000000000000000000, 4.299999999999999822 ) ) ;
#10003 = EDGE_CURVE ( 'NONE', #8382, #407, #5320, .T. ) ;
#10004 = CARTESIAN_POINT ( 'NONE',  ( -5.400000000000059863, -2.250000000000017764, 3.599999999999995648 ) ) ;
#10005 = AXIS2_PLACEMENT_3D ( 'NONE', #4093, #8735, #5643 ) ;
#10006 = CARTESIAN_POINT ( 'NONE',  ( -1.891518204694828897, 5.435424868894165762, 3.600000000000000977 ) ) ;
#10007 = AXIS2_PLACEMENT_3D ( 'NONE', #8110, #8052, #6364 ) ;
#10008 = VERTEX_POINT ( 'NONE', #9982 ) ;
#10009 = COLOUR_RGB ( '',0.1098039215686274495, 0.1098039215686274495, 0.1098039215686274495 ) ;
#10010 = CARTESIAN_POINT ( 'NONE',  ( 6.287205726393079175, -2.000000000000000000, -2.830212172457902575 ) ) ;
#10011 = CIRCLE ( 'NONE', #7345, 0.8000000000000003775 ) ;
#10012 = ADVANCED_FACE ( 'NONE', ( #6753 ), #8487, .T. ) ;
#10013 =( LENGTH_UNIT ( ) NAMED_UNIT ( * ) SI_UNIT ( .MILLI., .METRE. ) );
#10014 = SURFACE_SIDE_STYLE ('',( #5899 ) ) ;
#10015 = SURFACE_SIDE_STYLE ('',( #3869 ) ) ;
#10016 = DIRECTION ( 'NONE',  ( 0.000000000000000000, -1.000000000000000000, 0.000000000000000000 ) ) ;
#10017 = ADVANCED_FACE ( 'NONE', ( #5927 ), #1964, .T. ) ;
#10018 = DIRECTION ( 'NONE',  ( -0.6614378277661518979, 3.415236843329322559E-14, 0.7499999999999962252 ) ) ;
#10019 = VECTOR ( 'NONE', #1699, 1000.000000000000114 ) ;
#10020 = CARTESIAN_POINT ( 'NONE',  ( 6.349999999999996092, -6.704630743366731593, -0.6874509908007693237 ) ) ;
#10021 = COLOUR_RGB ( '',0.1098039215686274495, 0.1098039215686274495, 0.1098039215686274495 ) ;
#10022 = PRESENTATION_STYLE_ASSIGNMENT (( #6831 ) ) ;
#10023 = EDGE_LOOP ( 'NONE', ( #7628, #7228, #9291, #7255 ) ) ;
#10024 = ORIENTED_EDGE ( 'NONE', *, *, #6763, .F. ) ;
#10025 = ORIENTED_EDGE ( 'NONE', *, *, #6044, .F. ) ;
#10026 = AXIS2_PLACEMENT_3D ( 'NONE', #1733, #2613, #2722 ) ;
#10027 =( LENGTH_UNIT ( ) NAMED_UNIT ( * ) SI_UNIT ( .MILLI., .METRE. ) );
#10028 = ADVANCED_FACE ( 'NONE', ( #5063, #1347 ), #6964, .F. ) ;
#10029 = SURFACE_STYLE_FILL_AREA ( #5147 ) ;
#10030 = SURFACE_SIDE_STYLE ('',( #314 ) ) ;
#10031 = FILL_AREA_STYLE_COLOUR ( '', #4976 ) ;
#10032 =( NAMED_UNIT ( * ) SI_UNIT ( $, .STERADIAN. ) SOLID_ANGLE_UNIT ( ) );
#10033 = CARTESIAN_POINT ( 'NONE',  ( -6.000000000000000000, 3.000000000000000000, 3.500000000000000000 ) ) ;
#10034 = DIRECTION ( 'NONE',  ( 0.000000000000000000, 1.000000000000000000, 0.000000000000000000 ) ) ;
#10035 = PRESENTATION_STYLE_ASSIGNMENT (( #4465 ) ) ;
#10036 = ORIENTED_EDGE ( 'NONE', *, *, #3652, .F. ) ;
#10037 = FILL_AREA_STYLE_COLOUR ( '', #2714 ) ;
#10038 = ORIENTED_EDGE ( 'NONE', *, *, #7847, .F. ) ;
#10039 = ORIENTED_EDGE ( 'NONE', *, *, #2598, .F. ) ;
#10040 = DIRECTION ( 'NONE',  ( 0.4722150451494424583, 0.000000000000000000, 0.8814833810881007592 ) ) ;
#10041 = ORIENTED_EDGE ( 'NONE', *, *, #1181, .F. ) ;
#10042 = EDGE_CURVE ( 'NONE', #1938, #4620, #8596, .T. ) ;
#10043 = VECTOR ( 'NONE', #1755, 1000.000000000000000 ) ;
#10044 = DIRECTION ( 'NONE',  ( 1.000000000000000000, -1.084202172485503842E-15, 0.000000000000000000 ) ) ;
#10045 = CARTESIAN_POINT ( 'NONE',  ( 1.891518204694832672, -5.399999999999998579, 3.499999999999996003 ) ) ;
#10046 = CARTESIAN_POINT ( 'NONE',  ( -2.250000000000023093, -5.435424868893517392, 3.199999999999781242 ) ) ;
#10047 = DIRECTION ( 'NONE',  ( 1.883124184714193481E-15, 9.387336522804436264E-31, 1.000000000000000000 ) ) ;
#10048 = UNCERTAINTY_MEASURE_WITH_UNIT (LENGTH_MEASURE( 1.000000000000000082E-05 ), #6008, 'distance_accuracy_value', 'NONE');
#10049 = AXIS2_PLACEMENT_3D ( 'NONE', #8594, #1200, #9980 ) ;
#10050 = FILL_AREA_STYLE_COLOUR ( '', #2845 ) ;
#10051 = CYLINDRICAL_SURFACE ( 'NONE', #9583, 3.950000000000000178 ) ;
#10052 =( LENGTH_UNIT ( ) NAMED_UNIT ( * ) SI_UNIT ( .MILLI., .METRE. ) );
#10053 = VECTOR ( 'NONE', #1660, 1000.000000000000000 ) ;
#10054 = CARTESIAN_POINT ( 'NONE',  ( 6.693412330956372003, -6.704630743366731593, -2.119339049353550219 ) ) ;
#10055 = ORIENTED_EDGE ( 'NONE', *, *, #5414, .F. ) ;
#10056 = ORIENTED_EDGE ( 'NONE', *, *, #8035, .F. ) ;
#10057 = ORIENTED_EDGE ( 'NONE', *, *, #7891, .F. ) ;
#10058 = PRESENTATION_LAYER_ASSIGNMENT (  '', '', ( #4516 ) ) ;
#10059 =( GEOMETRIC_REPRESENTATION_CONTEXT ( 3 ) GLOBAL_UNCERTAINTY_ASSIGNED_CONTEXT ( ( #9705 ) ) GLOBAL_UNIT_ASSIGNED_CONTEXT ( ( #1434, #8514, #7717 ) ) REPRESENTATION_CONTEXT ( 'NONE', 'WORKASPACE' ) );
#10060 = EDGE_CURVE ( 'NONE', #852, #1873, #8649, .T. ) ;
#10061 = CIRCLE ( 'NONE', #5548, 0.3000000000000007661 ) ;
#10062 = SURFACE_STYLE_FILL_AREA ( #9452 ) ;
#10063 = EDGE_CURVE ( 'NONE', #9489, #1401, #7825, .T. ) ;
#10064 = CARTESIAN_POINT ( 'NONE',  ( -4.999999999999997335, 5.799999999999999822, -8.402566836762659364E-16 ) ) ;
#10065 = AXIS2_PLACEMENT_3D ( 'NONE', #4125, #6448, #1075 ) ;
#10066 = COLOUR_RGB ( '',1.000000000000000000, 1.000000000000000000, 1.000000000000000000 ) ;
#10067 = ORIENTED_EDGE ( 'NONE', *, *, #433, .T. ) ;
#10068 = ORIENTED_EDGE ( 'NONE', *, *, #3543, .T. ) ;
#10069 = DIRECTION ( 'NONE',  ( -1.053031360026544826E-16, -1.000000000000000000, -3.676641472259064878E-31 ) ) ;
#10070 = CARTESIAN_POINT ( 'NONE',  ( 0.000000000000000000, 4.500000000000003553, -1.500000000000000000 ) ) ;
#10071 = DIRECTION ( 'NONE',  ( -0.000000000000000000, -0.000000000000000000, 1.000000000000000000 ) ) ;
#10072 = DIRECTION ( 'NONE',  ( -0.000000000000000000, -1.000000000000000000, 0.000000000000000000 ) ) ;
#10073 = SURFACE_SIDE_STYLE ('',( #4403 ) ) ;
#10074 = AXIS2_PLACEMENT_3D ( 'NONE', #2510, #8815, #858 ) ;
#10075 = FILL_AREA_STYLE ('',( #9961 ) ) ;
#10076 = CARTESIAN_POINT ( 'NONE',  ( -4.054821420274921984, 4.341536639986061097, 3.598611123188931504 ) ) ;
#10077 = PRESENTATION_LAYER_ASSIGNMENT (  '', '', ( #2870 ) ) ;
#10078 = PRESENTATION_LAYER_ASSIGNMENT (  '', '', ( #6568 ) ) ;
#10079 = EDGE_CURVE ( 'NONE', #2678, #3302, #7657, .T. ) ;
#10080 = EDGE_CURVE ( 'NONE', #3572, #9059, #5837, .T. ) ;
#10081 = ORIENTED_EDGE ( 'NONE', *, *, #6496, .T. ) ;
#10082 = EDGE_LOOP ( 'NONE', ( #7503, #9632, #8833, #4260 ) ) ;
#10083 = DIRECTION ( 'NONE',  ( 0.000000000000000000, -0.2078790956190664230, -0.9781545284895424297 ) ) ;
#10084 = EDGE_CURVE ( 'NONE', #2011, #9323, #9348, .T. ) ;
#10085 = CIRCLE ( 'NONE', #4713, 4.150000000000000355 ) ;
#10086 = CARTESIAN_POINT ( 'NONE',  ( 1.599999999999999867, 1.600000000000001643, 6.999999999999996447 ) ) ;
#10087 =( GEOMETRIC_REPRESENTATION_CONTEXT ( 3 ) GLOBAL_UNCERTAINTY_ASSIGNED_CONTEXT ( ( #8307 ) ) GLOBAL_UNIT_ASSIGNED_CONTEXT ( ( #3957, #1609, #4011 ) ) REPRESENTATION_CONTEXT ( 'NONE', 'WORKASPACE' ) );
#10088 = PRESENTATION_LAYER_ASSIGNMENT (  '', '', ( #9262 ) ) ;
#10089 =( NAMED_UNIT ( * ) PLANE_ANGLE_UNIT ( ) SI_UNIT ( $, .RADIAN. ) );
#10090 = SURFACE_SIDE_STYLE ('',( #573 ) ) ;
#10091 = EDGE_CURVE ( 'NONE', #2273, #1810, #3004, .T. ) ;
#10092 = AXIS2_PLACEMENT_3D ( 'NONE', #303, #502, #5847 ) ;
#10093 = COLOUR_RGB ( '',1.000000000000000000, 1.000000000000000000, 1.000000000000000000 ) ;
#10094 = EDGE_CURVE ( 'NONE', #3880, #9275, #9169, .T. ) ;
#10095 = PRESENTATION_STYLE_ASSIGNMENT (( #6903 ) ) ;
#10096 = ORIENTED_EDGE ( 'NONE', *, *, #7260, .F. ) ;
#10097 = ORIENTED_EDGE ( 'NONE', *, *, #10003, .T. ) ;
#10098 = DIRECTION ( 'NONE',  ( 4.109710085192101020E-31, -3.042580924680819946E-45, -1.000000000000000000 ) ) ;
#10099 = ORIENTED_EDGE ( 'NONE', *, *, #3095, .T. ) ;
#10100 = MECHANICAL_DESIGN_GEOMETRIC_PRESENTATION_REPRESENTATION (  '', ( #9277 ), #3051 ) ;
#10101 = DIRECTION ( 'NONE',  ( -0.4620284873220488753, -0.4733177335606064684, 0.7499999999999669154 ) ) ;
#10102 = DIRECTION ( 'NONE',  ( 5.292964219876516403E-15, 1.256337252201566032E-14, 1.000000000000000000 ) ) ;
#10103 =( NAMED_UNIT ( * ) PLANE_ANGLE_UNIT ( ) SI_UNIT ( $, .RADIAN. ) );
#10104 = CARTESIAN_POINT ( 'NONE',  ( -3.600000000000001421, -6.000000000000000000, 0.2000000000000000944 ) ) ;
#10105 = CARTESIAN_POINT ( 'NONE',  ( 5.424745029542297203, -1.866168552841676265, 3.600000000000000089 ) ) ;
#10106 = LINE ( 'NONE', #2915, #856 ) ;
#10107 = FILL_AREA_STYLE ('',( #436 ) ) ;
#10108 = AXIS2_PLACEMENT_3D ( 'NONE', #7284, #6539, #5500 ) ;
#10109 = VERTEX_POINT ( 'NONE', #7057 ) ;
#10110 = EDGE_LOOP ( 'NONE', ( #5481, #8782, #7355, #2491, #3504, #3479, #5706, #7025, #957, #2592, #4411, #2937, #1532, #155, #6272, #6648, #1721, #9771, #6696, #7991, #8319, #7594, #6934, #9684, #2525, #5051, #7257, #6581, #749, #5056, #10247, #9852, #2684, #5820, #8128, #5870, #6153, #3687, #1636, #2258, #1635, #3105, #3630, #2485, #2237, #8149, #296, #4768, #4110, #10113, #6412, #9019, #873, #8354, #8618, #93, #7841, #4387, #5094, #4457, #7096, #10337, #1263, #8217, #4875, #9770, #824, #9017, #7134 ) ) ;
#10111 =( GEOMETRIC_REPRESENTATION_CONTEXT ( 3 ) GLOBAL_UNCERTAINTY_ASSIGNED_CONTEXT ( ( #8598 ) ) GLOBAL_UNIT_ASSIGNED_CONTEXT ( ( #9341, #6029, #6866 ) ) REPRESENTATION_CONTEXT ( 'NONE', 'WORKASPACE' ) );
#10112 = CARTESIAN_POINT ( 'NONE',  ( 4.112692235538852437, 4.255878169405403533, 3.598714543258405119 ) ) ;
#10113 = ORIENTED_EDGE ( 'NONE', *, *, #5388, .F. ) ;
#10114 = DIRECTION ( 'NONE',  ( -1.000000000000000000, 0.000000000000000000, 0.000000000000000000 ) ) ;
#10115 = CARTESIAN_POINT ( 'NONE',  ( 1.866168552841702244, -5.424745029542304309, 3.199999999999995293 ) ) ;
#10116 = PRESENTATION_STYLE_ASSIGNMENT (( #8661 ) ) ;
#10117 = DIRECTION ( 'NONE',  ( -4.336808689967532456E-16, -4.336808689967532456E-16, -1.000000000000000000 ) ) ;
#10118 = SURFACE_SIDE_STYLE ('',( #3643 ) ) ;
#10119 = CARTESIAN_POINT ( 'NONE',  ( 0.000000000000000000, 0.000000000000000000, 3.500000000000000000 ) ) ;
#10120 = LINE ( 'NONE', #2828, #6050 ) ;
#10121 = VERTEX_POINT ( 'NONE', #3060 ) ;
#10122 = FACE_OUTER_BOUND ( 'NONE', #8644, .T. ) ;
#10123 = STYLED_ITEM ( 'NONE', ( #786 ), #7076 ) ;
#10124 = CARTESIAN_POINT ( 'NONE',  ( 6.000000000000000000, 0.000000000000000000, 1.146410165658806601 ) ) ;
#10125 = DIRECTION ( 'NONE',  ( -0.4819066211576359948, -0.2377525341402945136, 0.8433503074015558099 ) ) ;
#10126 = DIRECTION ( 'NONE',  ( -0.4961328535521692396, 0.000000000000000000, -0.8682466191274121892 ) ) ;
#10127 =( LENGTH_UNIT ( ) NAMED_UNIT ( * ) SI_UNIT ( .MILLI., .METRE. ) );
#10128 = CARTESIAN_POINT ( 'NONE',  ( -4.713095711004408273, 3.950851657416640350, 3.500000000000000000 ) ) ;
#10129 =( LENGTH_UNIT ( ) NAMED_UNIT ( * ) SI_UNIT ( .MILLI., .METRE. ) );
#10130 = CARTESIAN_POINT ( 'NONE',  ( 7.947500464712013685E-16, 8.673617379884035472E-16, 3.349999999999985878 ) ) ;
#10131 = ORIENTED_EDGE ( 'NONE', *, *, #10339, .T. ) ;
#10132 = ORIENTED_EDGE ( 'NONE', *, *, #1679, .F. ) ;
#10133 = EDGE_LOOP ( 'NONE', ( #6889, #1271, #6166, #2096 ) ) ;
#10134 = SURFACE_STYLE_USAGE ( .BOTH. , #1391 ) ;
#10135 = PRESENTATION_STYLE_ASSIGNMENT (( #1485 ) ) ;
#10136 =( NAMED_UNIT ( * ) SI_UNIT ( $, .STERADIAN. ) SOLID_ANGLE_UNIT ( ) );
#10137 = EDGE_CURVE ( 'NONE', #980, #8475, #5483, .T. ) ;
#10138 = DIRECTION ( 'NONE',  ( 2.728398293323198625E-13, 5.456796586804488383E-14, -1.000000000000000000 ) ) ;
#10139 = ADVANCED_FACE ( 'NONE', ( #4798 ), #9597, .F. ) ;
#10140 = ADVANCED_FACE ( 'NONE', ( #4113, #8862 ), #2303, .T. ) ;
#10141 = LINE ( 'NONE', #6787, #5193 ) ;
#10142 = ADVANCED_FACE ( 'NONE', ( #67 ), #5495, .T. ) ;
#10143 = CARTESIAN_POINT ( 'NONE',  ( -6.349999999999996980, -2.999999999999999556, -0.6874509908007693237 ) ) ;
#10144 = AXIS2_PLACEMENT_3D ( 'NONE', #8725, #8630, #1531 ) ;
#10145 =( LENGTH_UNIT ( ) NAMED_UNIT ( * ) SI_UNIT ( .MILLI., .METRE. ) );
#10146 = ORIENTED_EDGE ( 'NONE', *, *, #9060, .F. ) ;
#10147 = EDGE_LOOP ( 'NONE', ( #8760, #9665, #3269, #7200 ) ) ;
#10148 = DIRECTION ( 'NONE',  ( -3.491483361109382461E-15, 0.000000000000000000, 1.000000000000000000 ) ) ;
#10149 = CARTESIAN_POINT ( 'NONE',  ( 6.953886316694598335, 2.000000000000000888, -2.268178905419202529 ) ) ;
#10150 = ADVANCED_FACE ( 'NONE', ( #8386 ), #6536, .F. ) ;
#10151 = DIRECTION ( 'NONE',  ( 0.000000000000000000, 0.000000000000000000, -1.000000000000000000 ) ) ;
#10152 = SURFACE_SIDE_STYLE ('',( #3738 ) ) ;
#10153 = COLOUR_RGB ( '',0.1098039215686274495, 0.1098039215686274495, 0.1098039215686274495 ) ;
#10154 =( NAMED_UNIT ( * ) SI_UNIT ( $, .STERADIAN. ) SOLID_ANGLE_UNIT ( ) );
#10155 = VECTOR ( 'NONE', #5014, 1000.000000000000000 ) ;
#10156 = CARTESIAN_POINT ( 'NONE',  ( -5.800000000000001599, 4.999999999999996447, -8.402566836762659364E-16 ) ) ;
#10157 = UNCERTAINTY_MEASURE_WITH_UNIT (LENGTH_MEASURE( 1.000000000000000082E-05 ), #3895, 'distance_accuracy_value', 'NONE');
#10158 = CARTESIAN_POINT ( 'NONE',  ( -6.649999999999999467, 2.000000000000000000, -2.094532406675940983 ) ) ;
#10159 = CARTESIAN_POINT ( 'NONE',  ( 7.947500464712013685E-16, 8.673617379884035472E-16, 3.349999999999985878 ) ) ;
#10160 = CARTESIAN_POINT ( 'NONE',  ( -5.000000000000000000, 5.000000000000000000, 3.299999999999999822 ) ) ;
#10161 = ORIENTED_EDGE ( 'NONE', *, *, #3848, .T. ) ;
#10162 = MECHANICAL_DESIGN_GEOMETRIC_PRESENTATION_REPRESENTATION (  '', ( #6475 ), #2124 ) ;
#10163 = DIRECTION ( 'NONE',  ( 1.000000000000000000, 0.000000000000000000, -0.000000000000000000 ) ) ;
#10164 = STYLED_ITEM ( 'NONE', ( #8333 ), #10192 ) ;
#10165 = CARTESIAN_POINT ( 'NONE',  ( -1.599999999999998979, -5.800000000000000711, 0.2000000000000000944 ) ) ;
#10166 = STYLED_ITEM ( 'NONE', ( #8339 ), #10017 ) ;
#10167 = DIRECTION ( 'NONE',  ( 0.000000000000000000, 0.000000000000000000, -1.000000000000000000 ) ) ;
#10168 = SURFACE_STYLE_FILL_AREA ( #4554 ) ;
#10169 = ORIENTED_EDGE ( 'NONE', *, *, #2454, .F. ) ;
#10170 = CARTESIAN_POINT ( 'NONE',  ( 6.300000000000027356, 0.000000000000000000, 7.064159265358980200 ) ) ;
#10171 = CARTESIAN_POINT ( 'NONE',  ( -1.899999999999999911, -1.500000000000000000, 5.500000000000000000 ) ) ;
#10172 = AXIS2_PLACEMENT_3D ( 'NONE', #4895, #7316, #160 ) ;
#10173 = CIRCLE ( 'NONE', #3797, 0.4999999999999987232 ) ;
#10174 = LINE ( 'NONE', #2264, #8106 ) ;
#10175 = CARTESIAN_POINT ( 'NONE',  ( -6.000000000000000000, 0.000000000000000000, 3.299999999999999822 ) ) ;
#10176 = DIRECTION ( 'NONE',  ( -1.000000000000000000, 0.000000000000000000, 0.000000000000000000 ) ) ;
#10177 = PLANE ( 'NONE',  #8754 ) ;
#10178 = CARTESIAN_POINT ( 'NONE',  ( -3.954825758595142737, 4.627038061433178306, 3.555911659346358888 ) ) ;
#10179 = LINE ( 'NONE', #2984, #6348 ) ;
#10180 = MECHANICAL_DESIGN_GEOMETRIC_PRESENTATION_REPRESENTATION (  '', ( #7343 ), #998 ) ;
#10181 =( GEOMETRIC_REPRESENTATION_CONTEXT ( 3 ) GLOBAL_UNCERTAINTY_ASSIGNED_CONTEXT ( ( #77 ) ) GLOBAL_UNIT_ASSIGNED_CONTEXT ( ( #6281, #2635, #8457 ) ) REPRESENTATION_CONTEXT ( 'NONE', 'WORKASPACE' ) );
#10182 = CIRCLE ( 'NONE', #5317, 0.4000000000000056843 ) ;
#10183 = ORIENTED_EDGE ( 'NONE', *, *, #5542, .T. ) ;
#10184 =( GEOMETRIC_REPRESENTATION_CONTEXT ( 3 ) GLOBAL_UNCERTAINTY_ASSIGNED_CONTEXT ( ( #1731 ) ) GLOBAL_UNIT_ASSIGNED_CONTEXT ( ( #6944, #2790, #562 ) ) REPRESENTATION_CONTEXT ( 'NONE', 'WORKASPACE' ) );
#10185 = DIRECTION ( 'NONE',  ( 0.000000000000000000, 1.000000000000000000, 0.000000000000000000 ) ) ;
#10186 = SURFACE_SIDE_STYLE ('',( #8576 ) ) ;
#10187 = AXIS2_PLACEMENT_3D ( 'NONE', #1891, #3442, #7346 ) ;
#10188 = AXIS2_PLACEMENT_3D ( 'NONE', #5255, #9925, #3610 ) ;
#10189 = DIRECTION ( 'NONE',  ( -0.6985214149036403919, 0.7155891509246183890, 4.171071112629450210E-14 ) ) ;
#10190 = CARTESIAN_POINT ( 'NONE',  ( 6.305925830945598776, 6.704630743366732482, -0.7110617430582395482 ) ) ;
#10191 = FILL_AREA_STYLE ('',( #4464 ) ) ;
#10192 = ADVANCED_FACE ( 'NONE', ( #9158 ), #7480, .T. ) ;
#10193 = DIRECTION ( 'NONE',  ( 0.4961328535521689620, 0.000000000000000000, -0.8682466191274125222 ) ) ;
#10194 = CIRCLE ( 'NONE', #7015, 0.03542486889355957874 ) ;
#10195 = CARTESIAN_POINT ( 'NONE',  ( 0.000000000000000000, -6.000000000000000000, 3.500000000000000000 ) ) ;
#10196 = EDGE_CURVE ( 'NONE', #6273, #521, #7434, .T. ) ;
#10197 = VERTEX_POINT ( 'NONE', #2704 ) ;
#10198 = SURFACE_SIDE_STYLE ('',( #1454 ) ) ;
#10199 = EDGE_CURVE ( 'NONE', #7738, #6771, #7486, .T. ) ;
#10200 = FILL_AREA_STYLE ('',( #54 ) ) ;
#10201 = CARTESIAN_POINT ( 'NONE',  ( -6.000000000000000000, 0.000000000000000000, 0.4000000000000001887 ) ) ;
#10202 = CARTESIAN_POINT ( 'NONE',  ( 6.349999999999996092, -2.000000000000000000, -0.6874509908007693237 ) ) ;
#10203 = FILL_AREA_STYLE_COLOUR ( '', #5901 ) ;
#10204 = DIRECTION ( 'NONE',  ( 1.000000000000000000, 0.000000000000000000, -0.000000000000000000 ) ) ;
#10205 = EDGE_LOOP ( 'NONE', ( #583, #6204, #9811, #4399 ) ) ;
#10206 = ADVANCED_FACE ( 'NONE', ( #2240 ), #148, .T. ) ;
#10207 = EDGE_LOOP ( 'NONE', ( #9448, #7948, #7081, #5568 ) ) ;
#10208 = CIRCLE ( 'NONE', #8890, 0.7999999999999994893 ) ;
#10209 = ORIENTED_EDGE ( 'NONE', *, *, #6369, .F. ) ;
#10210 = EDGE_CURVE ( 'NONE', #7883, #9008, #6016, .T. ) ;
#10211 = CARTESIAN_POINT ( 'NONE',  ( -6.159705218919229175, -2.937096592108938697, -3.053341690607342507 ) ) ;
#10212 = CARTESIAN_POINT ( 'NONE',  ( 4.750000000000000000, -4.750000000000000000, 3.600000000000001421 ) ) ;
#10213 = STYLED_ITEM ( 'NONE', ( #7153 ), #1831 ) ;
#10214 = CARTESIAN_POINT ( 'NONE',  ( -6.000000000000000000, 2.000000000000000000, 1.146410165690350924 ) ) ;
#10215 = COLOUR_RGB ( '',0.1098039215686274495, 0.1098039215686274495, 0.1098039215686274495 ) ;
#10216 = DIRECTION ( 'NONE',  ( 0.000000000000000000, 1.000000000000000000, 0.000000000000000000 ) ) ;
#10217 = FILL_AREA_STYLE_COLOUR ( '', #6350 ) ;
#10218 = ADVANCED_FACE ( 'NONE', ( #2030 ), #9344, .T. ) ;
#10220 =( GEOMETRIC_REPRESENTATION_CONTEXT ( 3 ) GLOBAL_UNCERTAINTY_ASSIGNED_CONTEXT ( ( #4773 ) ) GLOBAL_UNIT_ASSIGNED_CONTEXT ( ( #9523, #782, #9575 ) ) REPRESENTATION_CONTEXT ( 'NONE', 'WORKASPACE' ) );
#10219 = DIRECTION ( 'NONE',  ( 0.000000000000000000, -1.000000000000000000, 0.000000000000000000 ) ) ;
#10221 = ORIENTED_EDGE ( 'NONE', *, *, #7874, .F. ) ;
#10222 = COLOUR_RGB ( '',1.000000000000000000, 1.000000000000000000, 1.000000000000000000 ) ;
#10223 = AXIS2_PLACEMENT_3D ( 'NONE', #9153, #9831, #6738 ) ;
#10224 = UNCERTAINTY_MEASURE_WITH_UNIT (LENGTH_MEASURE( 1.000000000000000082E-05 ), #6211, 'distance_accuracy_value', 'NONE');
#10225 =( LENGTH_UNIT ( ) NAMED_UNIT ( * ) SI_UNIT ( .MILLI., .METRE. ) );
#10226 = CARTESIAN_POINT ( 'NONE',  ( -4.112287655965717548, 4.256400429113919692, 3.598706940622504735 ) ) ;
#10227 = VECTOR ( 'NONE', #8826, 1000.000000000000000 ) ;
#10228 = FACE_OUTER_BOUND ( 'NONE', #6425, .T. ) ;
#10229 = FILL_AREA_STYLE ('',( #6357 ) ) ;
#10230 = ORIENTED_EDGE ( 'NONE', *, *, #3231, .F. ) ;
#10231 = ORIENTED_EDGE ( 'NONE', *, *, #8685, .F. ) ;
#10232 = ORIENTED_EDGE ( 'NONE', *, *, #6750, .T. ) ;
#10233 = ORIENTED_EDGE ( 'NONE', *, *, #7865, .F. ) ;
#10234 = AXIS2_PLACEMENT_3D ( 'NONE', #8012, #8967, #1000 ) ;
#10235 = VECTOR ( 'NONE', #1109, 1000.000000000000000 ) ;
#10236 = DIRECTION ( 'NONE',  ( 0.000000000000000000, 0.000000000000000000, -1.000000000000000000 ) ) ;
#10237 =( LENGTH_UNIT ( ) NAMED_UNIT ( * ) SI_UNIT ( .MILLI., .METRE. ) );
#10238 = UNCERTAINTY_MEASURE_WITH_UNIT (LENGTH_MEASURE( 1.000000000000000082E-05 ), #7339, 'distance_accuracy_value', 'NONE');
#10239 = VECTOR ( 'NONE', #5437, 1000.000000000000000 ) ;
#10240 = STYLED_ITEM ( 'NONE', ( #6852 ), #7647 ) ;
#10241 = SURFACE_STYLE_USAGE ( .BOTH. , #3047 ) ;
#10242 = DIRECTION ( 'NONE',  ( -0.000000000000000000, 1.000000000000000000, -0.000000000000000000 ) ) ;
#10243 = CARTESIAN_POINT ( 'NONE',  ( 3.950851657416640350, -4.713095711004415378, 3.499999999999998224 ) ) ;
#10244 = CARTESIAN_POINT ( 'NONE',  ( 4.399999999999999467, -3.500000000000000888, 0.000000000000000000 ) ) ;
#10245 = SURFACE_STYLE_USAGE ( .BOTH. , #7046 ) ;
#10246 = B_SPLINE_CURVE_WITH_KNOTS ( 'NONE', 3,
 ( #4868, #7195, #5681, #9710 ),
 .UNSPECIFIED., .F., .F.,
 ( 4, 4 ),
 ( 3.366268786345922837E-18, 0.0001953648504528306443 ),
 .UNSPECIFIED. ) ;
#10247 = ORIENTED_EDGE ( 'NONE', *, *, #5442, .F. ) ;
#10248 = VECTOR ( 'NONE', #3466, 1000.000000000000000 ) ;
#10249 = EDGE_CURVE ( 'NONE', #1898, #2118, #2628, .T. ) ;
#10250 = EDGE_LOOP ( 'NONE', ( #9159, #3194 ) ) ;
#10251 = AXIS2_PLACEMENT_3D ( 'NONE', #8460, #2058, #9090 ) ;
#10252 = CARTESIAN_POINT ( 'NONE',  ( -5.000000000000000888, -5.799999999999999822, 3.500000000000000444 ) ) ;
#10253 = CARTESIAN_POINT ( 'NONE',  ( 6.300000002082476236, -2.000000000000000000, 0.7999999999999999334 ) ) ;
#10254 = AXIS2_PLACEMENT_3D ( 'NONE', #4841, #8065, #1502 ) ;
#10255 = CARTESIAN_POINT ( 'NONE',  ( 3.773023560249555430E-14, -2.471980953266950110E-13, 3.200000000000028155 ) ) ;
#10256 = PRESENTATION_LAYER_ASSIGNMENT (  '', '', ( #7424 ) ) ;
#10257 = CARTESIAN_POINT ( 'NONE',  ( 5.322402200378575365, -1.730984756053469908, 3.599999959651749126 ) ) ;
#10258 =( GEOMETRIC_REPRESENTATION_CONTEXT ( 3 ) GLOBAL_UNCERTAINTY_ASSIGNED_CONTEXT ( ( #5220 ) ) GLOBAL_UNIT_ASSIGNED_CONTEXT ( ( #6778, #5136, #400 ) ) REPRESENTATION_CONTEXT ( 'NONE', 'WORKASPACE' ) );
#10259 = B_SPLINE_CURVE_WITH_KNOTS ( 'NONE', 3,
 ( #10243, #781, #8843, #6996, #3050, #1647, #1446, #4777, #2992, #4831 ),
 .UNSPECIFIED., .F., .F.,
 ( 4, 2, 2, 2, 4 ),
 ( 0.000000000000000000, 0.0003028344262384914773, 0.0006056688524769829546, 0.0009085032787154744861, 0.001211337704953965909 ),
 .UNSPECIFIED. ) ;
#10260 = SURFACE_STYLE_USAGE ( .BOTH. , #1555 ) ;
#10261 = CARTESIAN_POINT ( 'NONE',  ( -6.000000000000015099, -2.999999999999999556, 5.364159265358978246 ) ) ;
#10262 = ORIENTED_EDGE ( 'NONE', *, *, #9164, .F. ) ;
#10263 = ORIENTED_EDGE ( 'NONE', *, *, #3779, .F. ) ;
#10264 = DIRECTION ( 'NONE',  ( 0.000000000000000000, 0.000000000000000000, 1.000000000000000000 ) ) ;
#10265 = ORIENTED_EDGE ( 'NONE', *, *, #4489, .F. ) ;
#10266 = AXIS2_PLACEMENT_3D ( 'NONE', #4118, #7332, #802 ) ;
#10267 = DIRECTION ( 'NONE',  ( -1.000000000000000000, 0.000000000000000000, 0.000000000000000000 ) ) ;
#10268 = CIRCLE ( 'NONE', #9280, 0.3000000000000103140 ) ;
#10269 = CARTESIAN_POINT ( 'NONE',  ( -1.891518204694832672, -5.434169105321951854, 3.600000000000003197 ) ) ;
#10270 = PLANE ( 'NONE',  #4032 ) ;
#10271 = FACE_OUTER_BOUND ( 'NONE', #9975, .T. ) ;
#10272 = EDGE_CURVE ( 'NONE', #9882, #914, #4588, .T. ) ;
#10273 = COLOUR_RGB ( '',0.1098039215686274495, 0.1098039215686274495, 0.1098039215686274495 ) ;
#10274 = EDGE_CURVE ( 'NONE', #5167, #5687, #9274, .T. ) ;
#10275 = SURFACE_SIDE_STYLE ('',( #6244 ) ) ;
#10276 = AXIS2_PLACEMENT_3D ( 'NONE', #697, #8606, #9447 ) ;
#10277 = ADVANCED_FACE ( 'NONE', ( #8482 ), #1294, .T. ) ;
#10278 = SURFACE_STYLE_FILL_AREA ( #6772 ) ;
#10279 = ORIENTED_EDGE ( 'NONE', *, *, #8245, .F. ) ;
#10280 = ADVANCED_FACE ( 'NONE', ( #6250 ), #6876, .F. ) ;
#10281 = CYLINDRICAL_SURFACE ( 'NONE', #266, 0.04999999999999969746 ) ;
#10282 = SURFACE_STYLE_FILL_AREA ( #6300 ) ;
#10283 = CIRCLE ( 'NONE', #8453, 0.7999999999999994893 ) ;
#10284 = DIRECTION ( 'NONE',  ( -1.000000000000000000, 0.000000000000000000, 0.000000000000000000 ) ) ;
#10285 = PRESENTATION_LAYER_ASSIGNMENT (  '', '', ( #1749 ) ) ;
#10286 = FILL_AREA_STYLE_COLOUR ( '', #8929 ) ;
#10287 = DIRECTION ( 'NONE',  ( -0.8682466191274139655, 0.000000000000000000, -0.4961328535521663530 ) ) ;
#10288 = DIRECTION ( 'NONE',  ( 0.000000000000000000, 0.000000000000000000, 1.000000000000000000 ) ) ;
#10289 = CYLINDRICAL_SURFACE ( 'NONE', #5281, 0.8000000000000003775 ) ;
#10290 = ORIENTED_EDGE ( 'NONE', *, *, #5874, .T. ) ;
#10291 = ORIENTED_EDGE ( 'NONE', *, *, #4869, .T. ) ;
#10292 = COLOUR_RGB ( '',1.000000000000000000, 1.000000000000000000, 1.000000000000000000 ) ;
#10293 = ORIENTED_EDGE ( 'NONE', *, *, #9513, .T. ) ;
#10294 = ORIENTED_EDGE ( 'NONE', *, *, #689, .T. ) ;
#10295 = AXIS2_PLACEMENT_3D ( 'NONE', #9716, #3988, #8836 ) ;
#10296 = LINE ( 'NONE', #6317, #6835 ) ;
#10297 = SURFACE_STYLE_FILL_AREA ( #44 ) ;
#10298 = CARTESIAN_POINT ( 'NONE',  ( 6.000000000000000000, 0.000000000000000000, 0.1999999999999998168 ) ) ;
#10299 = VERTEX_POINT ( 'NONE', #10171 ) ;
#10300 = ORIENTED_EDGE ( 'NONE', *, *, #9730, .F. ) ;
#10301 = AXIS2_PLACEMENT_3D ( 'NONE', #6579, #8896, #5037 ) ;
#10302 = CARTESIAN_POINT ( 'NONE',  ( 5.999999999999998224, -2.000000000000000000, 0.1999999999999997058 ) ) ;
#10303 = PLANE ( 'NONE',  #7507 ) ;
#10304 = CIRCLE ( 'NONE', #7468, 0.04999999999999969746 ) ;
#10305 = FILL_AREA_STYLE_COLOUR ( '', #1689 ) ;
#10306 = FILL_AREA_STYLE ('',( #7061 ) ) ;
#10307 = DIRECTION ( 'NONE',  ( -0.000000000000000000, 1.000000000000000000, -0.000000000000000000 ) ) ;
#10308 = SURFACE_STYLE_FILL_AREA ( #7225 ) ;
#10309 = CARTESIAN_POINT ( 'NONE',  ( 1.899999999999999911, -1.500000000000000000, 4.299999999999999822 ) ) ;
#10310 = EDGE_LOOP ( 'NONE', ( #3257, #2180, #4795, #5368 ) ) ;
#10311 = EDGE_LOOP ( 'NONE', ( #1928, #6028 ) ) ;
#10312 =( LENGTH_UNIT ( ) NAMED_UNIT ( * ) SI_UNIT ( .MILLI., .METRE. ) );
#10313 = ORIENTED_EDGE ( 'NONE', *, *, #810, .F. ) ;
#10314 = FILL_AREA_STYLE ('',( #8711 ) ) ;
#10315 =( GEOMETRIC_REPRESENTATION_CONTEXT ( 3 ) GLOBAL_UNCERTAINTY_ASSIGNED_CONTEXT ( ( #2278 ) ) GLOBAL_UNIT_ASSIGNED_CONTEXT ( ( #1949, #8456, #6871 ) ) REPRESENTATION_CONTEXT ( 'NONE', 'WORKASPACE' ) );
#10316 = DIRECTION ( 'NONE',  ( 0.000000000000000000, 1.000000000000000000, 0.000000000000000000 ) ) ;
#10317 = CARTESIAN_POINT ( 'NONE',  ( -1.853669518562211405, -5.464471406304516776, 3.600000000000005418 ) ) ;
#10318 =( NAMED_UNIT ( * ) SI_UNIT ( $, .STERADIAN. ) SOLID_ANGLE_UNIT ( ) );
#10319 = DIRECTION ( 'NONE',  ( 1.084202172485503842E-15, 1.000000000000000000, 0.000000000000000000 ) ) ;
#10320 =( LENGTH_UNIT ( ) NAMED_UNIT ( * ) SI_UNIT ( .MILLI., .METRE. ) );
#10321 =( GEOMETRIC_REPRESENTATION_CONTEXT ( 3 ) GLOBAL_UNCERTAINTY_ASSIGNED_CONTEXT ( ( #4671 ) ) GLOBAL_UNIT_ASSIGNED_CONTEXT ( ( #6085, #2862, #6860 ) ) REPRESENTATION_CONTEXT ( 'NONE', 'WORKASPACE' ) );
#10322 = EDGE_CURVE ( 'NONE', #4198, #9934, #8667, .T. ) ;
#10323 = FILL_AREA_STYLE ('',( #6531 ) ) ;
#10324 = DIRECTION ( 'NONE',  ( -0.000000000000000000, 1.000000000000000000, -0.000000000000000000 ) ) ;
#10325 = DIRECTION ( 'NONE',  ( 0.000000000000000000, 0.000000000000000000, -1.000000000000000000 ) ) ;
#10326 = ADVANCED_FACE ( 'NONE', ( #6101 ), #1377, .T. ) ;
#10327 = UNCERTAINTY_MEASURE_WITH_UNIT (LENGTH_MEASURE( 1.000000000000000082E-05 ), #6752, 'distance_accuracy_value', 'NONE');
#10328 = ADVANCED_FACE ( 'NONE', ( #3813 ), #2260, .F. ) ;
#10329 =( LENGTH_UNIT ( ) NAMED_UNIT ( * ) SI_UNIT ( .MILLI., .METRE. ) );
#10330 = FACE_OUTER_BOUND ( 'NONE', #9836, .T. ) ;
#10331 = TOROIDAL_SURFACE ( 'NONE', #1297, 0.03542486889343568479, 0.4000000000000125677 ) ;
#10332 = DIRECTION ( 'NONE',  ( -1.000000000000000000, 1.053031360026544826E-16, -3.491483361109382461E-15 ) ) ;
#10333 = FACE_OUTER_BOUND ( 'NONE', #9838, .T. ) ;
#10334 = DIRECTION ( 'NONE',  ( -1.091359317269132201E-13, -2.182718634538561519E-14, -1.000000000000000000 ) ) ;
#10335 = ORIENTED_EDGE ( 'NONE', *, *, #7907, .T. ) ;
#10336 = EDGE_CURVE ( 'NONE', #6436, #7465, #7662, .T. ) ;
#10337 = ORIENTED_EDGE ( 'NONE', *, *, #8363, .F. ) ;
#10338 = ORIENTED_EDGE ( 'NONE', *, *, #6883, .T. ) ;
#10339 = EDGE_CURVE ( 'NONE', #4607, #3193, #9830, .T. ) ;
#10340 = AXIS2_PLACEMENT_3D ( 'NONE', #3970, #4129, #9758 ) ;
#10341 = CARTESIAN_POINT ( 'NONE',  ( 0.000000000000000000, 0.000000000000000000, 3.600000000000001421 ) ) ;
#10342 = UNCERTAINTY_MEASURE_WITH_UNIT (LENGTH_MEASURE( 1.000000000000000082E-05 ), #968, 'distance_accuracy_value', 'NONE');
#10343 = VECTOR ( 'NONE', #6265, 1000.000000000000000 ) ;
#10344 = FILL_AREA_STYLE ('',( #986 ) ) ;
#10345 = VECTOR ( 'NONE', #7116, 1000.000000000000114 ) ;
#10346 = CARTESIAN_POINT ( 'NONE',  ( 1.599999999995427746, 1.599999999999899059, 7.299999999999998934 ) ) ;
#10347 = CARTESIAN_POINT ( 'NONE',  ( -1.599999999999998757, -5.536268432464074962, 3.512833527973326930 ) ) ;
#10348 = PRESENTATION_STYLE_ASSIGNMENT (( #728 ) ) ;
#10349 = DIRECTION ( 'NONE',  ( -0.8814833810881018694, 9.282296436280006279E-17, 0.4722150451494406820 ) ) ;
#10350 = EDGE_CURVE ( 'NONE', #8150, #8989, #5664, .T. ) ;
#10351 = MECHANICAL_DESIGN_GEOMETRIC_PRESENTATION_REPRESENTATION (  '', ( #3803 ), #3306 ) ;
#10352 = ORIENTED_EDGE ( 'NONE', *, *, #5987, .T. ) ;
#10353 = EDGE_LOOP ( 'NONE', ( #1761, #3246, #3647, #3382 ) ) ;
#10354 = COLOUR_RGB ( '',1.000000000000000000, 1.000000000000000000, 1.000000000000000000 ) ;
#10355 = PRESENTATION_STYLE_ASSIGNMENT (( #4587 ) ) ;
#10356 = AXIS2_PLACEMENT_3D ( 'NONE', #10195, #679, #9430 ) ;
#10357 = CARTESIAN_POINT ( 'NONE',  ( 6.000000000000000000, -5.000000000000000888, 3.500000000000000000 ) ) ;
#10358 = DIRECTION ( 'NONE',  ( 4.336808689967532456E-16, 4.336808689967532456E-16, 1.000000000000000000 ) ) ;
#10359 = AXIS2_PLACEMENT_3D ( 'NONE', #3203, #2588, #7362 ) ;
ENDSEC;
END-ISO-10303-21;
